2026-02-10 10:52:48.037 [main] DEBUG org.jboss.logging - Logging Provider: org.jboss.logging.Log4j2LoggerProvider
2026-02-10 10:52:48.049 [main] DEBUG org.hibernate.integrator.internal.IntegratorServiceImpl - Adding Integrator [org.hibernate.cfg.beanvalidation.BeanValidationIntegrator].
2026-02-10 10:52:48.051 [main] DEBUG org.hibernate.integrator.internal.IntegratorServiceImpl - Adding Integrator [org.hibernate.cache.internal.CollectionCacheInvalidator].
2026-02-10 10:52:48.065 [main] INFO  org.hibernate.Version - HHH000412: Hibernate ORM core version 6.1.7.Final
2026-02-10 10:52:48.066 [main] DEBUG org.hibernate.cfg.Environment - HHH000206: hibernate.properties not found
2026-02-10 10:52:48.180 [main] DEBUG org.hibernate.boot.jaxb.internal.stax.LocalXmlResourceResolver - Checking public/system identifiers `-//Hibernate/Hibernate Configuration DTD 3.0//EN`/`http://hibernate.org/dtd/hibernate-configuration-3.0.dtd` as DTD references
2026-02-10 10:52:48.184 [main] DEBUG org.hibernate.boot.cfgxml.internal.JaxbCfgProcessor - cfg.xml document did not define namespaces; wrapping in custom event reader to introduce namespace information
2026-02-10 10:52:48.363 [main] DEBUG org.hibernate.orm.idgen.factory - Resolving IdentifierGenerator instances will not use CDI as it was not configured
2026-02-10 10:52:48.366 [main] DEBUG org.hibernate.orm.idgen.factory - Registering IdentifierGenerator strategy [uuid2] -> [org.hibernate.id.UUIDGenerator]
2026-02-10 10:52:48.367 [main] DEBUG org.hibernate.orm.idgen.factory - Registering IdentifierGenerator strategy [guid] -> [org.hibernate.id.GUIDGenerator]
2026-02-10 10:52:48.367 [main] DEBUG org.hibernate.orm.idgen.factory - Registering IdentifierGenerator strategy [uuid] -> [org.hibernate.id.UUIDHexGenerator]
2026-02-10 10:52:48.367 [main] DEBUG org.hibernate.orm.idgen.factory - Registering IdentifierGenerator strategy [uuid.hex] -> [org.hibernate.id.UUIDHexGenerator]
2026-02-10 10:52:48.367 [main] DEBUG org.hibernate.orm.idgen.factory - Registering IdentifierGenerator strategy [assigned] -> [org.hibernate.id.Assigned]
2026-02-10 10:52:48.368 [main] DEBUG org.hibernate.orm.idgen.factory - Registering IdentifierGenerator strategy [identity] -> [org.hibernate.id.IdentityGenerator]
2026-02-10 10:52:48.369 [main] DEBUG org.hibernate.orm.idgen.factory - Registering IdentifierGenerator strategy [select] -> [org.hibernate.id.SelectGenerator]
2026-02-10 10:52:48.370 [main] DEBUG org.hibernate.orm.idgen.factory - Registering IdentifierGenerator strategy [sequence] -> [org.hibernate.id.enhanced.SequenceStyleGenerator]
2026-02-10 10:52:48.371 [main] DEBUG org.hibernate.orm.idgen.factory - Registering IdentifierGenerator strategy [increment] -> [org.hibernate.id.IncrementGenerator]
2026-02-10 10:52:48.371 [main] DEBUG org.hibernate.orm.idgen.factory - Registering IdentifierGenerator strategy [foreign] -> [org.hibernate.id.ForeignGenerator]
2026-02-10 10:52:48.371 [main] DEBUG org.hibernate.orm.idgen.factory - Registering IdentifierGenerator strategy [enhanced-sequence] -> [org.hibernate.id.enhanced.SequenceStyleGenerator]
2026-02-10 10:52:48.371 [main] DEBUG org.hibernate.orm.idgen.factory - Registering IdentifierGenerator strategy [enhanced-table] -> [org.hibernate.id.enhanced.TableGenerator]
2026-02-10 10:52:48.375 [main] DEBUG org.hibernate.cache.internal.RegionFactoryInitiator - Cannot default RegionFactory based on registered strategies as `[]` RegionFactory strategies were registered
2026-02-10 10:52:48.376 [main] DEBUG org.hibernate.cache.internal.RegionFactoryInitiator - Cache region factory : org.hibernate.cache.internal.NoCachingRegionFactory
2026-02-10 10:52:48.431 [main] DEBUG org.hibernate.type.descriptor.jdbc.spi.JdbcTypeRegistry - addDescriptor(FloatTypeDescriptor) replaced previous registration(DoubleTypeDescriptor)
2026-02-10 10:52:48.440 [main] DEBUG org.hibernate.type.BasicTypeRegistry - Adding type registration boolean -> org.hibernate.type.BasicTypeReference@2f4919b0
2026-02-10 10:52:48.440 [main] DEBUG org.hibernate.type.BasicTypeRegistry - Adding type registration boolean -> org.hibernate.type.BasicTypeReference@2f4919b0
2026-02-10 10:52:48.440 [main] DEBUG org.hibernate.type.BasicTypeRegistry - Adding type registration java.lang.Boolean -> org.hibernate.type.BasicTypeReference@2f4919b0
2026-02-10 10:52:48.441 [main] DEBUG org.hibernate.type.BasicTypeRegistry - Adding type registration numeric_boolean -> org.hibernate.type.BasicTypeReference@a8a8b75
2026-02-10 10:52:48.441 [main] DEBUG org.hibernate.type.BasicTypeRegistry - Adding type registration org.hibernate.type.NumericBooleanConverter -> org.hibernate.type.BasicTypeReference@a8a8b75
2026-02-10 10:52:48.441 [main] DEBUG org.hibernate.type.BasicTypeRegistry - Adding type registration true_false -> org.hibernate.type.BasicTypeReference@75b21c3b
2026-02-10 10:52:48.441 [main] DEBUG org.hibernate.type.BasicTypeRegistry - Adding type registration org.hibernate.type.TrueFalseConverter -> org.hibernate.type.BasicTypeReference@75b21c3b
2026-02-10 10:52:48.441 [main] DEBUG org.hibernate.type.BasicTypeRegistry - Adding type registration yes_no -> org.hibernate.type.BasicTypeReference@72be135f
2026-02-10 10:52:48.442 [main] DEBUG org.hibernate.type.BasicTypeRegistry - Adding type registration org.hibernate.type.YesNoConverter -> org.hibernate.type.BasicTypeReference@72be135f
2026-02-10 10:52:48.442 [main] DEBUG org.hibernate.type.BasicTypeRegistry - Adding type registration byte -> org.hibernate.type.BasicTypeReference@155d1021
2026-02-10 10:52:48.442 [main] DEBUG org.hibernate.type.BasicTypeRegistry - Adding type registration byte -> org.hibernate.type.BasicTypeReference@155d1021
2026-02-10 10:52:48.442 [main] DEBUG org.hibernate.type.BasicTypeRegistry - Adding type registration java.lang.Byte -> org.hibernate.type.BasicTypeReference@155d1021
2026-02-10 10:52:48.443 [main] DEBUG org.hibernate.type.BasicTypeRegistry - Adding type registration binary -> org.hibernate.type.BasicTypeReference@4bd2f0dc
2026-02-10 10:52:48.443 [main] DEBUG org.hibernate.type.BasicTypeRegistry - Adding type registration byte[] -> org.hibernate.type.BasicTypeReference@4bd2f0dc
2026-02-10 10:52:48.443 [main] DEBUG org.hibernate.type.BasicTypeRegistry - Adding type registration [B -> org.hibernate.type.BasicTypeReference@4bd2f0dc
2026-02-10 10:52:48.444 [main] DEBUG org.hibernate.type.BasicTypeRegistry - Adding type registration binary_wrapper -> org.hibernate.type.BasicTypeReference@2e647e59
2026-02-10 10:52:48.444 [main] DEBUG org.hibernate.type.BasicTypeRegistry - Adding type registration wrapper-binary -> org.hibernate.type.BasicTypeReference@2e647e59
2026-02-10 10:52:48.445 [main] DEBUG org.hibernate.type.BasicTypeRegistry - Adding type registration Byte[] -> org.hibernate.type.BasicTypeReference@2e647e59
2026-02-10 10:52:48.445 [main] DEBUG org.hibernate.type.BasicTypeRegistry - Adding type registration [Ljava.lang.Byte; -> org.hibernate.type.BasicTypeReference@2e647e59
2026-02-10 10:52:48.445 [main] DEBUG org.hibernate.type.BasicTypeRegistry - Adding type registration image -> org.hibernate.type.BasicTypeReference@2c42b421
2026-02-10 10:52:48.445 [main] DEBUG org.hibernate.type.BasicTypeRegistry - Adding type registration blob -> org.hibernate.type.BasicTypeReference@51e37590
2026-02-10 10:52:48.446 [main] DEBUG org.hibernate.type.BasicTypeRegistry - Adding type registration java.sql.Blob -> org.hibernate.type.BasicTypeReference@51e37590
2026-02-10 10:52:48.446 [main] DEBUG org.hibernate.type.BasicTypeRegistry - Adding type registration materialized_blob -> org.hibernate.type.BasicTypeReference@deb3b60
2026-02-10 10:52:48.446 [main] DEBUG org.hibernate.type.BasicTypeRegistry - Adding type registration materialized_blob_wrapper -> org.hibernate.type.BasicTypeReference@701a32
2026-02-10 10:52:48.446 [main] DEBUG org.hibernate.type.BasicTypeRegistry - Adding type registration short -> org.hibernate.type.BasicTypeReference@39aa45a1
2026-02-10 10:52:48.446 [main] DEBUG org.hibernate.type.BasicTypeRegistry - Adding type registration short -> org.hibernate.type.BasicTypeReference@39aa45a1
2026-02-10 10:52:48.446 [main] DEBUG org.hibernate.type.BasicTypeRegistry - Adding type registration java.lang.Short -> org.hibernate.type.BasicTypeReference@39aa45a1
2026-02-10 10:52:48.447 [main] DEBUG org.hibernate.type.BasicTypeRegistry - Adding type registration integer -> org.hibernate.type.BasicTypeReference@73aff8f1
2026-02-10 10:52:48.447 [main] DEBUG org.hibernate.type.BasicTypeRegistry - Adding type registration int -> org.hibernate.type.BasicTypeReference@73aff8f1
2026-02-10 10:52:48.447 [main] DEBUG org.hibernate.type.BasicTypeRegistry - Adding type registration java.lang.Integer -> org.hibernate.type.BasicTypeReference@73aff8f1
2026-02-10 10:52:48.447 [main] DEBUG org.hibernate.type.BasicTypeRegistry - Adding type registration long -> org.hibernate.type.BasicTypeReference@27cbfddf
2026-02-10 10:52:48.447 [main] DEBUG org.hibernate.type.BasicTypeRegistry - Adding type registration long -> org.hibernate.type.BasicTypeReference@27cbfddf
2026-02-10 10:52:48.448 [main] DEBUG org.hibernate.type.BasicTypeRegistry - Adding type registration java.lang.Long -> org.hibernate.type.BasicTypeReference@27cbfddf
2026-02-10 10:52:48.448 [main] DEBUG org.hibernate.type.BasicTypeRegistry - Adding type registration float -> org.hibernate.type.BasicTypeReference@27ead29e
2026-02-10 10:52:48.448 [main] DEBUG org.hibernate.type.BasicTypeRegistry - Adding type registration float -> org.hibernate.type.BasicTypeReference@27ead29e
2026-02-10 10:52:48.448 [main] DEBUG org.hibernate.type.BasicTypeRegistry - Adding type registration java.lang.Float -> org.hibernate.type.BasicTypeReference@27ead29e
2026-02-10 10:52:48.448 [main] DEBUG org.hibernate.type.BasicTypeRegistry - Adding type registration double -> org.hibernate.type.BasicTypeReference@4c060c8f
2026-02-10 10:52:48.448 [main] DEBUG org.hibernate.type.BasicTypeRegistry - Adding type registration double -> org.hibernate.type.BasicTypeReference@4c060c8f
2026-02-10 10:52:48.448 [main] DEBUG org.hibernate.type.BasicTypeRegistry - Adding type registration java.lang.Double -> org.hibernate.type.BasicTypeReference@4c060c8f
2026-02-10 10:52:48.448 [main] DEBUG org.hibernate.type.BasicTypeRegistry - Adding type registration big_integer -> org.hibernate.type.BasicTypeReference@40620d8e
2026-02-10 10:52:48.448 [main] DEBUG org.hibernate.type.BasicTypeRegistry - Adding type registration java.math.BigInteger -> org.hibernate.type.BasicTypeReference@40620d8e
2026-02-10 10:52:48.449 [main] DEBUG org.hibernate.type.BasicTypeRegistry - Adding type registration big_decimal -> org.hibernate.type.BasicTypeReference@383f3558
2026-02-10 10:52:48.449 [main] DEBUG org.hibernate.type.BasicTypeRegistry - Adding type registration java.math.BigDecimal -> org.hibernate.type.BasicTypeReference@383f3558
2026-02-10 10:52:48.449 [main] DEBUG org.hibernate.type.BasicTypeRegistry - Adding type registration character -> org.hibernate.type.BasicTypeReference@49b07ee3
2026-02-10 10:52:48.449 [main] DEBUG org.hibernate.type.BasicTypeRegistry - Adding type registration char -> org.hibernate.type.BasicTypeReference@49b07ee3
2026-02-10 10:52:48.449 [main] DEBUG org.hibernate.type.BasicTypeRegistry - Adding type registration java.lang.Character -> org.hibernate.type.BasicTypeReference@49b07ee3
2026-02-10 10:52:48.449 [main] DEBUG org.hibernate.type.BasicTypeRegistry - Adding type registration character_nchar -> org.hibernate.type.BasicTypeReference@352e612e
2026-02-10 10:52:48.449 [main] DEBUG org.hibernate.type.BasicTypeRegistry - Adding type registration string -> org.hibernate.type.BasicTypeReference@65f00478
2026-02-10 10:52:48.449 [main] DEBUG org.hibernate.type.BasicTypeRegistry - Adding type registration java.lang.String -> org.hibernate.type.BasicTypeReference@65f00478
2026-02-10 10:52:48.450 [main] DEBUG org.hibernate.type.BasicTypeRegistry - Adding type registration nstring -> org.hibernate.type.BasicTypeReference@2424686b
2026-02-10 10:52:48.450 [main] DEBUG org.hibernate.type.BasicTypeRegistry - Adding type registration characters -> org.hibernate.type.BasicTypeReference@6ea94d6a
2026-02-10 10:52:48.450 [main] DEBUG org.hibernate.type.BasicTypeRegistry - Adding type registration char[] -> org.hibernate.type.BasicTypeReference@6ea94d6a
2026-02-10 10:52:48.450 [main] DEBUG org.hibernate.type.BasicTypeRegistry - Adding type registration [C -> org.hibernate.type.BasicTypeReference@6ea94d6a
2026-02-10 10:52:48.450 [main] DEBUG org.hibernate.type.BasicTypeRegistry - Adding type registration wrapper-characters -> org.hibernate.type.BasicTypeReference@28486680
2026-02-10 10:52:48.450 [main] DEBUG org.hibernate.type.BasicTypeRegistry - Adding type registration [Ljava.lang.Character; -> org.hibernate.type.BasicTypeReference@28486680
2026-02-10 10:52:48.450 [main] DEBUG org.hibernate.type.BasicTypeRegistry - Adding type registration Character[] -> org.hibernate.type.BasicTypeReference@28486680
2026-02-10 10:52:48.451 [main] DEBUG org.hibernate.type.BasicTypeRegistry - Adding type registration text -> org.hibernate.type.BasicTypeReference@4d7e7435
2026-02-10 10:52:48.451 [main] DEBUG org.hibernate.type.BasicTypeRegistry - Adding type registration ntext -> org.hibernate.type.BasicTypeReference@4a1e3ac1
2026-02-10 10:52:48.451 [main] DEBUG org.hibernate.type.BasicTypeRegistry - Adding type registration clob -> org.hibernate.type.BasicTypeReference@6e78fcf5
2026-02-10 10:52:48.451 [main] DEBUG org.hibernate.type.BasicTypeRegistry - Adding type registration java.sql.Clob -> org.hibernate.type.BasicTypeReference@6e78fcf5
2026-02-10 10:52:48.452 [main] DEBUG org.hibernate.type.BasicTypeRegistry - Adding type registration nclob -> org.hibernate.type.BasicTypeReference@56febdc
2026-02-10 10:52:48.452 [main] DEBUG org.hibernate.type.BasicTypeRegistry - Adding type registration java.sql.NClob -> org.hibernate.type.BasicTypeReference@56febdc
2026-02-10 10:52:48.452 [main] DEBUG org.hibernate.type.BasicTypeRegistry - Adding type registration materialized_clob -> org.hibernate.type.BasicTypeReference@3b8ee898
2026-02-10 10:52:48.452 [main] DEBUG org.hibernate.type.BasicTypeRegistry - Adding type registration materialized_clob_char_array -> org.hibernate.type.BasicTypeReference@7d151a
2026-02-10 10:52:48.452 [main] DEBUG org.hibernate.type.BasicTypeRegistry - Adding type registration materialized_clob_character_array -> org.hibernate.type.BasicTypeReference@294bdeb4
2026-02-10 10:52:48.452 [main] DEBUG org.hibernate.type.BasicTypeRegistry - Adding type registration materialized_nclob -> org.hibernate.type.BasicTypeReference@5300f14a
2026-02-10 10:52:48.453 [main] DEBUG org.hibernate.type.BasicTypeRegistry - Adding type registration materialized_nclob_character_array -> org.hibernate.type.BasicTypeReference@1f86099a
2026-02-10 10:52:48.453 [main] DEBUG org.hibernate.type.BasicTypeRegistry - Adding type registration materialized_nclob_char_array -> org.hibernate.type.BasicTypeReference@77bb0ab5
2026-02-10 10:52:48.453 [main] DEBUG org.hibernate.type.BasicTypeRegistry - Adding type registration Duration -> org.hibernate.type.BasicTypeReference@f2c488
2026-02-10 10:52:48.453 [main] DEBUG org.hibernate.type.BasicTypeRegistry - Adding type registration java.time.Duration -> org.hibernate.type.BasicTypeReference@f2c488
2026-02-10 10:52:48.453 [main] DEBUG org.hibernate.type.BasicTypeRegistry - Adding type registration LocalDateTime -> org.hibernate.type.BasicTypeReference@54acff7d
2026-02-10 10:52:48.453 [main] DEBUG org.hibernate.type.BasicTypeRegistry - Adding type registration java.time.LocalDateTime -> org.hibernate.type.BasicTypeReference@54acff7d
2026-02-10 10:52:48.453 [main] DEBUG org.hibernate.type.BasicTypeRegistry - Adding type registration LocalDate -> org.hibernate.type.BasicTypeReference@7bc9e6ab
2026-02-10 10:52:48.453 [main] DEBUG org.hibernate.type.BasicTypeRegistry - Adding type registration java.time.LocalDate -> org.hibernate.type.BasicTypeReference@7bc9e6ab
2026-02-10 10:52:48.454 [main] DEBUG org.hibernate.type.BasicTypeRegistry - Adding type registration LocalTime -> org.hibernate.type.BasicTypeReference@5488b5c5
2026-02-10 10:52:48.454 [main] DEBUG org.hibernate.type.BasicTypeRegistry - Adding type registration java.time.LocalTime -> org.hibernate.type.BasicTypeReference@5488b5c5
2026-02-10 10:52:48.454 [main] DEBUG org.hibernate.type.BasicTypeRegistry - Adding type registration OffsetDateTime -> org.hibernate.type.BasicTypeReference@4248ed58
2026-02-10 10:52:48.454 [main] DEBUG org.hibernate.type.BasicTypeRegistry - Adding type registration java.time.OffsetDateTime -> org.hibernate.type.BasicTypeReference@4248ed58
2026-02-10 10:52:48.454 [main] DEBUG org.hibernate.type.BasicTypeRegistry - Adding type registration OffsetDateTimeWithTimezone -> org.hibernate.type.BasicTypeReference@712ca57b
2026-02-10 10:52:48.454 [main] DEBUG org.hibernate.type.BasicTypeRegistry - Adding type registration OffsetDateTimeWithoutTimezone -> org.hibernate.type.BasicTypeReference@4564e94b
2026-02-10 10:52:48.454 [main] DEBUG org.hibernate.type.BasicTypeRegistry - Adding type registration OffsetTime -> org.hibernate.type.BasicTypeReference@54534abf
2026-02-10 10:52:48.455 [main] DEBUG org.hibernate.type.BasicTypeRegistry - Adding type registration java.time.OffsetTime -> org.hibernate.type.BasicTypeReference@54534abf
2026-02-10 10:52:48.455 [main] DEBUG org.hibernate.type.BasicTypeRegistry - Adding type registration ZonedDateTime -> org.hibernate.type.BasicTypeReference@51745f40
2026-02-10 10:52:48.455 [main] DEBUG org.hibernate.type.BasicTypeRegistry - Adding type registration java.time.ZonedDateTime -> org.hibernate.type.BasicTypeReference@51745f40
2026-02-10 10:52:48.455 [main] DEBUG org.hibernate.type.BasicTypeRegistry - Adding type registration ZonedDateTimeWithTimezone -> org.hibernate.type.BasicTypeReference@45673f68
2026-02-10 10:52:48.455 [main] DEBUG org.hibernate.type.BasicTypeRegistry - Adding type registration ZonedDateTimeWithoutTimezone -> org.hibernate.type.BasicTypeReference@27abb83e
2026-02-10 10:52:48.455 [main] DEBUG org.hibernate.type.BasicTypeRegistry - Adding type registration date -> org.hibernate.type.BasicTypeReference@69e308c6
2026-02-10 10:52:48.455 [main] DEBUG org.hibernate.type.BasicTypeRegistry - Adding type registration java.sql.Date -> org.hibernate.type.BasicTypeReference@69e308c6
2026-02-10 10:52:48.455 [main] DEBUG org.hibernate.type.BasicTypeRegistry - Adding type registration time -> org.hibernate.type.BasicTypeReference@1a1ed4e5
2026-02-10 10:52:48.456 [main] DEBUG org.hibernate.type.BasicTypeRegistry - Adding type registration java.sql.Time -> org.hibernate.type.BasicTypeReference@1a1ed4e5
2026-02-10 10:52:48.456 [main] DEBUG org.hibernate.type.BasicTypeRegistry - Adding type registration timestamp -> org.hibernate.type.BasicTypeReference@667e34b1
2026-02-10 10:52:48.456 [main] DEBUG org.hibernate.type.BasicTypeRegistry - Adding type registration java.sql.Timestamp -> org.hibernate.type.BasicTypeReference@667e34b1
2026-02-10 10:52:48.456 [main] DEBUG org.hibernate.type.BasicTypeRegistry - Adding type registration java.util.Date -> org.hibernate.type.BasicTypeReference@667e34b1
2026-02-10 10:52:48.456 [main] DEBUG org.hibernate.type.BasicTypeRegistry - Adding type registration calendar -> org.hibernate.type.BasicTypeReference@1c6e0a08
2026-02-10 10:52:48.456 [main] DEBUG org.hibernate.type.BasicTypeRegistry - Adding type registration java.util.Calendar -> org.hibernate.type.BasicTypeReference@1c6e0a08
2026-02-10 10:52:48.456 [main] DEBUG org.hibernate.type.BasicTypeRegistry - Adding type registration java.util.GregorianCalendar -> org.hibernate.type.BasicTypeReference@1c6e0a08
2026-02-10 10:52:48.457 [main] DEBUG org.hibernate.type.BasicTypeRegistry - Adding type registration calendar_date -> org.hibernate.type.BasicTypeReference@6dba847b
2026-02-10 10:52:48.457 [main] DEBUG org.hibernate.type.BasicTypeRegistry - Adding type registration calendar_time -> org.hibernate.type.BasicTypeReference@1efdcd5
2026-02-10 10:52:48.457 [main] DEBUG org.hibernate.type.BasicTypeRegistry - Adding type registration instant -> org.hibernate.type.BasicTypeReference@1623bbe5
2026-02-10 10:52:48.457 [main] DEBUG org.hibernate.type.BasicTypeRegistry - Adding type registration java.time.Instant -> org.hibernate.type.BasicTypeReference@1623bbe5
2026-02-10 10:52:48.457 [main] DEBUG org.hibernate.type.BasicTypeRegistry - Adding type registration uuid -> org.hibernate.type.BasicTypeReference@7af1cd63
2026-02-10 10:52:48.457 [main] DEBUG org.hibernate.type.BasicTypeRegistry - Adding type registration java.util.UUID -> org.hibernate.type.BasicTypeReference@7af1cd63
2026-02-10 10:52:48.457 [main] DEBUG org.hibernate.type.BasicTypeRegistry - Adding type registration pg-uuid -> org.hibernate.type.BasicTypeReference@7af1cd63
2026-02-10 10:52:48.457 [main] DEBUG org.hibernate.type.BasicTypeRegistry - Adding type registration uuid-binary -> org.hibernate.type.BasicTypeReference@4351171a
2026-02-10 10:52:48.458 [main] DEBUG org.hibernate.type.BasicTypeRegistry - Adding type registration uuid-char -> org.hibernate.type.BasicTypeReference@3c2772d1
2026-02-10 10:52:48.458 [main] DEBUG org.hibernate.type.BasicTypeRegistry - Adding type registration class -> org.hibernate.type.BasicTypeReference@37d00a23
2026-02-10 10:52:48.458 [main] DEBUG org.hibernate.type.BasicTypeRegistry - Adding type registration java.lang.Class -> org.hibernate.type.BasicTypeReference@37d00a23
2026-02-10 10:52:48.458 [main] DEBUG org.hibernate.type.BasicTypeRegistry - Adding type registration currency -> org.hibernate.type.BasicTypeReference@433e536f
2026-02-10 10:52:48.458 [main] DEBUG org.hibernate.type.BasicTypeRegistry - Adding type registration Currency -> org.hibernate.type.BasicTypeReference@433e536f
2026-02-10 10:52:48.458 [main] DEBUG org.hibernate.type.BasicTypeRegistry - Adding type registration java.util.Currency -> org.hibernate.type.BasicTypeReference@433e536f
2026-02-10 10:52:48.458 [main] DEBUG org.hibernate.type.BasicTypeRegistry - Adding type registration locale -> org.hibernate.type.BasicTypeReference@89c65d5
2026-02-10 10:52:48.458 [main] DEBUG org.hibernate.type.BasicTypeRegistry - Adding type registration java.util.Locale -> org.hibernate.type.BasicTypeReference@89c65d5
2026-02-10 10:52:48.458 [main] DEBUG org.hibernate.type.BasicTypeRegistry - Adding type registration serializable -> org.hibernate.type.BasicTypeReference@faa3fed
2026-02-10 10:52:48.458 [main] DEBUG org.hibernate.type.BasicTypeRegistry - Adding type registration java.io.Serializable -> org.hibernate.type.BasicTypeReference@faa3fed
2026-02-10 10:52:48.458 [main] DEBUG org.hibernate.type.BasicTypeRegistry - Adding type registration timezone -> org.hibernate.type.BasicTypeReference@381cad29
2026-02-10 10:52:48.458 [main] DEBUG org.hibernate.type.BasicTypeRegistry - Adding type registration java.util.TimeZone -> org.hibernate.type.BasicTypeReference@381cad29
2026-02-10 10:52:48.458 [main] DEBUG org.hibernate.type.BasicTypeRegistry - Adding type registration ZoneOffset -> org.hibernate.type.BasicTypeReference@988246e
2026-02-10 10:52:48.458 [main] DEBUG org.hibernate.type.BasicTypeRegistry - Adding type registration java.time.ZoneOffset -> org.hibernate.type.BasicTypeReference@988246e
2026-02-10 10:52:48.459 [main] DEBUG org.hibernate.type.BasicTypeRegistry - Adding type registration url -> org.hibernate.type.BasicTypeReference@62515a47
2026-02-10 10:52:48.459 [main] DEBUG org.hibernate.type.BasicTypeRegistry - Adding type registration java.net.URL -> org.hibernate.type.BasicTypeReference@62515a47
2026-02-10 10:52:48.459 [main] DEBUG org.hibernate.type.BasicTypeRegistry - Adding type registration row_version -> org.hibernate.type.BasicTypeReference@3c5a54b7
2026-02-10 10:52:48.464 [main] DEBUG org.hibernate.type.BasicTypeRegistry - Adding type registration dbtimestamp -> org.hibernate.type.DbTimestampType@73d69c0f
2026-02-10 10:52:48.464 [main] DEBUG org.hibernate.type.BasicTypeRegistry - Adding type registration dbtimestamp -> org.hibernate.type.DbTimestampType@73d69c0f
2026-02-10 10:52:48.465 [main] DEBUG org.hibernate.type.BasicTypeRegistry - Adding type registration object -> org.hibernate.type.JavaObjectType@3a60c416
2026-02-10 10:52:48.465 [main] DEBUG org.hibernate.type.BasicTypeRegistry - Adding type registration java.lang.Object -> org.hibernate.type.JavaObjectType@3a60c416
2026-02-10 10:52:48.465 [main] DEBUG org.hibernate.type.BasicTypeRegistry - Adding type registration null -> org.hibernate.type.NullType@26a94fa5
2026-02-10 10:52:48.466 [main] DEBUG org.hibernate.type.BasicTypeRegistry - Adding type registration imm_date -> org.hibernate.type.BasicTypeReference@464a4442
2026-02-10 10:52:48.466 [main] DEBUG org.hibernate.type.BasicTypeRegistry - Adding type registration imm_time -> org.hibernate.type.BasicTypeReference@2873d672
2026-02-10 10:52:48.466 [main] DEBUG org.hibernate.type.BasicTypeRegistry - Adding type registration imm_timestamp -> org.hibernate.type.BasicTypeReference@3bc735b3
2026-02-10 10:52:48.466 [main] DEBUG org.hibernate.type.BasicTypeRegistry - Adding type registration imm_calendar -> org.hibernate.type.BasicTypeReference@577f9109
2026-02-10 10:52:48.466 [main] DEBUG org.hibernate.type.BasicTypeRegistry - Adding type registration imm_calendar_date -> org.hibernate.type.BasicTypeReference@4303b7f0
2026-02-10 10:52:48.466 [main] DEBUG org.hibernate.type.BasicTypeRegistry - Adding type registration imm_calendar_time -> org.hibernate.type.BasicTypeReference@757529a4
2026-02-10 10:52:48.466 [main] DEBUG org.hibernate.type.BasicTypeRegistry - Adding type registration imm_binary -> org.hibernate.type.BasicTypeReference@779de014
2026-02-10 10:52:48.466 [main] DEBUG org.hibernate.type.BasicTypeRegistry - Adding type registration imm_serializable -> org.hibernate.type.BasicTypeReference@5c41d037
2026-02-10 10:52:48.486 [main] WARN  org.hibernate.orm.connections.pooling - HHH10001002: Using built-in connection pool (not intended for production use)
2026-02-10 10:52:48.490 [main] INFO  org.hibernate.orm.connections.pooling - HHH10001005: Loaded JDBC driver class: com.mysql.jdbc.Driver
2026-02-10 10:52:48.491 [main] INFO  org.hibernate.orm.connections.pooling - HHH10001012: Connecting with JDBC URL [jdbc:mysql://localhost:3307/AngelaChica?createDatabaseIfNotExist=true]
2026-02-10 10:52:48.491 [main] INFO  org.hibernate.orm.connections.pooling - HHH10001001: Connection properties: {password=usuario2, user=usuario2}
2026-02-10 10:52:48.491 [main] INFO  org.hibernate.orm.connections.pooling - HHH10001003: Autocommit mode: false
2026-02-10 10:52:48.493 [main] DEBUG org.hibernate.orm.connections.pooling - Initializing Connection pool with 1 Connections
2026-02-10 10:52:48.493 [main] INFO  org.hibernate.orm.connections.pooling - HHH10001115: Connection pool size: 10 (min=1)
2026-02-10 10:52:48.821 [main] WARN  org.hibernate.engine.jdbc.env.internal.JdbcEnvironmentInitiator - HHH000342: Could not obtain connection to query metadata
java.lang.IllegalStateException: Cannot get a connection as the driver manager is not properly initialized
	at org.hibernate.engine.jdbc.connections.internal.DriverManagerConnectionProviderImpl.getConnection(DriverManagerConnectionProviderImpl.java:262) ~[hibernate-core-6.1.7.Final.jar:6.1.7.Final]
	at org.hibernate.engine.jdbc.env.internal.JdbcEnvironmentInitiator$ConnectionProviderJdbcConnectionAccess.obtainConnection(JdbcEnvironmentInitiator.java:284) ~[hibernate-core-6.1.7.Final.jar:6.1.7.Final]
	at org.hibernate.engine.jdbc.env.internal.JdbcEnvironmentInitiator.initiateService(JdbcEnvironmentInitiator.java:177) [hibernate-core-6.1.7.Final.jar:6.1.7.Final]
	at org.hibernate.engine.jdbc.env.internal.JdbcEnvironmentInitiator.initiateService(JdbcEnvironmentInitiator.java:36) [hibernate-core-6.1.7.Final.jar:6.1.7.Final]
	at org.hibernate.boot.registry.internal.StandardServiceRegistryImpl.initiateService(StandardServiceRegistryImpl.java:119) [hibernate-core-6.1.7.Final.jar:6.1.7.Final]
	at org.hibernate.service.internal.AbstractServiceRegistryImpl.createService(AbstractServiceRegistryImpl.java:255) [hibernate-core-6.1.7.Final.jar:6.1.7.Final]
	at org.hibernate.service.internal.AbstractServiceRegistryImpl.initializeService(AbstractServiceRegistryImpl.java:230) [hibernate-core-6.1.7.Final.jar:6.1.7.Final]
	at org.hibernate.service.internal.AbstractServiceRegistryImpl.getService(AbstractServiceRegistryImpl.java:207) [hibernate-core-6.1.7.Final.jar:6.1.7.Final]
	at org.hibernate.engine.jdbc.internal.JdbcServicesImpl.configure(JdbcServicesImpl.java:48) [hibernate-core-6.1.7.Final.jar:6.1.7.Final]
	at org.hibernate.boot.registry.internal.StandardServiceRegistryImpl.configureService(StandardServiceRegistryImpl.java:125) [hibernate-core-6.1.7.Final.jar:6.1.7.Final]
	at org.hibernate.service.internal.AbstractServiceRegistryImpl.initializeService(AbstractServiceRegistryImpl.java:239) [hibernate-core-6.1.7.Final.jar:6.1.7.Final]
	at org.hibernate.service.internal.AbstractServiceRegistryImpl.getService(AbstractServiceRegistryImpl.java:207) [hibernate-core-6.1.7.Final.jar:6.1.7.Final]
	at org.hibernate.engine.jdbc.connections.internal.BasicConnectionCreator.convertSqlException(BasicConnectionCreator.java:121) [hibernate-core-6.1.7.Final.jar:6.1.7.Final]
	at org.hibernate.engine.jdbc.connections.internal.DriverConnectionCreator.makeConnection(DriverConnectionCreator.java:43) [hibernate-core-6.1.7.Final.jar:6.1.7.Final]
	at org.hibernate.engine.jdbc.connections.internal.BasicConnectionCreator.createConnection(BasicConnectionCreator.java:61) [hibernate-core-6.1.7.Final.jar:6.1.7.Final]
	at org.hibernate.engine.jdbc.connections.internal.DriverManagerConnectionProviderImpl$PooledConnections.addConnections(DriverManagerConnectionProviderImpl.java:501) [hibernate-core-6.1.7.Final.jar:6.1.7.Final]
	at org.hibernate.engine.jdbc.connections.internal.DriverManagerConnectionProviderImpl$PooledConnections.<init>(DriverManagerConnectionProviderImpl.java:367) [hibernate-core-6.1.7.Final.jar:6.1.7.Final]
	at org.hibernate.engine.jdbc.connections.internal.DriverManagerConnectionProviderImpl$PooledConnections$Builder.build(DriverManagerConnectionProviderImpl.java:552) [hibernate-core-6.1.7.Final.jar:6.1.7.Final]
	at org.hibernate.engine.jdbc.connections.internal.DriverManagerConnectionProviderImpl.buildPool(DriverManagerConnectionProviderImpl.java:105) [hibernate-core-6.1.7.Final.jar:6.1.7.Final]
	at org.hibernate.engine.jdbc.connections.internal.DriverManagerConnectionProviderImpl.configure(DriverManagerConnectionProviderImpl.java:81) [hibernate-core-6.1.7.Final.jar:6.1.7.Final]
	at org.hibernate.boot.registry.internal.StandardServiceRegistryImpl.configureService(StandardServiceRegistryImpl.java:125) [hibernate-core-6.1.7.Final.jar:6.1.7.Final]
	at org.hibernate.service.internal.AbstractServiceRegistryImpl.initializeService(AbstractServiceRegistryImpl.java:239) [hibernate-core-6.1.7.Final.jar:6.1.7.Final]
	at org.hibernate.service.internal.AbstractServiceRegistryImpl.getService(AbstractServiceRegistryImpl.java:207) [hibernate-core-6.1.7.Final.jar:6.1.7.Final]
	at org.hibernate.engine.jdbc.env.internal.JdbcEnvironmentInitiator.buildJdbcConnectionAccess(JdbcEnvironmentInitiator.java:249) [hibernate-core-6.1.7.Final.jar:6.1.7.Final]
	at org.hibernate.engine.jdbc.env.internal.JdbcEnvironmentInitiator.initiateService(JdbcEnvironmentInitiator.java:175) [hibernate-core-6.1.7.Final.jar:6.1.7.Final]
	at org.hibernate.engine.jdbc.env.internal.JdbcEnvironmentInitiator.initiateService(JdbcEnvironmentInitiator.java:36) [hibernate-core-6.1.7.Final.jar:6.1.7.Final]
	at org.hibernate.boot.registry.internal.StandardServiceRegistryImpl.initiateService(StandardServiceRegistryImpl.java:119) [hibernate-core-6.1.7.Final.jar:6.1.7.Final]
	at org.hibernate.service.internal.AbstractServiceRegistryImpl.createService(AbstractServiceRegistryImpl.java:255) [hibernate-core-6.1.7.Final.jar:6.1.7.Final]
	at org.hibernate.service.internal.AbstractServiceRegistryImpl.initializeService(AbstractServiceRegistryImpl.java:230) [hibernate-core-6.1.7.Final.jar:6.1.7.Final]
	at org.hibernate.service.internal.AbstractServiceRegistryImpl.getService(AbstractServiceRegistryImpl.java:207) [hibernate-core-6.1.7.Final.jar:6.1.7.Final]
	at org.hibernate.boot.model.relational.Database.<init>(Database.java:44) [hibernate-core-6.1.7.Final.jar:6.1.7.Final]
	at org.hibernate.boot.internal.InFlightMetadataCollectorImpl.getDatabase(InFlightMetadataCollectorImpl.java:218) [hibernate-core-6.1.7.Final.jar:6.1.7.Final]
	at org.hibernate.boot.internal.InFlightMetadataCollectorImpl.<init>(InFlightMetadataCollectorImpl.java:191) [hibernate-core-6.1.7.Final.jar:6.1.7.Final]
	at org.hibernate.boot.model.process.spi.MetadataBuildingProcess.complete(MetadataBuildingProcess.java:138) [hibernate-core-6.1.7.Final.jar:6.1.7.Final]
	at org.hibernate.boot.model.process.spi.MetadataBuildingProcess.build(MetadataBuildingProcess.java:97) [hibernate-core-6.1.7.Final.jar:6.1.7.Final]
	at org.hibernate.boot.internal.MetadataBuilderImpl.build(MetadataBuilderImpl.java:402) [hibernate-core-6.1.7.Final.jar:6.1.7.Final]
	at org.hibernate.boot.internal.MetadataBuilderImpl.build(MetadataBuilderImpl.java:90) [hibernate-core-6.1.7.Final.jar:6.1.7.Final]
	at utils.HibernateUtil.getFactoriaSession(HibernateUtil.java:17) [classes/:?]
	at utils.AbstractDao.executeInsideTransaction(AbstractDao.java:103) [classes/:?]
	at utils.AbstractDao.create(AbstractDao.java:15) [classes/:?]
	at controlador.GestionaFestivalCine.main(GestionaFestivalCine.java:22) [classes/:?]
2026-02-10 10:56:46.073 [main] DEBUG org.jboss.logging - Logging Provider: org.jboss.logging.Log4j2LoggerProvider
2026-02-10 10:56:46.085 [main] DEBUG org.hibernate.integrator.internal.IntegratorServiceImpl - Adding Integrator [org.hibernate.cfg.beanvalidation.BeanValidationIntegrator].
2026-02-10 10:56:46.088 [main] DEBUG org.hibernate.integrator.internal.IntegratorServiceImpl - Adding Integrator [org.hibernate.cache.internal.CollectionCacheInvalidator].
2026-02-10 10:56:46.103 [main] INFO  org.hibernate.Version - HHH000412: Hibernate ORM core version 6.1.7.Final
2026-02-10 10:56:46.105 [main] DEBUG org.hibernate.cfg.Environment - HHH000206: hibernate.properties not found
2026-02-10 10:56:46.218 [main] DEBUG org.hibernate.boot.jaxb.internal.stax.LocalXmlResourceResolver - Checking public/system identifiers `-//Hibernate/Hibernate Configuration DTD 3.0//EN`/`http://hibernate.org/dtd/hibernate-configuration-3.0.dtd` as DTD references
2026-02-10 10:56:46.223 [main] DEBUG org.hibernate.boot.cfgxml.internal.JaxbCfgProcessor - cfg.xml document did not define namespaces; wrapping in custom event reader to introduce namespace information
2026-02-10 10:56:46.374 [main] DEBUG org.hibernate.orm.idgen.factory - Resolving IdentifierGenerator instances will not use CDI as it was not configured
2026-02-10 10:56:46.377 [main] DEBUG org.hibernate.orm.idgen.factory - Registering IdentifierGenerator strategy [uuid2] -> [org.hibernate.id.UUIDGenerator]
2026-02-10 10:56:46.377 [main] DEBUG org.hibernate.orm.idgen.factory - Registering IdentifierGenerator strategy [guid] -> [org.hibernate.id.GUIDGenerator]
2026-02-10 10:56:46.377 [main] DEBUG org.hibernate.orm.idgen.factory - Registering IdentifierGenerator strategy [uuid] -> [org.hibernate.id.UUIDHexGenerator]
2026-02-10 10:56:46.377 [main] DEBUG org.hibernate.orm.idgen.factory - Registering IdentifierGenerator strategy [uuid.hex] -> [org.hibernate.id.UUIDHexGenerator]
2026-02-10 10:56:46.377 [main] DEBUG org.hibernate.orm.idgen.factory - Registering IdentifierGenerator strategy [assigned] -> [org.hibernate.id.Assigned]
2026-02-10 10:56:46.378 [main] DEBUG org.hibernate.orm.idgen.factory - Registering IdentifierGenerator strategy [identity] -> [org.hibernate.id.IdentityGenerator]
2026-02-10 10:56:46.378 [main] DEBUG org.hibernate.orm.idgen.factory - Registering IdentifierGenerator strategy [select] -> [org.hibernate.id.SelectGenerator]
2026-02-10 10:56:46.379 [main] DEBUG org.hibernate.orm.idgen.factory - Registering IdentifierGenerator strategy [sequence] -> [org.hibernate.id.enhanced.SequenceStyleGenerator]
2026-02-10 10:56:46.379 [main] DEBUG org.hibernate.orm.idgen.factory - Registering IdentifierGenerator strategy [increment] -> [org.hibernate.id.IncrementGenerator]
2026-02-10 10:56:46.379 [main] DEBUG org.hibernate.orm.idgen.factory - Registering IdentifierGenerator strategy [foreign] -> [org.hibernate.id.ForeignGenerator]
2026-02-10 10:56:46.380 [main] DEBUG org.hibernate.orm.idgen.factory - Registering IdentifierGenerator strategy [enhanced-sequence] -> [org.hibernate.id.enhanced.SequenceStyleGenerator]
2026-02-10 10:56:46.381 [main] DEBUG org.hibernate.orm.idgen.factory - Registering IdentifierGenerator strategy [enhanced-table] -> [org.hibernate.id.enhanced.TableGenerator]
2026-02-10 10:56:46.384 [main] DEBUG org.hibernate.cache.internal.RegionFactoryInitiator - Cannot default RegionFactory based on registered strategies as `[]` RegionFactory strategies were registered
2026-02-10 10:56:46.384 [main] DEBUG org.hibernate.cache.internal.RegionFactoryInitiator - Cache region factory : org.hibernate.cache.internal.NoCachingRegionFactory
2026-02-10 10:56:46.433 [main] DEBUG org.hibernate.type.descriptor.jdbc.spi.JdbcTypeRegistry - addDescriptor(FloatTypeDescriptor) replaced previous registration(DoubleTypeDescriptor)
2026-02-10 10:56:46.442 [main] DEBUG org.hibernate.type.BasicTypeRegistry - Adding type registration boolean -> org.hibernate.type.BasicTypeReference@2f4919b0
2026-02-10 10:56:46.442 [main] DEBUG org.hibernate.type.BasicTypeRegistry - Adding type registration boolean -> org.hibernate.type.BasicTypeReference@2f4919b0
2026-02-10 10:56:46.442 [main] DEBUG org.hibernate.type.BasicTypeRegistry - Adding type registration java.lang.Boolean -> org.hibernate.type.BasicTypeReference@2f4919b0
2026-02-10 10:56:46.442 [main] DEBUG org.hibernate.type.BasicTypeRegistry - Adding type registration numeric_boolean -> org.hibernate.type.BasicTypeReference@a8a8b75
2026-02-10 10:56:46.442 [main] DEBUG org.hibernate.type.BasicTypeRegistry - Adding type registration org.hibernate.type.NumericBooleanConverter -> org.hibernate.type.BasicTypeReference@a8a8b75
2026-02-10 10:56:46.443 [main] DEBUG org.hibernate.type.BasicTypeRegistry - Adding type registration true_false -> org.hibernate.type.BasicTypeReference@75b21c3b
2026-02-10 10:56:46.443 [main] DEBUG org.hibernate.type.BasicTypeRegistry - Adding type registration org.hibernate.type.TrueFalseConverter -> org.hibernate.type.BasicTypeReference@75b21c3b
2026-02-10 10:56:46.443 [main] DEBUG org.hibernate.type.BasicTypeRegistry - Adding type registration yes_no -> org.hibernate.type.BasicTypeReference@72be135f
2026-02-10 10:56:46.444 [main] DEBUG org.hibernate.type.BasicTypeRegistry - Adding type registration org.hibernate.type.YesNoConverter -> org.hibernate.type.BasicTypeReference@72be135f
2026-02-10 10:56:46.444 [main] DEBUG org.hibernate.type.BasicTypeRegistry - Adding type registration byte -> org.hibernate.type.BasicTypeReference@155d1021
2026-02-10 10:56:46.444 [main] DEBUG org.hibernate.type.BasicTypeRegistry - Adding type registration byte -> org.hibernate.type.BasicTypeReference@155d1021
2026-02-10 10:56:46.444 [main] DEBUG org.hibernate.type.BasicTypeRegistry - Adding type registration java.lang.Byte -> org.hibernate.type.BasicTypeReference@155d1021
2026-02-10 10:56:46.444 [main] DEBUG org.hibernate.type.BasicTypeRegistry - Adding type registration binary -> org.hibernate.type.BasicTypeReference@4bd2f0dc
2026-02-10 10:56:46.444 [main] DEBUG org.hibernate.type.BasicTypeRegistry - Adding type registration byte[] -> org.hibernate.type.BasicTypeReference@4bd2f0dc
2026-02-10 10:56:46.444 [main] DEBUG org.hibernate.type.BasicTypeRegistry - Adding type registration [B -> org.hibernate.type.BasicTypeReference@4bd2f0dc
2026-02-10 10:56:46.444 [main] DEBUG org.hibernate.type.BasicTypeRegistry - Adding type registration binary_wrapper -> org.hibernate.type.BasicTypeReference@2e647e59
2026-02-10 10:56:46.445 [main] DEBUG org.hibernate.type.BasicTypeRegistry - Adding type registration wrapper-binary -> org.hibernate.type.BasicTypeReference@2e647e59
2026-02-10 10:56:46.445 [main] DEBUG org.hibernate.type.BasicTypeRegistry - Adding type registration Byte[] -> org.hibernate.type.BasicTypeReference@2e647e59
2026-02-10 10:56:46.445 [main] DEBUG org.hibernate.type.BasicTypeRegistry - Adding type registration [Ljava.lang.Byte; -> org.hibernate.type.BasicTypeReference@2e647e59
2026-02-10 10:56:46.445 [main] DEBUG org.hibernate.type.BasicTypeRegistry - Adding type registration image -> org.hibernate.type.BasicTypeReference@2c42b421
2026-02-10 10:56:46.445 [main] DEBUG org.hibernate.type.BasicTypeRegistry - Adding type registration blob -> org.hibernate.type.BasicTypeReference@51e37590
2026-02-10 10:56:46.445 [main] DEBUG org.hibernate.type.BasicTypeRegistry - Adding type registration java.sql.Blob -> org.hibernate.type.BasicTypeReference@51e37590
2026-02-10 10:56:46.445 [main] DEBUG org.hibernate.type.BasicTypeRegistry - Adding type registration materialized_blob -> org.hibernate.type.BasicTypeReference@deb3b60
2026-02-10 10:56:46.445 [main] DEBUG org.hibernate.type.BasicTypeRegistry - Adding type registration materialized_blob_wrapper -> org.hibernate.type.BasicTypeReference@701a32
2026-02-10 10:56:46.446 [main] DEBUG org.hibernate.type.BasicTypeRegistry - Adding type registration short -> org.hibernate.type.BasicTypeReference@39aa45a1
2026-02-10 10:56:46.446 [main] DEBUG org.hibernate.type.BasicTypeRegistry - Adding type registration short -> org.hibernate.type.BasicTypeReference@39aa45a1
2026-02-10 10:56:46.446 [main] DEBUG org.hibernate.type.BasicTypeRegistry - Adding type registration java.lang.Short -> org.hibernate.type.BasicTypeReference@39aa45a1
2026-02-10 10:56:46.446 [main] DEBUG org.hibernate.type.BasicTypeRegistry - Adding type registration integer -> org.hibernate.type.BasicTypeReference@73aff8f1
2026-02-10 10:56:46.446 [main] DEBUG org.hibernate.type.BasicTypeRegistry - Adding type registration int -> org.hibernate.type.BasicTypeReference@73aff8f1
2026-02-10 10:56:46.446 [main] DEBUG org.hibernate.type.BasicTypeRegistry - Adding type registration java.lang.Integer -> org.hibernate.type.BasicTypeReference@73aff8f1
2026-02-10 10:56:46.446 [main] DEBUG org.hibernate.type.BasicTypeRegistry - Adding type registration long -> org.hibernate.type.BasicTypeReference@27cbfddf
2026-02-10 10:56:46.447 [main] DEBUG org.hibernate.type.BasicTypeRegistry - Adding type registration long -> org.hibernate.type.BasicTypeReference@27cbfddf
2026-02-10 10:56:46.447 [main] DEBUG org.hibernate.type.BasicTypeRegistry - Adding type registration java.lang.Long -> org.hibernate.type.BasicTypeReference@27cbfddf
2026-02-10 10:56:46.447 [main] DEBUG org.hibernate.type.BasicTypeRegistry - Adding type registration float -> org.hibernate.type.BasicTypeReference@27ead29e
2026-02-10 10:56:46.447 [main] DEBUG org.hibernate.type.BasicTypeRegistry - Adding type registration float -> org.hibernate.type.BasicTypeReference@27ead29e
2026-02-10 10:56:46.447 [main] DEBUG org.hibernate.type.BasicTypeRegistry - Adding type registration java.lang.Float -> org.hibernate.type.BasicTypeReference@27ead29e
2026-02-10 10:56:46.447 [main] DEBUG org.hibernate.type.BasicTypeRegistry - Adding type registration double -> org.hibernate.type.BasicTypeReference@4c060c8f
2026-02-10 10:56:46.447 [main] DEBUG org.hibernate.type.BasicTypeRegistry - Adding type registration double -> org.hibernate.type.BasicTypeReference@4c060c8f
2026-02-10 10:56:46.447 [main] DEBUG org.hibernate.type.BasicTypeRegistry - Adding type registration java.lang.Double -> org.hibernate.type.BasicTypeReference@4c060c8f
2026-02-10 10:56:46.447 [main] DEBUG org.hibernate.type.BasicTypeRegistry - Adding type registration big_integer -> org.hibernate.type.BasicTypeReference@40620d8e
2026-02-10 10:56:46.447 [main] DEBUG org.hibernate.type.BasicTypeRegistry - Adding type registration java.math.BigInteger -> org.hibernate.type.BasicTypeReference@40620d8e
2026-02-10 10:56:46.448 [main] DEBUG org.hibernate.type.BasicTypeRegistry - Adding type registration big_decimal -> org.hibernate.type.BasicTypeReference@383f3558
2026-02-10 10:56:46.448 [main] DEBUG org.hibernate.type.BasicTypeRegistry - Adding type registration java.math.BigDecimal -> org.hibernate.type.BasicTypeReference@383f3558
2026-02-10 10:56:46.448 [main] DEBUG org.hibernate.type.BasicTypeRegistry - Adding type registration character -> org.hibernate.type.BasicTypeReference@49b07ee3
2026-02-10 10:56:46.448 [main] DEBUG org.hibernate.type.BasicTypeRegistry - Adding type registration char -> org.hibernate.type.BasicTypeReference@49b07ee3
2026-02-10 10:56:46.448 [main] DEBUG org.hibernate.type.BasicTypeRegistry - Adding type registration java.lang.Character -> org.hibernate.type.BasicTypeReference@49b07ee3
2026-02-10 10:56:46.448 [main] DEBUG org.hibernate.type.BasicTypeRegistry - Adding type registration character_nchar -> org.hibernate.type.BasicTypeReference@352e612e
2026-02-10 10:56:46.448 [main] DEBUG org.hibernate.type.BasicTypeRegistry - Adding type registration string -> org.hibernate.type.BasicTypeReference@65f00478
2026-02-10 10:56:46.448 [main] DEBUG org.hibernate.type.BasicTypeRegistry - Adding type registration java.lang.String -> org.hibernate.type.BasicTypeReference@65f00478
2026-02-10 10:56:46.448 [main] DEBUG org.hibernate.type.BasicTypeRegistry - Adding type registration nstring -> org.hibernate.type.BasicTypeReference@2424686b
2026-02-10 10:56:46.448 [main] DEBUG org.hibernate.type.BasicTypeRegistry - Adding type registration characters -> org.hibernate.type.BasicTypeReference@6ea94d6a
2026-02-10 10:56:46.448 [main] DEBUG org.hibernate.type.BasicTypeRegistry - Adding type registration char[] -> org.hibernate.type.BasicTypeReference@6ea94d6a
2026-02-10 10:56:46.448 [main] DEBUG org.hibernate.type.BasicTypeRegistry - Adding type registration [C -> org.hibernate.type.BasicTypeReference@6ea94d6a
2026-02-10 10:56:46.448 [main] DEBUG org.hibernate.type.BasicTypeRegistry - Adding type registration wrapper-characters -> org.hibernate.type.BasicTypeReference@28486680
2026-02-10 10:56:46.449 [main] DEBUG org.hibernate.type.BasicTypeRegistry - Adding type registration [Ljava.lang.Character; -> org.hibernate.type.BasicTypeReference@28486680
2026-02-10 10:56:46.449 [main] DEBUG org.hibernate.type.BasicTypeRegistry - Adding type registration Character[] -> org.hibernate.type.BasicTypeReference@28486680
2026-02-10 10:56:46.449 [main] DEBUG org.hibernate.type.BasicTypeRegistry - Adding type registration text -> org.hibernate.type.BasicTypeReference@4d7e7435
2026-02-10 10:56:46.449 [main] DEBUG org.hibernate.type.BasicTypeRegistry - Adding type registration ntext -> org.hibernate.type.BasicTypeReference@4a1e3ac1
2026-02-10 10:56:46.449 [main] DEBUG org.hibernate.type.BasicTypeRegistry - Adding type registration clob -> org.hibernate.type.BasicTypeReference@6e78fcf5
2026-02-10 10:56:46.449 [main] DEBUG org.hibernate.type.BasicTypeRegistry - Adding type registration java.sql.Clob -> org.hibernate.type.BasicTypeReference@6e78fcf5
2026-02-10 10:56:46.449 [main] DEBUG org.hibernate.type.BasicTypeRegistry - Adding type registration nclob -> org.hibernate.type.BasicTypeReference@56febdc
2026-02-10 10:56:46.449 [main] DEBUG org.hibernate.type.BasicTypeRegistry - Adding type registration java.sql.NClob -> org.hibernate.type.BasicTypeReference@56febdc
2026-02-10 10:56:46.449 [main] DEBUG org.hibernate.type.BasicTypeRegistry - Adding type registration materialized_clob -> org.hibernate.type.BasicTypeReference@3b8ee898
2026-02-10 10:56:46.451 [main] DEBUG org.hibernate.type.BasicTypeRegistry - Adding type registration materialized_clob_char_array -> org.hibernate.type.BasicTypeReference@7d151a
2026-02-10 10:56:46.451 [main] DEBUG org.hibernate.type.BasicTypeRegistry - Adding type registration materialized_clob_character_array -> org.hibernate.type.BasicTypeReference@294bdeb4
2026-02-10 10:56:46.451 [main] DEBUG org.hibernate.type.BasicTypeRegistry - Adding type registration materialized_nclob -> org.hibernate.type.BasicTypeReference@5300f14a
2026-02-10 10:56:46.451 [main] DEBUG org.hibernate.type.BasicTypeRegistry - Adding type registration materialized_nclob_character_array -> org.hibernate.type.BasicTypeReference@1f86099a
2026-02-10 10:56:46.451 [main] DEBUG org.hibernate.type.BasicTypeRegistry - Adding type registration materialized_nclob_char_array -> org.hibernate.type.BasicTypeReference@77bb0ab5
2026-02-10 10:56:46.451 [main] DEBUG org.hibernate.type.BasicTypeRegistry - Adding type registration Duration -> org.hibernate.type.BasicTypeReference@f2c488
2026-02-10 10:56:46.451 [main] DEBUG org.hibernate.type.BasicTypeRegistry - Adding type registration java.time.Duration -> org.hibernate.type.BasicTypeReference@f2c488
2026-02-10 10:56:46.451 [main] DEBUG org.hibernate.type.BasicTypeRegistry - Adding type registration LocalDateTime -> org.hibernate.type.BasicTypeReference@54acff7d
2026-02-10 10:56:46.452 [main] DEBUG org.hibernate.type.BasicTypeRegistry - Adding type registration java.time.LocalDateTime -> org.hibernate.type.BasicTypeReference@54acff7d
2026-02-10 10:56:46.452 [main] DEBUG org.hibernate.type.BasicTypeRegistry - Adding type registration LocalDate -> org.hibernate.type.BasicTypeReference@7bc9e6ab
2026-02-10 10:56:46.452 [main] DEBUG org.hibernate.type.BasicTypeRegistry - Adding type registration java.time.LocalDate -> org.hibernate.type.BasicTypeReference@7bc9e6ab
2026-02-10 10:56:46.452 [main] DEBUG org.hibernate.type.BasicTypeRegistry - Adding type registration LocalTime -> org.hibernate.type.BasicTypeReference@5488b5c5
2026-02-10 10:56:46.452 [main] DEBUG org.hibernate.type.BasicTypeRegistry - Adding type registration java.time.LocalTime -> org.hibernate.type.BasicTypeReference@5488b5c5
2026-02-10 10:56:46.452 [main] DEBUG org.hibernate.type.BasicTypeRegistry - Adding type registration OffsetDateTime -> org.hibernate.type.BasicTypeReference@4248ed58
2026-02-10 10:56:46.452 [main] DEBUG org.hibernate.type.BasicTypeRegistry - Adding type registration java.time.OffsetDateTime -> org.hibernate.type.BasicTypeReference@4248ed58
2026-02-10 10:56:46.452 [main] DEBUG org.hibernate.type.BasicTypeRegistry - Adding type registration OffsetDateTimeWithTimezone -> org.hibernate.type.BasicTypeReference@712ca57b
2026-02-10 10:56:46.452 [main] DEBUG org.hibernate.type.BasicTypeRegistry - Adding type registration OffsetDateTimeWithoutTimezone -> org.hibernate.type.BasicTypeReference@4564e94b
2026-02-10 10:56:46.452 [main] DEBUG org.hibernate.type.BasicTypeRegistry - Adding type registration OffsetTime -> org.hibernate.type.BasicTypeReference@54534abf
2026-02-10 10:56:46.453 [main] DEBUG org.hibernate.type.BasicTypeRegistry - Adding type registration java.time.OffsetTime -> org.hibernate.type.BasicTypeReference@54534abf
2026-02-10 10:56:46.453 [main] DEBUG org.hibernate.type.BasicTypeRegistry - Adding type registration ZonedDateTime -> org.hibernate.type.BasicTypeReference@51745f40
2026-02-10 10:56:46.453 [main] DEBUG org.hibernate.type.BasicTypeRegistry - Adding type registration java.time.ZonedDateTime -> org.hibernate.type.BasicTypeReference@51745f40
2026-02-10 10:56:46.453 [main] DEBUG org.hibernate.type.BasicTypeRegistry - Adding type registration ZonedDateTimeWithTimezone -> org.hibernate.type.BasicTypeReference@45673f68
2026-02-10 10:56:46.453 [main] DEBUG org.hibernate.type.BasicTypeRegistry - Adding type registration ZonedDateTimeWithoutTimezone -> org.hibernate.type.BasicTypeReference@27abb83e
2026-02-10 10:56:46.453 [main] DEBUG org.hibernate.type.BasicTypeRegistry - Adding type registration date -> org.hibernate.type.BasicTypeReference@69e308c6
2026-02-10 10:56:46.453 [main] DEBUG org.hibernate.type.BasicTypeRegistry - Adding type registration java.sql.Date -> org.hibernate.type.BasicTypeReference@69e308c6
2026-02-10 10:56:46.453 [main] DEBUG org.hibernate.type.BasicTypeRegistry - Adding type registration time -> org.hibernate.type.BasicTypeReference@1a1ed4e5
2026-02-10 10:56:46.453 [main] DEBUG org.hibernate.type.BasicTypeRegistry - Adding type registration java.sql.Time -> org.hibernate.type.BasicTypeReference@1a1ed4e5
2026-02-10 10:56:46.453 [main] DEBUG org.hibernate.type.BasicTypeRegistry - Adding type registration timestamp -> org.hibernate.type.BasicTypeReference@667e34b1
2026-02-10 10:56:46.454 [main] DEBUG org.hibernate.type.BasicTypeRegistry - Adding type registration java.sql.Timestamp -> org.hibernate.type.BasicTypeReference@667e34b1
2026-02-10 10:56:46.454 [main] DEBUG org.hibernate.type.BasicTypeRegistry - Adding type registration java.util.Date -> org.hibernate.type.BasicTypeReference@667e34b1
2026-02-10 10:56:46.454 [main] DEBUG org.hibernate.type.BasicTypeRegistry - Adding type registration calendar -> org.hibernate.type.BasicTypeReference@1c6e0a08
2026-02-10 10:56:46.454 [main] DEBUG org.hibernate.type.BasicTypeRegistry - Adding type registration java.util.Calendar -> org.hibernate.type.BasicTypeReference@1c6e0a08
2026-02-10 10:56:46.454 [main] DEBUG org.hibernate.type.BasicTypeRegistry - Adding type registration java.util.GregorianCalendar -> org.hibernate.type.BasicTypeReference@1c6e0a08
2026-02-10 10:56:46.454 [main] DEBUG org.hibernate.type.BasicTypeRegistry - Adding type registration calendar_date -> org.hibernate.type.BasicTypeReference@6dba847b
2026-02-10 10:56:46.454 [main] DEBUG org.hibernate.type.BasicTypeRegistry - Adding type registration calendar_time -> org.hibernate.type.BasicTypeReference@1efdcd5
2026-02-10 10:56:46.455 [main] DEBUG org.hibernate.type.BasicTypeRegistry - Adding type registration instant -> org.hibernate.type.BasicTypeReference@1623bbe5
2026-02-10 10:56:46.455 [main] DEBUG org.hibernate.type.BasicTypeRegistry - Adding type registration java.time.Instant -> org.hibernate.type.BasicTypeReference@1623bbe5
2026-02-10 10:56:46.455 [main] DEBUG org.hibernate.type.BasicTypeRegistry - Adding type registration uuid -> org.hibernate.type.BasicTypeReference@7af1cd63
2026-02-10 10:56:46.455 [main] DEBUG org.hibernate.type.BasicTypeRegistry - Adding type registration java.util.UUID -> org.hibernate.type.BasicTypeReference@7af1cd63
2026-02-10 10:56:46.455 [main] DEBUG org.hibernate.type.BasicTypeRegistry - Adding type registration pg-uuid -> org.hibernate.type.BasicTypeReference@7af1cd63
2026-02-10 10:56:46.455 [main] DEBUG org.hibernate.type.BasicTypeRegistry - Adding type registration uuid-binary -> org.hibernate.type.BasicTypeReference@4351171a
2026-02-10 10:56:46.455 [main] DEBUG org.hibernate.type.BasicTypeRegistry - Adding type registration uuid-char -> org.hibernate.type.BasicTypeReference@3c2772d1
2026-02-10 10:56:46.455 [main] DEBUG org.hibernate.type.BasicTypeRegistry - Adding type registration class -> org.hibernate.type.BasicTypeReference@37d00a23
2026-02-10 10:56:46.455 [main] DEBUG org.hibernate.type.BasicTypeRegistry - Adding type registration java.lang.Class -> org.hibernate.type.BasicTypeReference@37d00a23
2026-02-10 10:56:46.456 [main] DEBUG org.hibernate.type.BasicTypeRegistry - Adding type registration currency -> org.hibernate.type.BasicTypeReference@433e536f
2026-02-10 10:56:46.456 [main] DEBUG org.hibernate.type.BasicTypeRegistry - Adding type registration Currency -> org.hibernate.type.BasicTypeReference@433e536f
2026-02-10 10:56:46.456 [main] DEBUG org.hibernate.type.BasicTypeRegistry - Adding type registration java.util.Currency -> org.hibernate.type.BasicTypeReference@433e536f
2026-02-10 10:56:46.456 [main] DEBUG org.hibernate.type.BasicTypeRegistry - Adding type registration locale -> org.hibernate.type.BasicTypeReference@89c65d5
2026-02-10 10:56:46.456 [main] DEBUG org.hibernate.type.BasicTypeRegistry - Adding type registration java.util.Locale -> org.hibernate.type.BasicTypeReference@89c65d5
2026-02-10 10:56:46.456 [main] DEBUG org.hibernate.type.BasicTypeRegistry - Adding type registration serializable -> org.hibernate.type.BasicTypeReference@faa3fed
2026-02-10 10:56:46.456 [main] DEBUG org.hibernate.type.BasicTypeRegistry - Adding type registration java.io.Serializable -> org.hibernate.type.BasicTypeReference@faa3fed
2026-02-10 10:56:46.456 [main] DEBUG org.hibernate.type.BasicTypeRegistry - Adding type registration timezone -> org.hibernate.type.BasicTypeReference@381cad29
2026-02-10 10:56:46.456 [main] DEBUG org.hibernate.type.BasicTypeRegistry - Adding type registration java.util.TimeZone -> org.hibernate.type.BasicTypeReference@381cad29
2026-02-10 10:56:46.456 [main] DEBUG org.hibernate.type.BasicTypeRegistry - Adding type registration ZoneOffset -> org.hibernate.type.BasicTypeReference@988246e
2026-02-10 10:56:46.456 [main] DEBUG org.hibernate.type.BasicTypeRegistry - Adding type registration java.time.ZoneOffset -> org.hibernate.type.BasicTypeReference@988246e
2026-02-10 10:56:46.456 [main] DEBUG org.hibernate.type.BasicTypeRegistry - Adding type registration url -> org.hibernate.type.BasicTypeReference@62515a47
2026-02-10 10:56:46.456 [main] DEBUG org.hibernate.type.BasicTypeRegistry - Adding type registration java.net.URL -> org.hibernate.type.BasicTypeReference@62515a47
2026-02-10 10:56:46.456 [main] DEBUG org.hibernate.type.BasicTypeRegistry - Adding type registration row_version -> org.hibernate.type.BasicTypeReference@3c5a54b7
2026-02-10 10:56:46.460 [main] DEBUG org.hibernate.type.BasicTypeRegistry - Adding type registration dbtimestamp -> org.hibernate.type.DbTimestampType@73d69c0f
2026-02-10 10:56:46.460 [main] DEBUG org.hibernate.type.BasicTypeRegistry - Adding type registration dbtimestamp -> org.hibernate.type.DbTimestampType@73d69c0f
2026-02-10 10:56:46.461 [main] DEBUG org.hibernate.type.BasicTypeRegistry - Adding type registration object -> org.hibernate.type.JavaObjectType@3a60c416
2026-02-10 10:56:46.461 [main] DEBUG org.hibernate.type.BasicTypeRegistry - Adding type registration java.lang.Object -> org.hibernate.type.JavaObjectType@3a60c416
2026-02-10 10:56:46.462 [main] DEBUG org.hibernate.type.BasicTypeRegistry - Adding type registration null -> org.hibernate.type.NullType@26a94fa5
2026-02-10 10:56:46.462 [main] DEBUG org.hibernate.type.BasicTypeRegistry - Adding type registration imm_date -> org.hibernate.type.BasicTypeReference@464a4442
2026-02-10 10:56:46.462 [main] DEBUG org.hibernate.type.BasicTypeRegistry - Adding type registration imm_time -> org.hibernate.type.BasicTypeReference@2873d672
2026-02-10 10:56:46.462 [main] DEBUG org.hibernate.type.BasicTypeRegistry - Adding type registration imm_timestamp -> org.hibernate.type.BasicTypeReference@3bc735b3
2026-02-10 10:56:46.462 [main] DEBUG org.hibernate.type.BasicTypeRegistry - Adding type registration imm_calendar -> org.hibernate.type.BasicTypeReference@577f9109
2026-02-10 10:56:46.462 [main] DEBUG org.hibernate.type.BasicTypeRegistry - Adding type registration imm_calendar_date -> org.hibernate.type.BasicTypeReference@4303b7f0
2026-02-10 10:56:46.462 [main] DEBUG org.hibernate.type.BasicTypeRegistry - Adding type registration imm_calendar_time -> org.hibernate.type.BasicTypeReference@757529a4
2026-02-10 10:56:46.462 [main] DEBUG org.hibernate.type.BasicTypeRegistry - Adding type registration imm_binary -> org.hibernate.type.BasicTypeReference@779de014
2026-02-10 10:56:46.463 [main] DEBUG org.hibernate.type.BasicTypeRegistry - Adding type registration imm_serializable -> org.hibernate.type.BasicTypeReference@5c41d037
2026-02-10 10:56:46.482 [main] WARN  org.hibernate.orm.connections.pooling - HHH10001002: Using built-in connection pool (not intended for production use)
2026-02-10 10:56:46.485 [main] INFO  org.hibernate.orm.connections.pooling - HHH10001005: Loaded JDBC driver class: com.mysql.jdbc.Driver
2026-02-10 10:56:46.486 [main] INFO  org.hibernate.orm.connections.pooling - HHH10001012: Connecting with JDBC URL [jdbc:mysql://localhost:3307/AngelaChica?createDatabaseIfNotExist=true]
2026-02-10 10:56:46.486 [main] INFO  org.hibernate.orm.connections.pooling - HHH10001001: Connection properties: {password=usuario3, user=usuario3}
2026-02-10 10:56:46.486 [main] INFO  org.hibernate.orm.connections.pooling - HHH10001003: Autocommit mode: false
2026-02-10 10:56:46.488 [main] DEBUG org.hibernate.orm.connections.pooling - Initializing Connection pool with 1 Connections
2026-02-10 10:56:46.489 [main] INFO  org.hibernate.orm.connections.pooling - HHH10001115: Connection pool size: 10 (min=1)
2026-02-10 10:56:46.835 [main] DEBUG org.hibernate.engine.jdbc.env.internal.JdbcEnvironmentInitiator - Database ->
       name : MySQL
    version : 8.4.7
      major : 8
      minor : 4
2026-02-10 10:56:46.835 [main] DEBUG org.hibernate.engine.jdbc.env.internal.JdbcEnvironmentInitiator - Driver ->
       name : MySQL Connector/J
    version : mysql-connector-j-8.0.31 (Revision: 0c86fc148d567b62266c2302bdad0f1e7a7e4eba)
      major : 8
      minor : 0
2026-02-10 10:56:46.835 [main] DEBUG org.hibernate.engine.jdbc.env.internal.JdbcEnvironmentInitiator - JDBC version : 4.2
2026-02-10 10:56:46.887 [main] INFO  SQL dialect - HHH000400: Using dialect: org.hibernate.dialect.MySQLDialect
2026-02-10 10:56:46.897 [main] DEBUG org.hibernate.engine.jdbc.env.spi.IdentifierHelperBuilder - JDBC driver metadata reported database stores quoted identifiers in more than one case
2026-02-10 10:56:46.898 [main] DEBUG org.hibernate.engine.jdbc.env.spi.IdentifierHelperBuilder - IdentifierCaseStrategy for both quoted and unquoted identifiers was set to the same strategy [MIXED]; that will likely lead to problems in schema update and validation if using quoted identifiers
2026-02-10 10:56:46.915 [main] DEBUG org.hibernate.type.descriptor.sql.spi.DdlTypeRegistry - addDescriptor(12, org.hibernate.type.descriptor.sql.internal.CapacityDependentDdlType@6f3e19b3) replaced previous registration(org.hibernate.type.descriptor.sql.internal.CapacityDependentDdlType@47ffe971)
2026-02-10 10:56:46.915 [main] DEBUG org.hibernate.type.descriptor.sql.spi.DdlTypeRegistry - addDescriptor(-9, org.hibernate.type.descriptor.sql.internal.CapacityDependentDdlType@7d04529c) replaced previous registration(org.hibernate.type.descriptor.sql.internal.CapacityDependentDdlType@14fa92af)
2026-02-10 10:56:46.916 [main] DEBUG org.hibernate.type.descriptor.sql.spi.DdlTypeRegistry - addDescriptor(-3, org.hibernate.type.descriptor.sql.internal.CapacityDependentDdlType@b16e202) replaced previous registration(org.hibernate.type.descriptor.sql.internal.CapacityDependentDdlType@339a3670)
2026-02-10 10:56:46.916 [main] DEBUG org.hibernate.type.descriptor.sql.spi.DdlTypeRegistry - addDescriptor(4003, org.hibernate.type.descriptor.sql.internal.DdlTypeImpl@6cd5122d) replaced previous registration(org.hibernate.type.descriptor.sql.internal.DdlTypeImpl@2c7a8af2)
2026-02-10 10:56:46.916 [main] DEBUG org.hibernate.type.descriptor.sql.spi.DdlTypeRegistry - addDescriptor(4001, org.hibernate.type.descriptor.sql.internal.DdlTypeImpl@10c07b8d) replaced previous registration(org.hibernate.type.descriptor.sql.internal.DdlTypeImpl@720bf653)
2026-02-10 10:56:46.916 [main] DEBUG org.hibernate.type.descriptor.sql.spi.DdlTypeRegistry - addDescriptor(4002, org.hibernate.type.descriptor.sql.internal.DdlTypeImpl@360bc645) replaced previous registration(org.hibernate.type.descriptor.sql.internal.DdlTypeImpl@4edef76c)
2026-02-10 10:56:46.916 [main] DEBUG org.hibernate.type.descriptor.sql.spi.DdlTypeRegistry - addDescriptor(2004, org.hibernate.type.descriptor.sql.internal.CapacityDependentDdlType@5d51e129) replaced previous registration(org.hibernate.type.descriptor.sql.internal.DdlTypeImpl@70c53dbe)
2026-02-10 10:56:46.916 [main] DEBUG org.hibernate.type.descriptor.sql.spi.DdlTypeRegistry - addDescriptor(2005, org.hibernate.type.descriptor.sql.internal.CapacityDependentDdlType@1894e40d) replaced previous registration(org.hibernate.type.descriptor.sql.internal.DdlTypeImpl@21c815e4)
2026-02-10 10:56:46.916 [main] DEBUG org.hibernate.type.descriptor.sql.spi.DdlTypeRegistry - addDescriptor(2011, org.hibernate.type.descriptor.sql.internal.CapacityDependentDdlType@7342e05d) replaced previous registration(org.hibernate.type.descriptor.sql.internal.DdlTypeImpl@2a331b46)
2026-02-10 10:56:46.917 [main] DEBUG org.hibernate.type.descriptor.jdbc.spi.JdbcTypeRegistry - addDescriptor(NCharTypeDescriptor) replaced previous registration(CharTypeDescriptor)
2026-02-10 10:56:46.918 [main] DEBUG org.hibernate.type.descriptor.jdbc.spi.JdbcTypeRegistry - addDescriptor(NVarcharTypeDescriptor) replaced previous registration(VarcharTypeDescriptor)
2026-02-10 10:56:46.918 [main] DEBUG org.hibernate.type.descriptor.jdbc.spi.JdbcTypeRegistry - addDescriptor(LongNVarcharTypeDescriptor) replaced previous registration(LongVarcharTypeDescriptor)
2026-02-10 10:56:46.921 [main] DEBUG org.hibernate.type.descriptor.jdbc.spi.JdbcTypeRegistry - addDescriptor(NClobTypeDescriptor(DEFAULT)) replaced previous registration(ClobTypeDescriptor(DEFAULT))
2026-02-10 10:56:46.921 [main] DEBUG org.hibernate.type.descriptor.jdbc.spi.JdbcTypeRegistry - addDescriptor(2005, ClobTypeDescriptor(STREAM_BINDING)) replaced previous registration(ClobTypeDescriptor(DEFAULT))
2026-02-10 10:56:46.923 [main] DEBUG org.hibernate.type.BasicTypeRegistry - Adding type registration null -> org.hibernate.type.NullType@42373389
2026-02-10 10:56:46.923 [main] DEBUG org.hibernate.type.BasicTypeRegistry - Type registration key [null] overrode previous entry : `org.hibernate.type.NullType@26a94fa5`
2026-02-10 10:56:46.927 [main] DEBUG org.hibernate.type.BasicTypeRegistry - Adding type registration org.hibernate.type.OffsetDateTimeType -> basicType@1(java.time.OffsetDateTime,93)
2026-02-10 10:56:46.927 [main] DEBUG org.hibernate.type.BasicTypeRegistry - Adding type registration OffsetDateTime -> basicType@1(java.time.OffsetDateTime,93)
2026-02-10 10:56:46.927 [main] DEBUG org.hibernate.type.BasicTypeRegistry - Adding type registration java.time.OffsetDateTime -> basicType@1(java.time.OffsetDateTime,93)
2026-02-10 10:56:46.927 [main] DEBUG org.hibernate.type.BasicTypeRegistry - Adding type registration org.hibernate.type.ZonedDateTimeType -> basicType@2(java.time.ZonedDateTime,93)
2026-02-10 10:56:46.928 [main] DEBUG org.hibernate.type.BasicTypeRegistry - Adding type registration ZonedDateTime -> basicType@2(java.time.ZonedDateTime,93)
2026-02-10 10:56:46.928 [main] DEBUG org.hibernate.type.BasicTypeRegistry - Adding type registration java.time.ZonedDateTime -> basicType@2(java.time.ZonedDateTime,93)
2026-02-10 10:56:46.931 [main] DEBUG org.hibernate.type.spi.TypeConfiguration$Scope - Scoping TypeConfiguration [org.hibernate.type.spi.TypeConfiguration@dc79225] to MetadataBuildingContext [org.hibernate.boot.internal.MetadataBuildingContextRootImpl@30e9ca13]
2026-02-10 10:57:01.428 [main] DEBUG org.jboss.logging - Logging Provider: org.jboss.logging.Log4j2LoggerProvider
2026-02-10 10:57:01.440 [main] DEBUG org.hibernate.integrator.internal.IntegratorServiceImpl - Adding Integrator [org.hibernate.cfg.beanvalidation.BeanValidationIntegrator].
2026-02-10 10:57:01.442 [main] DEBUG org.hibernate.integrator.internal.IntegratorServiceImpl - Adding Integrator [org.hibernate.cache.internal.CollectionCacheInvalidator].
2026-02-10 10:57:01.456 [main] INFO  org.hibernate.Version - HHH000412: Hibernate ORM core version 6.1.7.Final
2026-02-10 10:57:01.457 [main] DEBUG org.hibernate.cfg.Environment - HHH000206: hibernate.properties not found
2026-02-10 10:57:01.568 [main] DEBUG org.hibernate.boot.jaxb.internal.stax.LocalXmlResourceResolver - Checking public/system identifiers `-//Hibernate/Hibernate Configuration DTD 3.0//EN`/`http://hibernate.org/dtd/hibernate-configuration-3.0.dtd` as DTD references
2026-02-10 10:57:01.574 [main] DEBUG org.hibernate.boot.cfgxml.internal.JaxbCfgProcessor - cfg.xml document did not define namespaces; wrapping in custom event reader to introduce namespace information
2026-02-10 10:57:01.723 [main] DEBUG org.hibernate.orm.idgen.factory - Resolving IdentifierGenerator instances will not use CDI as it was not configured
2026-02-10 10:57:01.726 [main] DEBUG org.hibernate.orm.idgen.factory - Registering IdentifierGenerator strategy [uuid2] -> [org.hibernate.id.UUIDGenerator]
2026-02-10 10:57:01.726 [main] DEBUG org.hibernate.orm.idgen.factory - Registering IdentifierGenerator strategy [guid] -> [org.hibernate.id.GUIDGenerator]
2026-02-10 10:57:01.726 [main] DEBUG org.hibernate.orm.idgen.factory - Registering IdentifierGenerator strategy [uuid] -> [org.hibernate.id.UUIDHexGenerator]
2026-02-10 10:57:01.728 [main] DEBUG org.hibernate.orm.idgen.factory - Registering IdentifierGenerator strategy [uuid.hex] -> [org.hibernate.id.UUIDHexGenerator]
2026-02-10 10:57:01.728 [main] DEBUG org.hibernate.orm.idgen.factory - Registering IdentifierGenerator strategy [assigned] -> [org.hibernate.id.Assigned]
2026-02-10 10:57:01.728 [main] DEBUG org.hibernate.orm.idgen.factory - Registering IdentifierGenerator strategy [identity] -> [org.hibernate.id.IdentityGenerator]
2026-02-10 10:57:01.729 [main] DEBUG org.hibernate.orm.idgen.factory - Registering IdentifierGenerator strategy [select] -> [org.hibernate.id.SelectGenerator]
2026-02-10 10:57:01.729 [main] DEBUG org.hibernate.orm.idgen.factory - Registering IdentifierGenerator strategy [sequence] -> [org.hibernate.id.enhanced.SequenceStyleGenerator]
2026-02-10 10:57:01.730 [main] DEBUG org.hibernate.orm.idgen.factory - Registering IdentifierGenerator strategy [increment] -> [org.hibernate.id.IncrementGenerator]
2026-02-10 10:57:01.730 [main] DEBUG org.hibernate.orm.idgen.factory - Registering IdentifierGenerator strategy [foreign] -> [org.hibernate.id.ForeignGenerator]
2026-02-10 10:57:01.730 [main] DEBUG org.hibernate.orm.idgen.factory - Registering IdentifierGenerator strategy [enhanced-sequence] -> [org.hibernate.id.enhanced.SequenceStyleGenerator]
2026-02-10 10:57:01.730 [main] DEBUG org.hibernate.orm.idgen.factory - Registering IdentifierGenerator strategy [enhanced-table] -> [org.hibernate.id.enhanced.TableGenerator]
2026-02-10 10:57:01.734 [main] DEBUG org.hibernate.cache.internal.RegionFactoryInitiator - Cannot default RegionFactory based on registered strategies as `[]` RegionFactory strategies were registered
2026-02-10 10:57:01.734 [main] DEBUG org.hibernate.cache.internal.RegionFactoryInitiator - Cache region factory : org.hibernate.cache.internal.NoCachingRegionFactory
2026-02-10 10:57:01.783 [main] DEBUG org.hibernate.type.descriptor.jdbc.spi.JdbcTypeRegistry - addDescriptor(FloatTypeDescriptor) replaced previous registration(DoubleTypeDescriptor)
2026-02-10 10:57:01.791 [main] DEBUG org.hibernate.type.BasicTypeRegistry - Adding type registration boolean -> org.hibernate.type.BasicTypeReference@2f4919b0
2026-02-10 10:57:01.791 [main] DEBUG org.hibernate.type.BasicTypeRegistry - Adding type registration boolean -> org.hibernate.type.BasicTypeReference@2f4919b0
2026-02-10 10:57:01.791 [main] DEBUG org.hibernate.type.BasicTypeRegistry - Adding type registration java.lang.Boolean -> org.hibernate.type.BasicTypeReference@2f4919b0
2026-02-10 10:57:01.791 [main] DEBUG org.hibernate.type.BasicTypeRegistry - Adding type registration numeric_boolean -> org.hibernate.type.BasicTypeReference@a8a8b75
2026-02-10 10:57:01.792 [main] DEBUG org.hibernate.type.BasicTypeRegistry - Adding type registration org.hibernate.type.NumericBooleanConverter -> org.hibernate.type.BasicTypeReference@a8a8b75
2026-02-10 10:57:01.792 [main] DEBUG org.hibernate.type.BasicTypeRegistry - Adding type registration true_false -> org.hibernate.type.BasicTypeReference@75b21c3b
2026-02-10 10:57:01.792 [main] DEBUG org.hibernate.type.BasicTypeRegistry - Adding type registration org.hibernate.type.TrueFalseConverter -> org.hibernate.type.BasicTypeReference@75b21c3b
2026-02-10 10:57:01.792 [main] DEBUG org.hibernate.type.BasicTypeRegistry - Adding type registration yes_no -> org.hibernate.type.BasicTypeReference@72be135f
2026-02-10 10:57:01.792 [main] DEBUG org.hibernate.type.BasicTypeRegistry - Adding type registration org.hibernate.type.YesNoConverter -> org.hibernate.type.BasicTypeReference@72be135f
2026-02-10 10:57:01.792 [main] DEBUG org.hibernate.type.BasicTypeRegistry - Adding type registration byte -> org.hibernate.type.BasicTypeReference@155d1021
2026-02-10 10:57:01.792 [main] DEBUG org.hibernate.type.BasicTypeRegistry - Adding type registration byte -> org.hibernate.type.BasicTypeReference@155d1021
2026-02-10 10:57:01.792 [main] DEBUG org.hibernate.type.BasicTypeRegistry - Adding type registration java.lang.Byte -> org.hibernate.type.BasicTypeReference@155d1021
2026-02-10 10:57:01.793 [main] DEBUG org.hibernate.type.BasicTypeRegistry - Adding type registration binary -> org.hibernate.type.BasicTypeReference@4bd2f0dc
2026-02-10 10:57:01.793 [main] DEBUG org.hibernate.type.BasicTypeRegistry - Adding type registration byte[] -> org.hibernate.type.BasicTypeReference@4bd2f0dc
2026-02-10 10:57:01.793 [main] DEBUG org.hibernate.type.BasicTypeRegistry - Adding type registration [B -> org.hibernate.type.BasicTypeReference@4bd2f0dc
2026-02-10 10:57:01.793 [main] DEBUG org.hibernate.type.BasicTypeRegistry - Adding type registration binary_wrapper -> org.hibernate.type.BasicTypeReference@2e647e59
2026-02-10 10:57:01.793 [main] DEBUG org.hibernate.type.BasicTypeRegistry - Adding type registration wrapper-binary -> org.hibernate.type.BasicTypeReference@2e647e59
2026-02-10 10:57:01.793 [main] DEBUG org.hibernate.type.BasicTypeRegistry - Adding type registration Byte[] -> org.hibernate.type.BasicTypeReference@2e647e59
2026-02-10 10:57:01.793 [main] DEBUG org.hibernate.type.BasicTypeRegistry - Adding type registration [Ljava.lang.Byte; -> org.hibernate.type.BasicTypeReference@2e647e59
2026-02-10 10:57:01.793 [main] DEBUG org.hibernate.type.BasicTypeRegistry - Adding type registration image -> org.hibernate.type.BasicTypeReference@2c42b421
2026-02-10 10:57:01.793 [main] DEBUG org.hibernate.type.BasicTypeRegistry - Adding type registration blob -> org.hibernate.type.BasicTypeReference@51e37590
2026-02-10 10:57:01.794 [main] DEBUG org.hibernate.type.BasicTypeRegistry - Adding type registration java.sql.Blob -> org.hibernate.type.BasicTypeReference@51e37590
2026-02-10 10:57:01.794 [main] DEBUG org.hibernate.type.BasicTypeRegistry - Adding type registration materialized_blob -> org.hibernate.type.BasicTypeReference@deb3b60
2026-02-10 10:57:01.794 [main] DEBUG org.hibernate.type.BasicTypeRegistry - Adding type registration materialized_blob_wrapper -> org.hibernate.type.BasicTypeReference@701a32
2026-02-10 10:57:01.794 [main] DEBUG org.hibernate.type.BasicTypeRegistry - Adding type registration short -> org.hibernate.type.BasicTypeReference@39aa45a1
2026-02-10 10:57:01.794 [main] DEBUG org.hibernate.type.BasicTypeRegistry - Adding type registration short -> org.hibernate.type.BasicTypeReference@39aa45a1
2026-02-10 10:57:01.794 [main] DEBUG org.hibernate.type.BasicTypeRegistry - Adding type registration java.lang.Short -> org.hibernate.type.BasicTypeReference@39aa45a1
2026-02-10 10:57:01.794 [main] DEBUG org.hibernate.type.BasicTypeRegistry - Adding type registration integer -> org.hibernate.type.BasicTypeReference@73aff8f1
2026-02-10 10:57:01.794 [main] DEBUG org.hibernate.type.BasicTypeRegistry - Adding type registration int -> org.hibernate.type.BasicTypeReference@73aff8f1
2026-02-10 10:57:01.794 [main] DEBUG org.hibernate.type.BasicTypeRegistry - Adding type registration java.lang.Integer -> org.hibernate.type.BasicTypeReference@73aff8f1
2026-02-10 10:57:01.794 [main] DEBUG org.hibernate.type.BasicTypeRegistry - Adding type registration long -> org.hibernate.type.BasicTypeReference@27cbfddf
2026-02-10 10:57:01.794 [main] DEBUG org.hibernate.type.BasicTypeRegistry - Adding type registration long -> org.hibernate.type.BasicTypeReference@27cbfddf
2026-02-10 10:57:01.794 [main] DEBUG org.hibernate.type.BasicTypeRegistry - Adding type registration java.lang.Long -> org.hibernate.type.BasicTypeReference@27cbfddf
2026-02-10 10:57:01.794 [main] DEBUG org.hibernate.type.BasicTypeRegistry - Adding type registration float -> org.hibernate.type.BasicTypeReference@27ead29e
2026-02-10 10:57:01.794 [main] DEBUG org.hibernate.type.BasicTypeRegistry - Adding type registration float -> org.hibernate.type.BasicTypeReference@27ead29e
2026-02-10 10:57:01.796 [main] DEBUG org.hibernate.type.BasicTypeRegistry - Adding type registration java.lang.Float -> org.hibernate.type.BasicTypeReference@27ead29e
2026-02-10 10:57:01.796 [main] DEBUG org.hibernate.type.BasicTypeRegistry - Adding type registration double -> org.hibernate.type.BasicTypeReference@4c060c8f
2026-02-10 10:57:01.796 [main] DEBUG org.hibernate.type.BasicTypeRegistry - Adding type registration double -> org.hibernate.type.BasicTypeReference@4c060c8f
2026-02-10 10:57:01.796 [main] DEBUG org.hibernate.type.BasicTypeRegistry - Adding type registration java.lang.Double -> org.hibernate.type.BasicTypeReference@4c060c8f
2026-02-10 10:57:01.796 [main] DEBUG org.hibernate.type.BasicTypeRegistry - Adding type registration big_integer -> org.hibernate.type.BasicTypeReference@40620d8e
2026-02-10 10:57:01.796 [main] DEBUG org.hibernate.type.BasicTypeRegistry - Adding type registration java.math.BigInteger -> org.hibernate.type.BasicTypeReference@40620d8e
2026-02-10 10:57:01.796 [main] DEBUG org.hibernate.type.BasicTypeRegistry - Adding type registration big_decimal -> org.hibernate.type.BasicTypeReference@383f3558
2026-02-10 10:57:01.796 [main] DEBUG org.hibernate.type.BasicTypeRegistry - Adding type registration java.math.BigDecimal -> org.hibernate.type.BasicTypeReference@383f3558
2026-02-10 10:57:01.796 [main] DEBUG org.hibernate.type.BasicTypeRegistry - Adding type registration character -> org.hibernate.type.BasicTypeReference@49b07ee3
2026-02-10 10:57:01.796 [main] DEBUG org.hibernate.type.BasicTypeRegistry - Adding type registration char -> org.hibernate.type.BasicTypeReference@49b07ee3
2026-02-10 10:57:01.796 [main] DEBUG org.hibernate.type.BasicTypeRegistry - Adding type registration java.lang.Character -> org.hibernate.type.BasicTypeReference@49b07ee3
2026-02-10 10:57:01.796 [main] DEBUG org.hibernate.type.BasicTypeRegistry - Adding type registration character_nchar -> org.hibernate.type.BasicTypeReference@352e612e
2026-02-10 10:57:01.796 [main] DEBUG org.hibernate.type.BasicTypeRegistry - Adding type registration string -> org.hibernate.type.BasicTypeReference@65f00478
2026-02-10 10:57:01.796 [main] DEBUG org.hibernate.type.BasicTypeRegistry - Adding type registration java.lang.String -> org.hibernate.type.BasicTypeReference@65f00478
2026-02-10 10:57:01.796 [main] DEBUG org.hibernate.type.BasicTypeRegistry - Adding type registration nstring -> org.hibernate.type.BasicTypeReference@2424686b
2026-02-10 10:57:01.796 [main] DEBUG org.hibernate.type.BasicTypeRegistry - Adding type registration characters -> org.hibernate.type.BasicTypeReference@6ea94d6a
2026-02-10 10:57:01.796 [main] DEBUG org.hibernate.type.BasicTypeRegistry - Adding type registration char[] -> org.hibernate.type.BasicTypeReference@6ea94d6a
2026-02-10 10:57:01.797 [main] DEBUG org.hibernate.type.BasicTypeRegistry - Adding type registration [C -> org.hibernate.type.BasicTypeReference@6ea94d6a
2026-02-10 10:57:01.797 [main] DEBUG org.hibernate.type.BasicTypeRegistry - Adding type registration wrapper-characters -> org.hibernate.type.BasicTypeReference@28486680
2026-02-10 10:57:01.797 [main] DEBUG org.hibernate.type.BasicTypeRegistry - Adding type registration [Ljava.lang.Character; -> org.hibernate.type.BasicTypeReference@28486680
2026-02-10 10:57:01.797 [main] DEBUG org.hibernate.type.BasicTypeRegistry - Adding type registration Character[] -> org.hibernate.type.BasicTypeReference@28486680
2026-02-10 10:57:01.797 [main] DEBUG org.hibernate.type.BasicTypeRegistry - Adding type registration text -> org.hibernate.type.BasicTypeReference@4d7e7435
2026-02-10 10:57:01.797 [main] DEBUG org.hibernate.type.BasicTypeRegistry - Adding type registration ntext -> org.hibernate.type.BasicTypeReference@4a1e3ac1
2026-02-10 10:57:01.797 [main] DEBUG org.hibernate.type.BasicTypeRegistry - Adding type registration clob -> org.hibernate.type.BasicTypeReference@6e78fcf5
2026-02-10 10:57:01.797 [main] DEBUG org.hibernate.type.BasicTypeRegistry - Adding type registration java.sql.Clob -> org.hibernate.type.BasicTypeReference@6e78fcf5
2026-02-10 10:57:01.797 [main] DEBUG org.hibernate.type.BasicTypeRegistry - Adding type registration nclob -> org.hibernate.type.BasicTypeReference@56febdc
2026-02-10 10:57:01.797 [main] DEBUG org.hibernate.type.BasicTypeRegistry - Adding type registration java.sql.NClob -> org.hibernate.type.BasicTypeReference@56febdc
2026-02-10 10:57:01.797 [main] DEBUG org.hibernate.type.BasicTypeRegistry - Adding type registration materialized_clob -> org.hibernate.type.BasicTypeReference@3b8ee898
2026-02-10 10:57:01.797 [main] DEBUG org.hibernate.type.BasicTypeRegistry - Adding type registration materialized_clob_char_array -> org.hibernate.type.BasicTypeReference@7d151a
2026-02-10 10:57:01.798 [main] DEBUG org.hibernate.type.BasicTypeRegistry - Adding type registration materialized_clob_character_array -> org.hibernate.type.BasicTypeReference@294bdeb4
2026-02-10 10:57:01.798 [main] DEBUG org.hibernate.type.BasicTypeRegistry - Adding type registration materialized_nclob -> org.hibernate.type.BasicTypeReference@5300f14a
2026-02-10 10:57:01.798 [main] DEBUG org.hibernate.type.BasicTypeRegistry - Adding type registration materialized_nclob_character_array -> org.hibernate.type.BasicTypeReference@1f86099a
2026-02-10 10:57:01.798 [main] DEBUG org.hibernate.type.BasicTypeRegistry - Adding type registration materialized_nclob_char_array -> org.hibernate.type.BasicTypeReference@77bb0ab5
2026-02-10 10:57:01.798 [main] DEBUG org.hibernate.type.BasicTypeRegistry - Adding type registration Duration -> org.hibernate.type.BasicTypeReference@f2c488
2026-02-10 10:57:01.798 [main] DEBUG org.hibernate.type.BasicTypeRegistry - Adding type registration java.time.Duration -> org.hibernate.type.BasicTypeReference@f2c488
2026-02-10 10:57:01.798 [main] DEBUG org.hibernate.type.BasicTypeRegistry - Adding type registration LocalDateTime -> org.hibernate.type.BasicTypeReference@54acff7d
2026-02-10 10:57:01.798 [main] DEBUG org.hibernate.type.BasicTypeRegistry - Adding type registration java.time.LocalDateTime -> org.hibernate.type.BasicTypeReference@54acff7d
2026-02-10 10:57:01.798 [main] DEBUG org.hibernate.type.BasicTypeRegistry - Adding type registration LocalDate -> org.hibernate.type.BasicTypeReference@7bc9e6ab
2026-02-10 10:57:01.798 [main] DEBUG org.hibernate.type.BasicTypeRegistry - Adding type registration java.time.LocalDate -> org.hibernate.type.BasicTypeReference@7bc9e6ab
2026-02-10 10:57:01.798 [main] DEBUG org.hibernate.type.BasicTypeRegistry - Adding type registration LocalTime -> org.hibernate.type.BasicTypeReference@5488b5c5
2026-02-10 10:57:01.799 [main] DEBUG org.hibernate.type.BasicTypeRegistry - Adding type registration java.time.LocalTime -> org.hibernate.type.BasicTypeReference@5488b5c5
2026-02-10 10:57:01.799 [main] DEBUG org.hibernate.type.BasicTypeRegistry - Adding type registration OffsetDateTime -> org.hibernate.type.BasicTypeReference@4248ed58
2026-02-10 10:57:01.799 [main] DEBUG org.hibernate.type.BasicTypeRegistry - Adding type registration java.time.OffsetDateTime -> org.hibernate.type.BasicTypeReference@4248ed58
2026-02-10 10:57:01.799 [main] DEBUG org.hibernate.type.BasicTypeRegistry - Adding type registration OffsetDateTimeWithTimezone -> org.hibernate.type.BasicTypeReference@712ca57b
2026-02-10 10:57:01.799 [main] DEBUG org.hibernate.type.BasicTypeRegistry - Adding type registration OffsetDateTimeWithoutTimezone -> org.hibernate.type.BasicTypeReference@4564e94b
2026-02-10 10:57:01.799 [main] DEBUG org.hibernate.type.BasicTypeRegistry - Adding type registration OffsetTime -> org.hibernate.type.BasicTypeReference@54534abf
2026-02-10 10:57:01.799 [main] DEBUG org.hibernate.type.BasicTypeRegistry - Adding type registration java.time.OffsetTime -> org.hibernate.type.BasicTypeReference@54534abf
2026-02-10 10:57:01.799 [main] DEBUG org.hibernate.type.BasicTypeRegistry - Adding type registration ZonedDateTime -> org.hibernate.type.BasicTypeReference@51745f40
2026-02-10 10:57:01.799 [main] DEBUG org.hibernate.type.BasicTypeRegistry - Adding type registration java.time.ZonedDateTime -> org.hibernate.type.BasicTypeReference@51745f40
2026-02-10 10:57:01.799 [main] DEBUG org.hibernate.type.BasicTypeRegistry - Adding type registration ZonedDateTimeWithTimezone -> org.hibernate.type.BasicTypeReference@45673f68
2026-02-10 10:57:01.799 [main] DEBUG org.hibernate.type.BasicTypeRegistry - Adding type registration ZonedDateTimeWithoutTimezone -> org.hibernate.type.BasicTypeReference@27abb83e
2026-02-10 10:57:01.799 [main] DEBUG org.hibernate.type.BasicTypeRegistry - Adding type registration date -> org.hibernate.type.BasicTypeReference@69e308c6
2026-02-10 10:57:01.800 [main] DEBUG org.hibernate.type.BasicTypeRegistry - Adding type registration java.sql.Date -> org.hibernate.type.BasicTypeReference@69e308c6
2026-02-10 10:57:01.800 [main] DEBUG org.hibernate.type.BasicTypeRegistry - Adding type registration time -> org.hibernate.type.BasicTypeReference@1a1ed4e5
2026-02-10 10:57:01.800 [main] DEBUG org.hibernate.type.BasicTypeRegistry - Adding type registration java.sql.Time -> org.hibernate.type.BasicTypeReference@1a1ed4e5
2026-02-10 10:57:01.800 [main] DEBUG org.hibernate.type.BasicTypeRegistry - Adding type registration timestamp -> org.hibernate.type.BasicTypeReference@667e34b1
2026-02-10 10:57:01.800 [main] DEBUG org.hibernate.type.BasicTypeRegistry - Adding type registration java.sql.Timestamp -> org.hibernate.type.BasicTypeReference@667e34b1
2026-02-10 10:57:01.800 [main] DEBUG org.hibernate.type.BasicTypeRegistry - Adding type registration java.util.Date -> org.hibernate.type.BasicTypeReference@667e34b1
2026-02-10 10:57:01.800 [main] DEBUG org.hibernate.type.BasicTypeRegistry - Adding type registration calendar -> org.hibernate.type.BasicTypeReference@1c6e0a08
2026-02-10 10:57:01.800 [main] DEBUG org.hibernate.type.BasicTypeRegistry - Adding type registration java.util.Calendar -> org.hibernate.type.BasicTypeReference@1c6e0a08
2026-02-10 10:57:01.800 [main] DEBUG org.hibernate.type.BasicTypeRegistry - Adding type registration java.util.GregorianCalendar -> org.hibernate.type.BasicTypeReference@1c6e0a08
2026-02-10 10:57:01.800 [main] DEBUG org.hibernate.type.BasicTypeRegistry - Adding type registration calendar_date -> org.hibernate.type.BasicTypeReference@6dba847b
2026-02-10 10:57:01.801 [main] DEBUG org.hibernate.type.BasicTypeRegistry - Adding type registration calendar_time -> org.hibernate.type.BasicTypeReference@1efdcd5
2026-02-10 10:57:01.801 [main] DEBUG org.hibernate.type.BasicTypeRegistry - Adding type registration instant -> org.hibernate.type.BasicTypeReference@1623bbe5
2026-02-10 10:57:01.801 [main] DEBUG org.hibernate.type.BasicTypeRegistry - Adding type registration java.time.Instant -> org.hibernate.type.BasicTypeReference@1623bbe5
2026-02-10 10:57:01.801 [main] DEBUG org.hibernate.type.BasicTypeRegistry - Adding type registration uuid -> org.hibernate.type.BasicTypeReference@7af1cd63
2026-02-10 10:57:01.801 [main] DEBUG org.hibernate.type.BasicTypeRegistry - Adding type registration java.util.UUID -> org.hibernate.type.BasicTypeReference@7af1cd63
2026-02-10 10:57:01.801 [main] DEBUG org.hibernate.type.BasicTypeRegistry - Adding type registration pg-uuid -> org.hibernate.type.BasicTypeReference@7af1cd63
2026-02-10 10:57:01.801 [main] DEBUG org.hibernate.type.BasicTypeRegistry - Adding type registration uuid-binary -> org.hibernate.type.BasicTypeReference@4351171a
2026-02-10 10:57:01.801 [main] DEBUG org.hibernate.type.BasicTypeRegistry - Adding type registration uuid-char -> org.hibernate.type.BasicTypeReference@3c2772d1
2026-02-10 10:57:01.802 [main] DEBUG org.hibernate.type.BasicTypeRegistry - Adding type registration class -> org.hibernate.type.BasicTypeReference@37d00a23
2026-02-10 10:57:01.802 [main] DEBUG org.hibernate.type.BasicTypeRegistry - Adding type registration java.lang.Class -> org.hibernate.type.BasicTypeReference@37d00a23
2026-02-10 10:57:01.802 [main] DEBUG org.hibernate.type.BasicTypeRegistry - Adding type registration currency -> org.hibernate.type.BasicTypeReference@433e536f
2026-02-10 10:57:01.802 [main] DEBUG org.hibernate.type.BasicTypeRegistry - Adding type registration Currency -> org.hibernate.type.BasicTypeReference@433e536f
2026-02-10 10:57:01.802 [main] DEBUG org.hibernate.type.BasicTypeRegistry - Adding type registration java.util.Currency -> org.hibernate.type.BasicTypeReference@433e536f
2026-02-10 10:57:01.802 [main] DEBUG org.hibernate.type.BasicTypeRegistry - Adding type registration locale -> org.hibernate.type.BasicTypeReference@89c65d5
2026-02-10 10:57:01.802 [main] DEBUG org.hibernate.type.BasicTypeRegistry - Adding type registration java.util.Locale -> org.hibernate.type.BasicTypeReference@89c65d5
2026-02-10 10:57:01.802 [main] DEBUG org.hibernate.type.BasicTypeRegistry - Adding type registration serializable -> org.hibernate.type.BasicTypeReference@faa3fed
2026-02-10 10:57:01.802 [main] DEBUG org.hibernate.type.BasicTypeRegistry - Adding type registration java.io.Serializable -> org.hibernate.type.BasicTypeReference@faa3fed
2026-02-10 10:57:01.802 [main] DEBUG org.hibernate.type.BasicTypeRegistry - Adding type registration timezone -> org.hibernate.type.BasicTypeReference@381cad29
2026-02-10 10:57:01.802 [main] DEBUG org.hibernate.type.BasicTypeRegistry - Adding type registration java.util.TimeZone -> org.hibernate.type.BasicTypeReference@381cad29
2026-02-10 10:57:01.802 [main] DEBUG org.hibernate.type.BasicTypeRegistry - Adding type registration ZoneOffset -> org.hibernate.type.BasicTypeReference@988246e
2026-02-10 10:57:01.803 [main] DEBUG org.hibernate.type.BasicTypeRegistry - Adding type registration java.time.ZoneOffset -> org.hibernate.type.BasicTypeReference@988246e
2026-02-10 10:57:01.803 [main] DEBUG org.hibernate.type.BasicTypeRegistry - Adding type registration url -> org.hibernate.type.BasicTypeReference@62515a47
2026-02-10 10:57:01.803 [main] DEBUG org.hibernate.type.BasicTypeRegistry - Adding type registration java.net.URL -> org.hibernate.type.BasicTypeReference@62515a47
2026-02-10 10:57:01.803 [main] DEBUG org.hibernate.type.BasicTypeRegistry - Adding type registration row_version -> org.hibernate.type.BasicTypeReference@3c5a54b7
2026-02-10 10:57:01.807 [main] DEBUG org.hibernate.type.BasicTypeRegistry - Adding type registration dbtimestamp -> org.hibernate.type.DbTimestampType@73d69c0f
2026-02-10 10:57:01.807 [main] DEBUG org.hibernate.type.BasicTypeRegistry - Adding type registration dbtimestamp -> org.hibernate.type.DbTimestampType@73d69c0f
2026-02-10 10:57:01.808 [main] DEBUG org.hibernate.type.BasicTypeRegistry - Adding type registration object -> org.hibernate.type.JavaObjectType@3a60c416
2026-02-10 10:57:01.808 [main] DEBUG org.hibernate.type.BasicTypeRegistry - Adding type registration java.lang.Object -> org.hibernate.type.JavaObjectType@3a60c416
2026-02-10 10:57:01.809 [main] DEBUG org.hibernate.type.BasicTypeRegistry - Adding type registration null -> org.hibernate.type.NullType@26a94fa5
2026-02-10 10:57:01.809 [main] DEBUG org.hibernate.type.BasicTypeRegistry - Adding type registration imm_date -> org.hibernate.type.BasicTypeReference@464a4442
2026-02-10 10:57:01.809 [main] DEBUG org.hibernate.type.BasicTypeRegistry - Adding type registration imm_time -> org.hibernate.type.BasicTypeReference@2873d672
2026-02-10 10:57:01.809 [main] DEBUG org.hibernate.type.BasicTypeRegistry - Adding type registration imm_timestamp -> org.hibernate.type.BasicTypeReference@3bc735b3
2026-02-10 10:57:01.809 [main] DEBUG org.hibernate.type.BasicTypeRegistry - Adding type registration imm_calendar -> org.hibernate.type.BasicTypeReference@577f9109
2026-02-10 10:57:01.809 [main] DEBUG org.hibernate.type.BasicTypeRegistry - Adding type registration imm_calendar_date -> org.hibernate.type.BasicTypeReference@4303b7f0
2026-02-10 10:57:01.809 [main] DEBUG org.hibernate.type.BasicTypeRegistry - Adding type registration imm_calendar_time -> org.hibernate.type.BasicTypeReference@757529a4
2026-02-10 10:57:01.809 [main] DEBUG org.hibernate.type.BasicTypeRegistry - Adding type registration imm_binary -> org.hibernate.type.BasicTypeReference@779de014
2026-02-10 10:57:01.809 [main] DEBUG org.hibernate.type.BasicTypeRegistry - Adding type registration imm_serializable -> org.hibernate.type.BasicTypeReference@5c41d037
2026-02-10 10:57:01.828 [main] WARN  org.hibernate.orm.connections.pooling - HHH10001002: Using built-in connection pool (not intended for production use)
2026-02-10 10:57:01.832 [main] INFO  org.hibernate.orm.connections.pooling - HHH10001005: Loaded JDBC driver class: com.mysql.jdbc.Driver
2026-02-10 10:57:01.832 [main] INFO  org.hibernate.orm.connections.pooling - HHH10001012: Connecting with JDBC URL [jdbc:mysql://localhost:3307/AngelaChica?createDatabaseIfNotExist=true]
2026-02-10 10:57:01.832 [main] INFO  org.hibernate.orm.connections.pooling - HHH10001001: Connection properties: {password=usuario3, user=usuario3}
2026-02-10 10:57:01.832 [main] INFO  org.hibernate.orm.connections.pooling - HHH10001003: Autocommit mode: false
2026-02-10 10:57:01.835 [main] DEBUG org.hibernate.orm.connections.pooling - Initializing Connection pool with 1 Connections
2026-02-10 10:57:01.835 [main] INFO  org.hibernate.orm.connections.pooling - HHH10001115: Connection pool size: 10 (min=1)
2026-02-10 10:57:02.139 [main] DEBUG org.hibernate.engine.jdbc.env.internal.JdbcEnvironmentInitiator - Database ->
       name : MySQL
    version : 8.4.7
      major : 8
      minor : 4
2026-02-10 10:57:02.140 [main] DEBUG org.hibernate.engine.jdbc.env.internal.JdbcEnvironmentInitiator - Driver ->
       name : MySQL Connector/J
    version : mysql-connector-j-8.0.31 (Revision: 0c86fc148d567b62266c2302bdad0f1e7a7e4eba)
      major : 8
      minor : 0
2026-02-10 10:57:02.140 [main] DEBUG org.hibernate.engine.jdbc.env.internal.JdbcEnvironmentInitiator - JDBC version : 4.2
2026-02-10 10:57:02.186 [main] INFO  SQL dialect - HHH000400: Using dialect: org.hibernate.dialect.MySQLDialect
2026-02-10 10:57:02.197 [main] DEBUG org.hibernate.engine.jdbc.env.spi.IdentifierHelperBuilder - JDBC driver metadata reported database stores quoted identifiers in more than one case
2026-02-10 10:57:02.198 [main] DEBUG org.hibernate.engine.jdbc.env.spi.IdentifierHelperBuilder - IdentifierCaseStrategy for both quoted and unquoted identifiers was set to the same strategy [MIXED]; that will likely lead to problems in schema update and validation if using quoted identifiers
2026-02-10 10:57:02.217 [main] DEBUG org.hibernate.type.descriptor.sql.spi.DdlTypeRegistry - addDescriptor(12, org.hibernate.type.descriptor.sql.internal.CapacityDependentDdlType@6f3e19b3) replaced previous registration(org.hibernate.type.descriptor.sql.internal.CapacityDependentDdlType@47ffe971)
2026-02-10 10:57:02.217 [main] DEBUG org.hibernate.type.descriptor.sql.spi.DdlTypeRegistry - addDescriptor(-9, org.hibernate.type.descriptor.sql.internal.CapacityDependentDdlType@7d04529c) replaced previous registration(org.hibernate.type.descriptor.sql.internal.CapacityDependentDdlType@14fa92af)
2026-02-10 10:57:02.217 [main] DEBUG org.hibernate.type.descriptor.sql.spi.DdlTypeRegistry - addDescriptor(-3, org.hibernate.type.descriptor.sql.internal.CapacityDependentDdlType@b16e202) replaced previous registration(org.hibernate.type.descriptor.sql.internal.CapacityDependentDdlType@339a3670)
2026-02-10 10:57:02.217 [main] DEBUG org.hibernate.type.descriptor.sql.spi.DdlTypeRegistry - addDescriptor(4003, org.hibernate.type.descriptor.sql.internal.DdlTypeImpl@6cd5122d) replaced previous registration(org.hibernate.type.descriptor.sql.internal.DdlTypeImpl@2c7a8af2)
2026-02-10 10:57:02.217 [main] DEBUG org.hibernate.type.descriptor.sql.spi.DdlTypeRegistry - addDescriptor(4001, org.hibernate.type.descriptor.sql.internal.DdlTypeImpl@10c07b8d) replaced previous registration(org.hibernate.type.descriptor.sql.internal.DdlTypeImpl@720bf653)
2026-02-10 10:57:02.218 [main] DEBUG org.hibernate.type.descriptor.sql.spi.DdlTypeRegistry - addDescriptor(4002, org.hibernate.type.descriptor.sql.internal.DdlTypeImpl@360bc645) replaced previous registration(org.hibernate.type.descriptor.sql.internal.DdlTypeImpl@4edef76c)
2026-02-10 10:57:02.218 [main] DEBUG org.hibernate.type.descriptor.sql.spi.DdlTypeRegistry - addDescriptor(2004, org.hibernate.type.descriptor.sql.internal.CapacityDependentDdlType@5d51e129) replaced previous registration(org.hibernate.type.descriptor.sql.internal.DdlTypeImpl@70c53dbe)
2026-02-10 10:57:02.218 [main] DEBUG org.hibernate.type.descriptor.sql.spi.DdlTypeRegistry - addDescriptor(2005, org.hibernate.type.descriptor.sql.internal.CapacityDependentDdlType@1894e40d) replaced previous registration(org.hibernate.type.descriptor.sql.internal.DdlTypeImpl@21c815e4)
2026-02-10 10:57:02.218 [main] DEBUG org.hibernate.type.descriptor.sql.spi.DdlTypeRegistry - addDescriptor(2011, org.hibernate.type.descriptor.sql.internal.CapacityDependentDdlType@7342e05d) replaced previous registration(org.hibernate.type.descriptor.sql.internal.DdlTypeImpl@2a331b46)
2026-02-10 10:57:02.220 [main] DEBUG org.hibernate.type.descriptor.jdbc.spi.JdbcTypeRegistry - addDescriptor(NCharTypeDescriptor) replaced previous registration(CharTypeDescriptor)
2026-02-10 10:57:02.220 [main] DEBUG org.hibernate.type.descriptor.jdbc.spi.JdbcTypeRegistry - addDescriptor(NVarcharTypeDescriptor) replaced previous registration(VarcharTypeDescriptor)
2026-02-10 10:57:02.222 [main] DEBUG org.hibernate.type.descriptor.jdbc.spi.JdbcTypeRegistry - addDescriptor(LongNVarcharTypeDescriptor) replaced previous registration(LongVarcharTypeDescriptor)
2026-02-10 10:57:02.223 [main] DEBUG org.hibernate.type.descriptor.jdbc.spi.JdbcTypeRegistry - addDescriptor(NClobTypeDescriptor(DEFAULT)) replaced previous registration(ClobTypeDescriptor(DEFAULT))
2026-02-10 10:57:02.223 [main] DEBUG org.hibernate.type.descriptor.jdbc.spi.JdbcTypeRegistry - addDescriptor(2005, ClobTypeDescriptor(STREAM_BINDING)) replaced previous registration(ClobTypeDescriptor(DEFAULT))
2026-02-10 10:57:02.225 [main] DEBUG org.hibernate.type.BasicTypeRegistry - Adding type registration null -> org.hibernate.type.NullType@42373389
2026-02-10 10:57:02.226 [main] DEBUG org.hibernate.type.BasicTypeRegistry - Type registration key [null] overrode previous entry : `org.hibernate.type.NullType@26a94fa5`
2026-02-10 10:57:02.230 [main] DEBUG org.hibernate.type.BasicTypeRegistry - Adding type registration org.hibernate.type.OffsetDateTimeType -> basicType@1(java.time.OffsetDateTime,93)
2026-02-10 10:57:02.230 [main] DEBUG org.hibernate.type.BasicTypeRegistry - Adding type registration OffsetDateTime -> basicType@1(java.time.OffsetDateTime,93)
2026-02-10 10:57:02.230 [main] DEBUG org.hibernate.type.BasicTypeRegistry - Adding type registration java.time.OffsetDateTime -> basicType@1(java.time.OffsetDateTime,93)
2026-02-10 10:57:02.230 [main] DEBUG org.hibernate.type.BasicTypeRegistry - Adding type registration org.hibernate.type.ZonedDateTimeType -> basicType@2(java.time.ZonedDateTime,93)
2026-02-10 10:57:02.230 [main] DEBUG org.hibernate.type.BasicTypeRegistry - Adding type registration ZonedDateTime -> basicType@2(java.time.ZonedDateTime,93)
2026-02-10 10:57:02.231 [main] DEBUG org.hibernate.type.BasicTypeRegistry - Adding type registration java.time.ZonedDateTime -> basicType@2(java.time.ZonedDateTime,93)
2026-02-10 10:57:02.233 [main] DEBUG org.hibernate.type.spi.TypeConfiguration$Scope - Scoping TypeConfiguration [org.hibernate.type.spi.TypeConfiguration@dc79225] to MetadataBuildingContext [org.hibernate.boot.internal.MetadataBuildingContextRootImpl@30e9ca13]
2026-02-10 10:57:02.257 [main] DEBUG org.hibernate.boot.model.relational.Namespace - Created database namespace [logicalName=Name{catalog=null, schema=null}, physicalName=Name{catalog=null, schema=null}]
2026-02-10 10:57:02.278 [main] DEBUG org.hibernate.cfg.annotations.EntityBinder - Binding entity from annotated class: models.Cine
2026-02-10 10:57:02.284 [main] DEBUG org.hibernate.cfg.AnnotatedColumn - Binding column: DiscriminatorColumn{logicalColumnName'DTYPE', discriminatorTypeName='string'}
2026-02-10 10:57:02.287 [main] DEBUG org.hibernate.cfg.annotations.EntityBinder - Import with entity name Cine
2026-02-10 10:57:02.291 [main] DEBUG org.hibernate.cfg.annotations.EntityBinder - Bind entity models.Cine on table cine
2026-02-10 10:57:02.305 [main] DEBUG org.hibernate.cfg.AnnotatedColumn - Binding column: Column{table=Table(cine), mappingColumn=idCine, insertable=true, updatable=true, unique=false}
2026-02-10 10:57:02.307 [main] DEBUG org.hibernate.boot.internal.ClassLoaderAccessImpl - Not known whether passed class name [models.Cine] is safe
2026-02-10 10:57:02.307 [main] DEBUG org.hibernate.boot.internal.ClassLoaderAccessImpl - No temp ClassLoader provided; using live ClassLoader for loading potentially unsafe class : models.Cine
2026-02-10 10:57:02.308 [main] DEBUG org.hibernate.cfg.annotations.PropertyBinder - MetadataSourceProcessor property idCine with lazy=false
2026-02-10 10:57:02.310 [main] DEBUG org.hibernate.cfg.AbstractPropertyHolder - Attempting to locate auto-apply AttributeConverter for property [models.Cine:idCine]
2026-02-10 10:57:02.314 [main] DEBUG org.hibernate.cfg.annotations.BasicValueBinder - building BasicValue for idCine
2026-02-10 10:57:02.316 [main] DEBUG org.hibernate.mapping.BasicValue - Skipping column re-registration: cine.idCine
2026-02-10 10:57:02.317 [main] DEBUG org.hibernate.cfg.annotations.PropertyBinder - Building property idCine
2026-02-10 10:57:02.320 [main] DEBUG org.hibernate.cfg.BinderHelper - #makeIdGenerator(BasicValue([Column(idCine)]), idCine, org.hibernate.id.enhanced.SequenceStyleGenerator, , ...)
2026-02-10 10:57:02.321 [main] DEBUG org.hibernate.cfg.AnnotatedColumn - Binding column: Column{table=Table(cine), mappingColumn=nombre, insertable=true, updatable=true, unique=false}
2026-02-10 10:57:02.322 [main] DEBUG org.hibernate.cfg.annotations.PropertyBinder - MetadataSourceProcessor property nombre with lazy=false
2026-02-10 10:57:02.322 [main] DEBUG org.hibernate.cfg.AbstractPropertyHolder - Attempting to locate auto-apply AttributeConverter for property [models.Cine:nombre]
2026-02-10 10:57:02.322 [main] DEBUG org.hibernate.cfg.annotations.BasicValueBinder - building BasicValue for nombre
2026-02-10 10:57:02.322 [main] DEBUG org.hibernate.mapping.BasicValue - Skipping column re-registration: cine.nombre
2026-02-10 10:57:02.322 [main] DEBUG org.hibernate.cfg.annotations.PropertyBinder - Building property nombre
2026-02-10 10:57:02.323 [main] DEBUG org.hibernate.cfg.AnnotatedColumn - Binding column: JoinColumn{logicalColumnName='null', referencedColumn='null', mappedBy='cines'}
2026-02-10 10:57:02.323 [main] DEBUG org.hibernate.cfg.AnnotatedColumn - Binding column: Column{table=Table(cine), mappingColumn=salas, insertable=true, updatable=true, unique=false}
2026-02-10 10:57:02.331 [main] DEBUG org.hibernate.cfg.AnnotatedColumn - Binding column: Column{table=Table(cine), mappingColumn=salas_ORDER, insertable=true, updatable=true, unique=false}
2026-02-10 10:57:02.339 [main] DEBUG org.hibernate.cfg.AnnotatedColumn - Binding column: Column{table=Table(cine), mappingColumn=element, insertable=true, updatable=true, unique=false}
2026-02-10 10:57:02.340 [main] DEBUG org.hibernate.cfg.AnnotatedColumn - Binding column: Column{table=Table(cine), mappingColumn=salas_KEY, insertable=true, updatable=true, unique=false}
2026-02-10 10:57:02.341 [main] DEBUG org.hibernate.cfg.AnnotatedColumn - Binding column: JoinColumn{logicalColumnName='salas_KEY', referencedColumn='null', mappedBy='null'}
2026-02-10 10:57:02.342 [main] DEBUG org.hibernate.cfg.AnnotatedColumn - Binding column: JoinColumn{logicalColumnName='null', referencedColumn='null', mappedBy='cines'}
2026-02-10 10:57:02.342 [main] DEBUG org.hibernate.cfg.AnnotatedColumn - Binding column: JoinColumn{logicalColumnName='null', referencedColumn='null', mappedBy='cines'}
2026-02-10 10:57:02.343 [main] DEBUG org.hibernate.cfg.annotations.CollectionBinder - Collection role: models.Cine.salas
2026-02-10 10:57:02.345 [main] DEBUG org.hibernate.cfg.annotations.PropertyBinder - Building property salas
2026-02-10 10:57:02.345 [main] DEBUG org.hibernate.cfg.AnnotatedColumn - Binding column: Column{table=Table(cine), mappingColumn=ubicacion, insertable=true, updatable=true, unique=false}
2026-02-10 10:57:02.346 [main] DEBUG org.hibernate.cfg.annotations.PropertyBinder - MetadataSourceProcessor property ubicacion with lazy=false
2026-02-10 10:57:02.346 [main] DEBUG org.hibernate.cfg.AbstractPropertyHolder - Attempting to locate auto-apply AttributeConverter for property [models.Cine:ubicacion]
2026-02-10 10:57:02.346 [main] DEBUG org.hibernate.cfg.annotations.BasicValueBinder - building BasicValue for ubicacion
2026-02-10 10:57:02.346 [main] DEBUG org.hibernate.mapping.BasicValue - Skipping column re-registration: cine.ubicacion
2026-02-10 10:57:02.346 [main] DEBUG org.hibernate.cfg.annotations.PropertyBinder - Building property ubicacion
2026-02-10 10:57:02.350 [main] DEBUG org.hibernate.cfg.annotations.EntityBinder - Binding entity from annotated class: models.Sala
2026-02-10 10:57:02.350 [main] DEBUG org.hibernate.cfg.AnnotatedColumn - Binding column: DiscriminatorColumn{logicalColumnName'DTYPE', discriminatorTypeName='string'}
2026-02-10 10:57:02.350 [main] DEBUG org.hibernate.cfg.annotations.EntityBinder - Import with entity name Sala
2026-02-10 10:57:02.350 [main] DEBUG org.hibernate.cfg.annotations.EntityBinder - Bind entity models.Sala on table sala
2026-02-10 10:57:02.354 [main] DEBUG org.hibernate.cfg.AnnotatedColumn - Binding column: Column{table=Table(sala), mappingColumn=idSala, insertable=true, updatable=true, unique=false}
2026-02-10 10:57:02.354 [main] DEBUG org.hibernate.boot.internal.ClassLoaderAccessImpl - Not known whether passed class name [models.Sala] is safe
2026-02-10 10:57:02.354 [main] DEBUG org.hibernate.boot.internal.ClassLoaderAccessImpl - No temp ClassLoader provided; using live ClassLoader for loading potentially unsafe class : models.Sala
2026-02-10 10:57:02.354 [main] DEBUG org.hibernate.cfg.annotations.PropertyBinder - MetadataSourceProcessor property idSala with lazy=false
2026-02-10 10:57:02.354 [main] DEBUG org.hibernate.cfg.AbstractPropertyHolder - Attempting to locate auto-apply AttributeConverter for property [models.Sala:idSala]
2026-02-10 10:57:02.354 [main] DEBUG org.hibernate.cfg.annotations.BasicValueBinder - building BasicValue for idSala
2026-02-10 10:57:02.354 [main] DEBUG org.hibernate.mapping.BasicValue - Skipping column re-registration: sala.idSala
2026-02-10 10:57:02.354 [main] DEBUG org.hibernate.cfg.annotations.PropertyBinder - Building property idSala
2026-02-10 10:57:02.354 [main] DEBUG org.hibernate.cfg.BinderHelper - #makeIdGenerator(BasicValue([Column(idSala)]), idSala, org.hibernate.id.enhanced.SequenceStyleGenerator, , ...)
2026-02-10 10:57:02.354 [main] DEBUG org.hibernate.cfg.AnnotatedColumn - Binding column: Column{table=Table(sala), mappingColumn=capacidad, insertable=true, updatable=true, unique=false}
2026-02-10 10:57:02.354 [main] DEBUG org.hibernate.cfg.annotations.PropertyBinder - MetadataSourceProcessor property capacidad with lazy=false
2026-02-10 10:57:02.354 [main] DEBUG org.hibernate.cfg.AbstractPropertyHolder - Attempting to locate auto-apply AttributeConverter for property [models.Sala:capacidad]
2026-02-10 10:57:02.356 [main] DEBUG org.hibernate.cfg.annotations.BasicValueBinder - building BasicValue for capacidad
2026-02-10 10:57:02.356 [main] DEBUG org.hibernate.mapping.BasicValue - Skipping column re-registration: sala.capacidad
2026-02-10 10:57:02.356 [main] DEBUG org.hibernate.cfg.annotations.PropertyBinder - Building property capacidad
2026-02-10 10:57:02.356 [main] DEBUG org.hibernate.cfg.AnnotatedColumn - Binding column: JoinColumn{logicalColumnName='cines', referencedColumn='', mappedBy=''}
2026-02-10 10:57:02.357 [main] DEBUG org.hibernate.cfg.AnnotatedColumn - Binding column: Column{table=Table(sala), mappingColumn=cine, insertable=true, updatable=true, unique=false}
2026-02-10 10:57:02.359 [main] DEBUG org.hibernate.cfg.annotations.PropertyBinder - Building property cine
2026-02-10 10:57:02.359 [main] DEBUG org.hibernate.cfg.AnnotatedColumn - Binding column: Column{table=Table(sala), mappingColumn=nombre, insertable=true, updatable=true, unique=false}
2026-02-10 10:57:02.359 [main] DEBUG org.hibernate.cfg.annotations.PropertyBinder - MetadataSourceProcessor property nombre with lazy=false
2026-02-10 10:57:02.359 [main] DEBUG org.hibernate.cfg.AbstractPropertyHolder - Attempting to locate auto-apply AttributeConverter for property [models.Sala:nombre]
2026-02-10 10:57:02.360 [main] DEBUG org.hibernate.cfg.annotations.BasicValueBinder - building BasicValue for nombre
2026-02-10 10:57:02.360 [main] DEBUG org.hibernate.mapping.BasicValue - Skipping column re-registration: sala.nombre
2026-02-10 10:57:02.360 [main] DEBUG org.hibernate.cfg.annotations.PropertyBinder - Building property nombre
2026-02-10 10:57:02.360 [main] DEBUG org.hibernate.cfg.AnnotatedColumn - Binding column: Column{table=Table(sala), mappingColumn=peliculas_ORDER, insertable=true, updatable=true, unique=false}
2026-02-10 10:57:02.361 [main] DEBUG org.hibernate.cfg.AnnotatedColumn - Binding column: Column{table=Table(sala), mappingColumn=element, insertable=true, updatable=true, unique=false}
2026-02-10 10:57:02.361 [main] DEBUG org.hibernate.cfg.AnnotatedColumn - Binding column: Column{table=Table(sala), mappingColumn=peliculas_KEY, insertable=true, updatable=true, unique=false}
2026-02-10 10:57:02.361 [main] DEBUG org.hibernate.cfg.AnnotatedColumn - Binding column: JoinColumn{logicalColumnName='peliculas_KEY', referencedColumn='null', mappedBy='null'}
2026-02-10 10:57:02.361 [main] DEBUG org.hibernate.cfg.AnnotatedColumn - Binding column: JoinColumn{logicalColumnName='null', referencedColumn='null', mappedBy=''}
2026-02-10 10:57:02.361 [main] DEBUG org.hibernate.cfg.AnnotatedColumn - Binding column: JoinColumn{logicalColumnName='null', referencedColumn='null', mappedBy=''}
2026-02-10 10:57:02.362 [main] DEBUG org.hibernate.cfg.annotations.CollectionBinder - Collection role: models.Sala.peliculas
2026-02-10 10:57:02.362 [main] DEBUG org.hibernate.cfg.annotations.PropertyBinder - Building property peliculas
2026-02-10 10:57:02.363 [main] DEBUG org.hibernate.cfg.annotations.EntityBinder - Binding entity from annotated class: models.Pelicula
2026-02-10 10:57:02.363 [main] DEBUG org.hibernate.cfg.AnnotatedColumn - Binding column: DiscriminatorColumn{logicalColumnName'DTYPE', discriminatorTypeName='string'}
2026-02-10 10:57:02.363 [main] DEBUG org.hibernate.cfg.annotations.EntityBinder - Import with entity name Pelicula
2026-02-10 10:57:02.363 [main] DEBUG org.hibernate.cfg.annotations.EntityBinder - Bind entity models.Pelicula on table pelicula
2026-02-10 10:57:02.363 [main] DEBUG org.hibernate.cfg.AnnotatedColumn - Binding column: Column{table=Table(pelicula), mappingColumn=idPelicula, insertable=true, updatable=true, unique=false}
2026-02-10 10:57:02.363 [main] DEBUG org.hibernate.boot.internal.ClassLoaderAccessImpl - Not known whether passed class name [models.Pelicula] is safe
2026-02-10 10:57:02.363 [main] DEBUG org.hibernate.boot.internal.ClassLoaderAccessImpl - No temp ClassLoader provided; using live ClassLoader for loading potentially unsafe class : models.Pelicula
2026-02-10 10:57:02.363 [main] DEBUG org.hibernate.cfg.annotations.PropertyBinder - MetadataSourceProcessor property idPelicula with lazy=false
2026-02-10 10:57:02.363 [main] DEBUG org.hibernate.cfg.AbstractPropertyHolder - Attempting to locate auto-apply AttributeConverter for property [models.Pelicula:idPelicula]
2026-02-10 10:57:02.363 [main] DEBUG org.hibernate.cfg.annotations.BasicValueBinder - building BasicValue for idPelicula
2026-02-10 10:57:02.365 [main] DEBUG org.hibernate.mapping.BasicValue - Skipping column re-registration: pelicula.idPelicula
2026-02-10 10:57:02.365 [main] DEBUG org.hibernate.cfg.annotations.PropertyBinder - Building property idPelicula
2026-02-10 10:57:02.365 [main] DEBUG org.hibernate.cfg.BinderHelper - #makeIdGenerator(BasicValue([Column(idPelicula)]), idPelicula, org.hibernate.id.enhanced.SequenceStyleGenerator, , ...)
2026-02-10 10:57:02.365 [main] DEBUG org.hibernate.cfg.AnnotatedColumn - Binding column: Column{table=Table(pelicula), mappingColumn=duracion, insertable=true, updatable=true, unique=false}
2026-02-10 10:57:02.365 [main] DEBUG org.hibernate.cfg.annotations.PropertyBinder - MetadataSourceProcessor property duracion with lazy=false
2026-02-10 10:57:02.365 [main] DEBUG org.hibernate.cfg.AbstractPropertyHolder - Attempting to locate auto-apply AttributeConverter for property [models.Pelicula:duracion]
2026-02-10 10:57:02.365 [main] DEBUG org.hibernate.cfg.annotations.BasicValueBinder - building BasicValue for duracion
2026-02-10 10:57:02.365 [main] DEBUG org.hibernate.mapping.BasicValue - Skipping column re-registration: pelicula.duracion
2026-02-10 10:57:02.365 [main] DEBUG org.hibernate.cfg.annotations.PropertyBinder - Building property duracion
2026-02-10 10:57:02.365 [main] DEBUG org.hibernate.cfg.AnnotatedColumn - Binding column: Column{table=Table(pelicula), mappingColumn=genero, insertable=true, updatable=true, unique=false}
2026-02-10 10:57:02.365 [main] DEBUG org.hibernate.cfg.annotations.PropertyBinder - MetadataSourceProcessor property genero with lazy=false
2026-02-10 10:57:02.365 [main] DEBUG org.hibernate.cfg.AbstractPropertyHolder - Attempting to locate auto-apply AttributeConverter for property [models.Pelicula:genero]
2026-02-10 10:57:02.365 [main] DEBUG org.hibernate.cfg.annotations.BasicValueBinder - building BasicValue for genero
2026-02-10 10:57:02.365 [main] DEBUG org.hibernate.mapping.BasicValue - Skipping column re-registration: pelicula.genero
2026-02-10 10:57:02.365 [main] DEBUG org.hibernate.cfg.annotations.PropertyBinder - Building property genero
2026-02-10 10:57:02.366 [main] DEBUG org.hibernate.cfg.AnnotatedColumn - Binding column: Column{table=Table(pelicula), mappingColumn=salas_ORDER, insertable=true, updatable=true, unique=false}
2026-02-10 10:57:02.366 [main] DEBUG org.hibernate.cfg.AnnotatedColumn - Binding column: Column{table=Table(pelicula), mappingColumn=element, insertable=true, updatable=true, unique=false}
2026-02-10 10:57:02.366 [main] DEBUG org.hibernate.cfg.AnnotatedColumn - Binding column: Column{table=Table(pelicula), mappingColumn=salas_KEY, insertable=true, updatable=true, unique=false}
2026-02-10 10:57:02.366 [main] DEBUG org.hibernate.cfg.AnnotatedColumn - Binding column: JoinColumn{logicalColumnName='salas_KEY', referencedColumn='null', mappedBy='null'}
2026-02-10 10:57:02.366 [main] DEBUG org.hibernate.cfg.AnnotatedColumn - Binding column: JoinColumn{logicalColumnName='null', referencedColumn='null', mappedBy='peliculas'}
2026-02-10 10:57:02.366 [main] DEBUG org.hibernate.cfg.AnnotatedColumn - Binding column: JoinColumn{logicalColumnName='null', referencedColumn='null', mappedBy='peliculas'}
2026-02-10 10:57:02.366 [main] DEBUG org.hibernate.cfg.annotations.CollectionBinder - Collection role: models.Pelicula.salas
2026-02-10 10:57:02.367 [main] DEBUG org.hibernate.cfg.annotations.PropertyBinder - Building property salas
2026-02-10 10:57:02.367 [main] DEBUG org.hibernate.cfg.AnnotatedColumn - Binding column: Column{table=Table(pelicula), mappingColumn=titulo, insertable=true, updatable=true, unique=false}
2026-02-10 10:57:02.367 [main] DEBUG org.hibernate.cfg.annotations.PropertyBinder - MetadataSourceProcessor property titulo with lazy=false
2026-02-10 10:57:02.367 [main] DEBUG org.hibernate.cfg.AbstractPropertyHolder - Attempting to locate auto-apply AttributeConverter for property [models.Pelicula:titulo]
2026-02-10 10:57:02.367 [main] DEBUG org.hibernate.cfg.annotations.BasicValueBinder - building BasicValue for titulo
2026-02-10 10:57:02.367 [main] DEBUG org.hibernate.mapping.BasicValue - Skipping column re-registration: pelicula.titulo
2026-02-10 10:57:02.367 [main] DEBUG org.hibernate.cfg.annotations.PropertyBinder - Building property titulo
2026-02-10 10:57:02.369 [main] DEBUG org.hibernate.cfg.annotations.BasicValueBinder - Starting `BasicValueBinder#fillSimpleValue` for idCine
2026-02-10 10:57:02.369 [main] DEBUG org.hibernate.cfg.annotations.BasicValueBinder - Starting `BasicValueBinder#fillSimpleValue` for nombre
2026-02-10 10:57:02.371 [main] DEBUG org.hibernate.cfg.annotations.BasicValueBinder - Starting `BasicValueBinder#fillSimpleValue` for ubicacion
2026-02-10 10:57:02.371 [main] DEBUG org.hibernate.cfg.annotations.BasicValueBinder - Starting `BasicValueBinder#fillSimpleValue` for idSala
2026-02-10 10:57:02.371 [main] DEBUG org.hibernate.cfg.annotations.BasicValueBinder - Starting `BasicValueBinder#fillSimpleValue` for capacidad
2026-02-10 10:57:02.371 [main] DEBUG org.hibernate.cfg.annotations.BasicValueBinder - Starting `BasicValueBinder#fillSimpleValue` for nombre
2026-02-10 10:57:02.371 [main] DEBUG org.hibernate.cfg.annotations.BasicValueBinder - Starting `BasicValueBinder#fillSimpleValue` for idPelicula
2026-02-10 10:57:02.371 [main] DEBUG org.hibernate.cfg.annotations.BasicValueBinder - Starting `BasicValueBinder#fillSimpleValue` for duracion
2026-02-10 10:57:02.371 [main] DEBUG org.hibernate.cfg.annotations.BasicValueBinder - Starting `BasicValueBinder#fillSimpleValue` for genero
2026-02-10 10:57:02.371 [main] DEBUG org.hibernate.cfg.annotations.BasicValueBinder - Starting `BasicValueBinder#fillSimpleValue` for titulo
2026-02-10 10:57:02.375 [main] DEBUG org.hibernate.mapping.PrimaryKey - Forcing column [idcine] to be non-null as it is part of the primary key for table [cine]
2026-02-10 10:57:02.375 [main] DEBUG org.hibernate.mapping.PrimaryKey - Forcing column [idsala] to be non-null as it is part of the primary key for table [sala]
2026-02-10 10:57:02.375 [main] DEBUG org.hibernate.mapping.PrimaryKey - Forcing column [idpelicula] to be non-null as it is part of the primary key for table [pelicula]
2026-02-10 10:57:02.375 [main] DEBUG org.hibernate.cfg.CollectionSecondPass - Second pass for collection: models.Sala.peliculas
2026-02-10 10:57:02.375 [main] DEBUG org.hibernate.cfg.annotations.CollectionBinder - Binding a ManyToMany: models.Sala.peliculas
2026-02-10 10:57:02.379 [main] DEBUG org.hibernate.mapping.PrimaryKey - Forcing column [salas_idsala] to be non-null as it is part of the primary key for table [sala_pelicula]
2026-02-10 10:57:02.379 [main] DEBUG org.hibernate.mapping.PrimaryKey - Forcing column [peliculas_idpelicula] to be non-null as it is part of the primary key for table [sala_pelicula]
2026-02-10 10:57:02.379 [main] DEBUG org.hibernate.cfg.CollectionSecondPass - Mapped collection key: salas_idSala, element: peliculas_idPelicula
2026-02-10 10:57:02.379 [main] DEBUG org.hibernate.cfg.CollectionSecondPass - Second pass for collection: models.Cine.salas
2026-02-10 10:57:34.286 [main] DEBUG org.jboss.logging - Logging Provider: org.jboss.logging.Log4j2LoggerProvider
2026-02-10 10:57:34.297 [main] DEBUG org.hibernate.integrator.internal.IntegratorServiceImpl - Adding Integrator [org.hibernate.cfg.beanvalidation.BeanValidationIntegrator].
2026-02-10 10:57:34.299 [main] DEBUG org.hibernate.integrator.internal.IntegratorServiceImpl - Adding Integrator [org.hibernate.cache.internal.CollectionCacheInvalidator].
2026-02-10 10:57:34.313 [main] INFO  org.hibernate.Version - HHH000412: Hibernate ORM core version 6.1.7.Final
2026-02-10 10:57:34.314 [main] DEBUG org.hibernate.cfg.Environment - HHH000206: hibernate.properties not found
2026-02-10 10:57:34.434 [main] DEBUG org.hibernate.boot.jaxb.internal.stax.LocalXmlResourceResolver - Checking public/system identifiers `-//Hibernate/Hibernate Configuration DTD 3.0//EN`/`http://hibernate.org/dtd/hibernate-configuration-3.0.dtd` as DTD references
2026-02-10 10:57:34.439 [main] DEBUG org.hibernate.boot.cfgxml.internal.JaxbCfgProcessor - cfg.xml document did not define namespaces; wrapping in custom event reader to introduce namespace information
2026-02-10 10:57:34.600 [main] DEBUG org.hibernate.orm.idgen.factory - Resolving IdentifierGenerator instances will not use CDI as it was not configured
2026-02-10 10:57:34.603 [main] DEBUG org.hibernate.orm.idgen.factory - Registering IdentifierGenerator strategy [uuid2] -> [org.hibernate.id.UUIDGenerator]
2026-02-10 10:57:34.604 [main] DEBUG org.hibernate.orm.idgen.factory - Registering IdentifierGenerator strategy [guid] -> [org.hibernate.id.GUIDGenerator]
2026-02-10 10:57:34.605 [main] DEBUG org.hibernate.orm.idgen.factory - Registering IdentifierGenerator strategy [uuid] -> [org.hibernate.id.UUIDHexGenerator]
2026-02-10 10:57:34.605 [main] DEBUG org.hibernate.orm.idgen.factory - Registering IdentifierGenerator strategy [uuid.hex] -> [org.hibernate.id.UUIDHexGenerator]
2026-02-10 10:57:34.605 [main] DEBUG org.hibernate.orm.idgen.factory - Registering IdentifierGenerator strategy [assigned] -> [org.hibernate.id.Assigned]
2026-02-10 10:57:34.606 [main] DEBUG org.hibernate.orm.idgen.factory - Registering IdentifierGenerator strategy [identity] -> [org.hibernate.id.IdentityGenerator]
2026-02-10 10:57:34.606 [main] DEBUG org.hibernate.orm.idgen.factory - Registering IdentifierGenerator strategy [select] -> [org.hibernate.id.SelectGenerator]
2026-02-10 10:57:34.606 [main] DEBUG org.hibernate.orm.idgen.factory - Registering IdentifierGenerator strategy [sequence] -> [org.hibernate.id.enhanced.SequenceStyleGenerator]
2026-02-10 10:57:34.607 [main] DEBUG org.hibernate.orm.idgen.factory - Registering IdentifierGenerator strategy [increment] -> [org.hibernate.id.IncrementGenerator]
2026-02-10 10:57:34.607 [main] DEBUG org.hibernate.orm.idgen.factory - Registering IdentifierGenerator strategy [foreign] -> [org.hibernate.id.ForeignGenerator]
2026-02-10 10:57:34.607 [main] DEBUG org.hibernate.orm.idgen.factory - Registering IdentifierGenerator strategy [enhanced-sequence] -> [org.hibernate.id.enhanced.SequenceStyleGenerator]
2026-02-10 10:57:34.607 [main] DEBUG org.hibernate.orm.idgen.factory - Registering IdentifierGenerator strategy [enhanced-table] -> [org.hibernate.id.enhanced.TableGenerator]
2026-02-10 10:57:34.614 [main] DEBUG org.hibernate.cache.internal.RegionFactoryInitiator - Cannot default RegionFactory based on registered strategies as `[]` RegionFactory strategies were registered
2026-02-10 10:57:34.615 [main] DEBUG org.hibernate.cache.internal.RegionFactoryInitiator - Cache region factory : org.hibernate.cache.internal.NoCachingRegionFactory
2026-02-10 10:57:34.661 [main] DEBUG org.hibernate.type.descriptor.jdbc.spi.JdbcTypeRegistry - addDescriptor(FloatTypeDescriptor) replaced previous registration(DoubleTypeDescriptor)
2026-02-10 10:57:34.669 [main] DEBUG org.hibernate.type.BasicTypeRegistry - Adding type registration boolean -> org.hibernate.type.BasicTypeReference@2f4919b0
2026-02-10 10:57:34.670 [main] DEBUG org.hibernate.type.BasicTypeRegistry - Adding type registration boolean -> org.hibernate.type.BasicTypeReference@2f4919b0
2026-02-10 10:57:34.670 [main] DEBUG org.hibernate.type.BasicTypeRegistry - Adding type registration java.lang.Boolean -> org.hibernate.type.BasicTypeReference@2f4919b0
2026-02-10 10:57:34.671 [main] DEBUG org.hibernate.type.BasicTypeRegistry - Adding type registration numeric_boolean -> org.hibernate.type.BasicTypeReference@a8a8b75
2026-02-10 10:57:34.671 [main] DEBUG org.hibernate.type.BasicTypeRegistry - Adding type registration org.hibernate.type.NumericBooleanConverter -> org.hibernate.type.BasicTypeReference@a8a8b75
2026-02-10 10:57:34.671 [main] DEBUG org.hibernate.type.BasicTypeRegistry - Adding type registration true_false -> org.hibernate.type.BasicTypeReference@75b21c3b
2026-02-10 10:57:34.671 [main] DEBUG org.hibernate.type.BasicTypeRegistry - Adding type registration org.hibernate.type.TrueFalseConverter -> org.hibernate.type.BasicTypeReference@75b21c3b
2026-02-10 10:57:34.671 [main] DEBUG org.hibernate.type.BasicTypeRegistry - Adding type registration yes_no -> org.hibernate.type.BasicTypeReference@72be135f
2026-02-10 10:57:34.671 [main] DEBUG org.hibernate.type.BasicTypeRegistry - Adding type registration org.hibernate.type.YesNoConverter -> org.hibernate.type.BasicTypeReference@72be135f
2026-02-10 10:57:34.671 [main] DEBUG org.hibernate.type.BasicTypeRegistry - Adding type registration byte -> org.hibernate.type.BasicTypeReference@155d1021
2026-02-10 10:57:34.672 [main] DEBUG org.hibernate.type.BasicTypeRegistry - Adding type registration byte -> org.hibernate.type.BasicTypeReference@155d1021
2026-02-10 10:57:34.672 [main] DEBUG org.hibernate.type.BasicTypeRegistry - Adding type registration java.lang.Byte -> org.hibernate.type.BasicTypeReference@155d1021
2026-02-10 10:57:34.672 [main] DEBUG org.hibernate.type.BasicTypeRegistry - Adding type registration binary -> org.hibernate.type.BasicTypeReference@4bd2f0dc
2026-02-10 10:57:34.672 [main] DEBUG org.hibernate.type.BasicTypeRegistry - Adding type registration byte[] -> org.hibernate.type.BasicTypeReference@4bd2f0dc
2026-02-10 10:57:34.672 [main] DEBUG org.hibernate.type.BasicTypeRegistry - Adding type registration [B -> org.hibernate.type.BasicTypeReference@4bd2f0dc
2026-02-10 10:57:34.672 [main] DEBUG org.hibernate.type.BasicTypeRegistry - Adding type registration binary_wrapper -> org.hibernate.type.BasicTypeReference@2e647e59
2026-02-10 10:57:34.672 [main] DEBUG org.hibernate.type.BasicTypeRegistry - Adding type registration wrapper-binary -> org.hibernate.type.BasicTypeReference@2e647e59
2026-02-10 10:57:34.672 [main] DEBUG org.hibernate.type.BasicTypeRegistry - Adding type registration Byte[] -> org.hibernate.type.BasicTypeReference@2e647e59
2026-02-10 10:57:34.672 [main] DEBUG org.hibernate.type.BasicTypeRegistry - Adding type registration [Ljava.lang.Byte; -> org.hibernate.type.BasicTypeReference@2e647e59
2026-02-10 10:57:34.673 [main] DEBUG org.hibernate.type.BasicTypeRegistry - Adding type registration image -> org.hibernate.type.BasicTypeReference@2c42b421
2026-02-10 10:57:34.673 [main] DEBUG org.hibernate.type.BasicTypeRegistry - Adding type registration blob -> org.hibernate.type.BasicTypeReference@51e37590
2026-02-10 10:57:34.673 [main] DEBUG org.hibernate.type.BasicTypeRegistry - Adding type registration java.sql.Blob -> org.hibernate.type.BasicTypeReference@51e37590
2026-02-10 10:57:34.673 [main] DEBUG org.hibernate.type.BasicTypeRegistry - Adding type registration materialized_blob -> org.hibernate.type.BasicTypeReference@deb3b60
2026-02-10 10:57:34.673 [main] DEBUG org.hibernate.type.BasicTypeRegistry - Adding type registration materialized_blob_wrapper -> org.hibernate.type.BasicTypeReference@701a32
2026-02-10 10:57:34.673 [main] DEBUG org.hibernate.type.BasicTypeRegistry - Adding type registration short -> org.hibernate.type.BasicTypeReference@39aa45a1
2026-02-10 10:57:34.673 [main] DEBUG org.hibernate.type.BasicTypeRegistry - Adding type registration short -> org.hibernate.type.BasicTypeReference@39aa45a1
2026-02-10 10:57:34.673 [main] DEBUG org.hibernate.type.BasicTypeRegistry - Adding type registration java.lang.Short -> org.hibernate.type.BasicTypeReference@39aa45a1
2026-02-10 10:57:34.674 [main] DEBUG org.hibernate.type.BasicTypeRegistry - Adding type registration integer -> org.hibernate.type.BasicTypeReference@73aff8f1
2026-02-10 10:57:34.674 [main] DEBUG org.hibernate.type.BasicTypeRegistry - Adding type registration int -> org.hibernate.type.BasicTypeReference@73aff8f1
2026-02-10 10:57:34.674 [main] DEBUG org.hibernate.type.BasicTypeRegistry - Adding type registration java.lang.Integer -> org.hibernate.type.BasicTypeReference@73aff8f1
2026-02-10 10:57:34.674 [main] DEBUG org.hibernate.type.BasicTypeRegistry - Adding type registration long -> org.hibernate.type.BasicTypeReference@27cbfddf
2026-02-10 10:57:34.674 [main] DEBUG org.hibernate.type.BasicTypeRegistry - Adding type registration long -> org.hibernate.type.BasicTypeReference@27cbfddf
2026-02-10 10:57:34.674 [main] DEBUG org.hibernate.type.BasicTypeRegistry - Adding type registration java.lang.Long -> org.hibernate.type.BasicTypeReference@27cbfddf
2026-02-10 10:57:34.674 [main] DEBUG org.hibernate.type.BasicTypeRegistry - Adding type registration float -> org.hibernate.type.BasicTypeReference@27ead29e
2026-02-10 10:57:34.674 [main] DEBUG org.hibernate.type.BasicTypeRegistry - Adding type registration float -> org.hibernate.type.BasicTypeReference@27ead29e
2026-02-10 10:57:34.674 [main] DEBUG org.hibernate.type.BasicTypeRegistry - Adding type registration java.lang.Float -> org.hibernate.type.BasicTypeReference@27ead29e
2026-02-10 10:57:34.675 [main] DEBUG org.hibernate.type.BasicTypeRegistry - Adding type registration double -> org.hibernate.type.BasicTypeReference@4c060c8f
2026-02-10 10:57:34.675 [main] DEBUG org.hibernate.type.BasicTypeRegistry - Adding type registration double -> org.hibernate.type.BasicTypeReference@4c060c8f
2026-02-10 10:57:34.675 [main] DEBUG org.hibernate.type.BasicTypeRegistry - Adding type registration java.lang.Double -> org.hibernate.type.BasicTypeReference@4c060c8f
2026-02-10 10:57:34.675 [main] DEBUG org.hibernate.type.BasicTypeRegistry - Adding type registration big_integer -> org.hibernate.type.BasicTypeReference@40620d8e
2026-02-10 10:57:34.675 [main] DEBUG org.hibernate.type.BasicTypeRegistry - Adding type registration java.math.BigInteger -> org.hibernate.type.BasicTypeReference@40620d8e
2026-02-10 10:57:34.676 [main] DEBUG org.hibernate.type.BasicTypeRegistry - Adding type registration big_decimal -> org.hibernate.type.BasicTypeReference@383f3558
2026-02-10 10:57:34.676 [main] DEBUG org.hibernate.type.BasicTypeRegistry - Adding type registration java.math.BigDecimal -> org.hibernate.type.BasicTypeReference@383f3558
2026-02-10 10:57:34.676 [main] DEBUG org.hibernate.type.BasicTypeRegistry - Adding type registration character -> org.hibernate.type.BasicTypeReference@49b07ee3
2026-02-10 10:57:34.676 [main] DEBUG org.hibernate.type.BasicTypeRegistry - Adding type registration char -> org.hibernate.type.BasicTypeReference@49b07ee3
2026-02-10 10:57:34.676 [main] DEBUG org.hibernate.type.BasicTypeRegistry - Adding type registration java.lang.Character -> org.hibernate.type.BasicTypeReference@49b07ee3
2026-02-10 10:57:34.676 [main] DEBUG org.hibernate.type.BasicTypeRegistry - Adding type registration character_nchar -> org.hibernate.type.BasicTypeReference@352e612e
2026-02-10 10:57:34.676 [main] DEBUG org.hibernate.type.BasicTypeRegistry - Adding type registration string -> org.hibernate.type.BasicTypeReference@65f00478
2026-02-10 10:57:34.676 [main] DEBUG org.hibernate.type.BasicTypeRegistry - Adding type registration java.lang.String -> org.hibernate.type.BasicTypeReference@65f00478
2026-02-10 10:57:34.676 [main] DEBUG org.hibernate.type.BasicTypeRegistry - Adding type registration nstring -> org.hibernate.type.BasicTypeReference@2424686b
2026-02-10 10:57:34.676 [main] DEBUG org.hibernate.type.BasicTypeRegistry - Adding type registration characters -> org.hibernate.type.BasicTypeReference@6ea94d6a
2026-02-10 10:57:34.676 [main] DEBUG org.hibernate.type.BasicTypeRegistry - Adding type registration char[] -> org.hibernate.type.BasicTypeReference@6ea94d6a
2026-02-10 10:57:34.677 [main] DEBUG org.hibernate.type.BasicTypeRegistry - Adding type registration [C -> org.hibernate.type.BasicTypeReference@6ea94d6a
2026-02-10 10:57:34.677 [main] DEBUG org.hibernate.type.BasicTypeRegistry - Adding type registration wrapper-characters -> org.hibernate.type.BasicTypeReference@28486680
2026-02-10 10:57:34.677 [main] DEBUG org.hibernate.type.BasicTypeRegistry - Adding type registration [Ljava.lang.Character; -> org.hibernate.type.BasicTypeReference@28486680
2026-02-10 10:57:34.677 [main] DEBUG org.hibernate.type.BasicTypeRegistry - Adding type registration Character[] -> org.hibernate.type.BasicTypeReference@28486680
2026-02-10 10:57:34.677 [main] DEBUG org.hibernate.type.BasicTypeRegistry - Adding type registration text -> org.hibernate.type.BasicTypeReference@4d7e7435
2026-02-10 10:57:34.677 [main] DEBUG org.hibernate.type.BasicTypeRegistry - Adding type registration ntext -> org.hibernate.type.BasicTypeReference@4a1e3ac1
2026-02-10 10:57:34.677 [main] DEBUG org.hibernate.type.BasicTypeRegistry - Adding type registration clob -> org.hibernate.type.BasicTypeReference@6e78fcf5
2026-02-10 10:57:34.677 [main] DEBUG org.hibernate.type.BasicTypeRegistry - Adding type registration java.sql.Clob -> org.hibernate.type.BasicTypeReference@6e78fcf5
2026-02-10 10:57:34.677 [main] DEBUG org.hibernate.type.BasicTypeRegistry - Adding type registration nclob -> org.hibernate.type.BasicTypeReference@56febdc
2026-02-10 10:57:34.677 [main] DEBUG org.hibernate.type.BasicTypeRegistry - Adding type registration java.sql.NClob -> org.hibernate.type.BasicTypeReference@56febdc
2026-02-10 10:57:34.677 [main] DEBUG org.hibernate.type.BasicTypeRegistry - Adding type registration materialized_clob -> org.hibernate.type.BasicTypeReference@3b8ee898
2026-02-10 10:57:34.678 [main] DEBUG org.hibernate.type.BasicTypeRegistry - Adding type registration materialized_clob_char_array -> org.hibernate.type.BasicTypeReference@7d151a
2026-02-10 10:57:34.678 [main] DEBUG org.hibernate.type.BasicTypeRegistry - Adding type registration materialized_clob_character_array -> org.hibernate.type.BasicTypeReference@294bdeb4
2026-02-10 10:57:34.678 [main] DEBUG org.hibernate.type.BasicTypeRegistry - Adding type registration materialized_nclob -> org.hibernate.type.BasicTypeReference@5300f14a
2026-02-10 10:57:34.678 [main] DEBUG org.hibernate.type.BasicTypeRegistry - Adding type registration materialized_nclob_character_array -> org.hibernate.type.BasicTypeReference@1f86099a
2026-02-10 10:57:34.678 [main] DEBUG org.hibernate.type.BasicTypeRegistry - Adding type registration materialized_nclob_char_array -> org.hibernate.type.BasicTypeReference@77bb0ab5
2026-02-10 10:57:34.678 [main] DEBUG org.hibernate.type.BasicTypeRegistry - Adding type registration Duration -> org.hibernate.type.BasicTypeReference@f2c488
2026-02-10 10:57:34.678 [main] DEBUG org.hibernate.type.BasicTypeRegistry - Adding type registration java.time.Duration -> org.hibernate.type.BasicTypeReference@f2c488
2026-02-10 10:57:34.678 [main] DEBUG org.hibernate.type.BasicTypeRegistry - Adding type registration LocalDateTime -> org.hibernate.type.BasicTypeReference@54acff7d
2026-02-10 10:57:34.678 [main] DEBUG org.hibernate.type.BasicTypeRegistry - Adding type registration java.time.LocalDateTime -> org.hibernate.type.BasicTypeReference@54acff7d
2026-02-10 10:57:34.679 [main] DEBUG org.hibernate.type.BasicTypeRegistry - Adding type registration LocalDate -> org.hibernate.type.BasicTypeReference@7bc9e6ab
2026-02-10 10:57:34.679 [main] DEBUG org.hibernate.type.BasicTypeRegistry - Adding type registration java.time.LocalDate -> org.hibernate.type.BasicTypeReference@7bc9e6ab
2026-02-10 10:57:34.679 [main] DEBUG org.hibernate.type.BasicTypeRegistry - Adding type registration LocalTime -> org.hibernate.type.BasicTypeReference@5488b5c5
2026-02-10 10:57:34.679 [main] DEBUG org.hibernate.type.BasicTypeRegistry - Adding type registration java.time.LocalTime -> org.hibernate.type.BasicTypeReference@5488b5c5
2026-02-10 10:57:34.679 [main] DEBUG org.hibernate.type.BasicTypeRegistry - Adding type registration OffsetDateTime -> org.hibernate.type.BasicTypeReference@4248ed58
2026-02-10 10:57:34.679 [main] DEBUG org.hibernate.type.BasicTypeRegistry - Adding type registration java.time.OffsetDateTime -> org.hibernate.type.BasicTypeReference@4248ed58
2026-02-10 10:57:34.679 [main] DEBUG org.hibernate.type.BasicTypeRegistry - Adding type registration OffsetDateTimeWithTimezone -> org.hibernate.type.BasicTypeReference@712ca57b
2026-02-10 10:57:34.679 [main] DEBUG org.hibernate.type.BasicTypeRegistry - Adding type registration OffsetDateTimeWithoutTimezone -> org.hibernate.type.BasicTypeReference@4564e94b
2026-02-10 10:57:34.680 [main] DEBUG org.hibernate.type.BasicTypeRegistry - Adding type registration OffsetTime -> org.hibernate.type.BasicTypeReference@54534abf
2026-02-10 10:57:34.680 [main] DEBUG org.hibernate.type.BasicTypeRegistry - Adding type registration java.time.OffsetTime -> org.hibernate.type.BasicTypeReference@54534abf
2026-02-10 10:57:34.680 [main] DEBUG org.hibernate.type.BasicTypeRegistry - Adding type registration ZonedDateTime -> org.hibernate.type.BasicTypeReference@51745f40
2026-02-10 10:57:34.680 [main] DEBUG org.hibernate.type.BasicTypeRegistry - Adding type registration java.time.ZonedDateTime -> org.hibernate.type.BasicTypeReference@51745f40
2026-02-10 10:57:34.680 [main] DEBUG org.hibernate.type.BasicTypeRegistry - Adding type registration ZonedDateTimeWithTimezone -> org.hibernate.type.BasicTypeReference@45673f68
2026-02-10 10:57:34.680 [main] DEBUG org.hibernate.type.BasicTypeRegistry - Adding type registration ZonedDateTimeWithoutTimezone -> org.hibernate.type.BasicTypeReference@27abb83e
2026-02-10 10:57:34.680 [main] DEBUG org.hibernate.type.BasicTypeRegistry - Adding type registration date -> org.hibernate.type.BasicTypeReference@69e308c6
2026-02-10 10:57:34.680 [main] DEBUG org.hibernate.type.BasicTypeRegistry - Adding type registration java.sql.Date -> org.hibernate.type.BasicTypeReference@69e308c6
2026-02-10 10:57:34.680 [main] DEBUG org.hibernate.type.BasicTypeRegistry - Adding type registration time -> org.hibernate.type.BasicTypeReference@1a1ed4e5
2026-02-10 10:57:34.680 [main] DEBUG org.hibernate.type.BasicTypeRegistry - Adding type registration java.sql.Time -> org.hibernate.type.BasicTypeReference@1a1ed4e5
2026-02-10 10:57:34.680 [main] DEBUG org.hibernate.type.BasicTypeRegistry - Adding type registration timestamp -> org.hibernate.type.BasicTypeReference@667e34b1
2026-02-10 10:57:34.681 [main] DEBUG org.hibernate.type.BasicTypeRegistry - Adding type registration java.sql.Timestamp -> org.hibernate.type.BasicTypeReference@667e34b1
2026-02-10 10:57:34.681 [main] DEBUG org.hibernate.type.BasicTypeRegistry - Adding type registration java.util.Date -> org.hibernate.type.BasicTypeReference@667e34b1
2026-02-10 10:57:34.681 [main] DEBUG org.hibernate.type.BasicTypeRegistry - Adding type registration calendar -> org.hibernate.type.BasicTypeReference@1c6e0a08
2026-02-10 10:57:34.681 [main] DEBUG org.hibernate.type.BasicTypeRegistry - Adding type registration java.util.Calendar -> org.hibernate.type.BasicTypeReference@1c6e0a08
2026-02-10 10:57:34.681 [main] DEBUG org.hibernate.type.BasicTypeRegistry - Adding type registration java.util.GregorianCalendar -> org.hibernate.type.BasicTypeReference@1c6e0a08
2026-02-10 10:57:34.681 [main] DEBUG org.hibernate.type.BasicTypeRegistry - Adding type registration calendar_date -> org.hibernate.type.BasicTypeReference@6dba847b
2026-02-10 10:57:34.681 [main] DEBUG org.hibernate.type.BasicTypeRegistry - Adding type registration calendar_time -> org.hibernate.type.BasicTypeReference@1efdcd5
2026-02-10 10:57:34.681 [main] DEBUG org.hibernate.type.BasicTypeRegistry - Adding type registration instant -> org.hibernate.type.BasicTypeReference@1623bbe5
2026-02-10 10:57:34.681 [main] DEBUG org.hibernate.type.BasicTypeRegistry - Adding type registration java.time.Instant -> org.hibernate.type.BasicTypeReference@1623bbe5
2026-02-10 10:57:34.681 [main] DEBUG org.hibernate.type.BasicTypeRegistry - Adding type registration uuid -> org.hibernate.type.BasicTypeReference@7af1cd63
2026-02-10 10:57:34.682 [main] DEBUG org.hibernate.type.BasicTypeRegistry - Adding type registration java.util.UUID -> org.hibernate.type.BasicTypeReference@7af1cd63
2026-02-10 10:57:34.682 [main] DEBUG org.hibernate.type.BasicTypeRegistry - Adding type registration pg-uuid -> org.hibernate.type.BasicTypeReference@7af1cd63
2026-02-10 10:57:34.682 [main] DEBUG org.hibernate.type.BasicTypeRegistry - Adding type registration uuid-binary -> org.hibernate.type.BasicTypeReference@4351171a
2026-02-10 10:57:34.682 [main] DEBUG org.hibernate.type.BasicTypeRegistry - Adding type registration uuid-char -> org.hibernate.type.BasicTypeReference@3c2772d1
2026-02-10 10:57:34.682 [main] DEBUG org.hibernate.type.BasicTypeRegistry - Adding type registration class -> org.hibernate.type.BasicTypeReference@37d00a23
2026-02-10 10:57:34.682 [main] DEBUG org.hibernate.type.BasicTypeRegistry - Adding type registration java.lang.Class -> org.hibernate.type.BasicTypeReference@37d00a23
2026-02-10 10:57:34.682 [main] DEBUG org.hibernate.type.BasicTypeRegistry - Adding type registration currency -> org.hibernate.type.BasicTypeReference@433e536f
2026-02-10 10:57:34.682 [main] DEBUG org.hibernate.type.BasicTypeRegistry - Adding type registration Currency -> org.hibernate.type.BasicTypeReference@433e536f
2026-02-10 10:57:34.682 [main] DEBUG org.hibernate.type.BasicTypeRegistry - Adding type registration java.util.Currency -> org.hibernate.type.BasicTypeReference@433e536f
2026-02-10 10:57:34.682 [main] DEBUG org.hibernate.type.BasicTypeRegistry - Adding type registration locale -> org.hibernate.type.BasicTypeReference@89c65d5
2026-02-10 10:57:34.683 [main] DEBUG org.hibernate.type.BasicTypeRegistry - Adding type registration java.util.Locale -> org.hibernate.type.BasicTypeReference@89c65d5
2026-02-10 10:57:34.683 [main] DEBUG org.hibernate.type.BasicTypeRegistry - Adding type registration serializable -> org.hibernate.type.BasicTypeReference@faa3fed
2026-02-10 10:57:34.683 [main] DEBUG org.hibernate.type.BasicTypeRegistry - Adding type registration java.io.Serializable -> org.hibernate.type.BasicTypeReference@faa3fed
2026-02-10 10:57:34.683 [main] DEBUG org.hibernate.type.BasicTypeRegistry - Adding type registration timezone -> org.hibernate.type.BasicTypeReference@381cad29
2026-02-10 10:57:34.683 [main] DEBUG org.hibernate.type.BasicTypeRegistry - Adding type registration java.util.TimeZone -> org.hibernate.type.BasicTypeReference@381cad29
2026-02-10 10:57:34.683 [main] DEBUG org.hibernate.type.BasicTypeRegistry - Adding type registration ZoneOffset -> org.hibernate.type.BasicTypeReference@988246e
2026-02-10 10:57:34.683 [main] DEBUG org.hibernate.type.BasicTypeRegistry - Adding type registration java.time.ZoneOffset -> org.hibernate.type.BasicTypeReference@988246e
2026-02-10 10:57:34.683 [main] DEBUG org.hibernate.type.BasicTypeRegistry - Adding type registration url -> org.hibernate.type.BasicTypeReference@62515a47
2026-02-10 10:57:34.683 [main] DEBUG org.hibernate.type.BasicTypeRegistry - Adding type registration java.net.URL -> org.hibernate.type.BasicTypeReference@62515a47
2026-02-10 10:57:34.683 [main] DEBUG org.hibernate.type.BasicTypeRegistry - Adding type registration row_version -> org.hibernate.type.BasicTypeReference@3c5a54b7
2026-02-10 10:57:34.688 [main] DEBUG org.hibernate.type.BasicTypeRegistry - Adding type registration dbtimestamp -> org.hibernate.type.DbTimestampType@73d69c0f
2026-02-10 10:57:34.688 [main] DEBUG org.hibernate.type.BasicTypeRegistry - Adding type registration dbtimestamp -> org.hibernate.type.DbTimestampType@73d69c0f
2026-02-10 10:57:34.689 [main] DEBUG org.hibernate.type.BasicTypeRegistry - Adding type registration object -> org.hibernate.type.JavaObjectType@3a60c416
2026-02-10 10:57:34.689 [main] DEBUG org.hibernate.type.BasicTypeRegistry - Adding type registration java.lang.Object -> org.hibernate.type.JavaObjectType@3a60c416
2026-02-10 10:57:34.690 [main] DEBUG org.hibernate.type.BasicTypeRegistry - Adding type registration null -> org.hibernate.type.NullType@26a94fa5
2026-02-10 10:57:34.690 [main] DEBUG org.hibernate.type.BasicTypeRegistry - Adding type registration imm_date -> org.hibernate.type.BasicTypeReference@464a4442
2026-02-10 10:57:34.690 [main] DEBUG org.hibernate.type.BasicTypeRegistry - Adding type registration imm_time -> org.hibernate.type.BasicTypeReference@2873d672
2026-02-10 10:57:34.690 [main] DEBUG org.hibernate.type.BasicTypeRegistry - Adding type registration imm_timestamp -> org.hibernate.type.BasicTypeReference@3bc735b3
2026-02-10 10:57:34.690 [main] DEBUG org.hibernate.type.BasicTypeRegistry - Adding type registration imm_calendar -> org.hibernate.type.BasicTypeReference@577f9109
2026-02-10 10:57:34.690 [main] DEBUG org.hibernate.type.BasicTypeRegistry - Adding type registration imm_calendar_date -> org.hibernate.type.BasicTypeReference@4303b7f0
2026-02-10 10:57:34.690 [main] DEBUG org.hibernate.type.BasicTypeRegistry - Adding type registration imm_calendar_time -> org.hibernate.type.BasicTypeReference@757529a4
2026-02-10 10:57:34.690 [main] DEBUG org.hibernate.type.BasicTypeRegistry - Adding type registration imm_binary -> org.hibernate.type.BasicTypeReference@779de014
2026-02-10 10:57:34.690 [main] DEBUG org.hibernate.type.BasicTypeRegistry - Adding type registration imm_serializable -> org.hibernate.type.BasicTypeReference@5c41d037
2026-02-10 10:57:34.711 [main] WARN  org.hibernate.orm.connections.pooling - HHH10001002: Using built-in connection pool (not intended for production use)
2026-02-10 10:57:34.716 [main] INFO  org.hibernate.orm.connections.pooling - HHH10001005: Loaded JDBC driver class: com.mysql.jdbc.Driver
2026-02-10 10:57:34.716 [main] INFO  org.hibernate.orm.connections.pooling - HHH10001012: Connecting with JDBC URL [jdbc:mysql://localhost:3307/AngelaChica?createDatabaseIfNotExist=true]
2026-02-10 10:57:34.716 [main] INFO  org.hibernate.orm.connections.pooling - HHH10001001: Connection properties: {password=usuario3, user=usuario3}
2026-02-10 10:57:34.717 [main] INFO  org.hibernate.orm.connections.pooling - HHH10001003: Autocommit mode: false
2026-02-10 10:57:34.719 [main] DEBUG org.hibernate.orm.connections.pooling - Initializing Connection pool with 1 Connections
2026-02-10 10:57:34.719 [main] INFO  org.hibernate.orm.connections.pooling - HHH10001115: Connection pool size: 10 (min=1)
2026-02-10 10:57:35.041 [main] DEBUG org.hibernate.engine.jdbc.env.internal.JdbcEnvironmentInitiator - Database ->
       name : MySQL
    version : 8.4.7
      major : 8
      minor : 4
2026-02-10 10:57:35.042 [main] DEBUG org.hibernate.engine.jdbc.env.internal.JdbcEnvironmentInitiator - Driver ->
       name : MySQL Connector/J
    version : mysql-connector-j-8.0.31 (Revision: 0c86fc148d567b62266c2302bdad0f1e7a7e4eba)
      major : 8
      minor : 0
2026-02-10 10:57:35.042 [main] DEBUG org.hibernate.engine.jdbc.env.internal.JdbcEnvironmentInitiator - JDBC version : 4.2
2026-02-10 10:57:35.088 [main] INFO  SQL dialect - HHH000400: Using dialect: org.hibernate.dialect.MySQLDialect
2026-02-10 10:57:35.098 [main] DEBUG org.hibernate.engine.jdbc.env.spi.IdentifierHelperBuilder - JDBC driver metadata reported database stores quoted identifiers in more than one case
2026-02-10 10:57:35.098 [main] DEBUG org.hibernate.engine.jdbc.env.spi.IdentifierHelperBuilder - IdentifierCaseStrategy for both quoted and unquoted identifiers was set to the same strategy [MIXED]; that will likely lead to problems in schema update and validation if using quoted identifiers
2026-02-10 10:57:35.115 [main] DEBUG org.hibernate.type.descriptor.sql.spi.DdlTypeRegistry - addDescriptor(12, org.hibernate.type.descriptor.sql.internal.CapacityDependentDdlType@6f3e19b3) replaced previous registration(org.hibernate.type.descriptor.sql.internal.CapacityDependentDdlType@47ffe971)
2026-02-10 10:57:35.115 [main] DEBUG org.hibernate.type.descriptor.sql.spi.DdlTypeRegistry - addDescriptor(-9, org.hibernate.type.descriptor.sql.internal.CapacityDependentDdlType@7d04529c) replaced previous registration(org.hibernate.type.descriptor.sql.internal.CapacityDependentDdlType@14fa92af)
2026-02-10 10:57:35.115 [main] DEBUG org.hibernate.type.descriptor.sql.spi.DdlTypeRegistry - addDescriptor(-3, org.hibernate.type.descriptor.sql.internal.CapacityDependentDdlType@b16e202) replaced previous registration(org.hibernate.type.descriptor.sql.internal.CapacityDependentDdlType@339a3670)
2026-02-10 10:57:35.115 [main] DEBUG org.hibernate.type.descriptor.sql.spi.DdlTypeRegistry - addDescriptor(4003, org.hibernate.type.descriptor.sql.internal.DdlTypeImpl@6cd5122d) replaced previous registration(org.hibernate.type.descriptor.sql.internal.DdlTypeImpl@2c7a8af2)
2026-02-10 10:57:35.115 [main] DEBUG org.hibernate.type.descriptor.sql.spi.DdlTypeRegistry - addDescriptor(4001, org.hibernate.type.descriptor.sql.internal.DdlTypeImpl@10c07b8d) replaced previous registration(org.hibernate.type.descriptor.sql.internal.DdlTypeImpl@720bf653)
2026-02-10 10:57:35.115 [main] DEBUG org.hibernate.type.descriptor.sql.spi.DdlTypeRegistry - addDescriptor(4002, org.hibernate.type.descriptor.sql.internal.DdlTypeImpl@360bc645) replaced previous registration(org.hibernate.type.descriptor.sql.internal.DdlTypeImpl@4edef76c)
2026-02-10 10:57:35.115 [main] DEBUG org.hibernate.type.descriptor.sql.spi.DdlTypeRegistry - addDescriptor(2004, org.hibernate.type.descriptor.sql.internal.CapacityDependentDdlType@5d51e129) replaced previous registration(org.hibernate.type.descriptor.sql.internal.DdlTypeImpl@70c53dbe)
2026-02-10 10:57:35.116 [main] DEBUG org.hibernate.type.descriptor.sql.spi.DdlTypeRegistry - addDescriptor(2005, org.hibernate.type.descriptor.sql.internal.CapacityDependentDdlType@1894e40d) replaced previous registration(org.hibernate.type.descriptor.sql.internal.DdlTypeImpl@21c815e4)
2026-02-10 10:57:35.116 [main] DEBUG org.hibernate.type.descriptor.sql.spi.DdlTypeRegistry - addDescriptor(2011, org.hibernate.type.descriptor.sql.internal.CapacityDependentDdlType@7342e05d) replaced previous registration(org.hibernate.type.descriptor.sql.internal.DdlTypeImpl@2a331b46)
2026-02-10 10:57:35.117 [main] DEBUG org.hibernate.type.descriptor.jdbc.spi.JdbcTypeRegistry - addDescriptor(NCharTypeDescriptor) replaced previous registration(CharTypeDescriptor)
2026-02-10 10:57:35.117 [main] DEBUG org.hibernate.type.descriptor.jdbc.spi.JdbcTypeRegistry - addDescriptor(NVarcharTypeDescriptor) replaced previous registration(VarcharTypeDescriptor)
2026-02-10 10:57:35.119 [main] DEBUG org.hibernate.type.descriptor.jdbc.spi.JdbcTypeRegistry - addDescriptor(LongNVarcharTypeDescriptor) replaced previous registration(LongVarcharTypeDescriptor)
2026-02-10 10:57:35.122 [main] DEBUG org.hibernate.type.descriptor.jdbc.spi.JdbcTypeRegistry - addDescriptor(NClobTypeDescriptor(DEFAULT)) replaced previous registration(ClobTypeDescriptor(DEFAULT))
2026-02-10 10:57:35.122 [main] DEBUG org.hibernate.type.descriptor.jdbc.spi.JdbcTypeRegistry - addDescriptor(2005, ClobTypeDescriptor(STREAM_BINDING)) replaced previous registration(ClobTypeDescriptor(DEFAULT))
2026-02-10 10:57:35.125 [main] DEBUG org.hibernate.type.BasicTypeRegistry - Adding type registration null -> org.hibernate.type.NullType@42373389
2026-02-10 10:57:35.126 [main] DEBUG org.hibernate.type.BasicTypeRegistry - Type registration key [null] overrode previous entry : `org.hibernate.type.NullType@26a94fa5`
2026-02-10 10:57:35.132 [main] DEBUG org.hibernate.type.BasicTypeRegistry - Adding type registration org.hibernate.type.OffsetDateTimeType -> basicType@1(java.time.OffsetDateTime,93)
2026-02-10 10:57:35.132 [main] DEBUG org.hibernate.type.BasicTypeRegistry - Adding type registration OffsetDateTime -> basicType@1(java.time.OffsetDateTime,93)
2026-02-10 10:57:35.132 [main] DEBUG org.hibernate.type.BasicTypeRegistry - Adding type registration java.time.OffsetDateTime -> basicType@1(java.time.OffsetDateTime,93)
2026-02-10 10:57:35.132 [main] DEBUG org.hibernate.type.BasicTypeRegistry - Adding type registration org.hibernate.type.ZonedDateTimeType -> basicType@2(java.time.ZonedDateTime,93)
2026-02-10 10:57:35.132 [main] DEBUG org.hibernate.type.BasicTypeRegistry - Adding type registration ZonedDateTime -> basicType@2(java.time.ZonedDateTime,93)
2026-02-10 10:57:35.133 [main] DEBUG org.hibernate.type.BasicTypeRegistry - Adding type registration java.time.ZonedDateTime -> basicType@2(java.time.ZonedDateTime,93)
2026-02-10 10:57:35.137 [main] DEBUG org.hibernate.type.spi.TypeConfiguration$Scope - Scoping TypeConfiguration [org.hibernate.type.spi.TypeConfiguration@dc79225] to MetadataBuildingContext [org.hibernate.boot.internal.MetadataBuildingContextRootImpl@30e9ca13]
2026-02-10 10:57:35.162 [main] DEBUG org.hibernate.boot.model.relational.Namespace - Created database namespace [logicalName=Name{catalog=null, schema=null}, physicalName=Name{catalog=null, schema=null}]
2026-02-10 10:57:35.182 [main] DEBUG org.hibernate.cfg.annotations.EntityBinder - Binding entity from annotated class: models.Cine
2026-02-10 10:57:35.187 [main] DEBUG org.hibernate.cfg.AnnotatedColumn - Binding column: DiscriminatorColumn{logicalColumnName'DTYPE', discriminatorTypeName='string'}
2026-02-10 10:57:35.191 [main] DEBUG org.hibernate.cfg.annotations.EntityBinder - Import with entity name Cine
2026-02-10 10:57:35.195 [main] DEBUG org.hibernate.cfg.annotations.EntityBinder - Bind entity models.Cine on table cine
2026-02-10 10:57:35.209 [main] DEBUG org.hibernate.cfg.AnnotatedColumn - Binding column: Column{table=Table(cine), mappingColumn=idCine, insertable=true, updatable=true, unique=false}
2026-02-10 10:57:35.212 [main] DEBUG org.hibernate.boot.internal.ClassLoaderAccessImpl - Not known whether passed class name [models.Cine] is safe
2026-02-10 10:57:35.212 [main] DEBUG org.hibernate.boot.internal.ClassLoaderAccessImpl - No temp ClassLoader provided; using live ClassLoader for loading potentially unsafe class : models.Cine
2026-02-10 10:57:35.213 [main] DEBUG org.hibernate.cfg.annotations.PropertyBinder - MetadataSourceProcessor property idCine with lazy=false
2026-02-10 10:57:35.216 [main] DEBUG org.hibernate.cfg.AbstractPropertyHolder - Attempting to locate auto-apply AttributeConverter for property [models.Cine:idCine]
2026-02-10 10:57:35.219 [main] DEBUG org.hibernate.cfg.annotations.BasicValueBinder - building BasicValue for idCine
2026-02-10 10:57:35.221 [main] DEBUG org.hibernate.mapping.BasicValue - Skipping column re-registration: cine.idCine
2026-02-10 10:57:35.222 [main] DEBUG org.hibernate.cfg.annotations.PropertyBinder - Building property idCine
2026-02-10 10:57:35.224 [main] DEBUG org.hibernate.cfg.BinderHelper - #makeIdGenerator(BasicValue([Column(idCine)]), idCine, org.hibernate.id.enhanced.SequenceStyleGenerator, , ...)
2026-02-10 10:57:35.224 [main] DEBUG org.hibernate.cfg.AnnotatedColumn - Binding column: Column{table=Table(cine), mappingColumn=nombre, insertable=true, updatable=true, unique=false}
2026-02-10 10:57:35.225 [main] DEBUG org.hibernate.cfg.annotations.PropertyBinder - MetadataSourceProcessor property nombre with lazy=false
2026-02-10 10:57:35.225 [main] DEBUG org.hibernate.cfg.AbstractPropertyHolder - Attempting to locate auto-apply AttributeConverter for property [models.Cine:nombre]
2026-02-10 10:57:35.225 [main] DEBUG org.hibernate.cfg.annotations.BasicValueBinder - building BasicValue for nombre
2026-02-10 10:57:35.225 [main] DEBUG org.hibernate.mapping.BasicValue - Skipping column re-registration: cine.nombre
2026-02-10 10:57:35.225 [main] DEBUG org.hibernate.cfg.annotations.PropertyBinder - Building property nombre
2026-02-10 10:57:35.226 [main] DEBUG org.hibernate.cfg.AnnotatedColumn - Binding column: JoinColumn{logicalColumnName='null', referencedColumn='null', mappedBy='cine'}
2026-02-10 10:57:35.226 [main] DEBUG org.hibernate.cfg.AnnotatedColumn - Binding column: Column{table=Table(cine), mappingColumn=salas, insertable=true, updatable=true, unique=false}
2026-02-10 10:57:35.236 [main] DEBUG org.hibernate.cfg.AnnotatedColumn - Binding column: Column{table=Table(cine), mappingColumn=salas_ORDER, insertable=true, updatable=true, unique=false}
2026-02-10 10:57:35.241 [main] DEBUG org.hibernate.cfg.AnnotatedColumn - Binding column: Column{table=Table(cine), mappingColumn=element, insertable=true, updatable=true, unique=false}
2026-02-10 10:57:35.242 [main] DEBUG org.hibernate.cfg.AnnotatedColumn - Binding column: Column{table=Table(cine), mappingColumn=salas_KEY, insertable=true, updatable=true, unique=false}
2026-02-10 10:57:35.242 [main] DEBUG org.hibernate.cfg.AnnotatedColumn - Binding column: JoinColumn{logicalColumnName='salas_KEY', referencedColumn='null', mappedBy='null'}
2026-02-10 10:57:35.243 [main] DEBUG org.hibernate.cfg.AnnotatedColumn - Binding column: JoinColumn{logicalColumnName='null', referencedColumn='null', mappedBy='cine'}
2026-02-10 10:57:35.243 [main] DEBUG org.hibernate.cfg.AnnotatedColumn - Binding column: JoinColumn{logicalColumnName='null', referencedColumn='null', mappedBy='cine'}
2026-02-10 10:57:35.245 [main] DEBUG org.hibernate.cfg.annotations.CollectionBinder - Collection role: models.Cine.salas
2026-02-10 10:57:35.245 [main] DEBUG org.hibernate.cfg.annotations.PropertyBinder - Building property salas
2026-02-10 10:57:35.246 [main] DEBUG org.hibernate.cfg.AnnotatedColumn - Binding column: Column{table=Table(cine), mappingColumn=ubicacion, insertable=true, updatable=true, unique=false}
2026-02-10 10:57:35.246 [main] DEBUG org.hibernate.cfg.annotations.PropertyBinder - MetadataSourceProcessor property ubicacion with lazy=false
2026-02-10 10:57:35.246 [main] DEBUG org.hibernate.cfg.AbstractPropertyHolder - Attempting to locate auto-apply AttributeConverter for property [models.Cine:ubicacion]
2026-02-10 10:57:35.246 [main] DEBUG org.hibernate.cfg.annotations.BasicValueBinder - building BasicValue for ubicacion
2026-02-10 10:57:35.246 [main] DEBUG org.hibernate.mapping.BasicValue - Skipping column re-registration: cine.ubicacion
2026-02-10 10:57:35.246 [main] DEBUG org.hibernate.cfg.annotations.PropertyBinder - Building property ubicacion
2026-02-10 10:57:35.251 [main] DEBUG org.hibernate.cfg.annotations.EntityBinder - Binding entity from annotated class: models.Sala
2026-02-10 10:57:35.251 [main] DEBUG org.hibernate.cfg.AnnotatedColumn - Binding column: DiscriminatorColumn{logicalColumnName'DTYPE', discriminatorTypeName='string'}
2026-02-10 10:57:35.251 [main] DEBUG org.hibernate.cfg.annotations.EntityBinder - Import with entity name Sala
2026-02-10 10:57:35.251 [main] DEBUG org.hibernate.cfg.annotations.EntityBinder - Bind entity models.Sala on table sala
2026-02-10 10:57:35.255 [main] DEBUG org.hibernate.cfg.AnnotatedColumn - Binding column: Column{table=Table(sala), mappingColumn=idSala, insertable=true, updatable=true, unique=false}
2026-02-10 10:57:35.256 [main] DEBUG org.hibernate.boot.internal.ClassLoaderAccessImpl - Not known whether passed class name [models.Sala] is safe
2026-02-10 10:57:35.256 [main] DEBUG org.hibernate.boot.internal.ClassLoaderAccessImpl - No temp ClassLoader provided; using live ClassLoader for loading potentially unsafe class : models.Sala
2026-02-10 10:57:35.256 [main] DEBUG org.hibernate.cfg.annotations.PropertyBinder - MetadataSourceProcessor property idSala with lazy=false
2026-02-10 10:57:35.256 [main] DEBUG org.hibernate.cfg.AbstractPropertyHolder - Attempting to locate auto-apply AttributeConverter for property [models.Sala:idSala]
2026-02-10 10:57:35.256 [main] DEBUG org.hibernate.cfg.annotations.BasicValueBinder - building BasicValue for idSala
2026-02-10 10:57:35.256 [main] DEBUG org.hibernate.mapping.BasicValue - Skipping column re-registration: sala.idSala
2026-02-10 10:57:35.256 [main] DEBUG org.hibernate.cfg.annotations.PropertyBinder - Building property idSala
2026-02-10 10:57:35.256 [main] DEBUG org.hibernate.cfg.BinderHelper - #makeIdGenerator(BasicValue([Column(idSala)]), idSala, org.hibernate.id.enhanced.SequenceStyleGenerator, , ...)
2026-02-10 10:57:35.256 [main] DEBUG org.hibernate.cfg.AnnotatedColumn - Binding column: Column{table=Table(sala), mappingColumn=capacidad, insertable=true, updatable=true, unique=false}
2026-02-10 10:57:35.256 [main] DEBUG org.hibernate.cfg.annotations.PropertyBinder - MetadataSourceProcessor property capacidad with lazy=false
2026-02-10 10:57:35.257 [main] DEBUG org.hibernate.cfg.AbstractPropertyHolder - Attempting to locate auto-apply AttributeConverter for property [models.Sala:capacidad]
2026-02-10 10:57:35.257 [main] DEBUG org.hibernate.cfg.annotations.BasicValueBinder - building BasicValue for capacidad
2026-02-10 10:57:35.257 [main] DEBUG org.hibernate.mapping.BasicValue - Skipping column re-registration: sala.capacidad
2026-02-10 10:57:35.257 [main] DEBUG org.hibernate.cfg.annotations.PropertyBinder - Building property capacidad
2026-02-10 10:57:35.257 [main] DEBUG org.hibernate.cfg.AnnotatedColumn - Binding column: JoinColumn{logicalColumnName='cine', referencedColumn='', mappedBy=''}
2026-02-10 10:57:35.258 [main] DEBUG org.hibernate.cfg.AnnotatedColumn - Binding column: Column{table=Table(sala), mappingColumn=cine, insertable=true, updatable=true, unique=false}
2026-02-10 10:57:35.261 [main] DEBUG org.hibernate.cfg.annotations.PropertyBinder - Building property cine
2026-02-10 10:57:35.261 [main] DEBUG org.hibernate.cfg.AnnotatedColumn - Binding column: Column{table=Table(sala), mappingColumn=nombre, insertable=true, updatable=true, unique=false}
2026-02-10 10:57:35.261 [main] DEBUG org.hibernate.cfg.annotations.PropertyBinder - MetadataSourceProcessor property nombre with lazy=false
2026-02-10 10:57:35.261 [main] DEBUG org.hibernate.cfg.AbstractPropertyHolder - Attempting to locate auto-apply AttributeConverter for property [models.Sala:nombre]
2026-02-10 10:57:35.262 [main] DEBUG org.hibernate.cfg.annotations.BasicValueBinder - building BasicValue for nombre
2026-02-10 10:57:35.262 [main] DEBUG org.hibernate.mapping.BasicValue - Skipping column re-registration: sala.nombre
2026-02-10 10:57:35.262 [main] DEBUG org.hibernate.cfg.annotations.PropertyBinder - Building property nombre
2026-02-10 10:57:35.262 [main] DEBUG org.hibernate.cfg.AnnotatedColumn - Binding column: Column{table=Table(sala), mappingColumn=peliculas_ORDER, insertable=true, updatable=true, unique=false}
2026-02-10 10:57:35.263 [main] DEBUG org.hibernate.cfg.AnnotatedColumn - Binding column: Column{table=Table(sala), mappingColumn=element, insertable=true, updatable=true, unique=false}
2026-02-10 10:57:35.263 [main] DEBUG org.hibernate.cfg.AnnotatedColumn - Binding column: Column{table=Table(sala), mappingColumn=peliculas_KEY, insertable=true, updatable=true, unique=false}
2026-02-10 10:57:35.263 [main] DEBUG org.hibernate.cfg.AnnotatedColumn - Binding column: JoinColumn{logicalColumnName='peliculas_KEY', referencedColumn='null', mappedBy='null'}
2026-02-10 10:57:35.263 [main] DEBUG org.hibernate.cfg.AnnotatedColumn - Binding column: JoinColumn{logicalColumnName='null', referencedColumn='null', mappedBy=''}
2026-02-10 10:57:35.263 [main] DEBUG org.hibernate.cfg.AnnotatedColumn - Binding column: JoinColumn{logicalColumnName='null', referencedColumn='null', mappedBy=''}
2026-02-10 10:57:35.264 [main] DEBUG org.hibernate.cfg.annotations.CollectionBinder - Collection role: models.Sala.peliculas
2026-02-10 10:57:35.264 [main] DEBUG org.hibernate.cfg.annotations.PropertyBinder - Building property peliculas
2026-02-10 10:57:35.265 [main] DEBUG org.hibernate.cfg.annotations.EntityBinder - Binding entity from annotated class: models.Pelicula
2026-02-10 10:57:35.265 [main] DEBUG org.hibernate.cfg.AnnotatedColumn - Binding column: DiscriminatorColumn{logicalColumnName'DTYPE', discriminatorTypeName='string'}
2026-02-10 10:57:35.266 [main] DEBUG org.hibernate.cfg.annotations.EntityBinder - Import with entity name Pelicula
2026-02-10 10:57:35.266 [main] DEBUG org.hibernate.cfg.annotations.EntityBinder - Bind entity models.Pelicula on table pelicula
2026-02-10 10:57:35.266 [main] DEBUG org.hibernate.cfg.AnnotatedColumn - Binding column: Column{table=Table(pelicula), mappingColumn=idPelicula, insertable=true, updatable=true, unique=false}
2026-02-10 10:57:35.267 [main] DEBUG org.hibernate.boot.internal.ClassLoaderAccessImpl - Not known whether passed class name [models.Pelicula] is safe
2026-02-10 10:57:35.267 [main] DEBUG org.hibernate.boot.internal.ClassLoaderAccessImpl - No temp ClassLoader provided; using live ClassLoader for loading potentially unsafe class : models.Pelicula
2026-02-10 10:57:35.267 [main] DEBUG org.hibernate.cfg.annotations.PropertyBinder - MetadataSourceProcessor property idPelicula with lazy=false
2026-02-10 10:57:35.267 [main] DEBUG org.hibernate.cfg.AbstractPropertyHolder - Attempting to locate auto-apply AttributeConverter for property [models.Pelicula:idPelicula]
2026-02-10 10:57:35.267 [main] DEBUG org.hibernate.cfg.annotations.BasicValueBinder - building BasicValue for idPelicula
2026-02-10 10:57:35.267 [main] DEBUG org.hibernate.mapping.BasicValue - Skipping column re-registration: pelicula.idPelicula
2026-02-10 10:57:35.267 [main] DEBUG org.hibernate.cfg.annotations.PropertyBinder - Building property idPelicula
2026-02-10 10:57:35.267 [main] DEBUG org.hibernate.cfg.BinderHelper - #makeIdGenerator(BasicValue([Column(idPelicula)]), idPelicula, org.hibernate.id.enhanced.SequenceStyleGenerator, , ...)
2026-02-10 10:57:35.267 [main] DEBUG org.hibernate.cfg.AnnotatedColumn - Binding column: Column{table=Table(pelicula), mappingColumn=duracion, insertable=true, updatable=true, unique=false}
2026-02-10 10:57:35.267 [main] DEBUG org.hibernate.cfg.annotations.PropertyBinder - MetadataSourceProcessor property duracion with lazy=false
2026-02-10 10:57:35.267 [main] DEBUG org.hibernate.cfg.AbstractPropertyHolder - Attempting to locate auto-apply AttributeConverter for property [models.Pelicula:duracion]
2026-02-10 10:57:35.268 [main] DEBUG org.hibernate.cfg.annotations.BasicValueBinder - building BasicValue for duracion
2026-02-10 10:57:35.268 [main] DEBUG org.hibernate.mapping.BasicValue - Skipping column re-registration: pelicula.duracion
2026-02-10 10:57:35.268 [main] DEBUG org.hibernate.cfg.annotations.PropertyBinder - Building property duracion
2026-02-10 10:57:35.268 [main] DEBUG org.hibernate.cfg.AnnotatedColumn - Binding column: Column{table=Table(pelicula), mappingColumn=genero, insertable=true, updatable=true, unique=false}
2026-02-10 10:57:35.268 [main] DEBUG org.hibernate.cfg.annotations.PropertyBinder - MetadataSourceProcessor property genero with lazy=false
2026-02-10 10:57:35.268 [main] DEBUG org.hibernate.cfg.AbstractPropertyHolder - Attempting to locate auto-apply AttributeConverter for property [models.Pelicula:genero]
2026-02-10 10:57:35.268 [main] DEBUG org.hibernate.cfg.annotations.BasicValueBinder - building BasicValue for genero
2026-02-10 10:57:35.268 [main] DEBUG org.hibernate.mapping.BasicValue - Skipping column re-registration: pelicula.genero
2026-02-10 10:57:35.268 [main] DEBUG org.hibernate.cfg.annotations.PropertyBinder - Building property genero
2026-02-10 10:57:35.269 [main] DEBUG org.hibernate.cfg.AnnotatedColumn - Binding column: Column{table=Table(pelicula), mappingColumn=salas_ORDER, insertable=true, updatable=true, unique=false}
2026-02-10 10:57:35.269 [main] DEBUG org.hibernate.cfg.AnnotatedColumn - Binding column: Column{table=Table(pelicula), mappingColumn=element, insertable=true, updatable=true, unique=false}
2026-02-10 10:57:35.269 [main] DEBUG org.hibernate.cfg.AnnotatedColumn - Binding column: Column{table=Table(pelicula), mappingColumn=salas_KEY, insertable=true, updatable=true, unique=false}
2026-02-10 10:57:35.269 [main] DEBUG org.hibernate.cfg.AnnotatedColumn - Binding column: JoinColumn{logicalColumnName='salas_KEY', referencedColumn='null', mappedBy='null'}
2026-02-10 10:57:35.269 [main] DEBUG org.hibernate.cfg.AnnotatedColumn - Binding column: JoinColumn{logicalColumnName='null', referencedColumn='null', mappedBy='peliculas'}
2026-02-10 10:57:35.271 [main] DEBUG org.hibernate.cfg.AnnotatedColumn - Binding column: JoinColumn{logicalColumnName='null', referencedColumn='null', mappedBy='peliculas'}
2026-02-10 10:57:35.271 [main] DEBUG org.hibernate.cfg.annotations.CollectionBinder - Collection role: models.Pelicula.salas
2026-02-10 10:57:35.271 [main] DEBUG org.hibernate.cfg.annotations.PropertyBinder - Building property salas
2026-02-10 10:57:35.271 [main] DEBUG org.hibernate.cfg.AnnotatedColumn - Binding column: Column{table=Table(pelicula), mappingColumn=titulo, insertable=true, updatable=true, unique=false}
2026-02-10 10:57:35.271 [main] DEBUG org.hibernate.cfg.annotations.PropertyBinder - MetadataSourceProcessor property titulo with lazy=false
2026-02-10 10:57:35.271 [main] DEBUG org.hibernate.cfg.AbstractPropertyHolder - Attempting to locate auto-apply AttributeConverter for property [models.Pelicula:titulo]
2026-02-10 10:57:35.271 [main] DEBUG org.hibernate.cfg.annotations.BasicValueBinder - building BasicValue for titulo
2026-02-10 10:57:35.271 [main] DEBUG org.hibernate.mapping.BasicValue - Skipping column re-registration: pelicula.titulo
2026-02-10 10:57:35.271 [main] DEBUG org.hibernate.cfg.annotations.PropertyBinder - Building property titulo
2026-02-10 10:57:35.273 [main] DEBUG org.hibernate.cfg.annotations.BasicValueBinder - Starting `BasicValueBinder#fillSimpleValue` for idCine
2026-02-10 10:57:35.273 [main] DEBUG org.hibernate.cfg.annotations.BasicValueBinder - Starting `BasicValueBinder#fillSimpleValue` for nombre
2026-02-10 10:57:35.274 [main] DEBUG org.hibernate.cfg.annotations.BasicValueBinder - Starting `BasicValueBinder#fillSimpleValue` for ubicacion
2026-02-10 10:57:35.274 [main] DEBUG org.hibernate.cfg.annotations.BasicValueBinder - Starting `BasicValueBinder#fillSimpleValue` for idSala
2026-02-10 10:57:35.274 [main] DEBUG org.hibernate.cfg.annotations.BasicValueBinder - Starting `BasicValueBinder#fillSimpleValue` for capacidad
2026-02-10 10:57:35.274 [main] DEBUG org.hibernate.cfg.annotations.BasicValueBinder - Starting `BasicValueBinder#fillSimpleValue` for nombre
2026-02-10 10:57:35.274 [main] DEBUG org.hibernate.cfg.annotations.BasicValueBinder - Starting `BasicValueBinder#fillSimpleValue` for idPelicula
2026-02-10 10:57:35.274 [main] DEBUG org.hibernate.cfg.annotations.BasicValueBinder - Starting `BasicValueBinder#fillSimpleValue` for duracion
2026-02-10 10:57:35.274 [main] DEBUG org.hibernate.cfg.annotations.BasicValueBinder - Starting `BasicValueBinder#fillSimpleValue` for genero
2026-02-10 10:57:35.274 [main] DEBUG org.hibernate.cfg.annotations.BasicValueBinder - Starting `BasicValueBinder#fillSimpleValue` for titulo
2026-02-10 10:57:35.278 [main] DEBUG org.hibernate.mapping.PrimaryKey - Forcing column [idcine] to be non-null as it is part of the primary key for table [cine]
2026-02-10 10:57:35.278 [main] DEBUG org.hibernate.mapping.PrimaryKey - Forcing column [idsala] to be non-null as it is part of the primary key for table [sala]
2026-02-10 10:57:35.278 [main] DEBUG org.hibernate.mapping.PrimaryKey - Forcing column [idpelicula] to be non-null as it is part of the primary key for table [pelicula]
2026-02-10 10:57:35.278 [main] DEBUG org.hibernate.cfg.CollectionSecondPass - Second pass for collection: models.Sala.peliculas
2026-02-10 10:57:35.279 [main] DEBUG org.hibernate.cfg.annotations.CollectionBinder - Binding a ManyToMany: models.Sala.peliculas
2026-02-10 10:57:35.283 [main] DEBUG org.hibernate.mapping.PrimaryKey - Forcing column [salas_idsala] to be non-null as it is part of the primary key for table [sala_pelicula]
2026-02-10 10:57:35.283 [main] DEBUG org.hibernate.mapping.PrimaryKey - Forcing column [peliculas_idpelicula] to be non-null as it is part of the primary key for table [sala_pelicula]
2026-02-10 10:57:35.283 [main] DEBUG org.hibernate.cfg.CollectionSecondPass - Mapped collection key: salas_idSala, element: peliculas_idPelicula
2026-02-10 10:57:35.284 [main] DEBUG org.hibernate.cfg.CollectionSecondPass - Second pass for collection: models.Cine.salas
2026-02-10 10:57:35.285 [main] DEBUG org.hibernate.cfg.annotations.CollectionBinder - Binding a OneToMany: models.Cine.salas through a foreign key
2026-02-10 10:57:35.285 [main] DEBUG org.hibernate.cfg.annotations.CollectionBinder - Mapping collection: models.Cine.salas -> sala
2026-02-10 10:57:35.286 [main] DEBUG org.hibernate.cfg.annotations.TableBinder - Retrieving property models.Sala.cine
2026-02-10 10:57:35.286 [main] DEBUG org.hibernate.cfg.CollectionSecondPass - Mapped collection key: cine, one-to-many: models.Sala
2026-02-10 10:57:35.286 [main] DEBUG org.hibernate.cfg.CollectionSecondPass - Second pass for collection: models.Pelicula.salas
2026-02-10 10:57:35.286 [main] DEBUG org.hibernate.cfg.annotations.CollectionBinder - Binding a ManyToMany: models.Pelicula.salas
2026-02-10 10:57:35.287 [main] DEBUG org.hibernate.cfg.annotations.TableBinder - Retrieving property models.Sala.peliculas
2026-02-10 10:57:35.287 [main] DEBUG org.hibernate.cfg.CollectionSecondPass - Mapped collection key: peliculas_idPelicula, element: salas_idSala
2026-02-10 10:57:35.287 [main] DEBUG org.hibernate.boot.internal.InFlightMetadataCollectorImpl - Resolving reference to class: models.Cine
2026-02-10 10:57:35.289 [main] DEBUG org.hibernate.boot.internal.InFlightMetadataCollectorImpl - Resolving reference to class: models.Pelicula
2026-02-10 10:57:35.289 [main] DEBUG org.hibernate.boot.internal.InFlightMetadataCollectorImpl - Resolving reference to class: models.Sala
2026-02-10 10:57:35.294 [main] DEBUG org.hibernate.boot.internal.InFlightMetadataCollectorImpl - Resolving reference to class: models.Cine
2026-02-10 10:57:35.294 [main] DEBUG org.hibernate.boot.internal.InFlightMetadataCollectorImpl - Resolving reference to class: models.Pelicula
2026-02-10 10:57:35.294 [main] DEBUG org.hibernate.boot.internal.InFlightMetadataCollectorImpl - Resolving reference to class: models.Sala
2026-02-10 10:57:35.321 [main] DEBUG org.hibernate.internal.SessionFactoryImpl - Building session factory
2026-02-10 10:57:35.355 [main] DEBUG org.hibernate.service.internal.SessionFactoryServiceRegistryImpl - EventListenerRegistry access via ServiceRegistry is deprecated.  Use `sessionFactory.getEventEngine().getListenerRegistry()` instead
2026-02-10 10:57:35.358 [main] DEBUG org.hibernate.internal.SessionFactoryImpl - Session factory constructed with filter configurations : {}
2026-02-10 10:57:35.358 [main] DEBUG org.hibernate.internal.SessionFactoryImpl - Instantiating session factory with properties: {hibernate.format_sql=false, java.specification.version=21, sun.cpu.isalist=amd64, sun.jnu.encoding=Cp1252, java.class.path=C:\Users\alumno\Desktop\SegundoDAM\Acceso a Datos\ExamenModelado\target\classes;C:\Users\alumno\.m2\repository\org\apache\logging\log4j\log4j-api\2.13.0\log4j-api-2.13.0.jar;C:\Users\alumno\.m2\repository\org\apache\logging\log4j\log4j-core\2.13.0\log4j-core-2.13.0.jar;C:\Users\alumno\.m2\repository\org\springframework\spring-orm\5.1.1.RELEASE\spring-orm-5.1.1.RELEASE.jar;C:\Users\alumno\.m2\repository\org\springframework\spring-beans\5.1.1.RELEASE\spring-beans-5.1.1.RELEASE.jar;C:\Users\alumno\.m2\repository\org\springframework\spring-core\5.1.1.RELEASE\spring-core-5.1.1.RELEASE.jar;C:\Users\alumno\.m2\repository\org\springframework\spring-jcl\5.1.1.RELEASE\spring-jcl-5.1.1.RELEASE.jar;C:\Users\alumno\.m2\repository\org\springframework\spring-jdbc\5.1.1.RELEASE\spring-jdbc-5.1.1.RELEASE.jar;C:\Users\alumno\.m2\repository\org\springframework\spring-tx\5.1.1.RELEASE\spring-tx-5.1.1.RELEASE.jar;C:\Users\alumno\.m2\repository\com\mysql\mysql-connector-j\8.0.31\mysql-connector-j-8.0.31.jar;C:\Users\alumno\.m2\repository\com\google\protobuf\protobuf-java\3.19.4\protobuf-java-3.19.4.jar;C:\Users\alumno\.m2\repository\org\hibernate\orm\hibernate-core\6.1.7.Final\hibernate-core-6.1.7.Final.jar;C:\Users\alumno\.m2\repository\jakarta\persistence\jakarta.persistence-api\3.0.0\jakarta.persistence-api-3.0.0.jar;C:\Users\alumno\.m2\repository\jakarta\transaction\jakarta.transaction-api\2.0.0\jakarta.transaction-api-2.0.0.jar;C:\Users\alumno\.m2\repository\org\jboss\logging\jboss-logging\3.4.3.Final\jboss-logging-3.4.3.Final.jar;C:\Users\alumno\.m2\repository\org\hibernate\common\hibernate-commons-annotations\6.0.6.Final\hibernate-commons-annotations-6.0.6.Final.jar;C:\Users\alumno\.m2\repository\org\jboss\jandex\2.4.2.Final\jandex-2.4.2.Final.jar;C:\Users\alumno\.m2\repository\com\fasterxml\classmate\1.5.1\classmate-1.5.1.jar;C:\Users\alumno\.m2\repository\net\bytebuddy\byte-buddy\1.12.18\byte-buddy-1.12.18.jar;C:\Users\alumno\.m2\repository\jakarta\xml\bind\jakarta.xml.bind-api\3.0.1\jakarta.xml.bind-api-3.0.1.jar;C:\Users\alumno\.m2\repository\com\sun\activation\jakarta.activation\2.0.1\jakarta.activation-2.0.1.jar;C:\Users\alumno\.m2\repository\org\glassfish\jaxb\jaxb-runtime\3.0.2\jaxb-runtime-3.0.2.jar;C:\Users\alumno\.m2\repository\org\glassfish\jaxb\jaxb-core\3.0.2\jaxb-core-3.0.2.jar;C:\Users\alumno\.m2\repository\org\glassfish\jaxb\txw2\3.0.2\txw2-3.0.2.jar;C:\Users\alumno\.m2\repository\com\sun\istack\istack-commons-runtime\4.0.1\istack-commons-runtime-4.0.1.jar;C:\Users\alumno\.m2\repository\jakarta\inject\jakarta.inject-api\2.0.0\jakarta.inject-api-2.0.0.jar;C:\Users\alumno\.m2\repository\org\antlr\antlr4-runtime\4.10.1\antlr4-runtime-4.10.1.jar, java.vm.vendor=Oracle Corporation, sun.arch.data.model=64, user.variant=, java.vendor.url=https://java.oracle.com/, user.timezone=Europe/Madrid, org.apache.logging.log4j.assignedSequences=9905, java.vm.specification.version=21, os.name=Windows 11, sun.java.launcher=SUN_STANDARD, user.country=ES, sun.boot.library.path=C:\Program Files\Java\jdk-21\bin, sun.java.command=controlador.GestionaFestivalCine, hibernate.use_sql_comments=true, jdk.debug=release, sun.cpu.endian=little, user.home=C:\Users\alumno, user.language=es, java.specification.vendor=Oracle Corporation, java.version.date=2025-07-15, java.home=C:\Program Files\Java\jdk-21, file.separator=\, java.vm.compressedOopsMode=Zero based, line.separator=
, java.vm.specification.vendor=Oracle Corporation, java.specification.name=Java Platform API Specification, hibernate.hbm2ddl.auto=create, user.script=, sun.management.compiler=HotSpot 64-Bit Tiered Compilers, java.runtime.version=21.0.8+12-LTS-250, user.name=alumno, stdout.encoding=UTF-8, path.separator=;, hibernate.connection.username=****, os.version=10.0, java.runtime.name=Java(TM) SE Runtime Environment, hibernate.connection.url=jdbc:mysql://localhost:3307/AngelaChica?createDatabaseIfNotExist=true, file.encoding=UTF-8, java.vm.name=Java HotSpot(TM) 64-Bit Server VM, hibernate.show_sql=false, hibernate.connection.driver_class=com.mysql.jdbc.Driver, java.vendor.url.bug=https://bugreport.java.com/bugreport/, java.io.tmpdir=C:\Users\alumno\AppData\Local\Temp\, java.version=21.0.8, user.dir=C:\Users\alumno\Desktop\SegundoDAM\Acceso a Datos\ExamenModelado, os.arch=amd64, java.vm.specification.name=Java Virtual Machine Specification, hibernate.connection.password=****, sun.os.patch.level=, hibernate.boot.CfgXmlAccessService.key=org.hibernate.boot.cfgxml.spi.LoadedConfig@21b6c9c2, native.encoding=Cp1252, java.library.path=C:\Program Files\Java\jdk-21\bin;C:\WINDOWS\Sun\Java\bin;C:\WINDOWS\system32;C:\WINDOWS;C:/Users/alumno/Desktop/sts-4.31.0.RELEASE//plugins/org.eclipse.justj.openjdk.hotspot.jre.full.win32.x86_64_21.0.7.v20250502-0916/jre/bin/server;C:/Users/alumno/Desktop/sts-4.31.0.RELEASE//plugins/org.eclipse.justj.openjdk.hotspot.jre.full.win32.x86_64_21.0.7.v20250502-0916/jre/bin;C:\Program Files\Common Files\Oracle\Java\javapath;C:\WINDOWS\system32;C:\WINDOWS;C:\WINDOWS\System32\Wbem;C:\WINDOWS\System32\WindowsPowerShell\v1.0\;C:\WINDOWS\System32\OpenSSH\;C:\Program Files\nodejs\;C:\Program Files\Docker\Docker\resources\bin;C:\Users\alumno\AppData\Local\Programs\Python\Python311\Scripts\;C:\Users\alumno\AppData\Local\Programs\Python\Python311\;C:\Users\alumno\AppData\Local\Programs\Python\Python313\Scripts\;C:\Users\alumno\AppData\Local\Programs\Python\Python313\;C:\Users\alumno\AppData\Local\Programs\Python\Launcher\;C:\Users\alumno\AppData\Local\Programs\Python\Python314\Scripts\;C:\Users\alumno\AppData\Local\Programs\Python\Python314\;C:\Users\alumno\AppData\Local\Microsoft\WindowsApps;C:\Users\alumno\AppData\Local\GitHubDesktop\bin;C:\Users\alumno\AppData\Local\Programs\Git\cmd;C:\Users\alumno\AppData\Local\Programs\Microsoft VS Code\bin;C:\Users\alumno\AppData\Local\Python\bin;C:\Users\alumno\AppData\Roaming\npm;C:\Users\alumno\Desktop\sts-4.31.0.RELEASE;;., stderr.encoding=UTF-8, java.vendor=Oracle Corporation, java.vm.info=mixed mode, sharing, java.vm.version=21.0.8+12-LTS-250, hibernate.bytecode.use_reflection_optimizer=false, sun.io.unicode.encoding=UnicodeLittle, hibernate.connection.pool_size=10, java.class.version=65.0}
2026-02-10 10:57:35.362 [main] DEBUG org.hibernate.internal.SessionFactoryImpl - Instantiated session factory
2026-02-10 10:57:35.379 [main] DEBUG org.hibernate.orm.query.plan.cache - Starting QueryPlanCache(2048)
2026-02-10 10:57:35.428 [main] DEBUG org.hibernate.query.sqm.function.SqmFunctionRegistry - Registered SqmFunctionTemplate [NamedSqmFunctionTemplate(max)] under max; prior registration was null
2026-02-10 10:57:35.428 [main] DEBUG org.hibernate.query.sqm.function.SqmFunctionRegistry - Registered SqmFunctionTemplate [NamedSqmFunctionTemplate(min)] under min; prior registration was null
2026-02-10 10:57:35.429 [main] DEBUG org.hibernate.query.sqm.function.SqmFunctionRegistry - Registered SqmFunctionTemplate [NamedSqmFunctionTemplate(sum)] under sum; prior registration was null
2026-02-10 10:57:35.429 [main] DEBUG org.hibernate.query.sqm.function.SqmFunctionRegistry - Registered SqmFunctionTemplate [NamedSqmFunctionTemplate(avg)] under avg; prior registration was null
2026-02-10 10:57:35.430 [main] DEBUG org.hibernate.query.sqm.function.SqmFunctionRegistry - Registered SqmFunctionTemplate [org.hibernate.dialect.function.CountFunction@3878be7b] under count; prior registration was null
2026-02-10 10:57:35.430 [main] DEBUG org.hibernate.query.sqm.function.SqmFunctionRegistry - Registered SqmFunctionTemplate [org.hibernate.dialect.function.EveryAnyEmulation@63f855b] under every; prior registration was null
2026-02-10 10:57:35.430 [main] DEBUG org.hibernate.query.sqm.function.SqmFunctionRegistry - Registered SqmFunctionTemplate [org.hibernate.dialect.function.EveryAnyEmulation@516592b1] under any; prior registration was null
2026-02-10 10:57:35.431 [main] DEBUG org.hibernate.query.sqm.function.SqmFunctionRegistry - Registered SqmFunctionTemplate [NamedSqmFunctionTemplate(round)] under round; prior registration was null
2026-02-10 10:57:35.431 [main] DEBUG org.hibernate.query.sqm.function.SqmFunctionRegistry - Registered SqmFunctionTemplate [NamedSqmFunctionTemplate(floor)] under floor; prior registration was null
2026-02-10 10:57:35.431 [main] DEBUG org.hibernate.query.sqm.function.SqmFunctionRegistry - Registered SqmFunctionTemplate [NamedSqmFunctionTemplate(ceiling)] under ceiling; prior registration was null
2026-02-10 10:57:35.431 [main] DEBUG org.hibernate.query.sqm.function.SqmFunctionRegistry - Registered SqmFunctionTemplate [NamedSqmFunctionTemplate(mod)] under mod; prior registration was null
2026-02-10 10:57:35.431 [main] DEBUG org.hibernate.query.sqm.function.SqmFunctionRegistry - Registered SqmFunctionTemplate [NamedSqmFunctionTemplate(abs)] under abs; prior registration was null
2026-02-10 10:57:35.431 [main] DEBUG org.hibernate.query.sqm.function.SqmFunctionRegistry - Registered SqmFunctionTemplate [NamedSqmFunctionTemplate(sign)] under sign; prior registration was null
2026-02-10 10:57:35.431 [main] DEBUG org.hibernate.query.sqm.function.SqmFunctionRegistry - Registered SqmFunctionTemplate [NamedSqmFunctionTemplate(sqrt)] under sqrt; prior registration was null
2026-02-10 10:57:35.431 [main] DEBUG org.hibernate.query.sqm.function.SqmFunctionRegistry - Registered SqmFunctionTemplate [NamedSqmFunctionTemplate(ln)] under ln; prior registration was null
2026-02-10 10:57:35.431 [main] DEBUG org.hibernate.query.sqm.function.SqmFunctionRegistry - Registered SqmFunctionTemplate [NamedSqmFunctionTemplate(exp)] under exp; prior registration was null
2026-02-10 10:57:35.431 [main] DEBUG org.hibernate.query.sqm.function.SqmFunctionRegistry - Registered SqmFunctionTemplate [NamedSqmFunctionTemplate(power)] under power; prior registration was null
2026-02-10 10:57:35.431 [main] DEBUG org.hibernate.query.sqm.function.SqmFunctionRegistry - Registered SqmFunctionTemplate [NamedSqmFunctionTemplate(sin)] under sin; prior registration was null
2026-02-10 10:57:35.431 [main] DEBUG org.hibernate.query.sqm.function.SqmFunctionRegistry - Registered SqmFunctionTemplate [NamedSqmFunctionTemplate(cos)] under cos; prior registration was null
2026-02-10 10:57:35.431 [main] DEBUG org.hibernate.query.sqm.function.SqmFunctionRegistry - Registered SqmFunctionTemplate [NamedSqmFunctionTemplate(tan)] under tan; prior registration was null
2026-02-10 10:57:35.431 [main] DEBUG org.hibernate.query.sqm.function.SqmFunctionRegistry - Registered SqmFunctionTemplate [NamedSqmFunctionTemplate(asin)] under asin; prior registration was null
2026-02-10 10:57:35.431 [main] DEBUG org.hibernate.query.sqm.function.SqmFunctionRegistry - Registered SqmFunctionTemplate [NamedSqmFunctionTemplate(acos)] under acos; prior registration was null
2026-02-10 10:57:35.431 [main] DEBUG org.hibernate.query.sqm.function.SqmFunctionRegistry - Registered SqmFunctionTemplate [NamedSqmFunctionTemplate(atan)] under atan; prior registration was null
2026-02-10 10:57:35.431 [main] DEBUG org.hibernate.query.sqm.function.SqmFunctionRegistry - Registered SqmFunctionTemplate [NamedSqmFunctionTemplate(atan2)] under atan2; prior registration was null
2026-02-10 10:57:35.432 [main] DEBUG org.hibernate.query.sqm.function.SqmFunctionRegistry - Registered SqmFunctionTemplate [NamedSqmFunctionTemplate(coalesce)] under coalesce; prior registration was null
2026-02-10 10:57:35.432 [main] DEBUG org.hibernate.query.sqm.function.SqmFunctionRegistry - Registered SqmFunctionTemplate [NamedSqmFunctionTemplate(nullif)] under nullif; prior registration was null
2026-02-10 10:57:35.432 [main] DEBUG org.hibernate.query.sqm.function.SqmFunctionRegistry - Registered SqmFunctionTemplate [NamedSqmFunctionTemplate(left)] under left; prior registration was null
2026-02-10 10:57:35.432 [main] DEBUG org.hibernate.query.sqm.function.SqmFunctionRegistry - Registered SqmFunctionTemplate [NamedSqmFunctionTemplate(right)] under right; prior registration was null
2026-02-10 10:57:35.432 [main] DEBUG org.hibernate.query.sqm.function.SqmFunctionRegistry - Registered SqmFunctionTemplate [NamedSqmFunctionTemplate(replace)] under replace; prior registration was null
2026-02-10 10:57:35.432 [main] DEBUG org.hibernate.query.sqm.function.SqmFunctionRegistry - Registered SqmFunctionTemplate [NamedSqmFunctionTemplate(concat)] under concat; prior registration was null
2026-02-10 10:57:35.433 [main] DEBUG org.hibernate.query.sqm.function.SqmFunctionRegistry - Registered SqmFunctionTemplate [NamedSqmFunctionTemplate(lower)] under lower; prior registration was null
2026-02-10 10:57:35.433 [main] DEBUG org.hibernate.query.sqm.function.SqmFunctionRegistry - Registered SqmFunctionTemplate [NamedSqmFunctionTemplate(upper)] under upper; prior registration was null
2026-02-10 10:57:35.433 [main] DEBUG org.hibernate.query.sqm.function.SqmFunctionRegistry - Registered SqmFunctionTemplate [NamedSqmFunctionTemplate(substring)] under substring; prior registration was null
2026-02-10 10:57:35.433 [main] DEBUG org.hibernate.query.sqm.function.SqmFunctionRegistry - Registered SqmFunctionTemplate [NamedSqmFunctionTemplate(locate)] under locate; prior registration was null
2026-02-10 10:57:35.433 [main] DEBUG org.hibernate.query.sqm.function.SqmFunctionRegistry - Registered SqmFunctionTemplate [NamedSqmFunctionTemplate(character_length)] under character_length; prior registration was null
2026-02-10 10:57:35.433 [main] DEBUG org.hibernate.query.sqm.function.SqmFunctionRegistry - Registering alternate key : length -> character_length
2026-02-10 10:57:35.434 [main] DEBUG org.hibernate.query.sqm.function.SqmFunctionRegistry - Registered SqmFunctionTemplate [org.hibernate.dialect.function.LocatePositionEmulation@69aa7d76] under position; prior registration was null
2026-02-10 10:57:35.434 [main] DEBUG org.hibernate.query.sqm.function.SqmFunctionRegistry - Registered SqmFunctionTemplate [org.hibernate.dialect.function.InsertSubstringOverlayEmulation@3e8799f] under overlay; prior registration was null
2026-02-10 10:57:35.434 [main] DEBUG org.hibernate.query.sqm.function.SqmFunctionRegistry - Registered SqmFunctionTemplate [org.hibernate.dialect.function.TrimFunction@41ccb3b9] under trim; prior registration was null
2026-02-10 10:57:35.435 [main] DEBUG org.hibernate.query.sqm.function.SqmFunctionRegistry - Registered SqmFunctionTemplate [org.hibernate.dialect.function.CastFunction@4dc7cd1c] under cast; prior registration was null
2026-02-10 10:57:35.438 [main] DEBUG org.hibernate.query.sqm.function.SqmFunctionRegistry - Registered SqmFunctionTemplate [org.hibernate.query.sqm.function.PatternBasedSqmFunctionDescriptor@4733f6f5] under collate; prior registration was null
2026-02-10 10:57:35.439 [main] DEBUG org.hibernate.query.sqm.function.SqmFunctionRegistry - Registered SqmFunctionTemplate [org.hibernate.dialect.function.ExtractFunction@6c8f60f3] under extract; prior registration was null
2026-02-10 10:57:35.439 [main] DEBUG org.hibernate.query.sqm.function.SqmFunctionRegistry - Registered SqmFunctionTemplate [NamedSqmFunctionTemplate(least)] under least; prior registration was null
2026-02-10 10:57:35.439 [main] DEBUG org.hibernate.query.sqm.function.SqmFunctionRegistry - Registered SqmFunctionTemplate [NamedSqmFunctionTemplate(greatest)] under greatest; prior registration was null
2026-02-10 10:57:35.439 [main] DEBUG org.hibernate.query.sqm.function.SqmFunctionRegistry - Registered SqmFunctionTemplate [org.hibernate.dialect.function.CoalesceIfnullEmulation@4fb56bea] under ifnull; prior registration was null
2026-02-10 10:57:35.439 [main] DEBUG org.hibernate.query.sqm.function.SqmFunctionRegistry - Registered SqmFunctionTemplate [NamedSqmFunctionTemplate(lpad)] under lpad; prior registration was null
2026-02-10 10:57:35.439 [main] DEBUG org.hibernate.query.sqm.function.SqmFunctionRegistry - Registered SqmFunctionTemplate [NamedSqmFunctionTemplate(rpad)] under rpad; prior registration was null
2026-02-10 10:57:35.440 [main] DEBUG org.hibernate.query.sqm.function.SqmFunctionRegistry - Registered SqmFunctionTemplate [org.hibernate.dialect.function.LpadRpadPadEmulation@733ec58b] under pad; prior registration was null
2026-02-10 10:57:35.440 [main] DEBUG org.hibernate.query.sqm.function.SqmFunctionRegistry - Registered SqmFunctionTemplate [org.hibernate.dialect.function.CastStrEmulation@535b1ae6] under str; prior registration was null
2026-02-10 10:57:35.441 [main] DEBUG org.hibernate.query.sqm.function.SqmFunctionRegistry - Registered SqmFunctionTemplate [org.hibernate.dialect.function.FormatFunction@2da99821] under format; prior registration was null
2026-02-10 10:57:35.441 [main] DEBUG org.hibernate.query.sqm.function.SqmFunctionRegistry - Registered SqmFunctionTemplate [org.hibernate.dialect.function.TimestampaddFunction@7161457] under timestampadd; prior registration was null
2026-02-10 10:57:35.441 [main] DEBUG org.hibernate.query.sqm.function.SqmFunctionRegistry - Registered SqmFunctionTemplate [org.hibernate.dialect.function.TimestampdiffFunction@20999517] under timestampdiff; prior registration was null
2026-02-10 10:57:35.441 [main] DEBUG org.hibernate.query.sqm.function.SqmFunctionRegistry - Registering alternate key : dateadd -> timestampadd
2026-02-10 10:57:35.441 [main] DEBUG org.hibernate.query.sqm.function.SqmFunctionRegistry - Registering alternate key : datediff -> timestampdiff
2026-02-10 10:57:35.442 [main] DEBUG org.hibernate.query.sqm.function.SqmFunctionRegistry - Registered SqmFunctionTemplate [org.hibernate.dialect.function.CurrentFunction@479ac2cb] under current_date; prior registration was null
2026-02-10 10:57:35.442 [main] DEBUG org.hibernate.query.sqm.function.SqmFunctionRegistry - Registered SqmFunctionTemplate [org.hibernate.dialect.function.CurrentFunction@220c9a63] under current_time; prior registration was null
2026-02-10 10:57:35.442 [main] DEBUG org.hibernate.query.sqm.function.SqmFunctionRegistry - Registered SqmFunctionTemplate [org.hibernate.dialect.function.CurrentFunction@55b5cd2b] under current_timestamp; prior registration was null
2026-02-10 10:57:35.442 [main] DEBUG org.hibernate.query.sqm.function.SqmFunctionRegistry - Registering alternate key : current date -> current_date
2026-02-10 10:57:35.442 [main] DEBUG org.hibernate.query.sqm.function.SqmFunctionRegistry - Registering alternate key : current time -> current_time
2026-02-10 10:57:35.442 [main] DEBUG org.hibernate.query.sqm.function.SqmFunctionRegistry - Registering alternate key : current timestamp -> current_timestamp
2026-02-10 10:57:35.442 [main] DEBUG org.hibernate.query.sqm.function.SqmFunctionRegistry - Registered SqmFunctionTemplate [org.hibernate.dialect.function.CurrentFunction@40bb4f87] under local_date; prior registration was null
2026-02-10 10:57:35.442 [main] DEBUG org.hibernate.query.sqm.function.SqmFunctionRegistry - Registered SqmFunctionTemplate [org.hibernate.dialect.function.CurrentFunction@51a651c1] under local_time; prior registration was null
2026-02-10 10:57:35.442 [main] DEBUG org.hibernate.query.sqm.function.SqmFunctionRegistry - Registered SqmFunctionTemplate [org.hibernate.dialect.function.CurrentFunction@173f1614] under local_datetime; prior registration was null
2026-02-10 10:57:35.442 [main] DEBUG org.hibernate.query.sqm.function.SqmFunctionRegistry - Registered SqmFunctionTemplate [org.hibernate.dialect.function.CurrentFunction@6c184d4d] under offset_datetime; prior registration was null
2026-02-10 10:57:35.442 [main] DEBUG org.hibernate.query.sqm.function.SqmFunctionRegistry - Registering alternate key : local date -> local_date
2026-02-10 10:57:35.442 [main] DEBUG org.hibernate.query.sqm.function.SqmFunctionRegistry - Registering alternate key : local time -> local_time
2026-02-10 10:57:35.442 [main] DEBUG org.hibernate.query.sqm.function.SqmFunctionRegistry - Registering alternate key : local datetime -> local_datetime
2026-02-10 10:57:35.442 [main] DEBUG org.hibernate.query.sqm.function.SqmFunctionRegistry - Registering alternate key : offset datetime -> offset_datetime
2026-02-10 10:57:35.442 [main] DEBUG org.hibernate.query.sqm.function.SqmFunctionRegistry - Registered SqmFunctionTemplate [org.hibernate.dialect.function.CurrentFunction@7645f03e] under instant; prior registration was null
2026-02-10 10:57:35.442 [main] DEBUG org.hibernate.query.sqm.function.SqmFunctionRegistry - Registering alternate key : current_instant -> instant
2026-02-10 10:57:35.442 [main] DEBUG org.hibernate.query.sqm.function.SqmFunctionRegistry - Registered SqmFunctionTemplate [org.hibernate.dialect.function.SqlFunction@daf22f0] under sql; prior registration was null
2026-02-10 10:57:35.442 [main] DEBUG org.hibernate.query.sqm.function.SqmFunctionRegistry - Registered SqmFunctionTemplate [NamedSqmFunctionTemplate(soundex)] under soundex; prior registration was null
2026-02-10 10:57:35.442 [main] DEBUG org.hibernate.query.sqm.function.SqmFunctionRegistry - Registered SqmFunctionTemplate [NamedSqmFunctionTemplate(radians)] under radians; prior registration was null
2026-02-10 10:57:35.442 [main] DEBUG org.hibernate.query.sqm.function.SqmFunctionRegistry - Registered SqmFunctionTemplate [NamedSqmFunctionTemplate(degrees)] under degrees; prior registration was null
2026-02-10 10:57:35.442 [main] DEBUG org.hibernate.query.sqm.function.SqmFunctionRegistry - Registered SqmFunctionTemplate [NamedSqmFunctionTemplate(cot)] under cot; prior registration was null
2026-02-10 10:57:35.442 [main] DEBUG org.hibernate.query.sqm.function.SqmFunctionRegistry - Registered SqmFunctionTemplate [NamedSqmFunctionTemplate(log)] under log; prior registration was null
2026-02-10 10:57:35.443 [main] DEBUG org.hibernate.query.sqm.function.SqmFunctionRegistry - Registered SqmFunctionTemplate [NamedSqmFunctionTemplate(log2)] under log2; prior registration was null
2026-02-10 10:57:35.443 [main] DEBUG org.hibernate.query.sqm.function.SqmFunctionRegistry - Registered SqmFunctionTemplate [NamedSqmFunctionTemplate(log10)] under log10; prior registration was null
2026-02-10 10:57:35.443 [main] DEBUG org.hibernate.query.sqm.function.SqmFunctionRegistry - Registered SqmFunctionTemplate [NamedSqmFunctionTemplate(pi)] under pi; prior registration was null
2026-02-10 10:57:35.443 [main] DEBUG org.hibernate.query.sqm.function.SqmFunctionRegistry - Registered SqmFunctionTemplate [NamedSqmFunctionTemplate(ltrim)] under ltrim; prior registration was null
2026-02-10 10:57:35.443 [main] DEBUG org.hibernate.query.sqm.function.SqmFunctionRegistry - Registered SqmFunctionTemplate [NamedSqmFunctionTemplate(rtrim)] under rtrim; prior registration was null
2026-02-10 10:57:35.443 [main] DEBUG org.hibernate.query.sqm.function.SqmFunctionRegistry - Registered SqmFunctionTemplate [NamedSqmFunctionTemplate(octet_length)] under octet_length; prior registration was null
2026-02-10 10:57:35.443 [main] DEBUG org.hibernate.query.sqm.function.SqmFunctionRegistry - Registered SqmFunctionTemplate [NamedSqmFunctionTemplate(reverse)] under reverse; prior registration was null
2026-02-10 10:57:35.443 [main] DEBUG org.hibernate.query.sqm.function.SqmFunctionRegistry - Registered SqmFunctionTemplate [NamedSqmFunctionTemplate(space)] under space; prior registration was null
2026-02-10 10:57:35.443 [main] DEBUG org.hibernate.query.sqm.function.SqmFunctionRegistry - Registered SqmFunctionTemplate [NamedSqmFunctionTemplate(repeat)] under repeat; prior registration was null
2026-02-10 10:57:35.443 [main] DEBUG org.hibernate.query.sqm.function.SqmFunctionRegistry - Registered SqmFunctionTemplate [org.hibernate.query.sqm.function.MultipatternSqmFunctionDescriptor@5426cb36] under lpad; prior registration was NamedSqmFunctionTemplate(lpad)
2026-02-10 10:57:35.443 [main] DEBUG org.hibernate.query.sqm.function.SqmFunctionRegistry - Registered SqmFunctionTemplate [org.hibernate.query.sqm.function.MultipatternSqmFunctionDescriptor@65e22def] under rpad; prior registration was NamedSqmFunctionTemplate(rpad)
2026-02-10 10:57:35.443 [main] DEBUG org.hibernate.query.sqm.function.SqmFunctionRegistry - Registered SqmFunctionTemplate [NamedSqmFunctionTemplate(md5)] under md5; prior registration was null
2026-02-10 10:57:35.443 [main] DEBUG org.hibernate.query.sqm.function.SqmFunctionRegistry - Registered SqmFunctionTemplate [NamedSqmFunctionTemplate(day)] under day; prior registration was null
2026-02-10 10:57:35.443 [main] DEBUG org.hibernate.query.sqm.function.SqmFunctionRegistry - Registered SqmFunctionTemplate [NamedSqmFunctionTemplate(month)] under month; prior registration was null
2026-02-10 10:57:35.443 [main] DEBUG org.hibernate.query.sqm.function.SqmFunctionRegistry - Registered SqmFunctionTemplate [NamedSqmFunctionTemplate(year)] under year; prior registration was null
2026-02-10 10:57:35.443 [main] DEBUG org.hibernate.query.sqm.function.SqmFunctionRegistry - Registered SqmFunctionTemplate [NamedSqmFunctionTemplate(hour)] under hour; prior registration was null
2026-02-10 10:57:35.443 [main] DEBUG org.hibernate.query.sqm.function.SqmFunctionRegistry - Registered SqmFunctionTemplate [NamedSqmFunctionTemplate(minute)] under minute; prior registration was null
2026-02-10 10:57:35.443 [main] DEBUG org.hibernate.query.sqm.function.SqmFunctionRegistry - Registered SqmFunctionTemplate [NamedSqmFunctionTemplate(second)] under second; prior registration was null
2026-02-10 10:57:35.443 [main] DEBUG org.hibernate.query.sqm.function.SqmFunctionRegistry - Registered SqmFunctionTemplate [NamedSqmFunctionTemplate(microsecond)] under microsecond; prior registration was null
2026-02-10 10:57:35.443 [main] DEBUG org.hibernate.query.sqm.function.SqmFunctionRegistry - Registered SqmFunctionTemplate [NamedSqmFunctionTemplate(dayofweek)] under dayofweek; prior registration was null
2026-02-10 10:57:35.443 [main] DEBUG org.hibernate.query.sqm.function.SqmFunctionRegistry - Registered SqmFunctionTemplate [NamedSqmFunctionTemplate(dayofmonth)] under dayofmonth; prior registration was null
2026-02-10 10:57:35.443 [main] DEBUG org.hibernate.query.sqm.function.SqmFunctionRegistry - Registering alternate key : day -> dayofmonth
2026-02-10 10:57:35.443 [main] DEBUG org.hibernate.query.sqm.function.SqmFunctionRegistry - Registered SqmFunctionTemplate [NamedSqmFunctionTemplate(dayofyear)] under dayofyear; prior registration was null
2026-02-10 10:57:35.443 [main] DEBUG org.hibernate.query.sqm.function.SqmFunctionRegistry - Registered SqmFunctionTemplate [NamedSqmFunctionTemplate(week)] under week; prior registration was null
2026-02-10 10:57:35.443 [main] DEBUG org.hibernate.query.sqm.function.SqmFunctionRegistry - Registered SqmFunctionTemplate [NamedSqmFunctionTemplate(quarter)] under quarter; prior registration was null
2026-02-10 10:57:35.444 [main] DEBUG org.hibernate.query.sqm.function.SqmFunctionRegistry - Registered SqmFunctionTemplate [NamedSqmFunctionTemplate(monthname)] under monthname; prior registration was null
2026-02-10 10:57:35.444 [main] DEBUG org.hibernate.query.sqm.function.SqmFunctionRegistry - Registered SqmFunctionTemplate [NamedSqmFunctionTemplate(dayname)] under dayname; prior registration was null
2026-02-10 10:57:35.444 [main] DEBUG org.hibernate.query.sqm.function.SqmFunctionRegistry - Registered SqmFunctionTemplate [NamedSqmFunctionTemplate(last_day)] under last_day; prior registration was null
2026-02-10 10:57:35.444 [main] DEBUG org.hibernate.query.sqm.function.SqmFunctionRegistry - Registered SqmFunctionTemplate [NamedSqmFunctionTemplate(date)] under date; prior registration was null
2026-02-10 10:57:35.444 [main] DEBUG org.hibernate.query.sqm.function.SqmFunctionRegistry - Registered SqmFunctionTemplate [NamedSqmFunctionTemplate(timestamp)] under timestamp; prior registration was null
2026-02-10 10:57:35.444 [main] DEBUG org.hibernate.query.sqm.function.SqmFunctionRegistry - Registered SqmFunctionTemplate [NamedSqmFunctionTemplate(time)] under time; prior registration was null
2026-02-10 10:57:35.444 [main] DEBUG org.hibernate.query.sqm.function.SqmFunctionRegistry - Registered SqmFunctionTemplate [NamedSqmFunctionTemplate(utc_date)] under utc_date; prior registration was null
2026-02-10 10:57:35.444 [main] DEBUG org.hibernate.query.sqm.function.SqmFunctionRegistry - Registered SqmFunctionTemplate [NamedSqmFunctionTemplate(utc_time)] under utc_time; prior registration was null
2026-02-10 10:57:35.444 [main] DEBUG org.hibernate.query.sqm.function.SqmFunctionRegistry - Registered SqmFunctionTemplate [NamedSqmFunctionTemplate(utc_timestamp)] under utc_timestamp; prior registration was null
2026-02-10 10:57:35.444 [main] DEBUG org.hibernate.query.sqm.function.SqmFunctionRegistry - Registered SqmFunctionTemplate [NamedSqmFunctionTemplate(rand)] under rand; prior registration was null
2026-02-10 10:57:35.444 [main] DEBUG org.hibernate.query.sqm.function.SqmFunctionRegistry - Registered SqmFunctionTemplate [NamedSqmFunctionTemplate(crc32)] under crc32; prior registration was null
2026-02-10 10:57:35.444 [main] DEBUG org.hibernate.query.sqm.function.SqmFunctionRegistry - Registered SqmFunctionTemplate [NamedSqmFunctionTemplate(sha1)] under sha1; prior registration was null
2026-02-10 10:57:35.444 [main] DEBUG org.hibernate.query.sqm.function.SqmFunctionRegistry - Registered SqmFunctionTemplate [NamedSqmFunctionTemplate(sha2)] under sha2; prior registration was null
2026-02-10 10:57:35.444 [main] DEBUG org.hibernate.query.sqm.function.SqmFunctionRegistry - Registered SqmFunctionTemplate [NamedSqmFunctionTemplate(sha)] under sha; prior registration was null
2026-02-10 10:57:35.444 [main] DEBUG org.hibernate.query.sqm.function.SqmFunctionRegistry - Registered SqmFunctionTemplate [NamedSqmFunctionTemplate(bit_length)] under bit_length; prior registration was null
2026-02-10 10:57:35.444 [main] DEBUG org.hibernate.query.sqm.function.SqmFunctionRegistry - Registered SqmFunctionTemplate [NamedSqmFunctionTemplate(octet_length)] under octet_length; prior registration was NamedSqmFunctionTemplate(octet_length)
2026-02-10 10:57:35.444 [main] DEBUG org.hibernate.query.sqm.function.SqmFunctionRegistry - Registered SqmFunctionTemplate [NamedSqmFunctionTemplate(ascii)] under ascii; prior registration was null
2026-02-10 10:57:35.444 [main] DEBUG org.hibernate.query.sqm.function.SqmFunctionRegistry - Registered SqmFunctionTemplate [NamedSqmFunctionTemplate(char)] under char; prior registration was null
2026-02-10 10:57:35.444 [main] DEBUG org.hibernate.query.sqm.function.SqmFunctionRegistry - Registering alternate key : chr -> char
2026-02-10 10:57:35.444 [main] DEBUG org.hibernate.query.sqm.function.SqmFunctionRegistry - Registered SqmFunctionTemplate [NamedSqmFunctionTemplate(instr)] under instr; prior registration was null
2026-02-10 10:57:35.444 [main] DEBUG org.hibernate.query.sqm.function.SqmFunctionRegistry - Registered SqmFunctionTemplate [NamedSqmFunctionTemplate(substr)] under substr; prior registration was null
2026-02-10 10:57:35.444 [main] DEBUG org.hibernate.query.sqm.function.SqmFunctionRegistry - Registered SqmFunctionTemplate [org.hibernate.query.sqm.function.PatternBasedSqmFunctionDescriptor@4b1ec694] under position; prior registration was org.hibernate.dialect.function.LocatePositionEmulation@69aa7d76
2026-02-10 10:57:35.444 [main] DEBUG org.hibernate.query.sqm.function.SqmFunctionRegistry - Registered SqmFunctionTemplate [NamedSqmFunctionTemplate(curtime)] under curtime; prior registration was null
2026-02-10 10:57:35.444 [main] DEBUG org.hibernate.query.sqm.function.SqmFunctionRegistry - Registered SqmFunctionTemplate [NamedSqmFunctionTemplate(curdate)] under curdate; prior registration was null
2026-02-10 10:57:35.444 [main] DEBUG org.hibernate.query.sqm.function.SqmFunctionRegistry - Registered SqmFunctionTemplate [NamedSqmFunctionTemplate(now)] under now; prior registration was null
2026-02-10 10:57:35.444 [main] DEBUG org.hibernate.query.sqm.function.SqmFunctionRegistry - Registered SqmFunctionTemplate [NamedSqmFunctionTemplate(truncate)] under truncate; prior registration was null
2026-02-10 10:57:35.444 [main] DEBUG org.hibernate.query.sqm.function.SqmFunctionRegistry - Registered SqmFunctionTemplate [NamedSqmFunctionTemplate(insert)] under insert; prior registration was null
2026-02-10 10:57:35.444 [main] DEBUG org.hibernate.query.sqm.function.SqmFunctionRegistry - Registered SqmFunctionTemplate [org.hibernate.query.sqm.function.PatternBasedSqmFunctionDescriptor@3d299393] under bitand; prior registration was null
2026-02-10 10:57:35.444 [main] DEBUG org.hibernate.query.sqm.function.SqmFunctionRegistry - Registered SqmFunctionTemplate [org.hibernate.query.sqm.function.PatternBasedSqmFunctionDescriptor@5f34907b] under bitor; prior registration was null
2026-02-10 10:57:35.444 [main] DEBUG org.hibernate.query.sqm.function.SqmFunctionRegistry - Registered SqmFunctionTemplate [org.hibernate.query.sqm.function.PatternBasedSqmFunctionDescriptor@2b4d4327] under bitxor; prior registration was null
2026-02-10 10:57:35.444 [main] DEBUG org.hibernate.query.sqm.function.SqmFunctionRegistry - Registered SqmFunctionTemplate [org.hibernate.query.sqm.function.PatternBasedSqmFunctionDescriptor@16da1abc] under bitnot; prior registration was null
2026-02-10 10:57:35.444 [main] DEBUG org.hibernate.query.sqm.function.SqmFunctionRegistry - Registered SqmFunctionTemplate [NamedSqmFunctionTemplate(bit_and)] under bit_and; prior registration was null
2026-02-10 10:57:35.444 [main] DEBUG org.hibernate.query.sqm.function.SqmFunctionRegistry - Registered SqmFunctionTemplate [NamedSqmFunctionTemplate(bit_or)] under bit_or; prior registration was null
2026-02-10 10:57:35.444 [main] DEBUG org.hibernate.query.sqm.function.SqmFunctionRegistry - Registered SqmFunctionTemplate [NamedSqmFunctionTemplate(stddev)] under stddev; prior registration was null
2026-02-10 10:57:35.444 [main] DEBUG org.hibernate.query.sqm.function.SqmFunctionRegistry - Registered SqmFunctionTemplate [NamedSqmFunctionTemplate(stddev_pop)] under stddev_pop; prior registration was null
2026-02-10 10:57:35.444 [main] DEBUG org.hibernate.query.sqm.function.SqmFunctionRegistry - Registered SqmFunctionTemplate [NamedSqmFunctionTemplate(stddev_samp)] under stddev_samp; prior registration was null
2026-02-10 10:57:35.444 [main] DEBUG org.hibernate.query.sqm.function.SqmFunctionRegistry - Registered SqmFunctionTemplate [NamedSqmFunctionTemplate(variance)] under variance; prior registration was null
2026-02-10 10:57:35.444 [main] DEBUG org.hibernate.query.sqm.function.SqmFunctionRegistry - Registered SqmFunctionTemplate [NamedSqmFunctionTemplate(var_pop)] under var_pop; prior registration was null
2026-02-10 10:57:35.444 [main] DEBUG org.hibernate.query.sqm.function.SqmFunctionRegistry - Registered SqmFunctionTemplate [NamedSqmFunctionTemplate(var_samp)] under var_samp; prior registration was null
2026-02-10 10:57:35.445 [main] DEBUG org.hibernate.query.sqm.function.SqmFunctionRegistry - Registered SqmFunctionTemplate [NamedSqmFunctionTemplate(datediff)] under datediff; prior registration was null
2026-02-10 10:57:35.445 [main] DEBUG org.hibernate.query.sqm.function.SqmFunctionRegistry - Registered SqmFunctionTemplate [NamedSqmFunctionTemplate(adddate)] under adddate; prior registration was null
2026-02-10 10:57:35.445 [main] DEBUG org.hibernate.query.sqm.function.SqmFunctionRegistry - Registered SqmFunctionTemplate [NamedSqmFunctionTemplate(subdate)] under subdate; prior registration was null
2026-02-10 10:57:35.445 [main] DEBUG org.hibernate.query.sqm.function.SqmFunctionRegistry - Registered SqmFunctionTemplate [NamedSqmFunctionTemplate(addtime)] under addtime; prior registration was null
2026-02-10 10:57:35.445 [main] DEBUG org.hibernate.query.sqm.function.SqmFunctionRegistry - Registered SqmFunctionTemplate [NamedSqmFunctionTemplate(subtime)] under subtime; prior registration was null
2026-02-10 10:57:35.445 [main] DEBUG org.hibernate.query.sqm.function.SqmFunctionRegistry - Registered SqmFunctionTemplate [org.hibernate.dialect.function.FormatFunction@671ea6ff] under format; prior registration was org.hibernate.dialect.function.FormatFunction@2da99821
2026-02-10 10:57:35.445 [main] DEBUG org.hibernate.query.sqm.function.SqmFunctionRegistry - Registered SqmFunctionTemplate [NamedSqmFunctionTemplate(makedate)] under makedate; prior registration was null
2026-02-10 10:57:35.445 [main] DEBUG org.hibernate.query.sqm.function.SqmFunctionRegistry - Registered SqmFunctionTemplate [NamedSqmFunctionTemplate(maketime)] under maketime; prior registration was null
2026-02-10 10:57:35.445 [main] DEBUG org.hibernate.query.sqm.function.SqmFunctionRegistry - Registered SqmFunctionTemplate [NamedSqmFunctionTemplate(localtime)] under localtime; prior registration was null
2026-02-10 10:57:35.445 [main] DEBUG org.hibernate.query.sqm.function.SqmFunctionRegistry - Registered SqmFunctionTemplate [NamedSqmFunctionTemplate(localtimestamp)] under localtimestamp; prior registration was null
2026-02-10 10:57:35.445 [main] DEBUG org.hibernate.query.sqm.function.SqmFunctionRegistry - Registered SqmFunctionTemplate [NamedSqmFunctionTemplate(localtime)] under local_time; prior registration was org.hibernate.dialect.function.CurrentFunction@51a651c1
2026-02-10 10:57:35.445 [main] DEBUG org.hibernate.query.sqm.function.SqmFunctionRegistry - Registered SqmFunctionTemplate [NamedSqmFunctionTemplate(localtimestamp)] under local_datetime; prior registration was org.hibernate.dialect.function.CurrentFunction@173f1614
2026-02-10 10:57:35.445 [main] DEBUG org.hibernate.query.sqm.function.SqmFunctionRegistry - Registered SqmFunctionTemplate [NamedSqmFunctionTemplate(localtime)] under localtime; prior registration was NamedSqmFunctionTemplate(localtime)
2026-02-10 10:57:35.445 [main] DEBUG org.hibernate.query.sqm.function.SqmFunctionRegistry - Registered SqmFunctionTemplate [org.hibernate.query.sqm.function.PatternBasedSqmFunctionDescriptor@1c52552f] under sysdate; prior registration was null
2026-02-10 10:57:35.445 [main] DEBUG org.hibernate.query.sqm.function.SqmFunctionRegistry - Registered SqmFunctionTemplate [NamedSqmFunctionTemplate(row_number)] under row_number; prior registration was null
2026-02-10 10:57:35.445 [main] DEBUG org.hibernate.query.sqm.function.SqmFunctionRegistry - Registered SqmFunctionTemplate [NamedSqmFunctionTemplate(lag)] under lag; prior registration was null
2026-02-10 10:57:35.445 [main] DEBUG org.hibernate.query.sqm.function.SqmFunctionRegistry - Registered SqmFunctionTemplate [NamedSqmFunctionTemplate(lead)] under lead; prior registration was null
2026-02-10 10:57:35.445 [main] DEBUG org.hibernate.query.sqm.function.SqmFunctionRegistry - Registered SqmFunctionTemplate [NamedSqmFunctionTemplate(first_value)] under first_value; prior registration was null
2026-02-10 10:57:35.445 [main] DEBUG org.hibernate.query.sqm.function.SqmFunctionRegistry - Registered SqmFunctionTemplate [NamedSqmFunctionTemplate(last_value)] under last_value; prior registration was null
2026-02-10 10:57:35.447 [main] DEBUG org.hibernate.query.sqm.function.SqmFunctionRegistry - Registered SqmFunctionTemplate [NamedSqmFunctionTemplate(nth_value)] under nth_value; prior registration was null
2026-02-10 10:57:35.447 [main] DEBUG org.hibernate.query.sqm.function.SqmFunctionRegistry - Registered SqmFunctionTemplate [org.hibernate.dialect.function.ListaggGroupConcatEmulation@287ae90c] under listagg; prior registration was null
2026-02-10 10:57:35.450 [main] DEBUG org.hibernate.HQL_FUNCTIONS - abs(NUMERIC arg)
2026-02-10 10:57:35.450 [main] DEBUG org.hibernate.HQL_FUNCTIONS - Double acos(NUMERIC arg)
2026-02-10 10:57:35.450 [main] DEBUG org.hibernate.HQL_FUNCTIONS - adddate(DATE datetime, INTEGER days)
2026-02-10 10:57:35.450 [main] DEBUG org.hibernate.HQL_FUNCTIONS - addtime(TIME datetime, TIME time)
2026-02-10 10:57:35.450 [main] DEBUG org.hibernate.HQL_FUNCTIONS - Boolean any(BOOLEAN arg)
2026-02-10 10:57:35.450 [main] DEBUG org.hibernate.HQL_FUNCTIONS - Integer ascii(STRING arg)
2026-02-10 10:57:35.450 [main] DEBUG org.hibernate.HQL_FUNCTIONS - Double asin(NUMERIC arg)
2026-02-10 10:57:35.450 [main] DEBUG org.hibernate.HQL_FUNCTIONS - Double atan(NUMERIC arg)
2026-02-10 10:57:35.450 [main] DEBUG org.hibernate.HQL_FUNCTIONS - Double atan2(NUMERIC arg0, NUMERIC arg1)
2026-02-10 10:57:35.450 [main] DEBUG org.hibernate.HQL_FUNCTIONS - Double avg(NUMERIC arg)
2026-02-10 10:57:35.450 [main] DEBUG org.hibernate.HQL_FUNCTIONS - bit_and(arg)
2026-02-10 10:57:35.450 [main] DEBUG org.hibernate.HQL_FUNCTIONS - Integer bit_length(STRING_OR_CLOB arg)
2026-02-10 10:57:35.450 [main] DEBUG org.hibernate.HQL_FUNCTIONS - bit_or(arg)
2026-02-10 10:57:35.450 [main] DEBUG org.hibernate.HQL_FUNCTIONS - bitand(arg0, arg1)
2026-02-10 10:57:35.450 [main] DEBUG org.hibernate.HQL_FUNCTIONS - bitnot(arg)
2026-02-10 10:57:35.450 [main] DEBUG org.hibernate.HQL_FUNCTIONS - bitor(arg0, arg1)
2026-02-10 10:57:35.450 [main] DEBUG org.hibernate.HQL_FUNCTIONS - bitxor(arg0, arg1)
2026-02-10 10:57:35.450 [main] DEBUG org.hibernate.HQL_FUNCTIONS - cast(arg as Type)
2026-02-10 10:57:35.450 [main] DEBUG org.hibernate.HQL_FUNCTIONS - ceiling(NUMERIC arg)
2026-02-10 10:57:35.450 [main] DEBUG org.hibernate.HQL_FUNCTIONS - Character char(INTEGER arg)
2026-02-10 10:57:35.450 [main] DEBUG org.hibernate.HQL_FUNCTIONS - Integer character_length(STRING_OR_CLOB arg)
2026-02-10 10:57:35.450 [main] DEBUG org.hibernate.HQL_FUNCTIONS - coalesce(arg0[, arg1[, ...]])
2026-02-10 10:57:35.451 [main] DEBUG org.hibernate.HQL_FUNCTIONS - String collate(STRING string as COLLATION collation)
2026-02-10 10:57:35.451 [main] DEBUG org.hibernate.HQL_FUNCTIONS - String concat(STRING string0[, STRING string1[, ...]])
2026-02-10 10:57:35.451 [main] DEBUG org.hibernate.HQL_FUNCTIONS - Double cos(NUMERIC arg)
2026-02-10 10:57:35.451 [main] DEBUG org.hibernate.HQL_FUNCTIONS - Double cot(NUMERIC arg)
2026-02-10 10:57:35.451 [main] DEBUG org.hibernate.HQL_FUNCTIONS - Long count([distinct ]{arg|*})
2026-02-10 10:57:35.451 [main] DEBUG org.hibernate.HQL_FUNCTIONS - Integer crc32(arg)
2026-02-10 10:57:35.451 [main] DEBUG org.hibernate.HQL_FUNCTIONS - Date curdate()
2026-02-10 10:57:35.451 [main] DEBUG org.hibernate.HQL_FUNCTIONS - Date current_date
2026-02-10 10:57:35.451 [main] DEBUG org.hibernate.HQL_FUNCTIONS - Time current_time
2026-02-10 10:57:35.451 [main] DEBUG org.hibernate.HQL_FUNCTIONS - Timestamp current_timestamp
2026-02-10 10:57:35.451 [main] DEBUG org.hibernate.HQL_FUNCTIONS - Time curtime()
2026-02-10 10:57:35.451 [main] DEBUG org.hibernate.HQL_FUNCTIONS - Date date(arg)
2026-02-10 10:57:35.451 [main] DEBUG org.hibernate.HQL_FUNCTIONS - Integer datediff(DATE end, DATE start)
2026-02-10 10:57:35.451 [main] DEBUG org.hibernate.HQL_FUNCTIONS - Integer day(DATE arg)
2026-02-10 10:57:35.451 [main] DEBUG org.hibernate.HQL_FUNCTIONS - String dayname(DATE arg)
2026-02-10 10:57:35.451 [main] DEBUG org.hibernate.HQL_FUNCTIONS - Integer dayofmonth(DATE arg)
2026-02-10 10:57:35.451 [main] DEBUG org.hibernate.HQL_FUNCTIONS - Integer dayofweek(DATE arg)
2026-02-10 10:57:35.451 [main] DEBUG org.hibernate.HQL_FUNCTIONS - Integer dayofyear(DATE arg)
2026-02-10 10:57:35.451 [main] DEBUG org.hibernate.HQL_FUNCTIONS - Double degrees(NUMERIC arg)
2026-02-10 10:57:35.451 [main] DEBUG org.hibernate.HQL_FUNCTIONS - Boolean every(BOOLEAN arg)
2026-02-10 10:57:35.451 [main] DEBUG org.hibernate.HQL_FUNCTIONS - Double exp(NUMERIC arg)
2026-02-10 10:57:35.451 [main] DEBUG org.hibernate.HQL_FUNCTIONS - extract(TEMPORAL_UNIT field from TEMPORAL arg)
2026-02-10 10:57:35.451 [main] DEBUG org.hibernate.HQL_FUNCTIONS - first_valueANY value
2026-02-10 10:57:35.451 [main] DEBUG org.hibernate.HQL_FUNCTIONS - floor(NUMERIC arg)
2026-02-10 10:57:35.451 [main] DEBUG org.hibernate.HQL_FUNCTIONS - String format(TEMPORAL datetime as STRING pattern)
2026-02-10 10:57:35.451 [main] DEBUG org.hibernate.HQL_FUNCTIONS - greatest(COMPARABLE arg0, COMPARABLE arg1[, arg2[, ...]])
2026-02-10 10:57:35.451 [main] DEBUG org.hibernate.HQL_FUNCTIONS - Integer hour(TIME arg)
2026-02-10 10:57:35.451 [main] DEBUG org.hibernate.HQL_FUNCTIONS - ifnull(arg0, arg1)
2026-02-10 10:57:35.451 [main] DEBUG org.hibernate.HQL_FUNCTIONS - String insert(STRING string, INTEGER start, INTEGER length, STRING replacement)
2026-02-10 10:57:35.451 [main] DEBUG org.hibernate.HQL_FUNCTIONS - Instant instant
2026-02-10 10:57:35.451 [main] DEBUG org.hibernate.HQL_FUNCTIONS - Integer instr(STRING string, STRING pattern[, INTEGER start[, INTEGER occurrence]])
2026-02-10 10:57:35.451 [main] DEBUG org.hibernate.HQL_FUNCTIONS - lagANY value[, INTEGER offset[, ANY default]]
2026-02-10 10:57:35.451 [main] DEBUG org.hibernate.HQL_FUNCTIONS - Date last_day(DATE arg)
2026-02-10 10:57:35.451 [main] DEBUG org.hibernate.HQL_FUNCTIONS - last_valueANY value
2026-02-10 10:57:35.451 [main] DEBUG org.hibernate.HQL_FUNCTIONS - leadANY value[, INTEGER offset[, ANY default]]
2026-02-10 10:57:35.451 [main] DEBUG org.hibernate.HQL_FUNCTIONS - least(COMPARABLE arg0, COMPARABLE arg1[, arg2[, ...]])
2026-02-10 10:57:35.451 [main] DEBUG org.hibernate.HQL_FUNCTIONS - String left(STRING string, INTEGER length)
2026-02-10 10:57:35.451 [main] DEBUG org.hibernate.HQL_FUNCTIONS - String listagg(STRING arg0, STRING arg1)
2026-02-10 10:57:35.451 [main] DEBUG org.hibernate.HQL_FUNCTIONS - Double ln(NUMERIC arg)
2026-02-10 10:57:35.451 [main] DEBUG org.hibernate.HQL_FUNCTIONS - LocalDate local_date
2026-02-10 10:57:35.451 [main] DEBUG org.hibernate.HQL_FUNCTIONS - LocalDateTime local_datetime
2026-02-10 10:57:35.451 [main] DEBUG org.hibernate.HQL_FUNCTIONS - LocalTime local_time
2026-02-10 10:57:35.451 [main] DEBUG org.hibernate.HQL_FUNCTIONS - Timestamp localtime
2026-02-10 10:57:35.451 [main] DEBUG org.hibernate.HQL_FUNCTIONS - Timestamp localtimestamp
2026-02-10 10:57:35.451 [main] DEBUG org.hibernate.HQL_FUNCTIONS - Integer locate(STRING pattern, STRING string[, INTEGER start])
2026-02-10 10:57:35.452 [main] DEBUG org.hibernate.HQL_FUNCTIONS - Double log(NUMERIC arg0[, NUMERIC arg1])
2026-02-10 10:57:35.452 [main] DEBUG org.hibernate.HQL_FUNCTIONS - Double log10(NUMERIC arg)
2026-02-10 10:57:35.452 [main] DEBUG org.hibernate.HQL_FUNCTIONS - Double log2(NUMERIC arg)
2026-02-10 10:57:35.452 [main] DEBUG org.hibernate.HQL_FUNCTIONS - String lower(STRING string)
2026-02-10 10:57:35.452 [main] DEBUG org.hibernate.HQL_FUNCTIONS - String lpad(string, length[, padding])
2026-02-10 10:57:35.452 [main] DEBUG org.hibernate.HQL_FUNCTIONS - String ltrim(STRING string[, STRING characters])
2026-02-10 10:57:35.452 [main] DEBUG org.hibernate.HQL_FUNCTIONS - Date makedate(INTEGER year, INTEGER dayofyear)
2026-02-10 10:57:35.452 [main] DEBUG org.hibernate.HQL_FUNCTIONS - Time maketime(INTEGER hour, INTEGER min, INTEGER sec)
2026-02-10 10:57:35.452 [main] DEBUG org.hibernate.HQL_FUNCTIONS - max(COMPARABLE arg)
2026-02-10 10:57:35.452 [main] DEBUG org.hibernate.HQL_FUNCTIONS - String md5(arg)
2026-02-10 10:57:35.452 [main] DEBUG org.hibernate.HQL_FUNCTIONS - Integer microsecond(TIME arg)
2026-02-10 10:57:35.452 [main] DEBUG org.hibernate.HQL_FUNCTIONS - min(COMPARABLE arg)
2026-02-10 10:57:35.453 [main] DEBUG org.hibernate.HQL_FUNCTIONS - Integer minute(TIME arg)
2026-02-10 10:57:35.453 [main] DEBUG org.hibernate.HQL_FUNCTIONS - Integer mod(INTEGER arg0, INTEGER arg1)
2026-02-10 10:57:35.453 [main] DEBUG org.hibernate.HQL_FUNCTIONS - Integer month(DATE arg)
2026-02-10 10:57:35.453 [main] DEBUG org.hibernate.HQL_FUNCTIONS - String monthname(DATE arg)
2026-02-10 10:57:35.453 [main] DEBUG org.hibernate.HQL_FUNCTIONS - Timestamp now()
2026-02-10 10:57:35.453 [main] DEBUG org.hibernate.HQL_FUNCTIONS - nth_valueANY value, INTEGER nth
2026-02-10 10:57:35.453 [main] DEBUG org.hibernate.HQL_FUNCTIONS - nullif(arg0, arg1)
2026-02-10 10:57:35.453 [main] DEBUG org.hibernate.HQL_FUNCTIONS - Integer octet_length(STRING_OR_CLOB arg)
2026-02-10 10:57:35.453 [main] DEBUG org.hibernate.HQL_FUNCTIONS - OffsetDateTime offset_datetime
2026-02-10 10:57:35.453 [main] DEBUG org.hibernate.HQL_FUNCTIONS - String overlay(STRING string placing STRING replacement from INTEGER start[ for INTEGER length])
2026-02-10 10:57:35.453 [main] DEBUG org.hibernate.HQL_FUNCTIONS - String pad(STRING string with INTEGER length {leading|trailing}[ STRING character])
2026-02-10 10:57:35.453 [main] DEBUG org.hibernate.HQL_FUNCTIONS - Double pi()
2026-02-10 10:57:35.453 [main] DEBUG org.hibernate.HQL_FUNCTIONS - Integer position(STRING pattern in STRING string)
2026-02-10 10:57:35.453 [main] DEBUG org.hibernate.HQL_FUNCTIONS - Double power(NUMERIC arg0, NUMERIC arg1)
2026-02-10 10:57:35.453 [main] DEBUG org.hibernate.HQL_FUNCTIONS - Integer quarter(DATE arg)
2026-02-10 10:57:35.453 [main] DEBUG org.hibernate.HQL_FUNCTIONS - Double radians(NUMERIC arg)
2026-02-10 10:57:35.453 [main] DEBUG org.hibernate.HQL_FUNCTIONS - Double rand([INTEGER seed])
2026-02-10 10:57:35.453 [main] DEBUG org.hibernate.HQL_FUNCTIONS - String repeat(STRING string, INTEGER times)
2026-02-10 10:57:35.453 [main] DEBUG org.hibernate.HQL_FUNCTIONS - String replace(STRING string, STRING pattern, STRING replacement)
2026-02-10 10:57:35.453 [main] DEBUG org.hibernate.HQL_FUNCTIONS - String reverse(STRING arg)
2026-02-10 10:57:35.453 [main] DEBUG org.hibernate.HQL_FUNCTIONS - String right(STRING string, INTEGER length)
2026-02-10 10:57:35.453 [main] DEBUG org.hibernate.HQL_FUNCTIONS - round(NUMERIC arg0, INTEGER arg1)
2026-02-10 10:57:35.453 [main] DEBUG org.hibernate.HQL_FUNCTIONS - Long row_number()
2026-02-10 10:57:35.453 [main] DEBUG org.hibernate.HQL_FUNCTIONS - String rpad(string, length[, padding])
2026-02-10 10:57:35.453 [main] DEBUG org.hibernate.HQL_FUNCTIONS - String rtrim(STRING string[, STRING characters])
2026-02-10 10:57:35.453 [main] DEBUG org.hibernate.HQL_FUNCTIONS - Integer second(TIME arg)
2026-02-10 10:57:35.453 [main] DEBUG org.hibernate.HQL_FUNCTIONS - String sha(arg)
2026-02-10 10:57:35.453 [main] DEBUG org.hibernate.HQL_FUNCTIONS - String sha1(arg)
2026-02-10 10:57:35.453 [main] DEBUG org.hibernate.HQL_FUNCTIONS - String sha2(arg0, arg1)
2026-02-10 10:57:35.453 [main] DEBUG org.hibernate.HQL_FUNCTIONS - Integer sign(NUMERIC arg)
2026-02-10 10:57:35.453 [main] DEBUG org.hibernate.HQL_FUNCTIONS - Double sin(NUMERIC arg)
2026-02-10 10:57:35.453 [main] DEBUG org.hibernate.HQL_FUNCTIONS - String soundex(arg)
2026-02-10 10:57:35.453 [main] DEBUG org.hibernate.HQL_FUNCTIONS - String space(INTEGER arg)
2026-02-10 10:57:35.453 [main] DEBUG org.hibernate.HQL_FUNCTIONS - Object sql
2026-02-10 10:57:35.453 [main] DEBUG org.hibernate.HQL_FUNCTIONS - Double sqrt(NUMERIC arg)
2026-02-10 10:57:35.453 [main] DEBUG org.hibernate.HQL_FUNCTIONS - Double stddev(NUMERIC arg)
2026-02-10 10:57:35.453 [main] DEBUG org.hibernate.HQL_FUNCTIONS - Double stddev_pop(NUMERIC arg)
2026-02-10 10:57:35.454 [main] DEBUG org.hibernate.HQL_FUNCTIONS - Double stddev_samp(NUMERIC arg)
2026-02-10 10:57:35.454 [main] DEBUG org.hibernate.HQL_FUNCTIONS - String str(arg)
2026-02-10 10:57:35.454 [main] DEBUG org.hibernate.HQL_FUNCTIONS - subdate(DATE datetime, INTEGER days)
2026-02-10 10:57:35.454 [main] DEBUG org.hibernate.HQL_FUNCTIONS - String substr(STRING string, INTEGER start[, INTEGER length])
2026-02-10 10:57:35.454 [main] DEBUG org.hibernate.HQL_FUNCTIONS - String substring(STRING string{ from|,} INTEGER start[{ for|,} INTEGER length])
2026-02-10 10:57:35.454 [main] DEBUG org.hibernate.HQL_FUNCTIONS - subtime(TIME datetime, TIME time)
2026-02-10 10:57:35.454 [main] DEBUG org.hibernate.HQL_FUNCTIONS - sum(arg)
2026-02-10 10:57:35.454 [main] DEBUG org.hibernate.HQL_FUNCTIONS - Timestamp sysdate()
2026-02-10 10:57:35.454 [main] DEBUG org.hibernate.HQL_FUNCTIONS - Double tan(NUMERIC arg)
2026-02-10 10:57:35.454 [main] DEBUG org.hibernate.HQL_FUNCTIONS - String time(arg)
2026-02-10 10:57:35.454 [main] DEBUG org.hibernate.HQL_FUNCTIONS - Timestamp timestamp(arg0[, arg1])
2026-02-10 10:57:35.454 [main] DEBUG org.hibernate.HQL_FUNCTIONS - timestampadd(TEMPORAL_UNIT field, INTEGER magnitude, TEMPORAL datetime)
2026-02-10 10:57:35.454 [main] DEBUG org.hibernate.HQL_FUNCTIONS - basicType@5(java.lang.Long,-5)|basicType@15(java.lang.Double,6) timestampdiff(TEMPORAL_UNIT field, TEMPORAL start, TEMPORAL end)
2026-02-10 10:57:35.454 [main] DEBUG org.hibernate.HQL_FUNCTIONS - String trim([[{leading|trailing|both} ][STRING arg0 ]from] STRING arg1)
2026-02-10 10:57:35.454 [main] DEBUG org.hibernate.HQL_FUNCTIONS - Double truncate(NUMERIC number, INTEGER places)
2026-02-10 10:57:35.454 [main] DEBUG org.hibernate.HQL_FUNCTIONS - String upper(STRING string)
2026-02-10 10:57:35.454 [main] DEBUG org.hibernate.HQL_FUNCTIONS - Date utc_date
2026-02-10 10:57:35.454 [main] DEBUG org.hibernate.HQL_FUNCTIONS - Time utc_time
2026-02-10 10:57:35.454 [main] DEBUG org.hibernate.HQL_FUNCTIONS - Timestamp utc_timestamp
2026-02-10 10:57:35.454 [main] DEBUG org.hibernate.HQL_FUNCTIONS - Double var_pop(NUMERIC arg)
2026-02-10 10:57:35.454 [main] DEBUG org.hibernate.HQL_FUNCTIONS - Double var_samp(NUMERIC arg)
2026-02-10 10:57:35.454 [main] DEBUG org.hibernate.HQL_FUNCTIONS - Double variance(NUMERIC arg)
2026-02-10 10:57:35.454 [main] DEBUG org.hibernate.HQL_FUNCTIONS - Integer week(DATE arg)
2026-02-10 10:57:35.454 [main] DEBUG org.hibernate.HQL_FUNCTIONS - Integer year(DATE arg)
2026-02-10 10:57:35.455 [main] DEBUG org.hibernate.HQL_FUNCTIONS - Character chr(INTEGER arg)
2026-02-10 10:57:35.455 [main] DEBUG org.hibernate.HQL_FUNCTIONS - Date current date
2026-02-10 10:57:35.455 [main] DEBUG org.hibernate.HQL_FUNCTIONS - Time current time
2026-02-10 10:57:35.455 [main] DEBUG org.hibernate.HQL_FUNCTIONS - Timestamp current timestamp
2026-02-10 10:57:35.455 [main] DEBUG org.hibernate.HQL_FUNCTIONS - Instant current_instant
2026-02-10 10:57:35.455 [main] DEBUG org.hibernate.HQL_FUNCTIONS - dateadd(TEMPORAL_UNIT field, INTEGER magnitude, TEMPORAL datetime)
2026-02-10 10:57:35.455 [main] DEBUG org.hibernate.HQL_FUNCTIONS - Integer day(DATE arg)
2026-02-10 10:57:35.455 [main] DEBUG org.hibernate.HQL_FUNCTIONS - Integer length(STRING_OR_CLOB arg)
2026-02-10 10:57:35.455 [main] DEBUG org.hibernate.HQL_FUNCTIONS - LocalDate local date
2026-02-10 10:57:35.455 [main] DEBUG org.hibernate.HQL_FUNCTIONS - LocalDateTime local datetime
2026-02-10 10:57:35.455 [main] DEBUG org.hibernate.HQL_FUNCTIONS - LocalTime local time
2026-02-10 10:57:35.455 [main] DEBUG org.hibernate.HQL_FUNCTIONS - OffsetDateTime offset datetime
2026-02-10 10:57:35.456 [main] DEBUG org.hibernate.type.spi.TypeConfiguration$Scope - Scoping TypeConfiguration [org.hibernate.type.spi.TypeConfiguration@dc79225] to SessionFactoryImplementor [org.hibernate.internal.SessionFactoryImpl@54e43bfe]
2026-02-10 10:57:35.509 [main] DEBUG org.hibernate.ormbytecode.interceptor - To-one property `models.Sala#cine` was mapped with LAZY + NO_PROXY but the class was not enhanced
2026-02-10 10:57:35.509 [main] DEBUG org.hibernate.ormbytecode.interceptor - To-one property `models.Sala#cine` was mapped with LAZY + NO_PROXY but the class was not enhanced
2026-02-10 10:57:35.510 [main] DEBUG org.hibernate.boot.internal.ClassLoaderAccessImpl - Not known whether passed class name [models.Sala] is safe
2026-02-10 10:57:35.510 [main] DEBUG org.hibernate.boot.internal.ClassLoaderAccessImpl - No temp ClassLoader provided; using live ClassLoader for loading potentially unsafe class : models.Sala
2026-02-10 10:57:35.630 [main] DEBUG org.hibernate.ormbytecode.interceptor - To-one property `models.Sala#cine` was mapped with LAZY + NO_PROXY but the class was not enhanced
2026-02-10 10:57:35.640 [main] DEBUG org.hibernate.boot.internal.ClassLoaderAccessImpl - Not known whether passed class name [models.Cine] is safe
2026-02-10 10:57:35.640 [main] DEBUG org.hibernate.boot.internal.ClassLoaderAccessImpl - No temp ClassLoader provided; using live ClassLoader for loading potentially unsafe class : models.Cine
2026-02-10 10:57:35.652 [main] DEBUG org.hibernate.boot.internal.ClassLoaderAccessImpl - Not known whether passed class name [models.Pelicula] is safe
2026-02-10 10:57:35.652 [main] DEBUG org.hibernate.boot.internal.ClassLoaderAccessImpl - No temp ClassLoader provided; using live ClassLoader for loading potentially unsafe class : models.Pelicula
2026-02-10 10:57:35.669 [main] DEBUG org.hibernate.persister.collection.AbstractCollectionPersister - Static SQL for collection: models.Cine.salas
2026-02-10 10:57:35.669 [main] DEBUG org.hibernate.persister.collection.AbstractCollectionPersister -  Row insert: /* create one-to-many row models.Cine.salas */ update sala set cine=? where idSala=?
2026-02-10 10:57:35.669 [main] DEBUG org.hibernate.persister.collection.AbstractCollectionPersister -  Row update: update sala set  where idSala=?
2026-02-10 10:57:35.669 [main] DEBUG org.hibernate.persister.collection.AbstractCollectionPersister -  Row delete: /* delete one-to-many row models.Cine.salas */ update sala set cine=null where cine=? and idSala=?
2026-02-10 10:57:35.669 [main] DEBUG org.hibernate.persister.collection.AbstractCollectionPersister -  One-shot delete: /* delete one-to-many models.Cine.salas */ update sala set cine=null where cine=?
2026-02-10 10:57:35.672 [main] DEBUG org.hibernate.persister.collection.AbstractCollectionPersister - Static SQL for collection: models.Sala.peliculas
2026-02-10 10:57:35.672 [main] DEBUG org.hibernate.persister.collection.AbstractCollectionPersister -  Row insert: /* insert collection row models.Sala.peliculas */ insert into sala_pelicula (salas_idSala, peliculas_idPelicula) values (?, ?)
2026-02-10 10:57:35.672 [main] DEBUG org.hibernate.persister.collection.AbstractCollectionPersister -  Row update: /* update collection row models.Sala.peliculas */ update sala_pelicula set peliculas_idPelicula=? where salas_idSala=? and peliculas_idPelicula=?
2026-02-10 10:57:35.672 [main] DEBUG org.hibernate.persister.collection.AbstractCollectionPersister -  Row delete: /* delete collection row models.Sala.peliculas */ delete from sala_pelicula where salas_idSala=? and peliculas_idPelicula=?
2026-02-10 10:57:35.672 [main] DEBUG org.hibernate.persister.collection.AbstractCollectionPersister -  One-shot delete: /* delete collection models.Sala.peliculas */ delete from sala_pelicula where salas_idSala=?
2026-02-10 10:57:35.672 [main] DEBUG org.hibernate.persister.collection.AbstractCollectionPersister - Static SQL for collection: models.Pelicula.salas
2026-02-10 10:57:35.672 [main] DEBUG org.hibernate.persister.collection.AbstractCollectionPersister -  Row insert: /* insert collection row models.Pelicula.salas */ insert into sala_pelicula (peliculas_idPelicula, salas_idSala) values (?, ?)
2026-02-10 10:57:35.672 [main] DEBUG org.hibernate.persister.collection.AbstractCollectionPersister -  Row update: /* update collection row models.Pelicula.salas */ update sala_pelicula set salas_idSala=? where peliculas_idPelicula=? and salas_idSala=?
2026-02-10 10:57:35.672 [main] DEBUG org.hibernate.persister.collection.AbstractCollectionPersister -  Row delete: /* delete collection row models.Pelicula.salas */ delete from sala_pelicula where peliculas_idPelicula=? and salas_idSala=?
2026-02-10 10:57:35.672 [main] DEBUG org.hibernate.persister.collection.AbstractCollectionPersister -  One-shot delete: /* delete collection models.Pelicula.salas */ delete from sala_pelicula where peliculas_idPelicula=?
2026-02-10 10:57:35.687 [main] DEBUG org.hibernate.orm.model.mapping.creation - Starting post-init callbacks
2026-02-10 10:57:35.687 [main] DEBUG org.hibernate.orm.model.mapping.creation - Starting PostInitCallbackEntry : To-one key - NavigableRole[models.Sala.cine]
2026-02-10 10:57:35.689 [main] DEBUG org.hibernate.orm.model.mapping.creation - Starting PostInitCallbackEntry : PluralAttributeMapping( NavigableRole[models.Sala.peliculas#{element}]) - index descriptor
2026-02-10 10:57:35.689 [main] DEBUG org.hibernate.orm.model.mapping.creation - Starting PostInitCallbackEntry : PluralAttributeMapping(models.Sala.peliculas)#finishInitialization
2026-02-10 10:57:35.689 [main] DEBUG org.hibernate.orm.model.mapping.creation - Starting PostInitCallbackEntry : PluralAttributeMapping(models.Sala.peliculas) - key descriptor
2026-02-10 10:57:35.689 [main] DEBUG org.hibernate.orm.model.mapping.creation - Starting PostInitCallbackEntry : Entity(models.Sala) `staticFetchableList` generator
2026-02-10 10:57:35.690 [main] DEBUG org.hibernate.orm.model.mapping.creation - Starting PostInitCallbackEntry : Entity(models.Sala) `sqmMultiTableInsertStrategy` interpretation
2026-02-10 10:57:35.695 [main] DEBUG org.hibernate.orm.model.mapping.creation - Starting PostInitCallbackEntry : PluralAttributeMapping( NavigableRole[models.Cine.salas#{element}]) - index descriptor
2026-02-10 10:57:35.695 [main] DEBUG org.hibernate.orm.model.mapping.creation - Starting PostInitCallbackEntry : PluralAttributeMapping(models.Cine.salas)#finishInitialization
2026-02-10 10:57:35.695 [main] DEBUG org.hibernate.orm.model.mapping.creation - Starting PostInitCallbackEntry : PluralAttributeMapping(models.Cine.salas) - key descriptor
2026-02-10 10:57:35.695 [main] DEBUG org.hibernate.orm.model.mapping.creation - Starting PostInitCallbackEntry : Entity(models.Cine) `staticFetchableList` generator
2026-02-10 10:57:35.695 [main] DEBUG org.hibernate.orm.model.mapping.creation - Starting PostInitCallbackEntry : Entity(models.Cine) `sqmMultiTableInsertStrategy` interpretation
2026-02-10 10:57:35.695 [main] DEBUG org.hibernate.orm.model.mapping.creation - Starting PostInitCallbackEntry : PluralAttributeMapping( NavigableRole[models.Pelicula.salas#{element}]) - index descriptor
2026-02-10 10:57:35.695 [main] DEBUG org.hibernate.orm.model.mapping.creation - Starting PostInitCallbackEntry : PluralAttributeMapping(models.Pelicula.salas)#finishInitialization
2026-02-10 10:57:35.695 [main] DEBUG org.hibernate.orm.model.mapping.creation - Starting PostInitCallbackEntry : PluralAttributeMapping(models.Pelicula.salas) - key descriptor
2026-02-10 10:57:35.695 [main] DEBUG org.hibernate.orm.model.mapping.creation - Starting PostInitCallbackEntry : Entity(models.Pelicula) `staticFetchableList` generator
2026-02-10 10:57:35.695 [main] DEBUG org.hibernate.orm.model.mapping.creation - Starting PostInitCallbackEntry : Entity(models.Pelicula) `sqmMultiTableInsertStrategy` interpretation
2026-02-10 10:57:35.696 [main] DEBUG org.hibernate.persister.entity.AbstractEntityPersister - Static SQL for entity: models.Sala
2026-02-10 10:57:35.696 [main] DEBUG org.hibernate.persister.entity.AbstractEntityPersister -  Version select: /* get version models.Sala */ select idSala from sala where idSala =?
2026-02-10 10:57:35.696 [main] DEBUG org.hibernate.persister.entity.AbstractEntityPersister -  Insert 0: /* insert models.Sala */ insert into sala (capacidad, cine, nombre, idSala) values (?, ?, ?, ?)
2026-02-10 10:57:35.696 [main] DEBUG org.hibernate.persister.entity.AbstractEntityPersister -  Update 0: /* update models.Sala */ update sala set capacidad=?, cine=?, nombre=? where idSala=?
2026-02-10 10:57:35.696 [main] DEBUG org.hibernate.persister.entity.AbstractEntityPersister -  Delete 0: /* delete models.Sala */ delete from sala where idSala=?
2026-02-10 10:57:35.705 [main] DEBUG org.hibernate.orm.sql.ast.create - Created new SQL alias : s1_0
2026-02-10 10:57:35.707 [main] DEBUG org.hibernate.orm.sql.ast.create - Registration of TableGroup [StandardTableGroup(models.Sala)] with identifierForTableGroup [models.Sala] for NavigablePath [models.Sala] 
2026-02-10 10:57:35.714 [main] DEBUG org.hibernate.orm.sql.ast.create - Registration of TableGroup [org.hibernate.sql.ast.tree.from.LazyTableGroup@71d55b7e] with identifierForTableGroup [models.Sala.cine] for NavigablePath [models.Sala.cine] 
2026-02-10 10:57:35.715 [main] DEBUG org.hibernate.orm.sql.ast.create - Created new SQL alias : c1_0
2026-02-10 10:57:35.727 [main] DEBUG org.hibernate.orm.results.graph.AST - DomainResult Graph:
 \-EntityResultImpl [models.Sala]
 |  +-BasicFetch [models.Sala.capacidad]
 |  +-EntityFetchJoinedImpl [models.Sala.cine]
 |  +-BasicFetch [models.Sala.nombre]
 |  \-DelayedCollectionFetch [models.Sala.peliculas]

2026-02-10 10:57:35.729 [main] DEBUG org.hibernate.orm.sql.ast.tree - SQL AST Tree:
    SelectStatement {
      FromClause {
        StandardTableGroup (s1 : models.Sala) {
          primaryTableReference : sala as s1_0
          TableGroupJoins {
            left  join LazyTableGroup (c1 : models.Sala.cine) {
              primaryTableReference : cine as c1_0
            }
          }
        }
      }
    }

2026-02-10 10:57:35.733 [main] DEBUG org.hibernate.persister.entity.AbstractEntityPersister - Static SQL for entity: models.Cine
2026-02-10 10:57:35.733 [main] DEBUG org.hibernate.persister.entity.AbstractEntityPersister -  Version select: /* get version models.Cine */ select idCine from cine where idCine =?
2026-02-10 10:57:35.733 [main] DEBUG org.hibernate.persister.entity.AbstractEntityPersister -  Insert 0: /* insert models.Cine */ insert into cine (nombre, ubicacion, idCine) values (?, ?, ?)
2026-02-10 10:57:35.733 [main] DEBUG org.hibernate.persister.entity.AbstractEntityPersister -  Update 0: /* update models.Cine */ update cine set nombre=?, ubicacion=? where idCine=?
2026-02-10 10:57:35.733 [main] DEBUG org.hibernate.persister.entity.AbstractEntityPersister -  Delete 0: /* delete models.Cine */ delete from cine where idCine=?
2026-02-10 10:57:35.733 [main] DEBUG org.hibernate.orm.sql.ast.create - Created new SQL alias : c1_0
2026-02-10 10:57:35.733 [main] DEBUG org.hibernate.orm.sql.ast.create - Registration of TableGroup [StandardTableGroup(models.Cine)] with identifierForTableGroup [models.Cine] for NavigablePath [models.Cine] 
2026-02-10 10:57:35.733 [main] DEBUG org.hibernate.orm.results.graph.AST - DomainResult Graph:
 \-EntityResultImpl [models.Cine]
 |  +-BasicFetch [models.Cine.nombre]
 |  +-DelayedCollectionFetch [models.Cine.salas]
 |  \-BasicFetch [models.Cine.ubicacion]

2026-02-10 10:57:35.733 [main] DEBUG org.hibernate.orm.sql.ast.tree - SQL AST Tree:
    SelectStatement {
      FromClause {
        StandardTableGroup (c1 : models.Cine) {
          primaryTableReference : cine as c1_0
        }
      }
    }

2026-02-10 10:57:35.733 [main] DEBUG org.hibernate.persister.entity.AbstractEntityPersister - Static SQL for entity: models.Pelicula
2026-02-10 10:57:35.733 [main] DEBUG org.hibernate.persister.entity.AbstractEntityPersister -  Version select: /* get version models.Pelicula */ select idPelicula from pelicula where idPelicula =?
2026-02-10 10:57:35.733 [main] DEBUG org.hibernate.persister.entity.AbstractEntityPersister -  Insert 0: /* insert models.Pelicula */ insert into pelicula (duracion, genero, titulo, idPelicula) values (?, ?, ?, ?)
2026-02-10 10:57:35.733 [main] DEBUG org.hibernate.persister.entity.AbstractEntityPersister -  Update 0: /* update models.Pelicula */ update pelicula set duracion=?, genero=?, titulo=? where idPelicula=?
2026-02-10 10:57:35.733 [main] DEBUG org.hibernate.persister.entity.AbstractEntityPersister -  Delete 0: /* delete models.Pelicula */ delete from pelicula where idPelicula=?
2026-02-10 10:57:35.733 [main] DEBUG org.hibernate.orm.sql.ast.create - Created new SQL alias : p1_0
2026-02-10 10:57:35.734 [main] DEBUG org.hibernate.orm.sql.ast.create - Registration of TableGroup [StandardTableGroup(models.Pelicula)] with identifierForTableGroup [models.Pelicula] for NavigablePath [models.Pelicula] 
2026-02-10 10:57:35.734 [main] DEBUG org.hibernate.orm.results.graph.AST - DomainResult Graph:
 \-EntityResultImpl [models.Pelicula]
 |  +-BasicFetch [models.Pelicula.duracion]
 |  +-BasicFetch [models.Pelicula.genero]
 |  +-DelayedCollectionFetch [models.Pelicula.salas]
 |  \-BasicFetch [models.Pelicula.titulo]

2026-02-10 10:57:35.734 [main] DEBUG org.hibernate.orm.sql.ast.tree - SQL AST Tree:
    SelectStatement {
      FromClause {
        StandardTableGroup (p1 : models.Pelicula) {
          primaryTableReference : pelicula as p1_0
        }
      }
    }

2026-02-10 10:57:35.736 [main] DEBUG org.hibernate.orm.sql.ast.create - Created new SQL alias : s1_0
2026-02-10 10:57:35.737 [main] DEBUG org.hibernate.orm.sql.ast.create - Registration of TableGroup [org.hibernate.sql.ast.tree.from.OneToManyTableGroup@245cb8df] with identifierForTableGroup [models.Cine.salas] for NavigablePath [models.Cine.salas] 
2026-02-10 10:57:35.737 [main] DEBUG org.hibernate.orm.sql.ast.create - Registration of TableGroup [StandardTableGroup(models.Cine.salas.{element})] with identifierForTableGroup [models.Cine.salas.{element}] for NavigablePath [models.Cine.salas.{element}] 
2026-02-10 10:57:35.740 [main] DEBUG org.hibernate.orm.sql.ast.create - Created new SQL alias : p1_0
2026-02-10 10:57:35.741 [main] DEBUG org.hibernate.orm.sql.ast.create - Registration of TableGroup [CollectionTableGroup(models.Sala.peliculas)] with identifierForTableGroup [models.Sala.peliculas] for NavigablePath [models.Sala.peliculas] 
2026-02-10 10:57:35.741 [main] DEBUG org.hibernate.orm.sql.ast.create - Registration of TableGroup [org.hibernate.sql.ast.tree.from.LazyTableGroup@20cff21e] with identifierForTableGroup [models.Sala.peliculas.{element}] for NavigablePath [models.Sala.peliculas.{element}] 
2026-02-10 10:57:35.742 [main] DEBUG org.hibernate.orm.sql.ast.create - Created new SQL alias : p1_1
2026-02-10 10:57:35.742 [main] DEBUG org.hibernate.orm.sql.ast.create - Created new SQL alias : s1_0
2026-02-10 10:57:35.742 [main] DEBUG org.hibernate.orm.sql.ast.create - Registration of TableGroup [CollectionTableGroup(models.Pelicula.salas)] with identifierForTableGroup [models.Pelicula.salas] for NavigablePath [models.Pelicula.salas] 
2026-02-10 10:57:35.742 [main] DEBUG org.hibernate.orm.sql.ast.create - Registration of TableGroup [org.hibernate.sql.ast.tree.from.LazyTableGroup@6cc48a17] with identifierForTableGroup [models.Pelicula.salas.{element}] for NavigablePath [models.Pelicula.salas.{element}] 
2026-02-10 10:57:35.742 [main] DEBUG org.hibernate.orm.sql.ast.create - Created new SQL alias : s1_1
2026-02-10 10:57:35.742 [main] DEBUG org.hibernate.orm.sql.ast.create - Registration of TableGroup [org.hibernate.sql.ast.tree.from.LazyTableGroup@289f15e9] with identifierForTableGroup [models.Pelicula.salas.{element}.cine] for NavigablePath [models.Pelicula.salas.{element}.cine] 
2026-02-10 10:57:35.742 [main] DEBUG org.hibernate.orm.sql.ast.create - Created new SQL alias : c1_0
2026-02-10 10:57:35.759 [main] DEBUG org.hibernate.query.named.NamedObjectRepository - Checking 0 named HQL queries
2026-02-10 10:57:35.759 [main] DEBUG org.hibernate.query.named.NamedObjectRepository - Checking 0 named SQL queries
2026-02-10 10:57:35.771 [main] DEBUG org.hibernate.SQL - alter table sala drop foreign key FKl67yabc17qyivp3yp11kmdvjt
2026-02-10 10:57:35.773 [main] INFO  org.hibernate.orm.connections.access - HHH10001501: Connection obtained from JdbcConnectionAccess [org.hibernate.engine.jdbc.env.internal.JdbcEnvironmentInitiator$ConnectionProviderJdbcConnectionAccess@52621501] for (non-JTA) DDL execution was not in auto-commit mode; the Connection 'local transaction' will be committed and the Connection will be set into auto-commit mode.
2026-02-10 10:57:35.797 [main] WARN  org.hibernate.tool.schema.internal.ExceptionHandlerLoggedImpl - GenerationTarget encountered exception accepting command : Error executing DDL "alter table sala drop foreign key FKl67yabc17qyivp3yp11kmdvjt" via JDBC Statement
org.hibernate.tool.schema.spi.CommandAcceptanceException: Error executing DDL "alter table sala drop foreign key FKl67yabc17qyivp3yp11kmdvjt" via JDBC Statement
	at org.hibernate.tool.schema.internal.exec.GenerationTargetToDatabase.accept(GenerationTargetToDatabase.java:67) ~[hibernate-core-6.1.7.Final.jar:6.1.7.Final]
	at org.hibernate.tool.schema.internal.SchemaDropperImpl.applySqlString(SchemaDropperImpl.java:419) ~[hibernate-core-6.1.7.Final.jar:6.1.7.Final]
	at org.hibernate.tool.schema.internal.SchemaDropperImpl.applySqlStrings(SchemaDropperImpl.java:403) ~[hibernate-core-6.1.7.Final.jar:6.1.7.Final]
	at org.hibernate.tool.schema.internal.SchemaDropperImpl.applyConstraintDropping(SchemaDropperImpl.java:373) ~[hibernate-core-6.1.7.Final.jar:6.1.7.Final]
	at org.hibernate.tool.schema.internal.SchemaDropperImpl.dropFromMetadata(SchemaDropperImpl.java:256) ~[hibernate-core-6.1.7.Final.jar:6.1.7.Final]
	at org.hibernate.tool.schema.internal.SchemaDropperImpl.performDrop(SchemaDropperImpl.java:178) ~[hibernate-core-6.1.7.Final.jar:6.1.7.Final]
	at org.hibernate.tool.schema.internal.SchemaDropperImpl.doDrop(SchemaDropperImpl.java:149) ~[hibernate-core-6.1.7.Final.jar:6.1.7.Final]
	at org.hibernate.tool.schema.internal.SchemaDropperImpl.doDrop(SchemaDropperImpl.java:117) ~[hibernate-core-6.1.7.Final.jar:6.1.7.Final]
	at org.hibernate.tool.schema.spi.SchemaManagementToolCoordinator.performDatabaseAction(SchemaManagementToolCoordinator.java:242) ~[hibernate-core-6.1.7.Final.jar:6.1.7.Final]
	at org.hibernate.tool.schema.spi.SchemaManagementToolCoordinator.lambda$process$5(SchemaManagementToolCoordinator.java:143) ~[hibernate-core-6.1.7.Final.jar:6.1.7.Final]
	at java.util.HashMap.forEach(HashMap.java:1429) [?:?]
	at org.hibernate.tool.schema.spi.SchemaManagementToolCoordinator.process(SchemaManagementToolCoordinator.java:140) [hibernate-core-6.1.7.Final.jar:6.1.7.Final]
	at org.hibernate.internal.SessionFactoryImpl.<init>(SessionFactoryImpl.java:336) [hibernate-core-6.1.7.Final.jar:6.1.7.Final]
	at org.hibernate.boot.internal.SessionFactoryBuilderImpl.build(SessionFactoryBuilderImpl.java:415) [hibernate-core-6.1.7.Final.jar:6.1.7.Final]
	at org.hibernate.boot.internal.MetadataImpl.buildSessionFactory(MetadataImpl.java:186) [hibernate-core-6.1.7.Final.jar:6.1.7.Final]
	at utils.HibernateUtil.getFactoriaSession(HibernateUtil.java:18) [classes/:?]
	at utils.AbstractDao.executeInsideTransaction(AbstractDao.java:103) [classes/:?]
	at utils.AbstractDao.create(AbstractDao.java:15) [classes/:?]
	at controlador.GestionaFestivalCine.main(GestionaFestivalCine.java:22) [classes/:?]
Caused by: java.sql.SQLSyntaxErrorException: Table 'AngelaChica.sala' doesn't exist
	at com.mysql.cj.jdbc.exceptions.SQLError.createSQLException(SQLError.java:120) ~[mysql-connector-j-8.0.31.jar:8.0.31]
	at com.mysql.cj.jdbc.exceptions.SQLExceptionsMapping.translateException(SQLExceptionsMapping.java:122) ~[mysql-connector-j-8.0.31.jar:8.0.31]
	at com.mysql.cj.jdbc.StatementImpl.executeInternal(StatementImpl.java:763) ~[mysql-connector-j-8.0.31.jar:8.0.31]
	at com.mysql.cj.jdbc.StatementImpl.execute(StatementImpl.java:648) ~[mysql-connector-j-8.0.31.jar:8.0.31]
	at org.hibernate.tool.schema.internal.exec.GenerationTargetToDatabase.accept(GenerationTargetToDatabase.java:54) ~[hibernate-core-6.1.7.Final.jar:6.1.7.Final]
	... 18 more
2026-02-10 10:57:35.804 [main] DEBUG org.hibernate.SQL - alter table sala_pelicula drop foreign key FKd88ikowa76w6ds1vglhhmk23s
2026-02-10 10:57:35.807 [main] WARN  org.hibernate.tool.schema.internal.ExceptionHandlerLoggedImpl - GenerationTarget encountered exception accepting command : Error executing DDL "alter table sala_pelicula drop foreign key FKd88ikowa76w6ds1vglhhmk23s" via JDBC Statement
org.hibernate.tool.schema.spi.CommandAcceptanceException: Error executing DDL "alter table sala_pelicula drop foreign key FKd88ikowa76w6ds1vglhhmk23s" via JDBC Statement
	at org.hibernate.tool.schema.internal.exec.GenerationTargetToDatabase.accept(GenerationTargetToDatabase.java:67) ~[hibernate-core-6.1.7.Final.jar:6.1.7.Final]
	at org.hibernate.tool.schema.internal.SchemaDropperImpl.applySqlString(SchemaDropperImpl.java:419) ~[hibernate-core-6.1.7.Final.jar:6.1.7.Final]
	at org.hibernate.tool.schema.internal.SchemaDropperImpl.applySqlStrings(SchemaDropperImpl.java:403) ~[hibernate-core-6.1.7.Final.jar:6.1.7.Final]
	at org.hibernate.tool.schema.internal.SchemaDropperImpl.applyConstraintDropping(SchemaDropperImpl.java:373) ~[hibernate-core-6.1.7.Final.jar:6.1.7.Final]
	at org.hibernate.tool.schema.internal.SchemaDropperImpl.dropFromMetadata(SchemaDropperImpl.java:256) ~[hibernate-core-6.1.7.Final.jar:6.1.7.Final]
	at org.hibernate.tool.schema.internal.SchemaDropperImpl.performDrop(SchemaDropperImpl.java:178) ~[hibernate-core-6.1.7.Final.jar:6.1.7.Final]
	at org.hibernate.tool.schema.internal.SchemaDropperImpl.doDrop(SchemaDropperImpl.java:149) ~[hibernate-core-6.1.7.Final.jar:6.1.7.Final]
	at org.hibernate.tool.schema.internal.SchemaDropperImpl.doDrop(SchemaDropperImpl.java:117) ~[hibernate-core-6.1.7.Final.jar:6.1.7.Final]
	at org.hibernate.tool.schema.spi.SchemaManagementToolCoordinator.performDatabaseAction(SchemaManagementToolCoordinator.java:242) ~[hibernate-core-6.1.7.Final.jar:6.1.7.Final]
	at org.hibernate.tool.schema.spi.SchemaManagementToolCoordinator.lambda$process$5(SchemaManagementToolCoordinator.java:143) ~[hibernate-core-6.1.7.Final.jar:6.1.7.Final]
	at java.util.HashMap.forEach(HashMap.java:1429) [?:?]
	at org.hibernate.tool.schema.spi.SchemaManagementToolCoordinator.process(SchemaManagementToolCoordinator.java:140) [hibernate-core-6.1.7.Final.jar:6.1.7.Final]
	at org.hibernate.internal.SessionFactoryImpl.<init>(SessionFactoryImpl.java:336) [hibernate-core-6.1.7.Final.jar:6.1.7.Final]
	at org.hibernate.boot.internal.SessionFactoryBuilderImpl.build(SessionFactoryBuilderImpl.java:415) [hibernate-core-6.1.7.Final.jar:6.1.7.Final]
	at org.hibernate.boot.internal.MetadataImpl.buildSessionFactory(MetadataImpl.java:186) [hibernate-core-6.1.7.Final.jar:6.1.7.Final]
	at utils.HibernateUtil.getFactoriaSession(HibernateUtil.java:18) [classes/:?]
	at utils.AbstractDao.executeInsideTransaction(AbstractDao.java:103) [classes/:?]
	at utils.AbstractDao.create(AbstractDao.java:15) [classes/:?]
	at controlador.GestionaFestivalCine.main(GestionaFestivalCine.java:22) [classes/:?]
Caused by: java.sql.SQLSyntaxErrorException: Table 'AngelaChica.sala_pelicula' doesn't exist
	at com.mysql.cj.jdbc.exceptions.SQLError.createSQLException(SQLError.java:120) ~[mysql-connector-j-8.0.31.jar:8.0.31]
	at com.mysql.cj.jdbc.exceptions.SQLExceptionsMapping.translateException(SQLExceptionsMapping.java:122) ~[mysql-connector-j-8.0.31.jar:8.0.31]
	at com.mysql.cj.jdbc.StatementImpl.executeInternal(StatementImpl.java:763) ~[mysql-connector-j-8.0.31.jar:8.0.31]
	at com.mysql.cj.jdbc.StatementImpl.execute(StatementImpl.java:648) ~[mysql-connector-j-8.0.31.jar:8.0.31]
	at org.hibernate.tool.schema.internal.exec.GenerationTargetToDatabase.accept(GenerationTargetToDatabase.java:54) ~[hibernate-core-6.1.7.Final.jar:6.1.7.Final]
	... 18 more
2026-02-10 10:57:35.808 [main] DEBUG org.hibernate.SQL - alter table sala_pelicula drop foreign key FK55slb5jdwgwpw4q1k6lfbusn5
2026-02-10 10:57:35.810 [main] WARN  org.hibernate.tool.schema.internal.ExceptionHandlerLoggedImpl - GenerationTarget encountered exception accepting command : Error executing DDL "alter table sala_pelicula drop foreign key FK55slb5jdwgwpw4q1k6lfbusn5" via JDBC Statement
org.hibernate.tool.schema.spi.CommandAcceptanceException: Error executing DDL "alter table sala_pelicula drop foreign key FK55slb5jdwgwpw4q1k6lfbusn5" via JDBC Statement
	at org.hibernate.tool.schema.internal.exec.GenerationTargetToDatabase.accept(GenerationTargetToDatabase.java:67) ~[hibernate-core-6.1.7.Final.jar:6.1.7.Final]
	at org.hibernate.tool.schema.internal.SchemaDropperImpl.applySqlString(SchemaDropperImpl.java:419) ~[hibernate-core-6.1.7.Final.jar:6.1.7.Final]
	at org.hibernate.tool.schema.internal.SchemaDropperImpl.applySqlStrings(SchemaDropperImpl.java:403) ~[hibernate-core-6.1.7.Final.jar:6.1.7.Final]
	at org.hibernate.tool.schema.internal.SchemaDropperImpl.applyConstraintDropping(SchemaDropperImpl.java:373) ~[hibernate-core-6.1.7.Final.jar:6.1.7.Final]
	at org.hibernate.tool.schema.internal.SchemaDropperImpl.dropFromMetadata(SchemaDropperImpl.java:256) ~[hibernate-core-6.1.7.Final.jar:6.1.7.Final]
	at org.hibernate.tool.schema.internal.SchemaDropperImpl.performDrop(SchemaDropperImpl.java:178) ~[hibernate-core-6.1.7.Final.jar:6.1.7.Final]
	at org.hibernate.tool.schema.internal.SchemaDropperImpl.doDrop(SchemaDropperImpl.java:149) ~[hibernate-core-6.1.7.Final.jar:6.1.7.Final]
	at org.hibernate.tool.schema.internal.SchemaDropperImpl.doDrop(SchemaDropperImpl.java:117) ~[hibernate-core-6.1.7.Final.jar:6.1.7.Final]
	at org.hibernate.tool.schema.spi.SchemaManagementToolCoordinator.performDatabaseAction(SchemaManagementToolCoordinator.java:242) ~[hibernate-core-6.1.7.Final.jar:6.1.7.Final]
	at org.hibernate.tool.schema.spi.SchemaManagementToolCoordinator.lambda$process$5(SchemaManagementToolCoordinator.java:143) ~[hibernate-core-6.1.7.Final.jar:6.1.7.Final]
	at java.util.HashMap.forEach(HashMap.java:1429) [?:?]
	at org.hibernate.tool.schema.spi.SchemaManagementToolCoordinator.process(SchemaManagementToolCoordinator.java:140) [hibernate-core-6.1.7.Final.jar:6.1.7.Final]
	at org.hibernate.internal.SessionFactoryImpl.<init>(SessionFactoryImpl.java:336) [hibernate-core-6.1.7.Final.jar:6.1.7.Final]
	at org.hibernate.boot.internal.SessionFactoryBuilderImpl.build(SessionFactoryBuilderImpl.java:415) [hibernate-core-6.1.7.Final.jar:6.1.7.Final]
	at org.hibernate.boot.internal.MetadataImpl.buildSessionFactory(MetadataImpl.java:186) [hibernate-core-6.1.7.Final.jar:6.1.7.Final]
	at utils.HibernateUtil.getFactoriaSession(HibernateUtil.java:18) [classes/:?]
	at utils.AbstractDao.executeInsideTransaction(AbstractDao.java:103) [classes/:?]
	at utils.AbstractDao.create(AbstractDao.java:15) [classes/:?]
	at controlador.GestionaFestivalCine.main(GestionaFestivalCine.java:22) [classes/:?]
Caused by: java.sql.SQLSyntaxErrorException: Table 'AngelaChica.sala_pelicula' doesn't exist
	at com.mysql.cj.jdbc.exceptions.SQLError.createSQLException(SQLError.java:120) ~[mysql-connector-j-8.0.31.jar:8.0.31]
	at com.mysql.cj.jdbc.exceptions.SQLExceptionsMapping.translateException(SQLExceptionsMapping.java:122) ~[mysql-connector-j-8.0.31.jar:8.0.31]
	at com.mysql.cj.jdbc.StatementImpl.executeInternal(StatementImpl.java:763) ~[mysql-connector-j-8.0.31.jar:8.0.31]
	at com.mysql.cj.jdbc.StatementImpl.execute(StatementImpl.java:648) ~[mysql-connector-j-8.0.31.jar:8.0.31]
	at org.hibernate.tool.schema.internal.exec.GenerationTargetToDatabase.accept(GenerationTargetToDatabase.java:54) ~[hibernate-core-6.1.7.Final.jar:6.1.7.Final]
	... 18 more
2026-02-10 10:57:35.811 [main] DEBUG org.hibernate.SQL - drop table if exists cine
2026-02-10 10:57:35.820 [main] DEBUG org.hibernate.SQL - drop table if exists cine_SEQ
2026-02-10 10:57:35.826 [main] DEBUG org.hibernate.SQL - drop table if exists pelicula
2026-02-10 10:57:35.831 [main] DEBUG org.hibernate.SQL - drop table if exists pelicula_SEQ
2026-02-10 10:57:35.837 [main] DEBUG org.hibernate.SQL - drop table if exists sala
2026-02-10 10:57:35.842 [main] DEBUG org.hibernate.SQL - drop table if exists sala_pelicula
2026-02-10 10:57:35.847 [main] DEBUG org.hibernate.SQL - drop table if exists sala_SEQ
2026-02-10 10:57:35.855 [main] DEBUG org.hibernate.SQL - create table cine (idCine integer not null, nombre varchar(255), ubicacion varchar(255), primary key (idCine)) engine=InnoDB
2026-02-10 10:57:35.856 [main] INFO  org.hibernate.orm.connections.access - HHH10001501: Connection obtained from JdbcConnectionAccess [org.hibernate.engine.jdbc.env.internal.JdbcEnvironmentInitiator$ConnectionProviderJdbcConnectionAccess@3f6c2763] for (non-JTA) DDL execution was not in auto-commit mode; the Connection 'local transaction' will be committed and the Connection will be set into auto-commit mode.
2026-02-10 10:57:35.887 [main] DEBUG org.hibernate.SQL - create table cine_SEQ (next_val bigint) engine=InnoDB
2026-02-10 10:57:35.911 [main] DEBUG org.hibernate.SQL - insert into cine_SEQ values ( 1 )
2026-02-10 10:57:35.922 [main] DEBUG org.hibernate.SQL - create table pelicula (idPelicula integer not null, duracion integer not null, genero varchar(255), titulo varchar(255), primary key (idPelicula)) engine=InnoDB
2026-02-10 10:57:35.947 [main] DEBUG org.hibernate.SQL - create table pelicula_SEQ (next_val bigint) engine=InnoDB
2026-02-10 10:57:35.973 [main] DEBUG org.hibernate.SQL - insert into pelicula_SEQ values ( 1 )
2026-02-10 10:57:35.979 [main] DEBUG org.hibernate.SQL - create table sala (idSala integer not null, capacidad integer not null, nombre varchar(255), cine integer, primary key (idSala)) engine=InnoDB
2026-02-10 10:57:36.004 [main] DEBUG org.hibernate.SQL - create table sala_pelicula (salas_idSala integer not null, peliculas_idPelicula integer not null, primary key (salas_idSala, peliculas_idPelicula)) engine=InnoDB
2026-02-10 10:57:36.028 [main] DEBUG org.hibernate.SQL - create table sala_SEQ (next_val bigint) engine=InnoDB
2026-02-10 10:57:36.052 [main] DEBUG org.hibernate.SQL - insert into sala_SEQ values ( 1 )
2026-02-10 10:57:36.059 [main] DEBUG org.hibernate.SQL - alter table sala add constraint FKl67yabc17qyivp3yp11kmdvjt foreign key (cine) references cine (idCine)
2026-02-10 10:57:36.121 [main] DEBUG org.hibernate.SQL - alter table sala_pelicula add constraint FKd88ikowa76w6ds1vglhhmk23s foreign key (peliculas_idPelicula) references pelicula (idPelicula)
2026-02-10 10:57:36.183 [main] DEBUG org.hibernate.SQL - alter table sala_pelicula add constraint FK55slb5jdwgwpw4q1k6lfbusn5 foreign key (salas_idSala) references sala (idSala)
2026-02-10 10:57:36.248 [main] DEBUG org.hibernate.engine.transaction.jta.platform.internal.JtaPlatformInitiator - No JtaPlatform was specified, checking resolver
2026-02-10 10:57:36.248 [main] DEBUG org.hibernate.engine.transaction.jta.platform.internal.JtaPlatformResolverInitiator - No JtaPlatformResolver was specified, using default [org.hibernate.engine.transaction.jta.platform.internal.StandardJtaPlatformResolver]
2026-02-10 10:57:36.252 [main] DEBUG org.hibernate.engine.transaction.jta.platform.internal.StandardJtaPlatformResolver - Could not resolve JtaPlatform, using default [org.hibernate.engine.transaction.jta.platform.internal.NoJtaPlatform]
2026-02-10 10:57:36.252 [main] INFO  org.hibernate.engine.transaction.jta.platform.internal.JtaPlatformInitiator - HHH000490: Using JtaPlatform implementation: [org.hibernate.engine.transaction.jta.platform.internal.NoJtaPlatform]
2026-02-10 10:57:36.255 [main] DEBUG org.hibernate.service.internal.SessionFactoryServiceRegistryImpl - EventListenerRegistry access via ServiceRegistry is deprecated.  Use `sessionFactory.getEventEngine().getListenerRegistry()` instead
2026-02-10 10:57:36.255 [main] DEBUG org.hibernate.event.internal.EntityCopyObserverFactoryInitiator - Configured EntityCopyObserver strategy: disallow
2026-02-10 10:57:36.259 [main] DEBUG org.hibernate.internal.SessionFactoryRegistry - Initializing SessionFactoryRegistry : org.hibernate.internal.SessionFactoryRegistry@6b25ef1c
2026-02-10 10:57:36.259 [main] DEBUG org.hibernate.internal.SessionFactoryRegistry - Registering SessionFactory: 0e06c68b-0988-4e5f-88d7-62462710b6cf (<unnamed>)
2026-02-10 10:57:36.259 [main] DEBUG org.hibernate.internal.SessionFactoryRegistry - Not binding SessionFactory to JNDI, no JNDI name configured
2026-02-10 10:57:36.286 [main] DEBUG org.hibernate.stat.internal.StatisticsInitiator - Statistics initialized [enabled=false]
2026-02-10 10:57:36.289 [main] DEBUG org.hibernate.engine.transaction.internal.TransactionImpl - On TransactionImpl creation, JpaCompliance#isJpaTransactionComplianceEnabled == false
2026-02-10 10:57:36.289 [main] DEBUG org.hibernate.engine.transaction.internal.TransactionImpl - begin
2026-02-10 10:57:36.319 [main] DEBUG org.hibernate.SQL - select next_val as id_val from pelicula_SEQ for update
2026-02-10 10:57:36.324 [main] DEBUG org.hibernate.SQL - update pelicula_SEQ set next_val= ? where next_val=?
2026-02-10 10:57:36.367 [main] DEBUG org.hibernate.event.internal.AbstractSaveEventListener - Generated identifier: 1, using strategy: org.hibernate.id.enhanced.SequenceStyleGenerator
2026-02-10 10:57:36.378 [main] DEBUG org.hibernate.engine.transaction.internal.TransactionImpl - committing
2026-02-10 10:57:36.379 [main] DEBUG org.hibernate.event.internal.AbstractFlushingEventListener - Processing flush-time cascades
2026-02-10 10:57:36.379 [main] DEBUG org.hibernate.event.internal.AbstractFlushingEventListener - Dirty checking collections
2026-02-10 10:57:36.381 [main] DEBUG org.hibernate.engine.internal.Collections - Collection found: [models.Pelicula.salas#1], was: [<unreferenced>] (initialized)
2026-02-10 10:57:36.383 [main] DEBUG org.hibernate.event.internal.AbstractFlushingEventListener - Flushed: 1 insertions, 0 updates, 0 deletions to 1 objects
2026-02-10 10:57:36.383 [main] DEBUG org.hibernate.event.internal.AbstractFlushingEventListener - Flushed: 1 (re)creations, 0 updates, 0 removals to 1 collections
2026-02-10 10:57:36.383 [main] DEBUG org.hibernate.internal.util.EntityPrinter - Listing entities:
2026-02-10 10:57:36.383 [main] DEBUG org.hibernate.internal.util.EntityPrinter - models.Pelicula{salas=[], genero=Animación, duracion=96, titulo=El chico y la Garza, idPelicula=1}
2026-02-10 10:57:36.386 [main] DEBUG org.hibernate.SQL - /* insert models.Pelicula */ insert into pelicula (duracion, genero, titulo, idPelicula) values (?, ?, ?, ?)
2026-02-10 10:57:36.397 [main] DEBUG org.hibernate.resource.jdbc.internal.LogicalConnectionManagedImpl - Initiating JDBC connection release from afterTransaction
2026-02-10 10:57:36.398 [main] DEBUG org.hibernate.resource.jdbc.internal.LogicalConnectionManagedImpl - Initiating JDBC connection release from afterTransaction
2026-02-10 10:57:36.399 [main] DEBUG org.hibernate.engine.transaction.internal.TransactionImpl - On TransactionImpl creation, JpaCompliance#isJpaTransactionComplianceEnabled == false
2026-02-10 10:57:36.399 [main] DEBUG org.hibernate.engine.transaction.internal.TransactionImpl - begin
2026-02-10 10:57:36.401 [main] DEBUG org.hibernate.SQL - select next_val as id_val from pelicula_SEQ for update
2026-02-10 10:57:36.403 [main] DEBUG org.hibernate.SQL - update pelicula_SEQ set next_val= ? where next_val=?
2026-02-10 10:57:36.409 [main] DEBUG org.hibernate.event.internal.AbstractSaveEventListener - Generated identifier: 2, using strategy: org.hibernate.id.enhanced.SequenceStyleGenerator
2026-02-10 10:57:36.409 [main] DEBUG org.hibernate.engine.transaction.internal.TransactionImpl - committing
2026-02-10 10:57:36.409 [main] DEBUG org.hibernate.event.internal.AbstractFlushingEventListener - Processing flush-time cascades
2026-02-10 10:57:36.410 [main] DEBUG org.hibernate.event.internal.AbstractFlushingEventListener - Dirty checking collections
2026-02-10 10:57:36.410 [main] DEBUG org.hibernate.engine.internal.Collections - Collection found: [models.Pelicula.salas#2], was: [<unreferenced>] (initialized)
2026-02-10 10:57:36.410 [main] DEBUG org.hibernate.event.internal.AbstractFlushingEventListener - Flushed: 1 insertions, 0 updates, 0 deletions to 1 objects
2026-02-10 10:57:36.410 [main] DEBUG org.hibernate.event.internal.AbstractFlushingEventListener - Flushed: 1 (re)creations, 0 updates, 0 removals to 1 collections
2026-02-10 10:57:36.410 [main] DEBUG org.hibernate.internal.util.EntityPrinter - Listing entities:
2026-02-10 10:57:36.410 [main] DEBUG org.hibernate.internal.util.EntityPrinter - models.Pelicula{salas=[], genero=infantil, duracion=92, titulo=100 Dalmatas, idPelicula=2}
2026-02-10 10:57:36.410 [main] DEBUG org.hibernate.SQL - /* insert models.Pelicula */ insert into pelicula (duracion, genero, titulo, idPelicula) values (?, ?, ?, ?)
2026-02-10 10:57:36.417 [main] DEBUG org.hibernate.resource.jdbc.internal.LogicalConnectionManagedImpl - Initiating JDBC connection release from afterTransaction
2026-02-10 10:57:36.418 [main] DEBUG org.hibernate.resource.jdbc.internal.LogicalConnectionManagedImpl - Initiating JDBC connection release from afterTransaction
2026-02-10 10:57:36.418 [main] DEBUG org.hibernate.engine.transaction.internal.TransactionImpl - On TransactionImpl creation, JpaCompliance#isJpaTransactionComplianceEnabled == false
2026-02-10 10:57:36.418 [main] DEBUG org.hibernate.engine.transaction.internal.TransactionImpl - begin
2026-02-10 10:57:36.419 [main] DEBUG org.hibernate.event.internal.AbstractSaveEventListener - Generated identifier: 3, using strategy: org.hibernate.id.enhanced.SequenceStyleGenerator
2026-02-10 10:57:36.420 [main] DEBUG org.hibernate.engine.transaction.internal.TransactionImpl - committing
2026-02-10 10:57:36.420 [main] DEBUG org.hibernate.event.internal.AbstractFlushingEventListener - Processing flush-time cascades
2026-02-10 10:57:36.420 [main] DEBUG org.hibernate.event.internal.AbstractFlushingEventListener - Dirty checking collections
2026-02-10 10:57:36.420 [main] DEBUG org.hibernate.engine.internal.Collections - Collection found: [models.Pelicula.salas#3], was: [<unreferenced>] (initialized)
2026-02-10 10:57:36.420 [main] DEBUG org.hibernate.event.internal.AbstractFlushingEventListener - Flushed: 1 insertions, 0 updates, 0 deletions to 1 objects
2026-02-10 10:57:36.420 [main] DEBUG org.hibernate.event.internal.AbstractFlushingEventListener - Flushed: 1 (re)creations, 0 updates, 0 removals to 1 collections
2026-02-10 10:57:36.420 [main] DEBUG org.hibernate.internal.util.EntityPrinter - Listing entities:
2026-02-10 10:57:36.420 [main] DEBUG org.hibernate.internal.util.EntityPrinter - models.Pelicula{salas=[], genero=Comedia-Historia, duracion=120, titulo=Malditos Bastardos, idPelicula=3}
2026-02-10 10:57:36.420 [main] DEBUG org.hibernate.SQL - /* insert models.Pelicula */ insert into pelicula (duracion, genero, titulo, idPelicula) values (?, ?, ?, ?)
2026-02-10 10:57:36.425 [main] DEBUG org.hibernate.resource.jdbc.internal.LogicalConnectionManagedImpl - Initiating JDBC connection release from afterTransaction
2026-02-10 10:57:36.426 [main] DEBUG org.hibernate.resource.jdbc.internal.LogicalConnectionManagedImpl - Initiating JDBC connection release from afterTransaction
2026-02-10 10:57:36.426 [main] DEBUG org.hibernate.engine.transaction.internal.TransactionImpl - On TransactionImpl creation, JpaCompliance#isJpaTransactionComplianceEnabled == false
2026-02-10 10:57:36.426 [main] DEBUG org.hibernate.engine.transaction.internal.TransactionImpl - begin
2026-02-10 10:57:36.428 [main] DEBUG org.hibernate.event.internal.AbstractSaveEventListener - Generated identifier: 4, using strategy: org.hibernate.id.enhanced.SequenceStyleGenerator
2026-02-10 10:57:36.428 [main] DEBUG org.hibernate.engine.transaction.internal.TransactionImpl - committing
2026-02-10 10:57:36.428 [main] DEBUG org.hibernate.event.internal.AbstractFlushingEventListener - Processing flush-time cascades
2026-02-10 10:57:36.428 [main] DEBUG org.hibernate.event.internal.AbstractFlushingEventListener - Dirty checking collections
2026-02-10 10:57:36.428 [main] DEBUG org.hibernate.engine.internal.Collections - Collection found: [models.Pelicula.salas#4], was: [<unreferenced>] (initialized)
2026-02-10 10:57:36.428 [main] DEBUG org.hibernate.event.internal.AbstractFlushingEventListener - Flushed: 1 insertions, 0 updates, 0 deletions to 1 objects
2026-02-10 10:57:36.428 [main] DEBUG org.hibernate.event.internal.AbstractFlushingEventListener - Flushed: 1 (re)creations, 0 updates, 0 removals to 1 collections
2026-02-10 10:57:36.428 [main] DEBUG org.hibernate.internal.util.EntityPrinter - Listing entities:
2026-02-10 10:57:36.428 [main] DEBUG org.hibernate.internal.util.EntityPrinter - models.Pelicula{salas=[], genero=Emotiva, duracion=130, titulo=Hamnet, idPelicula=4}
2026-02-10 10:57:36.428 [main] DEBUG org.hibernate.SQL - /* insert models.Pelicula */ insert into pelicula (duracion, genero, titulo, idPelicula) values (?, ?, ?, ?)
2026-02-10 10:57:36.434 [main] DEBUG org.hibernate.resource.jdbc.internal.LogicalConnectionManagedImpl - Initiating JDBC connection release from afterTransaction
2026-02-10 10:57:36.436 [main] DEBUG org.hibernate.resource.jdbc.internal.LogicalConnectionManagedImpl - Initiating JDBC connection release from afterTransaction
2026-02-10 10:57:36.436 [main] DEBUG org.hibernate.engine.transaction.internal.TransactionImpl - On TransactionImpl creation, JpaCompliance#isJpaTransactionComplianceEnabled == false
2026-02-10 10:57:36.437 [main] DEBUG org.hibernate.engine.transaction.internal.TransactionImpl - begin
2026-02-10 10:57:36.439 [main] DEBUG org.hibernate.event.internal.AbstractSaveEventListener - Generated identifier: 5, using strategy: org.hibernate.id.enhanced.SequenceStyleGenerator
2026-02-10 10:57:36.439 [main] DEBUG org.hibernate.engine.transaction.internal.TransactionImpl - committing
2026-02-10 10:57:36.439 [main] DEBUG org.hibernate.event.internal.AbstractFlushingEventListener - Processing flush-time cascades
2026-02-10 10:57:36.439 [main] DEBUG org.hibernate.event.internal.AbstractFlushingEventListener - Dirty checking collections
2026-02-10 10:57:36.439 [main] DEBUG org.hibernate.engine.internal.Collections - Collection found: [models.Pelicula.salas#5], was: [<unreferenced>] (initialized)
2026-02-10 10:57:36.439 [main] DEBUG org.hibernate.event.internal.AbstractFlushingEventListener - Flushed: 1 insertions, 0 updates, 0 deletions to 1 objects
2026-02-10 10:57:36.439 [main] DEBUG org.hibernate.event.internal.AbstractFlushingEventListener - Flushed: 1 (re)creations, 0 updates, 0 removals to 1 collections
2026-02-10 10:57:36.439 [main] DEBUG org.hibernate.internal.util.EntityPrinter - Listing entities:
2026-02-10 10:57:36.439 [main] DEBUG org.hibernate.internal.util.EntityPrinter - models.Pelicula{salas=[], genero=Romance-Angustia, duracion=132, titulo=Cumbres Borrascosas, idPelicula=5}
2026-02-10 10:57:36.439 [main] DEBUG org.hibernate.SQL - /* insert models.Pelicula */ insert into pelicula (duracion, genero, titulo, idPelicula) values (?, ?, ?, ?)
2026-02-10 10:57:36.446 [main] DEBUG org.hibernate.resource.jdbc.internal.LogicalConnectionManagedImpl - Initiating JDBC connection release from afterTransaction
2026-02-10 10:57:36.446 [main] DEBUG org.hibernate.resource.jdbc.internal.LogicalConnectionManagedImpl - Initiating JDBC connection release from afterTransaction
2026-02-10 10:57:36.447 [main] DEBUG org.hibernate.engine.transaction.internal.TransactionImpl - On TransactionImpl creation, JpaCompliance#isJpaTransactionComplianceEnabled == false
2026-02-10 10:57:36.447 [main] DEBUG org.hibernate.engine.transaction.internal.TransactionImpl - begin
2026-02-10 10:57:36.449 [main] DEBUG org.hibernate.SQL - select next_val as id_val from cine_SEQ for update
2026-02-10 10:57:36.450 [main] DEBUG org.hibernate.SQL - update cine_SEQ set next_val= ? where next_val=?
2026-02-10 10:57:36.456 [main] DEBUG org.hibernate.event.internal.AbstractSaveEventListener - Generated identifier: 1, using strategy: org.hibernate.id.enhanced.SequenceStyleGenerator
2026-02-10 10:57:36.458 [main] DEBUG org.hibernate.engine.transaction.internal.TransactionImpl - committing
2026-02-10 10:57:36.458 [main] DEBUG org.hibernate.event.internal.AbstractFlushingEventListener - Processing flush-time cascades
2026-02-10 10:57:36.458 [main] DEBUG org.hibernate.event.internal.AbstractFlushingEventListener - Dirty checking collections
2026-02-10 10:57:36.458 [main] DEBUG org.hibernate.engine.internal.Collections - Collection found: [models.Cine.salas#1], was: [<unreferenced>] (initialized)
2026-02-10 10:57:36.458 [main] DEBUG org.hibernate.event.internal.AbstractFlushingEventListener - Flushed: 1 insertions, 0 updates, 0 deletions to 1 objects
2026-02-10 10:57:36.458 [main] DEBUG org.hibernate.event.internal.AbstractFlushingEventListener - Flushed: 1 (re)creations, 0 updates, 0 removals to 1 collections
2026-02-10 10:57:36.458 [main] DEBUG org.hibernate.internal.util.EntityPrinter - Listing entities:
2026-02-10 10:57:36.458 [main] DEBUG org.hibernate.internal.util.EntityPrinter - models.Cine{salas=[], ubicacion=Camas, Sevilla, idCine=1, nombre=Cinesa}
2026-02-10 10:57:36.458 [main] DEBUG org.hibernate.SQL - /* insert models.Cine */ insert into cine (nombre, ubicacion, idCine) values (?, ?, ?)
2026-02-10 10:57:36.464 [main] DEBUG org.hibernate.resource.jdbc.internal.LogicalConnectionManagedImpl - Initiating JDBC connection release from afterTransaction
2026-02-10 10:57:36.465 [main] DEBUG org.hibernate.resource.jdbc.internal.LogicalConnectionManagedImpl - Initiating JDBC connection release from afterTransaction
2026-02-10 10:57:36.465 [main] DEBUG org.hibernate.engine.transaction.internal.TransactionImpl - On TransactionImpl creation, JpaCompliance#isJpaTransactionComplianceEnabled == false
2026-02-10 10:57:36.465 [main] DEBUG org.hibernate.engine.transaction.internal.TransactionImpl - begin
2026-02-10 10:57:36.472 [main] DEBUG org.hibernate.orm.sql.ast.create - Created new SQL alias : c1_0
2026-02-10 10:57:36.473 [main] DEBUG org.hibernate.orm.sql.ast.create - Registration of TableGroup [StandardTableGroup(models.Cine)] with identifierForTableGroup [models.Cine] for NavigablePath [models.Cine] 
2026-02-10 10:57:36.473 [main] DEBUG org.hibernate.orm.sql.ast.create - Created new SQL alias : s1_0
2026-02-10 10:57:36.473 [main] DEBUG org.hibernate.orm.sql.ast.create - Registration of TableGroup [org.hibernate.sql.ast.tree.from.OneToManyTableGroup@7185e611] with identifierForTableGroup [models.Cine.salas] for NavigablePath [models.Cine.salas] 
2026-02-10 10:57:36.474 [main] DEBUG org.hibernate.orm.sql.ast.create - Registration of TableGroup [StandardTableGroup(models.Cine.salas.{element})] with identifierForTableGroup [models.Cine.salas.{element}] for NavigablePath [models.Cine.salas.{element}] 
2026-02-10 10:57:36.476 [main] DEBUG org.hibernate.orm.results.graph.AST - DomainResult Graph:
 \-EntityResultImpl [models.Cine]
 |  +-BasicFetch [models.Cine.nombre]
 |  +-EagerCollectionFetch [models.Cine.salas]
 |  |  \-EntityFetchJoinedImpl [models.Cine.salas.{element}]
 |  \-BasicFetch [models.Cine.ubicacion]

2026-02-10 10:57:36.476 [main] DEBUG org.hibernate.orm.sql.ast.tree - SQL AST Tree:
    SelectStatement {
      FromClause {
        StandardTableGroup (c1 : models.Cine) {
          primaryTableReference : cine as c1_0
          TableGroupJoins {
            left  join OneToManyTableGroup (s1 : models.Cine.salas) {
              primaryTableReference : sala as s1_0
            }
          }
        }
      }
    }

2026-02-10 10:57:36.482 [main] DEBUG org.hibernate.orm.sql.exec - Skipping reading Query result cache data: cache-enabled = false, cache-mode = IGNORE
2026-02-10 10:57:36.491 [main] DEBUG org.hibernate.orm.results - Initializer list
2026-02-10 10:57:36.493 [main] DEBUG org.hibernate.orm.results -     models.Cine.salas.{element}.peliculas -> DelayedCollectionInitializer(models.Cine.salas.{element}.peliculas)@1990268013 (PluralAttribute(models.Sala.peliculas))
2026-02-10 10:57:36.493 [main] DEBUG org.hibernate.orm.results -     models.Cine.salas.{element} -> EntityJoinedFetchInitializer(models.Cine.salas.{element})@1843321088 (EntityCollectionPart(NavigableRole[models.Cine.salas#{element}])@223363383)
2026-02-10 10:57:36.493 [main] DEBUG org.hibernate.orm.results -     models.Cine.salas -> BagInitializer(models.Cine.salas)@138617961 (PluralAttribute(models.Cine.salas))
2026-02-10 10:57:36.493 [main] DEBUG org.hibernate.orm.results -     models.Cine -> EntityResultInitializer(models.Cine)@239902985 (SingleTableEntityPersister(models.Cine))
2026-02-10 10:57:36.495 [main] DEBUG org.hibernate.SQL - select c1_0.idCine,c1_0.nombre,s1_0.cine,s1_0.idSala,s1_0.capacidad,s1_0.nombre,c1_0.ubicacion from cine c1_0 left join sala s1_0 on c1_0.idCine=s1_0.cine where c1_0.idCine=?
2026-02-10 10:57:36.504 [main] DEBUG org.hibernate.orm.results - Extracted JDBC value [3] - [null]
2026-02-10 10:57:36.504 [main] DEBUG org.hibernate.orm.results.loading.entity - (EntityJoinedFetchInitializer) EntityKey (models.Cine.salas.{element}) is null
2026-02-10 10:57:36.504 [main] DEBUG org.hibernate.orm.results.loading.entity - (EntityResultInitializer) Hydrated EntityKey (models.Cine): 1
2026-02-10 10:57:36.504 [main] DEBUG org.hibernate.orm.results - Extracted JDBC value [3] - [null]
2026-02-10 10:57:36.504 [main] DEBUG org.hibernate.orm.results - Extracted JDBC value [0] - [1]
2026-02-10 10:57:36.505 [main] DEBUG org.hibernate.orm.results.loading.org.hibernate.orm.results.loading.collection - (DelayedCollectionInitializer) Current row collection key : models.Cine.salas#1
2026-02-10 10:57:36.505 [main] DEBUG org.hibernate.orm.results - Extracted JDBC value [2] - [null]
2026-02-10 10:57:36.507 [main] DEBUG org.hibernate.orm.results.loading.org.hibernate.orm.results.loading.collection - (BagInitializer) Created new collection wrapper [models.Cine.salas#1] : org.hibernate.collection.spi.PersistentBag@2075454833
2026-02-10 10:57:36.507 [main] DEBUG org.hibernate.orm.results.loading.org.hibernate.orm.results.loading.collection - (BagInitializer) Responsible for loading collection [models.Cine.salas#1] : org.hibernate.collection.spi.PersistentBag@2075454833
2026-02-10 10:57:36.508 [main] DEBUG org.hibernate.orm.results.loading.entity - (EntityResultInitializer) Created new entity instance [models.Cine#1] : Cine [idCine=1, nombre=null, ubicacion=null, salas=[]]
2026-02-10 10:57:36.508 [main] DEBUG org.hibernate.orm.results - Extracted JDBC value [1] - [Cinesa]
2026-02-10 10:57:36.508 [main] DEBUG org.hibernate.orm.results - Extracted JDBC value [6] - [Camas, Sevilla]
2026-02-10 10:57:36.509 [main] DEBUG org.hibernate.orm.results.loading.entity - (EntityResultInitializer) Done materializing entityInstance : models.Cine#1
2026-02-10 10:57:36.509 [main] DEBUG org.hibernate.orm.results.loading - Calling top-level assembler (0 / 1) : org.hibernate.sql.results.graph.entity.internal.EntityAssembler@7f93f4c
2026-02-10 10:57:36.509 [main] DEBUG org.hibernate.sql.results.internal.ResultsHelper - Collection fully initialized: [models.Cine.salas#1]
2026-02-10 10:57:36.512 [main] DEBUG org.hibernate.SQL - select next_val as id_val from sala_SEQ for update
2026-02-10 10:57:36.513 [main] DEBUG org.hibernate.SQL - update sala_SEQ set next_val= ? where next_val=?
2026-02-10 10:57:36.520 [main] DEBUG org.hibernate.event.internal.AbstractSaveEventListener - Generated identifier: 1, using strategy: org.hibernate.id.enhanced.SequenceStyleGenerator
2026-02-10 10:57:36.521 [main] DEBUG org.hibernate.orm.sql.exec - Skipping reading Query result cache data: cache-enabled = false, cache-mode = IGNORE
2026-02-10 10:57:36.521 [main] DEBUG org.hibernate.orm.results - Initializer list
2026-02-10 10:57:36.521 [main] DEBUG org.hibernate.orm.results -     models.Pelicula.salas -> DelayedCollectionInitializer(models.Pelicula.salas)@1056094437 (PluralAttribute(models.Pelicula.salas))
2026-02-10 10:57:36.521 [main] DEBUG org.hibernate.orm.results -     models.Pelicula -> EntityResultInitializer(models.Pelicula)@1226378966 (SingleTableEntityPersister(models.Pelicula))
2026-02-10 10:57:36.521 [main] DEBUG org.hibernate.SQL - select p1_0.idPelicula,p1_0.duracion,p1_0.genero,p1_0.titulo from pelicula p1_0 where p1_0.idPelicula=?
2026-02-10 10:57:36.523 [main] DEBUG org.hibernate.orm.results.loading.entity - (EntityResultInitializer) Hydrated EntityKey (models.Pelicula): 5
2026-02-10 10:57:36.523 [main] DEBUG org.hibernate.orm.results - Extracted JDBC value [0] - [5]
2026-02-10 10:57:36.523 [main] DEBUG org.hibernate.orm.results.loading.org.hibernate.orm.results.loading.collection - (DelayedCollectionInitializer) Current row collection key : models.Pelicula.salas#5
2026-02-10 10:57:36.523 [main] DEBUG org.hibernate.orm.results.loading.entity - (EntityResultInitializer) Created new entity instance [models.Pelicula#5] : Pelicula [idPelicula=5, titulo=null, genero=null, duracion=0, salas=[]]
2026-02-10 10:57:36.523 [main] DEBUG org.hibernate.orm.results - Extracted JDBC value [1] - [132]
2026-02-10 10:57:36.523 [main] DEBUG org.hibernate.orm.results - Extracted JDBC value [2] - [Romance-Angustia]
2026-02-10 10:57:36.523 [main] DEBUG org.hibernate.orm.results - Extracted JDBC value [3] - [Cumbres Borrascosas]
2026-02-10 10:57:36.524 [main] DEBUG org.hibernate.orm.results.loading.entity - (EntityResultInitializer) Done materializing entityInstance : models.Pelicula#5
2026-02-10 10:57:36.524 [main] DEBUG org.hibernate.orm.results.loading - Calling top-level assembler (0 / 1) : org.hibernate.sql.results.graph.entity.internal.EntityAssembler@44bbb7c6
2026-02-10 10:57:36.525 [main] DEBUG org.hibernate.orm.sql.ast.create - Created new SQL alias : s1_0
2026-02-10 10:57:36.525 [main] DEBUG org.hibernate.orm.sql.ast.create - Registration of TableGroup [CollectionTableGroup(models.Pelicula.salas)] with identifierForTableGroup [models.Pelicula.salas] for NavigablePath [models.Pelicula.salas] 
2026-02-10 10:57:36.525 [main] DEBUG org.hibernate.orm.sql.ast.create - Registration of TableGroup [org.hibernate.sql.ast.tree.from.LazyTableGroup@3ed7dd70] with identifierForTableGroup [models.Pelicula.salas.{element}] for NavigablePath [models.Pelicula.salas.{element}] 
2026-02-10 10:57:36.525 [main] DEBUG org.hibernate.orm.sql.ast.create - Created new SQL alias : s1_1
2026-02-10 10:57:36.525 [main] DEBUG org.hibernate.orm.sql.ast.create - Registration of TableGroup [org.hibernate.sql.ast.tree.from.LazyTableGroup@6f3b13d0] with identifierForTableGroup [models.Pelicula.salas.{element}.cine] for NavigablePath [models.Pelicula.salas.{element}.cine] 
2026-02-10 10:57:36.525 [main] DEBUG org.hibernate.orm.sql.ast.create - Created new SQL alias : c1_0
2026-02-10 10:57:36.525 [main] DEBUG org.hibernate.orm.results.graph.AST - DomainResult Graph:
 \-CollectionDomainResult [models.Pelicula.salas]

2026-02-10 10:57:36.526 [main] DEBUG org.hibernate.orm.sql.ast.tree - SQL AST Tree:
    SelectStatement {
      FromClause {
        CollectionTableGroup (s1 : models.Pelicula.salas) {
          primaryTableReference : sala_pelicula as s1_0
          NestedTableGroupJoins {
             join LazyTableGroup (s1 : models.Pelicula.salas.{element}) {
              primaryTableReference : sala as s1_1
              TableGroupJoins {
                left  join LazyTableGroup (c1 : models.Pelicula.salas.{element}.cine) {
                  primaryTableReference : cine as c1_0
                }
              }
            }
          }
        }
      }
    }

2026-02-10 10:57:36.527 [main] DEBUG org.hibernate.orm.sql.exec - Skipping reading Query result cache data: cache-enabled = false, cache-mode = IGNORE
2026-02-10 10:57:36.527 [main] DEBUG org.hibernate.orm.results - Initializer list
2026-02-10 10:57:36.527 [main] DEBUG org.hibernate.orm.results -     models.Pelicula.salas.{element}.cine.salas -> DelayedCollectionInitializer(models.Pelicula.salas.{element}.cine.salas)@1149650230 (PluralAttribute(models.Cine.salas))
2026-02-10 10:57:36.528 [main] DEBUG org.hibernate.orm.results -     models.Pelicula.salas.{element}.cine -> EntityJoinedFetchInitializer(models.Pelicula.salas.{element}.cine)@1163871363 (ToOneAttributeMapping(NavigableRole[models.Sala.cine])@1847825207)
2026-02-10 10:57:36.528 [main] DEBUG org.hibernate.orm.results -     models.Pelicula.salas.{element}.peliculas -> DelayedCollectionInitializer(models.Pelicula.salas.{element}.peliculas)@2039926996 (PluralAttribute(models.Sala.peliculas))
2026-02-10 10:57:36.528 [main] DEBUG org.hibernate.orm.results -     models.Pelicula.salas.{element} -> EntityJoinedFetchInitializer(models.Pelicula.salas.{element})@265262373 (EntityCollectionPart(NavigableRole[models.Pelicula.salas#{element}])@806073091)
2026-02-10 10:57:36.528 [main] DEBUG org.hibernate.orm.results -     models.Pelicula.salas -> SetInitializer(models.Pelicula.salas)@1111700510 (PluralAttribute(models.Pelicula.salas))
2026-02-10 10:57:36.528 [main] DEBUG org.hibernate.SQL - select s1_0.peliculas_idPelicula,s1_1.idSala,s1_1.capacidad,c1_0.idCine,c1_0.nombre,c1_0.ubicacion,s1_1.nombre from sala_pelicula s1_0 join sala s1_1 on s1_1.idSala=s1_0.salas_idSala left join cine c1_0 on c1_0.idCine=s1_1.cine where s1_0.peliculas_idPelicula=?
2026-02-10 10:57:36.530 [main] DEBUG org.hibernate.sql.results.internal.ResultsHelper - Collection fully initialized: [models.Pelicula.salas#5]
2026-02-10 10:57:36.531 [main] DEBUG org.hibernate.SQL - select next_val as id_val from sala_SEQ for update
2026-02-10 10:57:36.532 [main] DEBUG org.hibernate.SQL - update sala_SEQ set next_val= ? where next_val=?
2026-02-10 10:57:36.538 [main] DEBUG org.hibernate.event.internal.AbstractSaveEventListener - Generated identifier: 2, using strategy: org.hibernate.id.enhanced.SequenceStyleGenerator
2026-02-10 10:57:36.539 [main] DEBUG org.hibernate.orm.sql.exec - Skipping reading Query result cache data: cache-enabled = false, cache-mode = IGNORE
2026-02-10 10:57:36.539 [main] DEBUG org.hibernate.orm.results - Initializer list
2026-02-10 10:57:36.539 [main] DEBUG org.hibernate.orm.results -     models.Pelicula.salas -> DelayedCollectionInitializer(models.Pelicula.salas)@989992548 (PluralAttribute(models.Pelicula.salas))
2026-02-10 10:57:36.539 [main] DEBUG org.hibernate.orm.results -     models.Pelicula -> EntityResultInitializer(models.Pelicula)@257546804 (SingleTableEntityPersister(models.Pelicula))
2026-02-10 10:57:36.539 [main] DEBUG org.hibernate.SQL - select p1_0.idPelicula,p1_0.duracion,p1_0.genero,p1_0.titulo from pelicula p1_0 where p1_0.idPelicula=?
2026-02-10 10:57:36.541 [main] DEBUG org.hibernate.orm.results.loading.entity - (EntityResultInitializer) Hydrated EntityKey (models.Pelicula): 3
2026-02-10 10:57:36.541 [main] DEBUG org.hibernate.orm.results - Extracted JDBC value [0] - [3]
2026-02-10 10:57:36.541 [main] DEBUG org.hibernate.orm.results.loading.org.hibernate.orm.results.loading.collection - (DelayedCollectionInitializer) Current row collection key : models.Pelicula.salas#3
2026-02-10 10:57:36.541 [main] DEBUG org.hibernate.orm.results.loading.entity - (EntityResultInitializer) Created new entity instance [models.Pelicula#3] : Pelicula [idPelicula=3, titulo=null, genero=null, duracion=0, salas=[]]
2026-02-10 10:57:36.541 [main] DEBUG org.hibernate.orm.results - Extracted JDBC value [1] - [120]
2026-02-10 10:57:36.541 [main] DEBUG org.hibernate.orm.results - Extracted JDBC value [2] - [Comedia-Historia]
2026-02-10 10:57:36.541 [main] DEBUG org.hibernate.orm.results - Extracted JDBC value [3] - [Malditos Bastardos]
2026-02-10 10:57:36.541 [main] DEBUG org.hibernate.orm.results.loading.entity - (EntityResultInitializer) Done materializing entityInstance : models.Pelicula#3
2026-02-10 10:57:36.541 [main] DEBUG org.hibernate.orm.results.loading - Calling top-level assembler (0 / 1) : org.hibernate.sql.results.graph.entity.internal.EntityAssembler@67c21bf
2026-02-10 10:57:36.541 [main] DEBUG org.hibernate.orm.results.graph.AST - DomainResult Graph:
 \-CollectionDomainResult [models.Pelicula.salas]

2026-02-10 10:57:36.542 [main] DEBUG org.hibernate.orm.sql.ast.tree - SQL AST Tree:
    SelectStatement {
      FromClause {
        CollectionTableGroup (s1 : models.Pelicula.salas) {
          primaryTableReference : sala_pelicula as s1_0
          NestedTableGroupJoins {
             join LazyTableGroup (s1 : models.Pelicula.salas.{element}) {
              primaryTableReference : sala as s1_1
              TableGroupJoins {
                left  join LazyTableGroup (c1 : models.Pelicula.salas.{element}.cine) {
                  primaryTableReference : cine as c1_0
                }
              }
            }
          }
        }
      }
    }

2026-02-10 10:57:36.542 [main] DEBUG org.hibernate.orm.sql.exec - Skipping reading Query result cache data: cache-enabled = false, cache-mode = IGNORE
2026-02-10 10:57:36.542 [main] DEBUG org.hibernate.orm.results - Initializer list
2026-02-10 10:57:36.542 [main] DEBUG org.hibernate.orm.results -     models.Pelicula.salas.{element}.cine.salas -> DelayedCollectionInitializer(models.Pelicula.salas.{element}.cine.salas)@1739581705 (PluralAttribute(models.Cine.salas))
2026-02-10 10:57:36.542 [main] DEBUG org.hibernate.orm.results -     models.Pelicula.salas.{element}.cine -> EntityJoinedFetchInitializer(models.Pelicula.salas.{element}.cine)@2045895214 (ToOneAttributeMapping(NavigableRole[models.Sala.cine])@1847825207)
2026-02-10 10:57:36.542 [main] DEBUG org.hibernate.orm.results -     models.Pelicula.salas.{element}.peliculas -> DelayedCollectionInitializer(models.Pelicula.salas.{element}.peliculas)@1761864974 (PluralAttribute(models.Sala.peliculas))
2026-02-10 10:57:36.542 [main] DEBUG org.hibernate.orm.results -     models.Pelicula.salas.{element} -> EntityJoinedFetchInitializer(models.Pelicula.salas.{element})@236275784 (EntityCollectionPart(NavigableRole[models.Pelicula.salas#{element}])@806073091)
2026-02-10 10:57:36.542 [main] DEBUG org.hibernate.orm.results -     models.Pelicula.salas -> SetInitializer(models.Pelicula.salas)@384438050 (PluralAttribute(models.Pelicula.salas))
2026-02-10 10:57:36.542 [main] DEBUG org.hibernate.SQL - select s1_0.peliculas_idPelicula,s1_1.idSala,s1_1.capacidad,c1_0.idCine,c1_0.nombre,c1_0.ubicacion,s1_1.nombre from sala_pelicula s1_0 join sala s1_1 on s1_1.idSala=s1_0.salas_idSala left join cine c1_0 on c1_0.idCine=s1_1.cine where s1_0.peliculas_idPelicula=?
2026-02-10 10:57:36.543 [main] DEBUG org.hibernate.sql.results.internal.ResultsHelper - Collection fully initialized: [models.Pelicula.salas#3]
2026-02-10 10:57:36.543 [main] DEBUG org.hibernate.engine.spi.CollectionEntry - Reset storedSnapshot to [] for CollectionEntry[models.Cine.salas#1]
2026-02-10 10:57:36.543 [main] DEBUG org.hibernate.engine.transaction.internal.TransactionImpl - committing
2026-02-10 10:57:36.543 [main] DEBUG org.hibernate.event.internal.AbstractFlushingEventListener - Processing flush-time cascades
2026-02-10 10:57:36.544 [main] DEBUG org.hibernate.event.internal.AbstractFlushingEventListener - Dirty checking collections
2026-02-10 10:57:36.544 [main] DEBUG org.hibernate.engine.spi.CollectionEntry - Collection dirty: [models.Cine.salas#1]
2026-02-10 10:57:36.544 [main] DEBUG org.hibernate.engine.internal.Collections - Collection found: [models.Cine.salas#1], was: [models.Cine.salas#1] (initialized)
2026-02-10 10:57:36.544 [main] DEBUG org.hibernate.engine.internal.Collections - Collection found: [models.Sala.peliculas#1], was: [<unreferenced>] (initialized)
2026-02-10 10:57:36.544 [main] DEBUG org.hibernate.engine.internal.Collections - Collection found: [models.Pelicula.salas#5], was: [models.Pelicula.salas#5] (initialized)
2026-02-10 10:57:36.544 [main] DEBUG org.hibernate.engine.internal.Collections - Collection found: [models.Sala.peliculas#2], was: [<unreferenced>] (initialized)
2026-02-10 10:57:36.544 [main] DEBUG org.hibernate.engine.internal.Collections - Collection found: [models.Pelicula.salas#3], was: [models.Pelicula.salas#3] (initialized)
2026-02-10 10:57:36.545 [main] DEBUG org.hibernate.event.internal.AbstractFlushingEventListener - Flushed: 2 insertions, 0 updates, 0 deletions to 5 objects
2026-02-10 10:57:36.545 [main] DEBUG org.hibernate.event.internal.AbstractFlushingEventListener - Flushed: 2 (re)creations, 1 updates, 0 removals to 5 collections
2026-02-10 10:57:36.545 [main] DEBUG org.hibernate.internal.util.EntityPrinter - Listing entities:
2026-02-10 10:57:36.545 [main] DEBUG org.hibernate.internal.util.EntityPrinter - models.Cine{salas=[models.Sala#1, models.Sala#2], ubicacion=Camas, Sevilla, idCine=1, nombre=Cinesa}
2026-02-10 10:57:36.545 [main] DEBUG org.hibernate.internal.util.EntityPrinter - models.Pelicula{salas=[], genero=Romance-Angustia, duracion=132, titulo=Cumbres Borrascosas, idPelicula=5}
2026-02-10 10:57:36.545 [main] DEBUG org.hibernate.internal.util.EntityPrinter - models.Sala{cine=models.Cine#1, peliculas=[models.Pelicula#3], idSala=2, nombre=Sala mediana, capacidad=30}
2026-02-10 10:57:36.545 [main] DEBUG org.hibernate.internal.util.EntityPrinter - models.Pelicula{salas=[], genero=Comedia-Historia, duracion=120, titulo=Malditos Bastardos, idPelicula=3}
2026-02-10 10:57:36.545 [main] DEBUG org.hibernate.internal.util.EntityPrinter - models.Sala{cine=models.Cine#1, peliculas=[models.Pelicula#5], idSala=1, nombre=Sala grande, capacidad=50}
2026-02-10 10:57:36.545 [main] DEBUG org.hibernate.SQL - /* insert models.Sala */ insert into sala (capacidad, cine, nombre, idSala) values (?, ?, ?, ?)
2026-02-10 10:57:36.547 [main] DEBUG org.hibernate.SQL - /* insert models.Sala */ insert into sala (capacidad, cine, nombre, idSala) values (?, ?, ?, ?)
2026-02-10 10:57:36.550 [main] DEBUG org.hibernate.persister.collection.AbstractCollectionPersister - Inserting collection: [models.Sala.peliculas#1]
2026-02-10 10:57:36.551 [main] DEBUG org.hibernate.SQL - /* insert collection row models.Sala.peliculas */ insert into sala_pelicula (salas_idSala, peliculas_idPelicula) values (?, ?)
2026-02-10 10:57:36.553 [main] DEBUG org.hibernate.persister.collection.AbstractCollectionPersister - Done inserting collection: 1 rows inserted
2026-02-10 10:57:36.553 [main] DEBUG org.hibernate.persister.collection.AbstractCollectionPersister - Inserting collection: [models.Sala.peliculas#2]
2026-02-10 10:57:36.553 [main] DEBUG org.hibernate.SQL - /* insert collection row models.Sala.peliculas */ insert into sala_pelicula (salas_idSala, peliculas_idPelicula) values (?, ?)
2026-02-10 10:57:36.555 [main] DEBUG org.hibernate.persister.collection.AbstractCollectionPersister - Done inserting collection: 1 rows inserted
2026-02-10 10:57:36.559 [main] DEBUG org.hibernate.resource.jdbc.internal.LogicalConnectionManagedImpl - Initiating JDBC connection release from afterTransaction
2026-02-10 10:57:36.560 [main] DEBUG org.hibernate.resource.jdbc.internal.LogicalConnectionManagedImpl - Initiating JDBC connection release from afterTransaction
2026-02-10 10:57:36.560 [main] DEBUG org.hibernate.engine.jdbc.internal.JdbcCoordinatorImpl - HHH000420: Closing un-released batch
2026-02-10 10:57:36.560 [main] DEBUG org.hibernate.engine.transaction.internal.TransactionImpl - On TransactionImpl creation, JpaCompliance#isJpaTransactionComplianceEnabled == false
2026-02-10 10:57:36.561 [main] DEBUG org.hibernate.engine.transaction.internal.TransactionImpl - begin
2026-02-10 10:57:36.562 [main] DEBUG org.hibernate.SQL - select next_val as id_val from cine_SEQ for update
2026-02-10 10:57:36.563 [main] DEBUG org.hibernate.SQL - update cine_SEQ set next_val= ? where next_val=?
2026-02-10 10:57:36.571 [main] DEBUG org.hibernate.event.internal.AbstractSaveEventListener - Generated identifier: 2, using strategy: org.hibernate.id.enhanced.SequenceStyleGenerator
2026-02-10 10:57:36.571 [main] DEBUG org.hibernate.engine.transaction.internal.TransactionImpl - committing
2026-02-10 10:57:36.571 [main] DEBUG org.hibernate.event.internal.AbstractFlushingEventListener - Processing flush-time cascades
2026-02-10 10:57:36.571 [main] DEBUG org.hibernate.event.internal.AbstractFlushingEventListener - Dirty checking collections
2026-02-10 10:57:36.571 [main] DEBUG org.hibernate.engine.internal.Collections - Collection found: [models.Cine.salas#2], was: [<unreferenced>] (initialized)
2026-02-10 10:57:36.571 [main] DEBUG org.hibernate.event.internal.AbstractFlushingEventListener - Flushed: 1 insertions, 0 updates, 0 deletions to 1 objects
2026-02-10 10:57:36.571 [main] DEBUG org.hibernate.event.internal.AbstractFlushingEventListener - Flushed: 1 (re)creations, 0 updates, 0 removals to 1 collections
2026-02-10 10:57:36.571 [main] DEBUG org.hibernate.internal.util.EntityPrinter - Listing entities:
2026-02-10 10:57:36.572 [main] DEBUG org.hibernate.internal.util.EntityPrinter - models.Cine{salas=[], ubicacion=Lagoh, idCine=2, nombre=Cine Yelmo}
2026-02-10 10:57:36.572 [main] DEBUG org.hibernate.SQL - /* insert models.Cine */ insert into cine (nombre, ubicacion, idCine) values (?, ?, ?)
2026-02-10 10:57:36.578 [main] DEBUG org.hibernate.resource.jdbc.internal.LogicalConnectionManagedImpl - Initiating JDBC connection release from afterTransaction
2026-02-10 10:57:36.578 [main] DEBUG org.hibernate.resource.jdbc.internal.LogicalConnectionManagedImpl - Initiating JDBC connection release from afterTransaction
2026-02-10 10:57:36.579 [main] DEBUG org.hibernate.engine.transaction.internal.TransactionImpl - On TransactionImpl creation, JpaCompliance#isJpaTransactionComplianceEnabled == false
2026-02-10 10:57:36.579 [main] DEBUG org.hibernate.engine.transaction.internal.TransactionImpl - begin
2026-02-10 10:57:36.580 [main] DEBUG org.hibernate.orm.sql.exec - Skipping reading Query result cache data: cache-enabled = false, cache-mode = IGNORE
2026-02-10 10:57:36.580 [main] DEBUG org.hibernate.orm.results - Initializer list
2026-02-10 10:57:36.580 [main] DEBUG org.hibernate.orm.results -     models.Cine.salas.{element}.peliculas -> DelayedCollectionInitializer(models.Cine.salas.{element}.peliculas)@818609427 (PluralAttribute(models.Sala.peliculas))
2026-02-10 10:57:36.580 [main] DEBUG org.hibernate.orm.results -     models.Cine.salas.{element} -> EntityJoinedFetchInitializer(models.Cine.salas.{element})@488795943 (EntityCollectionPart(NavigableRole[models.Cine.salas#{element}])@223363383)
2026-02-10 10:57:36.580 [main] DEBUG org.hibernate.orm.results -     models.Cine.salas -> BagInitializer(models.Cine.salas)@496259008 (PluralAttribute(models.Cine.salas))
2026-02-10 10:57:36.580 [main] DEBUG org.hibernate.orm.results -     models.Cine -> EntityResultInitializer(models.Cine)@2084324667 (SingleTableEntityPersister(models.Cine))
2026-02-10 10:57:36.580 [main] DEBUG org.hibernate.SQL - select c1_0.idCine,c1_0.nombre,s1_0.cine,s1_0.idSala,s1_0.capacidad,s1_0.nombre,c1_0.ubicacion from cine c1_0 left join sala s1_0 on c1_0.idCine=s1_0.cine where c1_0.idCine=?
2026-02-10 10:57:36.582 [main] DEBUG org.hibernate.orm.results - Extracted JDBC value [3] - [null]
2026-02-10 10:57:36.582 [main] DEBUG org.hibernate.orm.results.loading.entity - (EntityJoinedFetchInitializer) EntityKey (models.Cine.salas.{element}) is null
2026-02-10 10:57:36.582 [main] DEBUG org.hibernate.orm.results.loading.entity - (EntityResultInitializer) Hydrated EntityKey (models.Cine): 2
2026-02-10 10:57:36.582 [main] DEBUG org.hibernate.orm.results - Extracted JDBC value [3] - [null]
2026-02-10 10:57:36.582 [main] DEBUG org.hibernate.orm.results - Extracted JDBC value [0] - [2]
2026-02-10 10:57:36.582 [main] DEBUG org.hibernate.orm.results.loading.org.hibernate.orm.results.loading.collection - (DelayedCollectionInitializer) Current row collection key : models.Cine.salas#2
2026-02-10 10:57:36.582 [main] DEBUG org.hibernate.orm.results - Extracted JDBC value [2] - [null]
2026-02-10 10:57:36.582 [main] DEBUG org.hibernate.orm.results.loading.org.hibernate.orm.results.loading.collection - (BagInitializer) Created new collection wrapper [models.Cine.salas#2] : org.hibernate.collection.spi.PersistentBag@721004015
2026-02-10 10:57:36.582 [main] DEBUG org.hibernate.orm.results.loading.org.hibernate.orm.results.loading.collection - (BagInitializer) Responsible for loading collection [models.Cine.salas#2] : org.hibernate.collection.spi.PersistentBag@721004015
2026-02-10 10:57:36.582 [main] DEBUG org.hibernate.orm.results.loading.entity - (EntityResultInitializer) Created new entity instance [models.Cine#2] : Cine [idCine=2, nombre=null, ubicacion=null, salas=[]]
2026-02-10 10:57:36.582 [main] DEBUG org.hibernate.orm.results - Extracted JDBC value [1] - [Cine Yelmo]
2026-02-10 10:57:36.582 [main] DEBUG org.hibernate.orm.results - Extracted JDBC value [6] - [Lagoh]
2026-02-10 10:57:36.582 [main] DEBUG org.hibernate.orm.results.loading.entity - (EntityResultInitializer) Done materializing entityInstance : models.Cine#2
2026-02-10 10:57:36.582 [main] DEBUG org.hibernate.orm.results.loading - Calling top-level assembler (0 / 1) : org.hibernate.sql.results.graph.entity.internal.EntityAssembler@6736f40f
2026-02-10 10:57:36.582 [main] DEBUG org.hibernate.sql.results.internal.ResultsHelper - Collection fully initialized: [models.Cine.salas#2]
2026-02-10 10:57:36.582 [main] DEBUG org.hibernate.event.internal.AbstractSaveEventListener - Generated identifier: 3, using strategy: org.hibernate.id.enhanced.SequenceStyleGenerator
2026-02-10 10:57:36.583 [main] DEBUG org.hibernate.orm.sql.exec - Skipping reading Query result cache data: cache-enabled = false, cache-mode = IGNORE
2026-02-10 10:57:36.583 [main] DEBUG org.hibernate.orm.results - Initializer list
2026-02-10 10:57:36.583 [main] DEBUG org.hibernate.orm.results -     models.Pelicula.salas -> DelayedCollectionInitializer(models.Pelicula.salas)@1348421068 (PluralAttribute(models.Pelicula.salas))
2026-02-10 10:57:36.583 [main] DEBUG org.hibernate.orm.results -     models.Pelicula -> EntityResultInitializer(models.Pelicula)@10044740 (SingleTableEntityPersister(models.Pelicula))
2026-02-10 10:57:36.583 [main] DEBUG org.hibernate.SQL - select p1_0.idPelicula,p1_0.duracion,p1_0.genero,p1_0.titulo from pelicula p1_0 where p1_0.idPelicula=?
2026-02-10 10:57:36.585 [main] DEBUG org.hibernate.orm.results.loading.entity - (EntityResultInitializer) Hydrated EntityKey (models.Pelicula): 1
2026-02-10 10:57:36.585 [main] DEBUG org.hibernate.orm.results - Extracted JDBC value [0] - [1]
2026-02-10 10:57:36.585 [main] DEBUG org.hibernate.orm.results.loading.org.hibernate.orm.results.loading.collection - (DelayedCollectionInitializer) Current row collection key : models.Pelicula.salas#1
2026-02-10 10:57:36.585 [main] DEBUG org.hibernate.orm.results.loading.entity - (EntityResultInitializer) Created new entity instance [models.Pelicula#1] : Pelicula [idPelicula=1, titulo=null, genero=null, duracion=0, salas=[]]
2026-02-10 10:57:36.585 [main] DEBUG org.hibernate.orm.results - Extracted JDBC value [1] - [96]
2026-02-10 10:57:36.585 [main] DEBUG org.hibernate.orm.results - Extracted JDBC value [2] - [Animación]
2026-02-10 10:57:36.585 [main] DEBUG org.hibernate.orm.results - Extracted JDBC value [3] - [El chico y la Garza]
2026-02-10 10:57:36.585 [main] DEBUG org.hibernate.orm.results.loading.entity - (EntityResultInitializer) Done materializing entityInstance : models.Pelicula#1
2026-02-10 10:57:36.585 [main] DEBUG org.hibernate.orm.results.loading - Calling top-level assembler (0 / 1) : org.hibernate.sql.results.graph.entity.internal.EntityAssembler@1b475663
2026-02-10 10:57:36.585 [main] DEBUG org.hibernate.orm.sql.exec - Skipping reading Query result cache data: cache-enabled = false, cache-mode = IGNORE
2026-02-10 10:57:36.585 [main] DEBUG org.hibernate.orm.results - Initializer list
2026-02-10 10:57:36.585 [main] DEBUG org.hibernate.orm.results -     models.Pelicula.salas -> DelayedCollectionInitializer(models.Pelicula.salas)@376017690 (PluralAttribute(models.Pelicula.salas))
2026-02-10 10:57:36.585 [main] DEBUG org.hibernate.orm.results -     models.Pelicula -> EntityResultInitializer(models.Pelicula)@1797578199 (SingleTableEntityPersister(models.Pelicula))
2026-02-10 10:57:36.585 [main] DEBUG org.hibernate.SQL - select p1_0.idPelicula,p1_0.duracion,p1_0.genero,p1_0.titulo from pelicula p1_0 where p1_0.idPelicula=?
2026-02-10 10:57:36.587 [main] DEBUG org.hibernate.orm.results.loading.entity - (EntityResultInitializer) Hydrated EntityKey (models.Pelicula): 2
2026-02-10 10:57:36.587 [main] DEBUG org.hibernate.orm.results - Extracted JDBC value [0] - [2]
2026-02-10 10:57:36.587 [main] DEBUG org.hibernate.orm.results.loading.org.hibernate.orm.results.loading.collection - (DelayedCollectionInitializer) Current row collection key : models.Pelicula.salas#2
2026-02-10 10:57:36.587 [main] DEBUG org.hibernate.orm.results.loading.entity - (EntityResultInitializer) Created new entity instance [models.Pelicula#2] : Pelicula [idPelicula=2, titulo=null, genero=null, duracion=0, salas=[]]
2026-02-10 10:57:36.587 [main] DEBUG org.hibernate.orm.results - Extracted JDBC value [1] - [92]
2026-02-10 10:57:36.587 [main] DEBUG org.hibernate.orm.results - Extracted JDBC value [2] - [infantil]
2026-02-10 10:57:36.587 [main] DEBUG org.hibernate.orm.results - Extracted JDBC value [3] - [100 Dalmatas]
2026-02-10 10:57:36.587 [main] DEBUG org.hibernate.orm.results.loading.entity - (EntityResultInitializer) Done materializing entityInstance : models.Pelicula#2
2026-02-10 10:57:36.587 [main] DEBUG org.hibernate.orm.results.loading - Calling top-level assembler (0 / 1) : org.hibernate.sql.results.graph.entity.internal.EntityAssembler@36d697ab
2026-02-10 10:57:36.587 [main] DEBUG org.hibernate.orm.results.graph.AST - DomainResult Graph:
 \-CollectionDomainResult [models.Pelicula.salas]

2026-02-10 10:57:36.587 [main] DEBUG org.hibernate.orm.sql.ast.tree - SQL AST Tree:
    SelectStatement {
      FromClause {
        CollectionTableGroup (s1 : models.Pelicula.salas) {
          primaryTableReference : sala_pelicula as s1_0
          NestedTableGroupJoins {
             join LazyTableGroup (s1 : models.Pelicula.salas.{element}) {
              primaryTableReference : sala as s1_1
              TableGroupJoins {
                left  join LazyTableGroup (c1 : models.Pelicula.salas.{element}.cine) {
                  primaryTableReference : cine as c1_0
                }
              }
            }
          }
        }
      }
    }

2026-02-10 10:57:36.587 [main] DEBUG org.hibernate.orm.sql.exec - Skipping reading Query result cache data: cache-enabled = false, cache-mode = IGNORE
2026-02-10 10:57:36.588 [main] DEBUG org.hibernate.orm.results - Initializer list
2026-02-10 10:57:36.588 [main] DEBUG org.hibernate.orm.results -     models.Pelicula.salas.{element}.cine.salas -> DelayedCollectionInitializer(models.Pelicula.salas.{element}.cine.salas)@679681385 (PluralAttribute(models.Cine.salas))
2026-02-10 10:57:36.588 [main] DEBUG org.hibernate.orm.results -     models.Pelicula.salas.{element}.cine -> EntityJoinedFetchInitializer(models.Pelicula.salas.{element}.cine)@828064258 (ToOneAttributeMapping(NavigableRole[models.Sala.cine])@1847825207)
2026-02-10 10:57:36.588 [main] DEBUG org.hibernate.orm.results -     models.Pelicula.salas.{element}.peliculas -> DelayedCollectionInitializer(models.Pelicula.salas.{element}.peliculas)@1491089257 (PluralAttribute(models.Sala.peliculas))
2026-02-10 10:57:36.588 [main] DEBUG org.hibernate.orm.results -     models.Pelicula.salas.{element} -> EntityJoinedFetchInitializer(models.Pelicula.salas.{element})@1518966801 (EntityCollectionPart(NavigableRole[models.Pelicula.salas#{element}])@806073091)
2026-02-10 10:57:36.588 [main] DEBUG org.hibernate.orm.results -     models.Pelicula.salas -> SetInitializer(models.Pelicula.salas)@1783737980 (PluralAttribute(models.Pelicula.salas))
2026-02-10 10:57:36.588 [main] DEBUG org.hibernate.SQL - select s1_0.peliculas_idPelicula,s1_1.idSala,s1_1.capacidad,c1_0.idCine,c1_0.nombre,c1_0.ubicacion,s1_1.nombre from sala_pelicula s1_0 join sala s1_1 on s1_1.idSala=s1_0.salas_idSala left join cine c1_0 on c1_0.idCine=s1_1.cine where s1_0.peliculas_idPelicula=?
2026-02-10 10:57:36.590 [main] DEBUG org.hibernate.sql.results.internal.ResultsHelper - Collection fully initialized: [models.Pelicula.salas#1]
2026-02-10 10:57:36.590 [main] DEBUG org.hibernate.orm.results.graph.AST - DomainResult Graph:
 \-CollectionDomainResult [models.Pelicula.salas]

2026-02-10 10:57:36.590 [main] DEBUG org.hibernate.orm.sql.ast.tree - SQL AST Tree:
    SelectStatement {
      FromClause {
        CollectionTableGroup (s1 : models.Pelicula.salas) {
          primaryTableReference : sala_pelicula as s1_0
          NestedTableGroupJoins {
             join LazyTableGroup (s1 : models.Pelicula.salas.{element}) {
              primaryTableReference : sala as s1_1
              TableGroupJoins {
                left  join LazyTableGroup (c1 : models.Pelicula.salas.{element}.cine) {
                  primaryTableReference : cine as c1_0
                }
              }
            }
          }
        }
      }
    }

2026-02-10 10:57:36.590 [main] DEBUG org.hibernate.orm.sql.exec - Skipping reading Query result cache data: cache-enabled = false, cache-mode = IGNORE
2026-02-10 10:57:36.590 [main] DEBUG org.hibernate.orm.results - Initializer list
2026-02-10 10:57:36.590 [main] DEBUG org.hibernate.orm.results -     models.Pelicula.salas.{element}.cine.salas -> DelayedCollectionInitializer(models.Pelicula.salas.{element}.cine.salas)@1311562833 (PluralAttribute(models.Cine.salas))
2026-02-10 10:57:36.590 [main] DEBUG org.hibernate.orm.results -     models.Pelicula.salas.{element}.cine -> EntityJoinedFetchInitializer(models.Pelicula.salas.{element}.cine)@694790566 (ToOneAttributeMapping(NavigableRole[models.Sala.cine])@1847825207)
2026-02-10 10:57:36.590 [main] DEBUG org.hibernate.orm.results -     models.Pelicula.salas.{element}.peliculas -> DelayedCollectionInitializer(models.Pelicula.salas.{element}.peliculas)@625411191 (PluralAttribute(models.Sala.peliculas))
2026-02-10 10:57:36.590 [main] DEBUG org.hibernate.orm.results -     models.Pelicula.salas.{element} -> EntityJoinedFetchInitializer(models.Pelicula.salas.{element})@1635975151 (EntityCollectionPart(NavigableRole[models.Pelicula.salas#{element}])@806073091)
2026-02-10 10:57:36.590 [main] DEBUG org.hibernate.orm.results -     models.Pelicula.salas -> SetInitializer(models.Pelicula.salas)@1239710170 (PluralAttribute(models.Pelicula.salas))
2026-02-10 10:57:36.590 [main] DEBUG org.hibernate.SQL - select s1_0.peliculas_idPelicula,s1_1.idSala,s1_1.capacidad,c1_0.idCine,c1_0.nombre,c1_0.ubicacion,s1_1.nombre from sala_pelicula s1_0 join sala s1_1 on s1_1.idSala=s1_0.salas_idSala left join cine c1_0 on c1_0.idCine=s1_1.cine where s1_0.peliculas_idPelicula=?
2026-02-10 10:57:36.592 [main] DEBUG org.hibernate.sql.results.internal.ResultsHelper - Collection fully initialized: [models.Pelicula.salas#2]
2026-02-10 10:57:36.592 [main] DEBUG org.hibernate.event.internal.AbstractSaveEventListener - Generated identifier: 4, using strategy: org.hibernate.id.enhanced.SequenceStyleGenerator
2026-02-10 10:57:36.593 [main] DEBUG org.hibernate.engine.spi.CollectionEntry - Reset storedSnapshot to [] for CollectionEntry[models.Cine.salas#2]
2026-02-10 10:57:36.593 [main] DEBUG org.hibernate.engine.transaction.internal.TransactionImpl - committing
2026-02-10 10:57:36.593 [main] DEBUG org.hibernate.event.internal.AbstractFlushingEventListener - Processing flush-time cascades
2026-02-10 10:57:36.593 [main] DEBUG org.hibernate.event.internal.AbstractFlushingEventListener - Dirty checking collections
2026-02-10 10:57:36.593 [main] DEBUG org.hibernate.engine.spi.CollectionEntry - Collection dirty: [models.Cine.salas#2]
2026-02-10 10:57:36.593 [main] DEBUG org.hibernate.engine.internal.Collections - Collection found: [models.Cine.salas#2], was: [models.Cine.salas#2] (initialized)
2026-02-10 10:57:36.593 [main] DEBUG org.hibernate.engine.internal.Collections - Collection found: [models.Sala.peliculas#3], was: [<unreferenced>] (initialized)
2026-02-10 10:57:36.593 [main] DEBUG org.hibernate.engine.internal.Collections - Collection found: [models.Pelicula.salas#1], was: [models.Pelicula.salas#1] (initialized)
2026-02-10 10:57:36.593 [main] DEBUG org.hibernate.engine.internal.Collections - Collection found: [models.Pelicula.salas#2], was: [models.Pelicula.salas#2] (initialized)
2026-02-10 10:57:36.593 [main] DEBUG org.hibernate.engine.internal.Collections - Collection found: [models.Sala.peliculas#4], was: [<unreferenced>] (initialized)
2026-02-10 10:57:36.594 [main] DEBUG org.hibernate.event.internal.AbstractFlushingEventListener - Flushed: 2 insertions, 0 updates, 0 deletions to 5 objects
2026-02-10 10:57:36.594 [main] DEBUG org.hibernate.event.internal.AbstractFlushingEventListener - Flushed: 2 (re)creations, 1 updates, 0 removals to 5 collections
2026-02-10 10:57:36.594 [main] DEBUG org.hibernate.internal.util.EntityPrinter - Listing entities:
2026-02-10 10:57:36.594 [main] DEBUG org.hibernate.internal.util.EntityPrinter - models.Sala{cine=models.Cine#2, peliculas=[models.Pelicula#1], idSala=4, nombre=Sala pequeña, capacidad=15}
2026-02-10 10:57:36.594 [main] DEBUG org.hibernate.internal.util.EntityPrinter - models.Sala{cine=models.Cine#2, peliculas=[models.Pelicula#1, models.Pelicula#2], idSala=3, nombre=Sala infantil, capacidad=20}
2026-02-10 10:57:36.594 [main] DEBUG org.hibernate.internal.util.EntityPrinter - models.Pelicula{salas=[], genero=infantil, duracion=92, titulo=100 Dalmatas, idPelicula=2}
2026-02-10 10:57:36.594 [main] DEBUG org.hibernate.internal.util.EntityPrinter - models.Pelicula{salas=[], genero=Animación, duracion=96, titulo=El chico y la Garza, idPelicula=1}
2026-02-10 10:57:36.594 [main] DEBUG org.hibernate.internal.util.EntityPrinter - models.Cine{salas=[models.Sala#3, models.Sala#4], ubicacion=Lagoh, idCine=2, nombre=Cine Yelmo}
2026-02-10 10:57:36.594 [main] DEBUG org.hibernate.SQL - /* insert models.Sala */ insert into sala (capacidad, cine, nombre, idSala) values (?, ?, ?, ?)
2026-02-10 10:57:36.596 [main] DEBUG org.hibernate.SQL - /* insert models.Sala */ insert into sala (capacidad, cine, nombre, idSala) values (?, ?, ?, ?)
2026-02-10 10:57:36.597 [main] DEBUG org.hibernate.persister.collection.AbstractCollectionPersister - Inserting collection: [models.Sala.peliculas#3]
2026-02-10 10:57:36.597 [main] DEBUG org.hibernate.SQL - /* insert collection row models.Sala.peliculas */ insert into sala_pelicula (salas_idSala, peliculas_idPelicula) values (?, ?)
2026-02-10 10:57:36.599 [main] DEBUG org.hibernate.SQL - /* insert collection row models.Sala.peliculas */ insert into sala_pelicula (salas_idSala, peliculas_idPelicula) values (?, ?)
2026-02-10 10:57:36.600 [main] DEBUG org.hibernate.persister.collection.AbstractCollectionPersister - Done inserting collection: 2 rows inserted
2026-02-10 10:57:36.600 [main] DEBUG org.hibernate.persister.collection.AbstractCollectionPersister - Inserting collection: [models.Sala.peliculas#4]
2026-02-10 10:57:36.600 [main] DEBUG org.hibernate.SQL - /* insert collection row models.Sala.peliculas */ insert into sala_pelicula (salas_idSala, peliculas_idPelicula) values (?, ?)
2026-02-10 10:57:36.603 [main] DEBUG org.hibernate.persister.collection.AbstractCollectionPersister - Done inserting collection: 1 rows inserted
2026-02-10 10:57:36.608 [main] DEBUG org.hibernate.resource.jdbc.internal.LogicalConnectionManagedImpl - Initiating JDBC connection release from afterTransaction
2026-02-10 10:57:36.610 [main] DEBUG org.hibernate.resource.jdbc.internal.LogicalConnectionManagedImpl - Initiating JDBC connection release from afterTransaction
2026-02-10 10:57:36.610 [main] DEBUG org.hibernate.engine.jdbc.internal.JdbcCoordinatorImpl - HHH000420: Closing un-released batch
2026-02-10 10:57:36.622 [main] DEBUG org.hibernate.orm.query.hql - HQL : FROM models.Pelicula
2026-02-10 10:57:36.771 [main] DEBUG org.hibernate.query.hql.internal.SemanticQueryBuilder - Handling root path - models.Pelicula
2026-02-10 10:57:36.776 [main] DEBUG org.hibernate.query.hql.internal.SemanticQueryBuilder - Encountered implicit select clause : FROMmodels.Pelicula
2026-02-10 10:57:36.786 [main] DEBUG org.hibernate.orm.query.sqm.ast - SqmStatement Tree :
    -> [select]
      -> [query-spec]
        -> [select]
          -> [selection]
            -> [root] - `models.Pelicula(10414472525700)`
            <- [root] - `models.Pelicula(10414472525700)`
          <- [selection]
        <- [select]
        -> [from]
          -> [root] - `models.Pelicula(10414472525700)`
          <- [root] - `models.Pelicula(10414472525700)`
        <- [from]
      <- [query-spec]
    <- [select]

2026-02-10 10:57:36.811 [main] DEBUG org.hibernate.orm.sql.ast.create - Created new SQL alias : p1_0
2026-02-10 10:57:36.811 [main] DEBUG org.hibernate.orm.sql.ast.create - Registration of TableGroup [StandardTableGroup(models.Pelicula(10414472525700))] with identifierForTableGroup [models.Pelicula] for NavigablePath [models.Pelicula] 
2026-02-10 10:57:36.816 [main] DEBUG org.hibernate.orm.results.graph.AST - DomainResult Graph:
 \-EntityResultImpl [models.Pelicula(10414472525700)]
 |  +-BasicFetch [models.Pelicula(10414472525700).duracion]
 |  +-BasicFetch [models.Pelicula(10414472525700).genero]
 |  +-DelayedCollectionFetch [models.Pelicula(10414472525700).salas]
 |  \-BasicFetch [models.Pelicula(10414472525700).titulo]

2026-02-10 10:57:36.816 [main] DEBUG org.hibernate.orm.sql.ast.tree - SQL AST Tree:
    SelectStatement {
      FromClause {
        StandardTableGroup (p1 : models.Pelicula(10414472525700)) {
          primaryTableReference : pelicula as p1_0
        }
      }
    }

2026-02-10 10:57:36.818 [main] DEBUG org.hibernate.orm.sql.exec - Skipping reading Query result cache data: cache-enabled = false, cache-mode = NORMAL
2026-02-10 10:57:36.818 [main] DEBUG org.hibernate.orm.results - Initializer list
2026-02-10 10:57:36.818 [main] DEBUG org.hibernate.orm.results -     models.Pelicula(10414472525700).salas -> DelayedCollectionInitializer(models.Pelicula(10414472525700).salas)@407387019 (PluralAttribute(models.Pelicula.salas))
2026-02-10 10:57:36.818 [main] DEBUG org.hibernate.orm.results -     models.Pelicula(10414472525700) -> EntityResultInitializer(models.Pelicula(10414472525700))@620506240 (SingleTableEntityPersister(models.Pelicula))
2026-02-10 10:57:36.819 [main] DEBUG org.hibernate.SQL - /* FROM models.Pelicula */ select p1_0.idPelicula,p1_0.duracion,p1_0.genero,p1_0.titulo from pelicula p1_0
2026-02-10 10:57:36.821 [main] DEBUG org.hibernate.orm.results - Extracted JDBC value [0] - [1]
2026-02-10 10:57:36.821 [main] DEBUG org.hibernate.orm.results.loading.entity - (EntityResultInitializer) Hydrated EntityKey (models.Pelicula(10414472525700)): 1
2026-02-10 10:57:36.822 [main] DEBUG org.hibernate.orm.results - Extracted JDBC value [0] - [1]
2026-02-10 10:57:36.822 [main] DEBUG org.hibernate.orm.results.loading.org.hibernate.orm.results.loading.collection - (DelayedCollectionInitializer) Current row collection key : models.Pelicula(10414472525700).salas#1
2026-02-10 10:57:36.822 [main] DEBUG org.hibernate.orm.results.loading.entity - (EntityResultInitializer) Created new entity instance [models.Pelicula(10414472525700)#1] : Pelicula [idPelicula=1, titulo=null, genero=null, duracion=0, salas=[]]
2026-02-10 10:57:36.822 [main] DEBUG org.hibernate.orm.results - Extracted JDBC value [1] - [96]
2026-02-10 10:57:36.822 [main] DEBUG org.hibernate.orm.results - Extracted JDBC value [2] - [Animación]
2026-02-10 10:57:36.822 [main] DEBUG org.hibernate.orm.results - Extracted JDBC value [3] - [El chico y la Garza]
2026-02-10 10:57:36.822 [main] DEBUG org.hibernate.orm.results.loading.entity - (EntityResultInitializer) Done materializing entityInstance : models.Pelicula(10414472525700)#1
2026-02-10 10:57:36.822 [main] DEBUG org.hibernate.orm.results.loading - Calling top-level assembler (0 / 1) : org.hibernate.sql.results.graph.entity.internal.EntityAssembler@3f9f8d23
2026-02-10 10:57:36.822 [main] DEBUG org.hibernate.orm.results - Extracted JDBC value [0] - [2]
2026-02-10 10:57:36.822 [main] DEBUG org.hibernate.orm.results.loading.entity - (EntityResultInitializer) Hydrated EntityKey (models.Pelicula(10414472525700)): 2
2026-02-10 10:57:36.822 [main] DEBUG org.hibernate.orm.results - Extracted JDBC value [0] - [2]
2026-02-10 10:57:36.822 [main] DEBUG org.hibernate.orm.results.loading.org.hibernate.orm.results.loading.collection - (DelayedCollectionInitializer) Current row collection key : models.Pelicula(10414472525700).salas#2
2026-02-10 10:57:36.822 [main] DEBUG org.hibernate.orm.results.loading.entity - (EntityResultInitializer) Created new entity instance [models.Pelicula(10414472525700)#2] : Pelicula [idPelicula=2, titulo=null, genero=null, duracion=0, salas=[]]
2026-02-10 10:57:36.822 [main] DEBUG org.hibernate.orm.results - Extracted JDBC value [1] - [92]
2026-02-10 10:57:36.822 [main] DEBUG org.hibernate.orm.results - Extracted JDBC value [2] - [infantil]
2026-02-10 10:57:36.822 [main] DEBUG org.hibernate.orm.results - Extracted JDBC value [3] - [100 Dalmatas]
2026-02-10 10:57:36.822 [main] DEBUG org.hibernate.orm.results.loading.entity - (EntityResultInitializer) Done materializing entityInstance : models.Pelicula(10414472525700)#2
2026-02-10 10:57:36.822 [main] DEBUG org.hibernate.orm.results.loading - Calling top-level assembler (0 / 1) : org.hibernate.sql.results.graph.entity.internal.EntityAssembler@3f9f8d23
2026-02-10 10:57:36.822 [main] DEBUG org.hibernate.orm.results - Extracted JDBC value [0] - [3]
2026-02-10 10:57:36.822 [main] DEBUG org.hibernate.orm.results.loading.entity - (EntityResultInitializer) Hydrated EntityKey (models.Pelicula(10414472525700)): 3
2026-02-10 10:57:36.822 [main] DEBUG org.hibernate.orm.results - Extracted JDBC value [0] - [3]
2026-02-10 10:57:36.823 [main] DEBUG org.hibernate.orm.results.loading.org.hibernate.orm.results.loading.collection - (DelayedCollectionInitializer) Current row collection key : models.Pelicula(10414472525700).salas#3
2026-02-10 10:57:36.823 [main] DEBUG org.hibernate.orm.results.loading.entity - (EntityResultInitializer) Created new entity instance [models.Pelicula(10414472525700)#3] : Pelicula [idPelicula=3, titulo=null, genero=null, duracion=0, salas=[]]
2026-02-10 10:57:36.823 [main] DEBUG org.hibernate.orm.results - Extracted JDBC value [1] - [120]
2026-02-10 10:57:36.823 [main] DEBUG org.hibernate.orm.results - Extracted JDBC value [2] - [Comedia-Historia]
2026-02-10 10:57:36.823 [main] DEBUG org.hibernate.orm.results - Extracted JDBC value [3] - [Malditos Bastardos]
2026-02-10 10:57:36.823 [main] DEBUG org.hibernate.orm.results.loading.entity - (EntityResultInitializer) Done materializing entityInstance : models.Pelicula(10414472525700)#3
2026-02-10 10:57:36.823 [main] DEBUG org.hibernate.orm.results.loading - Calling top-level assembler (0 / 1) : org.hibernate.sql.results.graph.entity.internal.EntityAssembler@3f9f8d23
2026-02-10 10:57:36.823 [main] DEBUG org.hibernate.orm.results - Extracted JDBC value [0] - [4]
2026-02-10 10:57:36.823 [main] DEBUG org.hibernate.orm.results.loading.entity - (EntityResultInitializer) Hydrated EntityKey (models.Pelicula(10414472525700)): 4
2026-02-10 10:57:36.823 [main] DEBUG org.hibernate.orm.results - Extracted JDBC value [0] - [4]
2026-02-10 10:57:36.823 [main] DEBUG org.hibernate.orm.results.loading.org.hibernate.orm.results.loading.collection - (DelayedCollectionInitializer) Current row collection key : models.Pelicula(10414472525700).salas#4
2026-02-10 10:57:36.823 [main] DEBUG org.hibernate.orm.results.loading.entity - (EntityResultInitializer) Created new entity instance [models.Pelicula(10414472525700)#4] : Pelicula [idPelicula=4, titulo=null, genero=null, duracion=0, salas=[]]
2026-02-10 10:57:36.823 [main] DEBUG org.hibernate.orm.results - Extracted JDBC value [1] - [130]
2026-02-10 10:57:36.823 [main] DEBUG org.hibernate.orm.results - Extracted JDBC value [2] - [Emotiva]
2026-02-10 10:57:36.823 [main] DEBUG org.hibernate.orm.results - Extracted JDBC value [3] - [Hamnet]
2026-02-10 10:57:36.823 [main] DEBUG org.hibernate.orm.results.loading.entity - (EntityResultInitializer) Done materializing entityInstance : models.Pelicula(10414472525700)#4
2026-02-10 10:57:36.823 [main] DEBUG org.hibernate.orm.results.loading - Calling top-level assembler (0 / 1) : org.hibernate.sql.results.graph.entity.internal.EntityAssembler@3f9f8d23
2026-02-10 10:57:36.823 [main] DEBUG org.hibernate.orm.results - Extracted JDBC value [0] - [5]
2026-02-10 10:57:36.823 [main] DEBUG org.hibernate.orm.results.loading.entity - (EntityResultInitializer) Hydrated EntityKey (models.Pelicula(10414472525700)): 5
2026-02-10 10:57:36.823 [main] DEBUG org.hibernate.orm.results - Extracted JDBC value [0] - [5]
2026-02-10 10:57:36.823 [main] DEBUG org.hibernate.orm.results.loading.org.hibernate.orm.results.loading.collection - (DelayedCollectionInitializer) Current row collection key : models.Pelicula(10414472525700).salas#5
2026-02-10 10:57:36.823 [main] DEBUG org.hibernate.orm.results.loading.entity - (EntityResultInitializer) Created new entity instance [models.Pelicula(10414472525700)#5] : Pelicula [idPelicula=5, titulo=null, genero=null, duracion=0, salas=[]]
2026-02-10 10:57:36.823 [main] DEBUG org.hibernate.orm.results - Extracted JDBC value [1] - [132]
2026-02-10 10:57:36.823 [main] DEBUG org.hibernate.orm.results - Extracted JDBC value [2] - [Romance-Angustia]
2026-02-10 10:57:36.824 [main] DEBUG org.hibernate.orm.results - Extracted JDBC value [3] - [Cumbres Borrascosas]
2026-02-10 10:57:36.824 [main] DEBUG org.hibernate.orm.results.loading.entity - (EntityResultInitializer) Done materializing entityInstance : models.Pelicula(10414472525700)#5
2026-02-10 10:57:36.824 [main] DEBUG org.hibernate.orm.results.loading - Calling top-level assembler (0 / 1) : org.hibernate.sql.results.graph.entity.internal.EntityAssembler@3f9f8d23
2026-02-10 10:57:36.824 [main] DEBUG org.hibernate.resource.jdbc.internal.LogicalConnectionManagedImpl - Initiating JDBC connection release from afterTransaction
2026-02-10 10:57:36.825 [main] DEBUG org.hibernate.resource.jdbc.internal.LogicalConnectionManagedImpl - Initiating JDBC connection release from afterTransaction
2026-02-10 10:57:36.827 [main] DEBUG org.hibernate.orm.results.graph.AST - DomainResult Graph:
 \-CollectionDomainResult [models.Pelicula.salas]

2026-02-10 10:57:36.827 [main] DEBUG org.hibernate.orm.sql.ast.tree - SQL AST Tree:
    SelectStatement {
      FromClause {
        CollectionTableGroup (s1 : models.Pelicula.salas) {
          primaryTableReference : sala_pelicula as s1_0
          NestedTableGroupJoins {
             join LazyTableGroup (s1 : models.Pelicula.salas.{element}) {
              primaryTableReference : sala as s1_1
              TableGroupJoins {
                left  join LazyTableGroup (c1 : models.Pelicula.salas.{element}.cine) {
                  primaryTableReference : cine as c1_0
                }
              }
            }
          }
        }
      }
    }

2026-02-10 10:57:36.828 [main] DEBUG org.hibernate.orm.sql.exec - Skipping reading Query result cache data: cache-enabled = false, cache-mode = IGNORE
2026-02-10 10:57:36.828 [main] DEBUG org.hibernate.orm.results - Initializer list
2026-02-10 10:57:36.828 [main] DEBUG org.hibernate.orm.results -     models.Pelicula.salas.{element}.cine.salas -> DelayedCollectionInitializer(models.Pelicula.salas.{element}.cine.salas)@1697330995 (PluralAttribute(models.Cine.salas))
2026-02-10 10:57:36.828 [main] DEBUG org.hibernate.orm.results -     models.Pelicula.salas.{element}.cine -> EntityJoinedFetchInitializer(models.Pelicula.salas.{element}.cine)@2069466373 (ToOneAttributeMapping(NavigableRole[models.Sala.cine])@1847825207)
2026-02-10 10:57:36.828 [main] DEBUG org.hibernate.orm.results -     models.Pelicula.salas.{element}.peliculas -> DelayedCollectionInitializer(models.Pelicula.salas.{element}.peliculas)@1825095996 (PluralAttribute(models.Sala.peliculas))
2026-02-10 10:57:36.828 [main] DEBUG org.hibernate.orm.results -     models.Pelicula.salas.{element} -> EntityJoinedFetchInitializer(models.Pelicula.salas.{element})@924635900 (EntityCollectionPart(NavigableRole[models.Pelicula.salas#{element}])@806073091)
2026-02-10 10:57:36.828 [main] DEBUG org.hibernate.orm.results -     models.Pelicula.salas -> SetInitializer(models.Pelicula.salas)@187885955 (PluralAttribute(models.Pelicula.salas))
2026-02-10 10:57:36.828 [main] DEBUG org.hibernate.SQL - select s1_0.peliculas_idPelicula,s1_1.idSala,s1_1.capacidad,c1_0.idCine,c1_0.nombre,c1_0.ubicacion,s1_1.nombre from sala_pelicula s1_0 join sala s1_1 on s1_1.idSala=s1_0.salas_idSala left join cine c1_0 on c1_0.idCine=s1_1.cine where s1_0.peliculas_idPelicula=?
2026-02-10 10:57:36.831 [main] DEBUG org.hibernate.orm.results - Extracted JDBC value [3] - [2]
2026-02-10 10:57:36.831 [main] DEBUG org.hibernate.orm.results.loading.entity - (EntityJoinedFetchInitializer) Hydrated EntityKey (models.Pelicula.salas.{element}.cine): 2
2026-02-10 10:57:36.831 [main] DEBUG org.hibernate.orm.results - Extracted JDBC value [1] - [3]
2026-02-10 10:57:36.832 [main] DEBUG org.hibernate.orm.results.loading.entity - (EntityJoinedFetchInitializer) Hydrated EntityKey (models.Pelicula.salas.{element}): 3
2026-02-10 10:57:36.832 [main] DEBUG org.hibernate.orm.results - Extracted JDBC value [3] - [2]
2026-02-10 10:57:36.832 [main] DEBUG org.hibernate.orm.results.loading.org.hibernate.orm.results.loading.collection - (DelayedCollectionInitializer) Current row collection key : models.Pelicula.salas.{element}.cine.salas#2
2026-02-10 10:57:36.832 [main] DEBUG org.hibernate.orm.results - Extracted JDBC value [1] - [3]
2026-02-10 10:57:36.832 [main] DEBUG org.hibernate.orm.results.loading.org.hibernate.orm.results.loading.collection - (DelayedCollectionInitializer) Current row collection key : models.Pelicula.salas.{element}.peliculas#3
2026-02-10 10:57:36.832 [main] DEBUG org.hibernate.orm.results - Extracted JDBC value [0] - [1]
2026-02-10 10:57:36.832 [main] DEBUG org.hibernate.orm.results.loading.org.hibernate.orm.results.loading.collection - (DelayedCollectionInitializer) Current row collection key : models.Pelicula.salas#1
2026-02-10 10:57:36.832 [main] DEBUG org.hibernate.orm.results - Extracted JDBC value [0] - [1]
2026-02-10 10:57:36.832 [main] DEBUG org.hibernate.orm.results.loading.entity - (EntityJoinedFetchInitializer) Created new entity instance [models.Pelicula.salas.{element}.cine#2] : Cine [idCine=2, nombre=null, ubicacion=null, salas=[]]
2026-02-10 10:57:36.832 [main] DEBUG org.hibernate.orm.results.loading.entity - (EntityJoinedFetchInitializer) Created new entity instance [models.Pelicula.salas.{element}#3] : models.Sala@44aeae34
2026-02-10 10:57:36.832 [main] DEBUG org.hibernate.orm.results.loading.org.hibernate.orm.results.loading.collection - (SetInitializer) Responsible for loading collection [models.Pelicula.salas#1] : org.hibernate.collection.spi.PersistentSet@1592196548
2026-02-10 10:57:36.832 [main] DEBUG org.hibernate.orm.results - Extracted JDBC value [4] - [Cine Yelmo]
2026-02-10 10:57:36.832 [main] DEBUG org.hibernate.orm.results - Extracted JDBC value [5] - [Lagoh]
2026-02-10 10:57:36.832 [main] DEBUG org.hibernate.orm.results.loading.entity - (EntityJoinedFetchInitializer) Done materializing entityInstance : models.Pelicula.salas.{element}.cine#2
2026-02-10 10:57:36.832 [main] DEBUG org.hibernate.orm.results - Extracted JDBC value [2] - [20]
2026-02-10 10:57:36.832 [main] DEBUG org.hibernate.orm.results - Extracted JDBC value [6] - [Sala infantil]
2026-02-10 10:57:36.832 [main] DEBUG org.hibernate.orm.results.loading.entity - (EntityJoinedFetchInitializer) Done materializing entityInstance : models.Pelicula.salas.{element}#3
2026-02-10 10:57:36.832 [main] DEBUG org.hibernate.orm.results.loading.org.hibernate.orm.results.loading.collection - (SetInitializer) Reading element from row for collection [models.Pelicula.salas#1] -> org.hibernate.collection.spi.PersistentSet@1592196548
2026-02-10 10:57:36.833 [main] DEBUG org.hibernate.orm.results.loading - Calling top-level assembler (0 / 1) : org.hibernate.sql.results.graph.collection.internal.EagerCollectionAssembler@269308cc
2026-02-10 10:57:36.833 [main] DEBUG org.hibernate.orm.results - Extracted JDBC value [3] - [2]
2026-02-10 10:57:36.833 [main] DEBUG org.hibernate.orm.results.loading.entity - (EntityJoinedFetchInitializer) Hydrated EntityKey (models.Pelicula.salas.{element}.cine): 2
2026-02-10 10:57:36.833 [main] DEBUG org.hibernate.orm.results - Extracted JDBC value [1] - [4]
2026-02-10 10:57:36.833 [main] DEBUG org.hibernate.orm.results.loading.entity - (EntityJoinedFetchInitializer) Hydrated EntityKey (models.Pelicula.salas.{element}): 4
2026-02-10 10:57:36.833 [main] DEBUG org.hibernate.orm.results - Extracted JDBC value [3] - [2]
2026-02-10 10:57:36.833 [main] DEBUG org.hibernate.orm.results.loading.org.hibernate.orm.results.loading.collection - (DelayedCollectionInitializer) Current row collection key : models.Pelicula.salas.{element}.cine.salas#2
2026-02-10 10:57:36.833 [main] DEBUG org.hibernate.orm.results - Extracted JDBC value [1] - [4]
2026-02-10 10:57:36.833 [main] DEBUG org.hibernate.orm.results.loading.org.hibernate.orm.results.loading.collection - (DelayedCollectionInitializer) Current row collection key : models.Pelicula.salas.{element}.peliculas#4
2026-02-10 10:57:36.833 [main] DEBUG org.hibernate.orm.results - Extracted JDBC value [0] - [1]
2026-02-10 10:57:36.833 [main] DEBUG org.hibernate.orm.results.loading.org.hibernate.orm.results.loading.collection - (DelayedCollectionInitializer) Current row collection key : models.Pelicula.salas#1
2026-02-10 10:57:36.833 [main] DEBUG org.hibernate.orm.results - Extracted JDBC value [0] - [1]
2026-02-10 10:57:36.833 [main] DEBUG org.hibernate.orm.results.loading.entity - (EntityJoinedFetchInitializer) Found existing loading entry [models.Pelicula.salas.{element}.cine#2] - using loading instance
2026-02-10 10:57:36.833 [main] DEBUG org.hibernate.orm.results.loading.entity - (EntityJoinedFetchInitializer) Created new entity instance [models.Pelicula.salas.{element}#4] : models.Sala@17d816b3
2026-02-10 10:57:36.833 [main] DEBUG org.hibernate.orm.results.loading.org.hibernate.orm.results.loading.collection - (SetInitializer) Found existing loading collection entry [models.Pelicula.salas#1]; using loading collection instance - org.hibernate.collection.spi.PersistentSet@1592196548
2026-02-10 10:57:36.833 [main] DEBUG org.hibernate.orm.results.loading.org.hibernate.orm.results.loading.collection - (SetInitializer) Responsible for loading collection [models.Pelicula.salas#1] : org.hibernate.collection.spi.PersistentSet@1592196548
2026-02-10 10:57:36.833 [main] DEBUG org.hibernate.orm.results - Extracted JDBC value [2] - [15]
2026-02-10 10:57:36.833 [main] DEBUG org.hibernate.orm.results - Extracted JDBC value [6] - [Sala pequeña]
2026-02-10 10:57:36.833 [main] DEBUG org.hibernate.orm.results.loading.entity - (EntityJoinedFetchInitializer) Done materializing entityInstance : models.Pelicula.salas.{element}#4
2026-02-10 10:57:36.833 [main] DEBUG org.hibernate.orm.results.loading.org.hibernate.orm.results.loading.collection - (SetInitializer) Reading element from row for collection [models.Pelicula.salas#1] -> org.hibernate.collection.spi.PersistentSet@1592196548
2026-02-10 10:57:36.833 [main] DEBUG org.hibernate.orm.results.loading - Calling top-level assembler (0 / 1) : org.hibernate.sql.results.graph.collection.internal.EagerCollectionAssembler@269308cc
2026-02-10 10:57:36.833 [main] DEBUG org.hibernate.sql.results.internal.ResultsHelper - Collection fully initialized: [models.Pelicula.salas#1]
2026-02-10 10:57:36.833 [main] DEBUG org.hibernate.resource.jdbc.internal.LogicalConnectionManagedImpl - Initiating JDBC connection release from afterTransaction
2026-02-10 10:57:36.835 [main] DEBUG controlador.GestionaFestivalCine - Pelicula [idPelicula=1, titulo=El chico y la Garza, genero=Animación, duracion=96, salas=[models.Sala@44aeae34, models.Sala@17d816b3]]
2026-02-10 10:57:36.836 [main] DEBUG org.hibernate.orm.results.graph.AST - DomainResult Graph:
 \-CollectionDomainResult [models.Pelicula.salas]

2026-02-10 10:57:36.836 [main] DEBUG org.hibernate.orm.sql.ast.tree - SQL AST Tree:
    SelectStatement {
      FromClause {
        CollectionTableGroup (s1 : models.Pelicula.salas) {
          primaryTableReference : sala_pelicula as s1_0
          NestedTableGroupJoins {
             join LazyTableGroup (s1 : models.Pelicula.salas.{element}) {
              primaryTableReference : sala as s1_1
              TableGroupJoins {
                left  join LazyTableGroup (c1 : models.Pelicula.salas.{element}.cine) {
                  primaryTableReference : cine as c1_0
                }
              }
            }
          }
        }
      }
    }

2026-02-10 10:57:36.836 [main] DEBUG org.hibernate.orm.sql.exec - Skipping reading Query result cache data: cache-enabled = false, cache-mode = IGNORE
2026-02-10 10:57:36.837 [main] DEBUG org.hibernate.orm.results - Initializer list
2026-02-10 10:57:36.837 [main] DEBUG org.hibernate.orm.results -     models.Pelicula.salas.{element}.cine.salas -> DelayedCollectionInitializer(models.Pelicula.salas.{element}.cine.salas)@308704765 (PluralAttribute(models.Cine.salas))
2026-02-10 10:57:36.837 [main] DEBUG org.hibernate.orm.results -     models.Pelicula.salas.{element}.cine -> EntityJoinedFetchInitializer(models.Pelicula.salas.{element}.cine)@739101205 (ToOneAttributeMapping(NavigableRole[models.Sala.cine])@1847825207)
2026-02-10 10:57:36.837 [main] DEBUG org.hibernate.orm.results -     models.Pelicula.salas.{element}.peliculas -> DelayedCollectionInitializer(models.Pelicula.salas.{element}.peliculas)@1432401485 (PluralAttribute(models.Sala.peliculas))
2026-02-10 10:57:36.837 [main] DEBUG org.hibernate.orm.results -     models.Pelicula.salas.{element} -> EntityJoinedFetchInitializer(models.Pelicula.salas.{element})@47865820 (EntityCollectionPart(NavigableRole[models.Pelicula.salas#{element}])@806073091)
2026-02-10 10:57:36.837 [main] DEBUG org.hibernate.orm.results -     models.Pelicula.salas -> SetInitializer(models.Pelicula.salas)@590486503 (PluralAttribute(models.Pelicula.salas))
2026-02-10 10:57:36.837 [main] DEBUG org.hibernate.SQL - select s1_0.peliculas_idPelicula,s1_1.idSala,s1_1.capacidad,c1_0.idCine,c1_0.nombre,c1_0.ubicacion,s1_1.nombre from sala_pelicula s1_0 join sala s1_1 on s1_1.idSala=s1_0.salas_idSala left join cine c1_0 on c1_0.idCine=s1_1.cine where s1_0.peliculas_idPelicula=?
2026-02-10 10:57:36.841 [main] DEBUG org.hibernate.orm.results - Extracted JDBC value [3] - [2]
2026-02-10 10:57:36.841 [main] DEBUG org.hibernate.orm.results.loading.entity - (EntityJoinedFetchInitializer) Hydrated EntityKey (models.Pelicula.salas.{element}.cine): 2
2026-02-10 10:57:36.841 [main] DEBUG org.hibernate.orm.results - Extracted JDBC value [1] - [3]
2026-02-10 10:57:36.841 [main] DEBUG org.hibernate.orm.results.loading.entity - (EntityJoinedFetchInitializer) Hydrated EntityKey (models.Pelicula.salas.{element}): 3
2026-02-10 10:57:36.841 [main] DEBUG org.hibernate.orm.results - Extracted JDBC value [3] - [2]
2026-02-10 10:57:36.841 [main] DEBUG org.hibernate.orm.results.loading.org.hibernate.orm.results.loading.collection - (DelayedCollectionInitializer) Current row collection key : models.Pelicula.salas.{element}.cine.salas#2
2026-02-10 10:57:36.841 [main] DEBUG org.hibernate.orm.results - Extracted JDBC value [1] - [3]
2026-02-10 10:57:36.841 [main] DEBUG org.hibernate.orm.results.loading.org.hibernate.orm.results.loading.collection - (DelayedCollectionInitializer) Current row collection key : models.Pelicula.salas.{element}.peliculas#3
2026-02-10 10:57:36.841 [main] DEBUG org.hibernate.orm.results - Extracted JDBC value [0] - [2]
2026-02-10 10:57:36.841 [main] DEBUG org.hibernate.orm.results.loading.org.hibernate.orm.results.loading.collection - (DelayedCollectionInitializer) Current row collection key : models.Pelicula.salas#2
2026-02-10 10:57:36.841 [main] DEBUG org.hibernate.orm.results - Extracted JDBC value [0] - [2]
2026-02-10 10:57:36.841 [main] DEBUG org.hibernate.orm.results.loading.org.hibernate.orm.results.loading.collection - (SetInitializer) Responsible for loading collection [models.Pelicula.salas#2] : org.hibernate.collection.spi.PersistentSet@1614620123
2026-02-10 10:57:36.841 [main] DEBUG org.hibernate.orm.results.loading.org.hibernate.orm.results.loading.collection - (SetInitializer) Reading element from row for collection [models.Pelicula.salas#2] -> org.hibernate.collection.spi.PersistentSet@1614620123
2026-02-10 10:57:36.841 [main] DEBUG org.hibernate.orm.results.loading - Calling top-level assembler (0 / 1) : org.hibernate.sql.results.graph.collection.internal.EagerCollectionAssembler@615bad16
2026-02-10 10:57:36.841 [main] DEBUG org.hibernate.sql.results.internal.ResultsHelper - Collection fully initialized: [models.Pelicula.salas#2]
2026-02-10 10:57:36.841 [main] DEBUG org.hibernate.resource.jdbc.internal.LogicalConnectionManagedImpl - Initiating JDBC connection release from afterTransaction
2026-02-10 10:57:36.842 [main] DEBUG controlador.GestionaFestivalCine - Pelicula [idPelicula=2, titulo=100 Dalmatas, genero=infantil, duracion=92, salas=[models.Sala@44aeae34]]
2026-02-10 10:57:36.843 [main] DEBUG org.hibernate.orm.results.graph.AST - DomainResult Graph:
 \-CollectionDomainResult [models.Pelicula.salas]

2026-02-10 10:57:36.843 [main] DEBUG org.hibernate.orm.sql.ast.tree - SQL AST Tree:
    SelectStatement {
      FromClause {
        CollectionTableGroup (s1 : models.Pelicula.salas) {
          primaryTableReference : sala_pelicula as s1_0
          NestedTableGroupJoins {
             join LazyTableGroup (s1 : models.Pelicula.salas.{element}) {
              primaryTableReference : sala as s1_1
              TableGroupJoins {
                left  join LazyTableGroup (c1 : models.Pelicula.salas.{element}.cine) {
                  primaryTableReference : cine as c1_0
                }
              }
            }
          }
        }
      }
    }

2026-02-10 10:57:36.843 [main] DEBUG org.hibernate.orm.sql.exec - Skipping reading Query result cache data: cache-enabled = false, cache-mode = IGNORE
2026-02-10 10:57:36.843 [main] DEBUG org.hibernate.orm.results - Initializer list
2026-02-10 10:57:36.843 [main] DEBUG org.hibernate.orm.results -     models.Pelicula.salas.{element}.cine.salas -> DelayedCollectionInitializer(models.Pelicula.salas.{element}.cine.salas)@1384476665 (PluralAttribute(models.Cine.salas))
2026-02-10 10:57:36.843 [main] DEBUG org.hibernate.orm.results -     models.Pelicula.salas.{element}.cine -> EntityJoinedFetchInitializer(models.Pelicula.salas.{element}.cine)@1520947167 (ToOneAttributeMapping(NavigableRole[models.Sala.cine])@1847825207)
2026-02-10 10:57:36.843 [main] DEBUG org.hibernate.orm.results -     models.Pelicula.salas.{element}.peliculas -> DelayedCollectionInitializer(models.Pelicula.salas.{element}.peliculas)@306370923 (PluralAttribute(models.Sala.peliculas))
2026-02-10 10:57:36.843 [main] DEBUG org.hibernate.orm.results -     models.Pelicula.salas.{element} -> EntityJoinedFetchInitializer(models.Pelicula.salas.{element})@785249576 (EntityCollectionPart(NavigableRole[models.Pelicula.salas#{element}])@806073091)
2026-02-10 10:57:36.843 [main] DEBUG org.hibernate.orm.results -     models.Pelicula.salas -> SetInitializer(models.Pelicula.salas)@1464778159 (PluralAttribute(models.Pelicula.salas))
2026-02-10 10:57:36.843 [main] DEBUG org.hibernate.SQL - select s1_0.peliculas_idPelicula,s1_1.idSala,s1_1.capacidad,c1_0.idCine,c1_0.nombre,c1_0.ubicacion,s1_1.nombre from sala_pelicula s1_0 join sala s1_1 on s1_1.idSala=s1_0.salas_idSala left join cine c1_0 on c1_0.idCine=s1_1.cine where s1_0.peliculas_idPelicula=?
2026-02-10 10:57:36.846 [main] DEBUG org.hibernate.orm.results - Extracted JDBC value [3] - [1]
2026-02-10 10:57:36.846 [main] DEBUG org.hibernate.orm.results.loading.entity - (EntityJoinedFetchInitializer) Hydrated EntityKey (models.Pelicula.salas.{element}.cine): 1
2026-02-10 10:57:36.846 [main] DEBUG org.hibernate.orm.results - Extracted JDBC value [1] - [2]
2026-02-10 10:57:36.846 [main] DEBUG org.hibernate.orm.results.loading.entity - (EntityJoinedFetchInitializer) Hydrated EntityKey (models.Pelicula.salas.{element}): 2
2026-02-10 10:57:36.846 [main] DEBUG org.hibernate.orm.results - Extracted JDBC value [3] - [1]
2026-02-10 10:57:36.846 [main] DEBUG org.hibernate.orm.results.loading.org.hibernate.orm.results.loading.collection - (DelayedCollectionInitializer) Current row collection key : models.Pelicula.salas.{element}.cine.salas#1
2026-02-10 10:57:36.846 [main] DEBUG org.hibernate.orm.results - Extracted JDBC value [1] - [2]
2026-02-10 10:57:36.846 [main] DEBUG org.hibernate.orm.results.loading.org.hibernate.orm.results.loading.collection - (DelayedCollectionInitializer) Current row collection key : models.Pelicula.salas.{element}.peliculas#2
2026-02-10 10:57:36.846 [main] DEBUG org.hibernate.orm.results - Extracted JDBC value [0] - [3]
2026-02-10 10:57:36.846 [main] DEBUG org.hibernate.orm.results.loading.org.hibernate.orm.results.loading.collection - (DelayedCollectionInitializer) Current row collection key : models.Pelicula.salas#3
2026-02-10 10:57:36.846 [main] DEBUG org.hibernate.orm.results - Extracted JDBC value [0] - [3]
2026-02-10 10:57:36.846 [main] DEBUG org.hibernate.orm.results.loading.entity - (EntityJoinedFetchInitializer) Created new entity instance [models.Pelicula.salas.{element}.cine#1] : Cine [idCine=1, nombre=null, ubicacion=null, salas=[]]
2026-02-10 10:57:36.846 [main] DEBUG org.hibernate.orm.results.loading.entity - (EntityJoinedFetchInitializer) Created new entity instance [models.Pelicula.salas.{element}#2] : models.Sala@7d4d65f5
2026-02-10 10:57:36.846 [main] DEBUG org.hibernate.orm.results.loading.org.hibernate.orm.results.loading.collection - (SetInitializer) Responsible for loading collection [models.Pelicula.salas#3] : org.hibernate.collection.spi.PersistentSet@1219735992
2026-02-10 10:57:36.846 [main] DEBUG org.hibernate.orm.results - Extracted JDBC value [4] - [Cinesa]
2026-02-10 10:57:36.846 [main] DEBUG org.hibernate.orm.results - Extracted JDBC value [5] - [Camas, Sevilla]
2026-02-10 10:57:36.847 [main] DEBUG org.hibernate.orm.results.loading.entity - (EntityJoinedFetchInitializer) Done materializing entityInstance : models.Pelicula.salas.{element}.cine#1
2026-02-10 10:57:36.847 [main] DEBUG org.hibernate.orm.results - Extracted JDBC value [2] - [30]
2026-02-10 10:57:36.847 [main] DEBUG org.hibernate.orm.results - Extracted JDBC value [6] - [Sala mediana]
2026-02-10 10:57:36.847 [main] DEBUG org.hibernate.orm.results.loading.entity - (EntityJoinedFetchInitializer) Done materializing entityInstance : models.Pelicula.salas.{element}#2
2026-02-10 10:57:36.847 [main] DEBUG org.hibernate.orm.results.loading.org.hibernate.orm.results.loading.collection - (SetInitializer) Reading element from row for collection [models.Pelicula.salas#3] -> org.hibernate.collection.spi.PersistentSet@1219735992
2026-02-10 10:57:36.847 [main] DEBUG org.hibernate.orm.results.loading - Calling top-level assembler (0 / 1) : org.hibernate.sql.results.graph.collection.internal.EagerCollectionAssembler@123ca460
2026-02-10 10:57:36.847 [main] DEBUG org.hibernate.sql.results.internal.ResultsHelper - Collection fully initialized: [models.Pelicula.salas#3]
2026-02-10 10:57:36.847 [main] DEBUG org.hibernate.resource.jdbc.internal.LogicalConnectionManagedImpl - Initiating JDBC connection release from afterTransaction
2026-02-10 10:57:36.848 [main] DEBUG controlador.GestionaFestivalCine - Pelicula [idPelicula=3, titulo=Malditos Bastardos, genero=Comedia-Historia, duracion=120, salas=[models.Sala@7d4d65f5]]
2026-02-10 10:57:36.848 [main] DEBUG org.hibernate.orm.results.graph.AST - DomainResult Graph:
 \-CollectionDomainResult [models.Pelicula.salas]

2026-02-10 10:57:36.849 [main] DEBUG org.hibernate.orm.sql.ast.tree - SQL AST Tree:
    SelectStatement {
      FromClause {
        CollectionTableGroup (s1 : models.Pelicula.salas) {
          primaryTableReference : sala_pelicula as s1_0
          NestedTableGroupJoins {
             join LazyTableGroup (s1 : models.Pelicula.salas.{element}) {
              primaryTableReference : sala as s1_1
              TableGroupJoins {
                left  join LazyTableGroup (c1 : models.Pelicula.salas.{element}.cine) {
                  primaryTableReference : cine as c1_0
                }
              }
            }
          }
        }
      }
    }

2026-02-10 10:57:36.849 [main] DEBUG org.hibernate.orm.sql.exec - Skipping reading Query result cache data: cache-enabled = false, cache-mode = IGNORE
2026-02-10 10:57:36.849 [main] DEBUG org.hibernate.orm.results - Initializer list
2026-02-10 10:57:36.849 [main] DEBUG org.hibernate.orm.results -     models.Pelicula.salas.{element}.cine.salas -> DelayedCollectionInitializer(models.Pelicula.salas.{element}.cine.salas)@287476718 (PluralAttribute(models.Cine.salas))
2026-02-10 10:57:36.849 [main] DEBUG org.hibernate.orm.results -     models.Pelicula.salas.{element}.cine -> EntityJoinedFetchInitializer(models.Pelicula.salas.{element}.cine)@131475186 (ToOneAttributeMapping(NavigableRole[models.Sala.cine])@1847825207)
2026-02-10 10:57:36.849 [main] DEBUG org.hibernate.orm.results -     models.Pelicula.salas.{element}.peliculas -> DelayedCollectionInitializer(models.Pelicula.salas.{element}.peliculas)@1175395547 (PluralAttribute(models.Sala.peliculas))
2026-02-10 10:57:36.849 [main] DEBUG org.hibernate.orm.results -     models.Pelicula.salas.{element} -> EntityJoinedFetchInitializer(models.Pelicula.salas.{element})@837267422 (EntityCollectionPart(NavigableRole[models.Pelicula.salas#{element}])@806073091)
2026-02-10 10:57:36.849 [main] DEBUG org.hibernate.orm.results -     models.Pelicula.salas -> SetInitializer(models.Pelicula.salas)@882851831 (PluralAttribute(models.Pelicula.salas))
2026-02-10 10:57:36.849 [main] DEBUG org.hibernate.SQL - select s1_0.peliculas_idPelicula,s1_1.idSala,s1_1.capacidad,c1_0.idCine,c1_0.nombre,c1_0.ubicacion,s1_1.nombre from sala_pelicula s1_0 join sala s1_1 on s1_1.idSala=s1_0.salas_idSala left join cine c1_0 on c1_0.idCine=s1_1.cine where s1_0.peliculas_idPelicula=?
2026-02-10 10:57:36.852 [main] DEBUG org.hibernate.sql.results.internal.ResultsHelper - Collection fully initialized: [models.Pelicula.salas#4]
2026-02-10 10:57:36.852 [main] DEBUG org.hibernate.resource.jdbc.internal.LogicalConnectionManagedImpl - Initiating JDBC connection release from afterTransaction
2026-02-10 10:57:36.853 [main] DEBUG controlador.GestionaFestivalCine - Pelicula [idPelicula=4, titulo=Hamnet, genero=Emotiva, duracion=130, salas=[]]
2026-02-10 10:57:36.853 [main] DEBUG org.hibernate.orm.results.graph.AST - DomainResult Graph:
 \-CollectionDomainResult [models.Pelicula.salas]

2026-02-10 10:57:36.853 [main] DEBUG org.hibernate.orm.sql.ast.tree - SQL AST Tree:
    SelectStatement {
      FromClause {
        CollectionTableGroup (s1 : models.Pelicula.salas) {
          primaryTableReference : sala_pelicula as s1_0
          NestedTableGroupJoins {
             join LazyTableGroup (s1 : models.Pelicula.salas.{element}) {
              primaryTableReference : sala as s1_1
              TableGroupJoins {
                left  join LazyTableGroup (c1 : models.Pelicula.salas.{element}.cine) {
                  primaryTableReference : cine as c1_0
                }
              }
            }
          }
        }
      }
    }

2026-02-10 10:57:36.854 [main] DEBUG org.hibernate.orm.sql.exec - Skipping reading Query result cache data: cache-enabled = false, cache-mode = IGNORE
2026-02-10 10:57:36.854 [main] DEBUG org.hibernate.orm.results - Initializer list
2026-02-10 10:57:36.854 [main] DEBUG org.hibernate.orm.results -     models.Pelicula.salas.{element}.cine.salas -> DelayedCollectionInitializer(models.Pelicula.salas.{element}.cine.salas)@814387812 (PluralAttribute(models.Cine.salas))
2026-02-10 10:57:36.854 [main] DEBUG org.hibernate.orm.results -     models.Pelicula.salas.{element}.cine -> EntityJoinedFetchInitializer(models.Pelicula.salas.{element}.cine)@2108125957 (ToOneAttributeMapping(NavigableRole[models.Sala.cine])@1847825207)
2026-02-10 10:57:36.854 [main] DEBUG org.hibernate.orm.results -     models.Pelicula.salas.{element}.peliculas -> DelayedCollectionInitializer(models.Pelicula.salas.{element}.peliculas)@1021295599 (PluralAttribute(models.Sala.peliculas))
2026-02-10 10:57:36.854 [main] DEBUG org.hibernate.orm.results -     models.Pelicula.salas.{element} -> EntityJoinedFetchInitializer(models.Pelicula.salas.{element})@2048777201 (EntityCollectionPart(NavigableRole[models.Pelicula.salas#{element}])@806073091)
2026-02-10 10:57:36.854 [main] DEBUG org.hibernate.orm.results -     models.Pelicula.salas -> SetInitializer(models.Pelicula.salas)@509636452 (PluralAttribute(models.Pelicula.salas))
2026-02-10 10:57:36.854 [main] DEBUG org.hibernate.SQL - select s1_0.peliculas_idPelicula,s1_1.idSala,s1_1.capacidad,c1_0.idCine,c1_0.nombre,c1_0.ubicacion,s1_1.nombre from sala_pelicula s1_0 join sala s1_1 on s1_1.idSala=s1_0.salas_idSala left join cine c1_0 on c1_0.idCine=s1_1.cine where s1_0.peliculas_idPelicula=?
2026-02-10 10:57:36.857 [main] DEBUG org.hibernate.orm.results - Extracted JDBC value [3] - [1]
2026-02-10 10:57:36.857 [main] DEBUG org.hibernate.orm.results.loading.entity - (EntityJoinedFetchInitializer) Hydrated EntityKey (models.Pelicula.salas.{element}.cine): 1
2026-02-10 10:57:36.857 [main] DEBUG org.hibernate.orm.results - Extracted JDBC value [1] - [1]
2026-02-10 10:57:36.857 [main] DEBUG org.hibernate.orm.results.loading.entity - (EntityJoinedFetchInitializer) Hydrated EntityKey (models.Pelicula.salas.{element}): 1
2026-02-10 10:57:36.857 [main] DEBUG org.hibernate.orm.results - Extracted JDBC value [3] - [1]
2026-02-10 10:57:36.857 [main] DEBUG org.hibernate.orm.results.loading.org.hibernate.orm.results.loading.collection - (DelayedCollectionInitializer) Current row collection key : models.Pelicula.salas.{element}.cine.salas#1
2026-02-10 10:57:36.857 [main] DEBUG org.hibernate.orm.results - Extracted JDBC value [1] - [1]
2026-02-10 10:57:36.857 [main] DEBUG org.hibernate.orm.results.loading.org.hibernate.orm.results.loading.collection - (DelayedCollectionInitializer) Current row collection key : models.Pelicula.salas.{element}.peliculas#1
2026-02-10 10:57:36.857 [main] DEBUG org.hibernate.orm.results - Extracted JDBC value [0] - [5]
2026-02-10 10:57:36.857 [main] DEBUG org.hibernate.orm.results.loading.org.hibernate.orm.results.loading.collection - (DelayedCollectionInitializer) Current row collection key : models.Pelicula.salas#5
2026-02-10 10:57:36.857 [main] DEBUG org.hibernate.orm.results - Extracted JDBC value [0] - [5]
2026-02-10 10:57:36.857 [main] DEBUG org.hibernate.orm.results.loading.entity - (EntityJoinedFetchInitializer) Created new entity instance [models.Pelicula.salas.{element}#1] : models.Sala@100807ca
2026-02-10 10:57:36.857 [main] DEBUG org.hibernate.orm.results.loading.org.hibernate.orm.results.loading.collection - (SetInitializer) Responsible for loading collection [models.Pelicula.salas#5] : org.hibernate.collection.spi.PersistentSet@967022668
2026-02-10 10:57:36.857 [main] DEBUG org.hibernate.orm.results - Extracted JDBC value [2] - [50]
2026-02-10 10:57:36.857 [main] DEBUG org.hibernate.orm.results - Extracted JDBC value [6] - [Sala grande]
2026-02-10 10:57:36.857 [main] DEBUG org.hibernate.orm.results.loading.entity - (EntityJoinedFetchInitializer) Done materializing entityInstance : models.Pelicula.salas.{element}#1
2026-02-10 10:57:36.857 [main] DEBUG org.hibernate.orm.results.loading.org.hibernate.orm.results.loading.collection - (SetInitializer) Reading element from row for collection [models.Pelicula.salas#5] -> org.hibernate.collection.spi.PersistentSet@967022668
2026-02-10 10:57:36.857 [main] DEBUG org.hibernate.orm.results.loading - Calling top-level assembler (0 / 1) : org.hibernate.sql.results.graph.collection.internal.EagerCollectionAssembler@c67395
2026-02-10 10:57:36.858 [main] DEBUG org.hibernate.sql.results.internal.ResultsHelper - Collection fully initialized: [models.Pelicula.salas#5]
2026-02-10 10:57:36.858 [main] DEBUG org.hibernate.resource.jdbc.internal.LogicalConnectionManagedImpl - Initiating JDBC connection release from afterTransaction
2026-02-10 10:57:36.859 [main] DEBUG controlador.GestionaFestivalCine - Pelicula [idPelicula=5, titulo=Cumbres Borrascosas, genero=Romance-Angustia, duracion=132, salas=[models.Sala@100807ca]]
2026-02-10 10:57:36.859 [main] DEBUG org.hibernate.orm.query.hql - HQL : FROM models.Cine
2026-02-10 10:57:36.859 [main] DEBUG org.hibernate.query.hql.internal.SemanticQueryBuilder - Handling root path - models.Cine
2026-02-10 10:57:36.859 [main] DEBUG org.hibernate.query.hql.internal.SemanticQueryBuilder - Encountered implicit select clause : FROMmodels.Cine
2026-02-10 10:57:36.859 [main] DEBUG org.hibernate.orm.query.sqm.ast - SqmStatement Tree :
    -> [select]
      -> [query-spec]
        -> [select]
          -> [selection]
            -> [root] - `models.Cine(10414556268400)`
            <- [root] - `models.Cine(10414556268400)`
          <- [selection]
        <- [select]
        -> [from]
          -> [root] - `models.Cine(10414556268400)`
          <- [root] - `models.Cine(10414556268400)`
        <- [from]
      <- [query-spec]
    <- [select]

2026-02-10 10:57:36.860 [main] DEBUG org.hibernate.orm.sql.ast.create - Created new SQL alias : c1_0
2026-02-10 10:57:36.860 [main] DEBUG org.hibernate.orm.sql.ast.create - Registration of TableGroup [StandardTableGroup(models.Cine(10414556268400))] with identifierForTableGroup [models.Cine] for NavigablePath [models.Cine] 
2026-02-10 10:57:36.860 [main] DEBUG org.hibernate.orm.results.graph.AST - DomainResult Graph:
 \-EntityResultImpl [models.Cine(10414556268400)]
 |  +-BasicFetch [models.Cine(10414556268400).nombre]
 |  +-DelayedCollectionFetch [models.Cine(10414556268400).salas]
 |  \-BasicFetch [models.Cine(10414556268400).ubicacion]

2026-02-10 10:57:36.860 [main] DEBUG org.hibernate.orm.sql.ast.tree - SQL AST Tree:
    SelectStatement {
      FromClause {
        StandardTableGroup (c1 : models.Cine(10414556268400)) {
          primaryTableReference : cine as c1_0
        }
      }
    }

2026-02-10 10:57:36.860 [main] DEBUG org.hibernate.orm.sql.exec - Skipping reading Query result cache data: cache-enabled = false, cache-mode = NORMAL
2026-02-10 10:57:36.860 [main] DEBUG org.hibernate.orm.results - Initializer list
2026-02-10 10:57:36.860 [main] DEBUG org.hibernate.orm.results -     models.Cine(10414556268400).salas -> DelayedCollectionInitializer(models.Cine(10414556268400).salas)@547647542 (PluralAttribute(models.Cine.salas))
2026-02-10 10:57:36.860 [main] DEBUG org.hibernate.orm.results -     models.Cine(10414556268400) -> EntityResultInitializer(models.Cine(10414556268400))@1891763647 (SingleTableEntityPersister(models.Cine))
2026-02-10 10:57:36.860 [main] DEBUG org.hibernate.SQL - /* FROM models.Cine */ select c1_0.idCine,c1_0.nombre,c1_0.ubicacion from cine c1_0
2026-02-10 10:57:36.863 [main] DEBUG org.hibernate.orm.results - Extracted JDBC value [0] - [1]
2026-02-10 10:57:36.863 [main] DEBUG org.hibernate.orm.results.loading.entity - (EntityResultInitializer) Hydrated EntityKey (models.Cine(10414556268400)): 1
2026-02-10 10:57:36.863 [main] DEBUG org.hibernate.orm.results - Extracted JDBC value [0] - [1]
2026-02-10 10:57:36.863 [main] DEBUG org.hibernate.orm.results.loading.org.hibernate.orm.results.loading.collection - (DelayedCollectionInitializer) Current row collection key : models.Cine(10414556268400).salas#1
2026-02-10 10:57:36.864 [main] DEBUG org.hibernate.orm.results.loading.entity - (EntityResultInitializer) Created new entity instance [models.Cine(10414556268400)#1] : Cine [idCine=1, nombre=null, ubicacion=null, salas=[]]
2026-02-10 10:57:36.864 [main] DEBUG org.hibernate.orm.results - Extracted JDBC value [1] - [Cinesa]
2026-02-10 10:57:36.864 [main] DEBUG org.hibernate.orm.results - Extracted JDBC value [2] - [Camas, Sevilla]
2026-02-10 10:57:36.864 [main] DEBUG org.hibernate.orm.results.loading.entity - (EntityResultInitializer) Done materializing entityInstance : models.Cine(10414556268400)#1
2026-02-10 10:57:36.864 [main] DEBUG org.hibernate.orm.results.loading - Calling top-level assembler (0 / 1) : org.hibernate.sql.results.graph.entity.internal.EntityAssembler@596afb2f
2026-02-10 10:57:36.864 [main] DEBUG org.hibernate.orm.results - Extracted JDBC value [0] - [2]
2026-02-10 10:57:36.864 [main] DEBUG org.hibernate.orm.results.loading.entity - (EntityResultInitializer) Hydrated EntityKey (models.Cine(10414556268400)): 2
2026-02-10 10:57:36.864 [main] DEBUG org.hibernate.orm.results - Extracted JDBC value [0] - [2]
2026-02-10 10:57:36.864 [main] DEBUG org.hibernate.orm.results.loading.org.hibernate.orm.results.loading.collection - (DelayedCollectionInitializer) Current row collection key : models.Cine(10414556268400).salas#2
2026-02-10 10:57:36.864 [main] DEBUG org.hibernate.orm.results.loading.entity - (EntityResultInitializer) Created new entity instance [models.Cine(10414556268400)#2] : Cine [idCine=2, nombre=null, ubicacion=null, salas=[]]
2026-02-10 10:57:36.864 [main] DEBUG org.hibernate.orm.results - Extracted JDBC value [1] - [Cine Yelmo]
2026-02-10 10:57:36.864 [main] DEBUG org.hibernate.orm.results - Extracted JDBC value [2] - [Lagoh]
2026-02-10 10:57:36.864 [main] DEBUG org.hibernate.orm.results.loading.entity - (EntityResultInitializer) Done materializing entityInstance : models.Cine(10414556268400)#2
2026-02-10 10:57:36.864 [main] DEBUG org.hibernate.orm.results.loading - Calling top-level assembler (0 / 1) : org.hibernate.sql.results.graph.entity.internal.EntityAssembler@596afb2f
2026-02-10 10:57:36.864 [main] DEBUG org.hibernate.resource.jdbc.internal.LogicalConnectionManagedImpl - Initiating JDBC connection release from afterTransaction
2026-02-10 10:57:36.865 [main] DEBUG org.hibernate.resource.jdbc.internal.LogicalConnectionManagedImpl - Initiating JDBC connection release from afterTransaction
2026-02-10 10:57:36.866 [main] DEBUG org.hibernate.orm.sql.ast.create - Created new SQL alias : s1_0
2026-02-10 10:57:36.866 [main] DEBUG org.hibernate.orm.sql.ast.create - Registration of TableGroup [org.hibernate.sql.ast.tree.from.OneToManyTableGroup@61993d18] with identifierForTableGroup [models.Cine.salas] for NavigablePath [models.Cine.salas] 
2026-02-10 10:57:36.866 [main] DEBUG org.hibernate.orm.sql.ast.create - Registration of TableGroup [StandardTableGroup(models.Cine.salas.{element})] with identifierForTableGroup [models.Cine.salas.{element}] for NavigablePath [models.Cine.salas.{element}] 
2026-02-10 10:57:36.866 [main] DEBUG org.hibernate.orm.results.graph.AST - DomainResult Graph:
 \-CollectionDomainResult [models.Cine.salas]

2026-02-10 10:57:36.866 [main] DEBUG org.hibernate.orm.sql.ast.tree - SQL AST Tree:
    SelectStatement {
      FromClause {
        OneToManyTableGroup (s1 : models.Cine.salas) {
          primaryTableReference : sala as s1_0
        }
      }
    }

2026-02-10 10:57:36.866 [main] DEBUG org.hibernate.orm.sql.exec - Skipping reading Query result cache data: cache-enabled = false, cache-mode = IGNORE
2026-02-10 10:57:36.868 [main] DEBUG org.hibernate.orm.results - Initializer list
2026-02-10 10:57:36.868 [main] DEBUG org.hibernate.orm.results -     models.Cine.salas.{element}.cine -> EntitySelectFetchInitializer(models.Cine.salas.{element}.cine)@92221031 (ToOneAttributeMapping(NavigableRole[models.Sala.cine])@1847825207)
2026-02-10 10:57:36.868 [main] DEBUG org.hibernate.orm.results -     models.Cine.salas.{element}.peliculas -> DelayedCollectionInitializer(models.Cine.salas.{element}.peliculas)@1165086398 (PluralAttribute(models.Sala.peliculas))
2026-02-10 10:57:36.868 [main] DEBUG org.hibernate.orm.results -     models.Cine.salas.{element} -> EntityJoinedFetchInitializer(models.Cine.salas.{element})@357065976 (EntityCollectionPart(NavigableRole[models.Cine.salas#{element}])@223363383)
2026-02-10 10:57:36.868 [main] DEBUG org.hibernate.orm.results -     models.Cine.salas -> BagInitializer(models.Cine.salas)@298507058 (PluralAttribute(models.Cine.salas))
2026-02-10 10:57:36.868 [main] DEBUG org.hibernate.SQL - select s1_0.cine,s1_0.idSala,s1_0.capacidad,s1_0.nombre from sala s1_0 where s1_0.cine=?
2026-02-10 10:57:36.872 [main] DEBUG org.hibernate.orm.results - Extracted JDBC value [1] - [1]
2026-02-10 10:57:36.872 [main] DEBUG org.hibernate.orm.results.loading.entity - (EntityJoinedFetchInitializer) Hydrated EntityKey (models.Cine.salas.{element}): 1
2026-02-10 10:57:36.872 [main] DEBUG org.hibernate.orm.results - Extracted JDBC value [1] - [1]
2026-02-10 10:57:36.872 [main] DEBUG org.hibernate.orm.results.loading.org.hibernate.orm.results.loading.collection - (DelayedCollectionInitializer) Current row collection key : models.Cine.salas.{element}.peliculas#1
2026-02-10 10:57:36.872 [main] DEBUG org.hibernate.orm.results - Extracted JDBC value [0] - [1]
2026-02-10 10:57:36.872 [main] DEBUG org.hibernate.orm.results.loading.org.hibernate.orm.results.loading.collection - (DelayedCollectionInitializer) Current row collection key : models.Cine.salas#1
2026-02-10 10:57:36.872 [main] DEBUG org.hibernate.orm.results - Extracted JDBC value [0] - [1]
2026-02-10 10:57:36.872 [main] DEBUG org.hibernate.orm.results.loading.entity - (EntityJoinedFetchInitializer) Created new entity instance [models.Cine.salas.{element}#1] : models.Sala@37986daf
2026-02-10 10:57:36.872 [main] DEBUG org.hibernate.orm.results.loading.org.hibernate.orm.results.loading.collection - (BagInitializer) Responsible for loading collection [models.Cine.salas#1] : org.hibernate.collection.spi.PersistentBag@646339415
2026-02-10 10:57:36.872 [main] DEBUG org.hibernate.orm.results - Extracted JDBC value [0] - [1]
2026-02-10 10:57:36.872 [main] DEBUG org.hibernate.orm.results - Extracted JDBC value [2] - [50]
2026-02-10 10:57:36.873 [main] DEBUG org.hibernate.orm.results - Extracted JDBC value [3] - [Sala grande]
2026-02-10 10:57:36.873 [main] DEBUG org.hibernate.orm.results.loading.entity - (EntityJoinedFetchInitializer) Done materializing entityInstance : models.Cine.salas.{element}#1
2026-02-10 10:57:36.873 [main] DEBUG org.hibernate.orm.results.loading.org.hibernate.orm.results.loading.collection - (BagInitializer) Reading element from row for collection [models.Cine.salas#1] -> org.hibernate.collection.spi.PersistentBag@646339415
2026-02-10 10:57:36.873 [main] DEBUG org.hibernate.orm.results.loading - Calling top-level assembler (0 / 1) : org.hibernate.sql.results.graph.collection.internal.EagerCollectionAssembler@c82d925
2026-02-10 10:57:36.873 [main] DEBUG org.hibernate.orm.results - Extracted JDBC value [1] - [2]
2026-02-10 10:57:36.873 [main] DEBUG org.hibernate.orm.results.loading.entity - (EntityJoinedFetchInitializer) Hydrated EntityKey (models.Cine.salas.{element}): 2
2026-02-10 10:57:36.873 [main] DEBUG org.hibernate.orm.results - Extracted JDBC value [1] - [2]
2026-02-10 10:57:36.873 [main] DEBUG org.hibernate.orm.results.loading.org.hibernate.orm.results.loading.collection - (DelayedCollectionInitializer) Current row collection key : models.Cine.salas.{element}.peliculas#2
2026-02-10 10:57:36.873 [main] DEBUG org.hibernate.orm.results - Extracted JDBC value [0] - [1]
2026-02-10 10:57:36.873 [main] DEBUG org.hibernate.orm.results.loading.org.hibernate.orm.results.loading.collection - (DelayedCollectionInitializer) Current row collection key : models.Cine.salas#1
2026-02-10 10:57:36.873 [main] DEBUG org.hibernate.orm.results - Extracted JDBC value [0] - [1]
2026-02-10 10:57:36.874 [main] DEBUG org.hibernate.orm.results.loading.entity - (EntityJoinedFetchInitializer) Created new entity instance [models.Cine.salas.{element}#2] : models.Sala@14df5253
2026-02-10 10:57:36.874 [main] DEBUG org.hibernate.orm.results.loading.org.hibernate.orm.results.loading.collection - (BagInitializer) Found existing loading collection entry [models.Cine.salas#1]; using loading collection instance - org.hibernate.collection.spi.PersistentBag@646339415
2026-02-10 10:57:36.874 [main] DEBUG org.hibernate.orm.results.loading.org.hibernate.orm.results.loading.collection - (BagInitializer) Responsible for loading collection [models.Cine.salas#1] : org.hibernate.collection.spi.PersistentBag@646339415
2026-02-10 10:57:36.874 [main] DEBUG org.hibernate.orm.results - Extracted JDBC value [0] - [1]
2026-02-10 10:57:36.874 [main] DEBUG org.hibernate.orm.results - Extracted JDBC value [2] - [30]
2026-02-10 10:57:36.874 [main] DEBUG org.hibernate.orm.results - Extracted JDBC value [3] - [Sala mediana]
2026-02-10 10:57:36.874 [main] DEBUG org.hibernate.orm.results.loading.entity - (EntityJoinedFetchInitializer) Done materializing entityInstance : models.Cine.salas.{element}#2
2026-02-10 10:57:36.874 [main] DEBUG org.hibernate.orm.results.loading.org.hibernate.orm.results.loading.collection - (BagInitializer) Reading element from row for collection [models.Cine.salas#1] -> org.hibernate.collection.spi.PersistentBag@646339415
2026-02-10 10:57:36.874 [main] DEBUG org.hibernate.orm.results.loading - Calling top-level assembler (0 / 1) : org.hibernate.sql.results.graph.collection.internal.EagerCollectionAssembler@c82d925
2026-02-10 10:57:36.874 [main] DEBUG org.hibernate.sql.results.internal.ResultsHelper - Collection fully initialized: [models.Cine.salas#1]
2026-02-10 10:57:36.874 [main] DEBUG org.hibernate.resource.jdbc.internal.LogicalConnectionManagedImpl - Initiating JDBC connection release from afterTransaction
2026-02-10 10:57:36.875 [main] DEBUG controlador.GestionaFestivalCine - Cine [idCine=1, nombre=Cinesa, ubicacion=Camas, Sevilla, salas=[models.Sala@37986daf, models.Sala@14df5253]]
2026-02-10 10:57:36.875 [main] DEBUG org.hibernate.orm.results.graph.AST - DomainResult Graph:
 \-CollectionDomainResult [models.Cine.salas]

2026-02-10 10:57:36.875 [main] DEBUG org.hibernate.orm.sql.ast.tree - SQL AST Tree:
    SelectStatement {
      FromClause {
        OneToManyTableGroup (s1 : models.Cine.salas) {
          primaryTableReference : sala as s1_0
        }
      }
    }

2026-02-10 10:57:36.876 [main] DEBUG org.hibernate.orm.sql.exec - Skipping reading Query result cache data: cache-enabled = false, cache-mode = IGNORE
2026-02-10 10:57:36.876 [main] DEBUG org.hibernate.orm.results - Initializer list
2026-02-10 10:57:36.876 [main] DEBUG org.hibernate.orm.results -     models.Cine.salas.{element}.cine -> EntitySelectFetchInitializer(models.Cine.salas.{element}.cine)@1616818290 (ToOneAttributeMapping(NavigableRole[models.Sala.cine])@1847825207)
2026-02-10 10:57:36.876 [main] DEBUG org.hibernate.orm.results -     models.Cine.salas.{element}.peliculas -> DelayedCollectionInitializer(models.Cine.salas.{element}.peliculas)@2047805101 (PluralAttribute(models.Sala.peliculas))
2026-02-10 10:57:36.876 [main] DEBUG org.hibernate.orm.results -     models.Cine.salas.{element} -> EntityJoinedFetchInitializer(models.Cine.salas.{element})@531196203 (EntityCollectionPart(NavigableRole[models.Cine.salas#{element}])@223363383)
2026-02-10 10:57:36.876 [main] DEBUG org.hibernate.orm.results -     models.Cine.salas -> BagInitializer(models.Cine.salas)@1896545607 (PluralAttribute(models.Cine.salas))
2026-02-10 10:57:36.876 [main] DEBUG org.hibernate.SQL - select s1_0.cine,s1_0.idSala,s1_0.capacidad,s1_0.nombre from sala s1_0 where s1_0.cine=?
2026-02-10 10:57:36.878 [main] DEBUG org.hibernate.orm.results - Extracted JDBC value [1] - [3]
2026-02-10 10:57:36.878 [main] DEBUG org.hibernate.orm.results.loading.entity - (EntityJoinedFetchInitializer) Hydrated EntityKey (models.Cine.salas.{element}): 3
2026-02-10 10:57:36.878 [main] DEBUG org.hibernate.orm.results - Extracted JDBC value [1] - [3]
2026-02-10 10:57:36.878 [main] DEBUG org.hibernate.orm.results.loading.org.hibernate.orm.results.loading.collection - (DelayedCollectionInitializer) Current row collection key : models.Cine.salas.{element}.peliculas#3
2026-02-10 10:57:36.878 [main] DEBUG org.hibernate.orm.results - Extracted JDBC value [0] - [2]
2026-02-10 10:57:36.878 [main] DEBUG org.hibernate.orm.results.loading.org.hibernate.orm.results.loading.collection - (DelayedCollectionInitializer) Current row collection key : models.Cine.salas#2
2026-02-10 10:57:36.878 [main] DEBUG org.hibernate.orm.results - Extracted JDBC value [0] - [2]
2026-02-10 10:57:36.879 [main] DEBUG org.hibernate.orm.results.loading.entity - (EntityJoinedFetchInitializer) Created new entity instance [models.Cine.salas.{element}#3] : models.Sala@1488a861
2026-02-10 10:57:36.879 [main] DEBUG org.hibernate.orm.results.loading.org.hibernate.orm.results.loading.collection - (BagInitializer) Responsible for loading collection [models.Cine.salas#2] : org.hibernate.collection.spi.PersistentBag@2042233477
2026-02-10 10:57:36.879 [main] DEBUG org.hibernate.orm.results - Extracted JDBC value [0] - [2]
2026-02-10 10:57:36.879 [main] DEBUG org.hibernate.orm.results - Extracted JDBC value [2] - [20]
2026-02-10 10:57:36.879 [main] DEBUG org.hibernate.orm.results - Extracted JDBC value [3] - [Sala infantil]
2026-02-10 10:57:36.879 [main] DEBUG org.hibernate.orm.results.loading.entity - (EntityJoinedFetchInitializer) Done materializing entityInstance : models.Cine.salas.{element}#3
2026-02-10 10:57:36.879 [main] DEBUG org.hibernate.orm.results.loading.org.hibernate.orm.results.loading.collection - (BagInitializer) Reading element from row for collection [models.Cine.salas#2] -> org.hibernate.collection.spi.PersistentBag@2042233477
2026-02-10 10:57:36.879 [main] DEBUG org.hibernate.orm.results.loading - Calling top-level assembler (0 / 1) : org.hibernate.sql.results.graph.collection.internal.EagerCollectionAssembler@604f376a
2026-02-10 10:57:36.879 [main] DEBUG org.hibernate.orm.results - Extracted JDBC value [1] - [4]
2026-02-10 10:57:36.879 [main] DEBUG org.hibernate.orm.results.loading.entity - (EntityJoinedFetchInitializer) Hydrated EntityKey (models.Cine.salas.{element}): 4
2026-02-10 10:57:36.879 [main] DEBUG org.hibernate.orm.results - Extracted JDBC value [1] - [4]
2026-02-10 10:57:36.879 [main] DEBUG org.hibernate.orm.results.loading.org.hibernate.orm.results.loading.collection - (DelayedCollectionInitializer) Current row collection key : models.Cine.salas.{element}.peliculas#4
2026-02-10 10:57:36.879 [main] DEBUG org.hibernate.orm.results - Extracted JDBC value [0] - [2]
2026-02-10 10:57:36.879 [main] DEBUG org.hibernate.orm.results.loading.org.hibernate.orm.results.loading.collection - (DelayedCollectionInitializer) Current row collection key : models.Cine.salas#2
2026-02-10 10:57:36.879 [main] DEBUG org.hibernate.orm.results - Extracted JDBC value [0] - [2]
2026-02-10 10:57:36.879 [main] DEBUG org.hibernate.orm.results.loading.entity - (EntityJoinedFetchInitializer) Created new entity instance [models.Cine.salas.{element}#4] : models.Sala@12670e55
2026-02-10 10:57:36.879 [main] DEBUG org.hibernate.orm.results.loading.org.hibernate.orm.results.loading.collection - (BagInitializer) Found existing loading collection entry [models.Cine.salas#2]; using loading collection instance - org.hibernate.collection.spi.PersistentBag@2042233477
2026-02-10 10:57:36.879 [main] DEBUG org.hibernate.orm.results.loading.org.hibernate.orm.results.loading.collection - (BagInitializer) Responsible for loading collection [models.Cine.salas#2] : org.hibernate.collection.spi.PersistentBag@2042233477
2026-02-10 10:57:36.879 [main] DEBUG org.hibernate.orm.results - Extracted JDBC value [0] - [2]
2026-02-10 10:57:36.879 [main] DEBUG org.hibernate.orm.results - Extracted JDBC value [2] - [15]
2026-02-10 10:57:36.879 [main] DEBUG org.hibernate.orm.results - Extracted JDBC value [3] - [Sala pequeña]
2026-02-10 10:57:36.879 [main] DEBUG org.hibernate.orm.results.loading.entity - (EntityJoinedFetchInitializer) Done materializing entityInstance : models.Cine.salas.{element}#4
2026-02-10 10:57:36.879 [main] DEBUG org.hibernate.orm.results.loading.org.hibernate.orm.results.loading.collection - (BagInitializer) Reading element from row for collection [models.Cine.salas#2] -> org.hibernate.collection.spi.PersistentBag@2042233477
2026-02-10 10:57:36.879 [main] DEBUG org.hibernate.orm.results.loading - Calling top-level assembler (0 / 1) : org.hibernate.sql.results.graph.collection.internal.EagerCollectionAssembler@604f376a
2026-02-10 10:57:36.880 [main] DEBUG org.hibernate.sql.results.internal.ResultsHelper - Collection fully initialized: [models.Cine.salas#2]
2026-02-10 10:57:36.880 [main] DEBUG org.hibernate.resource.jdbc.internal.LogicalConnectionManagedImpl - Initiating JDBC connection release from afterTransaction
2026-02-10 10:57:36.881 [main] DEBUG controlador.GestionaFestivalCine - Cine [idCine=2, nombre=Cine Yelmo, ubicacion=Lagoh, salas=[models.Sala@1488a861, models.Sala@12670e55]]
2026-02-10 10:57:36.881 [main] DEBUG org.hibernate.orm.query.hql - HQL : FROM models.Sala
2026-02-10 10:57:36.881 [main] DEBUG org.hibernate.query.hql.internal.SemanticQueryBuilder - Handling root path - models.Sala
2026-02-10 10:57:36.881 [main] DEBUG org.hibernate.query.hql.internal.SemanticQueryBuilder - Encountered implicit select clause : FROMmodels.Sala
2026-02-10 10:57:36.881 [main] DEBUG org.hibernate.orm.query.sqm.ast - SqmStatement Tree :
    -> [select]
      -> [query-spec]
        -> [select]
          -> [selection]
            -> [root] - `models.Sala(10414578313900)`
            <- [root] - `models.Sala(10414578313900)`
          <- [selection]
        <- [select]
        -> [from]
          -> [root] - `models.Sala(10414578313900)`
          <- [root] - `models.Sala(10414578313900)`
        <- [from]
      <- [query-spec]
    <- [select]

2026-02-10 10:57:36.882 [main] DEBUG org.hibernate.orm.sql.ast.create - Created new SQL alias : s1_0
2026-02-10 10:57:36.882 [main] DEBUG org.hibernate.orm.sql.ast.create - Registration of TableGroup [StandardTableGroup(models.Sala(10414578313900))] with identifierForTableGroup [models.Sala] for NavigablePath [models.Sala] 
2026-02-10 10:57:36.882 [main] DEBUG org.hibernate.orm.results.graph.AST - DomainResult Graph:
 \-EntityResultImpl [models.Sala(10414578313900)]
 |  +-BasicFetch [models.Sala(10414578313900).capacidad]
 |  +-CircularFetchImpl [models.Sala(10414578313900).cine]
 |  +-BasicFetch [models.Sala(10414578313900).nombre]
 |  \-DelayedCollectionFetch [models.Sala(10414578313900).peliculas]

2026-02-10 10:57:36.882 [main] DEBUG org.hibernate.orm.sql.ast.tree - SQL AST Tree:
    SelectStatement {
      FromClause {
        StandardTableGroup (s1 : models.Sala(10414578313900)) {
          primaryTableReference : sala as s1_0
        }
      }
    }

2026-02-10 10:57:36.882 [main] DEBUG org.hibernate.orm.sql.exec - Skipping reading Query result cache data: cache-enabled = false, cache-mode = NORMAL
2026-02-10 10:57:36.882 [main] DEBUG org.hibernate.orm.results - Initializer list
2026-02-10 10:57:36.882 [main] DEBUG org.hibernate.orm.results -     models.Sala(10414578313900).cine -> EntitySelectFetchInitializer(models.Sala(10414578313900).cine)@1519451306 (ToOneAttributeMapping(NavigableRole[models.Sala.cine])@1847825207)
2026-02-10 10:57:36.882 [main] DEBUG org.hibernate.orm.results -     models.Sala(10414578313900).peliculas -> DelayedCollectionInitializer(models.Sala(10414578313900).peliculas)@403041430 (PluralAttribute(models.Sala.peliculas))
2026-02-10 10:57:36.882 [main] DEBUG org.hibernate.orm.results -     models.Sala(10414578313900) -> EntityResultInitializer(models.Sala(10414578313900))@851074149 (SingleTableEntityPersister(models.Sala))
2026-02-10 10:57:36.882 [main] DEBUG org.hibernate.SQL - /* FROM models.Sala */ select s1_0.idSala,s1_0.capacidad,s1_0.cine,s1_0.nombre from sala s1_0
2026-02-10 10:57:36.885 [main] DEBUG org.hibernate.orm.results - Extracted JDBC value [0] - [1]
2026-02-10 10:57:36.885 [main] DEBUG org.hibernate.orm.results.loading.entity - (EntityResultInitializer) Hydrated EntityKey (models.Sala(10414578313900)): 1
2026-02-10 10:57:36.885 [main] DEBUG org.hibernate.orm.results - Extracted JDBC value [0] - [1]
2026-02-10 10:57:36.885 [main] DEBUG org.hibernate.orm.results.loading.org.hibernate.orm.results.loading.collection - (DelayedCollectionInitializer) Current row collection key : models.Sala(10414578313900).peliculas#1
2026-02-10 10:57:36.885 [main] DEBUG org.hibernate.orm.results.loading.entity - (EntityResultInitializer) Created new entity instance [models.Sala(10414578313900)#1] : models.Sala@10166230
2026-02-10 10:57:36.885 [main] DEBUG org.hibernate.orm.results - Extracted JDBC value [2] - [1]
2026-02-10 10:57:36.885 [main] DEBUG org.hibernate.orm.results.loading.entity - (EntitySelectFetchInitializer) Invoking session#internalLoad for entity (models.Sala(10414578313900).cine#1) : 1
2026-02-10 10:57:36.885 [main] DEBUG org.hibernate.orm.sql.exec - Skipping reading Query result cache data: cache-enabled = false, cache-mode = IGNORE
2026-02-10 10:57:36.885 [main] DEBUG org.hibernate.orm.results - Initializer list
2026-02-10 10:57:36.886 [main] DEBUG org.hibernate.orm.results -     models.Cine.salas -> DelayedCollectionInitializer(models.Cine.salas)@119674169 (PluralAttribute(models.Cine.salas))
2026-02-10 10:57:36.886 [main] DEBUG org.hibernate.orm.results -     models.Cine -> EntityResultInitializer(models.Cine)@192393376 (SingleTableEntityPersister(models.Cine))
2026-02-10 10:57:36.886 [main] DEBUG org.hibernate.SQL - select c1_0.idCine,c1_0.nombre,c1_0.ubicacion from cine c1_0 where c1_0.idCine=?
2026-02-10 10:57:36.887 [main] DEBUG org.hibernate.orm.results.loading.entity - (EntityResultInitializer) Hydrated EntityKey (models.Cine): 1
2026-02-10 10:57:36.887 [main] DEBUG org.hibernate.orm.results - Extracted JDBC value [0] - [1]
2026-02-10 10:57:36.887 [main] DEBUG org.hibernate.orm.results.loading.org.hibernate.orm.results.loading.collection - (DelayedCollectionInitializer) Current row collection key : models.Cine.salas#1
2026-02-10 10:57:36.887 [main] DEBUG org.hibernate.orm.results.loading.entity - (EntityResultInitializer) Created new entity instance [models.Cine#1] : Cine [idCine=1, nombre=null, ubicacion=null, salas=[]]
2026-02-10 10:57:36.887 [main] DEBUG org.hibernate.orm.results - Extracted JDBC value [1] - [Cinesa]
2026-02-10 10:57:36.887 [main] DEBUG org.hibernate.orm.results - Extracted JDBC value [2] - [Camas, Sevilla]
2026-02-10 10:57:36.887 [main] DEBUG org.hibernate.orm.results.loading.entity - (EntityResultInitializer) Done materializing entityInstance : models.Cine#1
2026-02-10 10:57:36.887 [main] DEBUG org.hibernate.orm.results.loading - Calling top-level assembler (0 / 1) : org.hibernate.sql.results.graph.entity.internal.EntityAssembler@5d96d434
2026-02-10 10:57:36.887 [main] DEBUG org.hibernate.orm.results.loading.entity - (EntitySelectFetchInitializer) Entity [models.Sala(10414578313900).cine#1] : 1 has being loaded by session.internalLoad.
2026-02-10 10:57:36.887 [main] DEBUG org.hibernate.orm.results - Extracted JDBC value [1] - [50]
2026-02-10 10:57:36.888 [main] DEBUG org.hibernate.orm.results - Extracted JDBC value [3] - [Sala grande]
2026-02-10 10:57:36.888 [main] DEBUG org.hibernate.orm.results.loading.entity - (EntityResultInitializer) Done materializing entityInstance : models.Sala(10414578313900)#1
2026-02-10 10:57:36.888 [main] DEBUG org.hibernate.orm.results.loading - Calling top-level assembler (0 / 1) : org.hibernate.sql.results.graph.entity.internal.EntityAssembler@7283877
2026-02-10 10:57:36.888 [main] DEBUG org.hibernate.orm.results - Extracted JDBC value [0] - [2]
2026-02-10 10:57:36.888 [main] DEBUG org.hibernate.orm.results.loading.entity - (EntityResultInitializer) Hydrated EntityKey (models.Sala(10414578313900)): 2
2026-02-10 10:57:36.888 [main] DEBUG org.hibernate.orm.results - Extracted JDBC value [0] - [2]
2026-02-10 10:57:36.888 [main] DEBUG org.hibernate.orm.results.loading.org.hibernate.orm.results.loading.collection - (DelayedCollectionInitializer) Current row collection key : models.Sala(10414578313900).peliculas#2
2026-02-10 10:57:36.888 [main] DEBUG org.hibernate.orm.results.loading.entity - (EntityResultInitializer) Created new entity instance [models.Sala(10414578313900)#2] : models.Sala@13dd7887
2026-02-10 10:57:36.888 [main] DEBUG org.hibernate.orm.results - Extracted JDBC value [2] - [1]
2026-02-10 10:57:36.888 [main] DEBUG org.hibernate.orm.results - Extracted JDBC value [1] - [30]
2026-02-10 10:57:36.888 [main] DEBUG org.hibernate.orm.results - Extracted JDBC value [3] - [Sala mediana]
2026-02-10 10:57:36.888 [main] DEBUG org.hibernate.orm.results.loading.entity - (EntityResultInitializer) Done materializing entityInstance : models.Sala(10414578313900)#2
2026-02-10 10:57:36.888 [main] DEBUG org.hibernate.orm.results.loading - Calling top-level assembler (0 / 1) : org.hibernate.sql.results.graph.entity.internal.EntityAssembler@7283877
2026-02-10 10:57:36.888 [main] DEBUG org.hibernate.orm.results - Extracted JDBC value [0] - [3]
2026-02-10 10:57:36.888 [main] DEBUG org.hibernate.orm.results.loading.entity - (EntityResultInitializer) Hydrated EntityKey (models.Sala(10414578313900)): 3
2026-02-10 10:57:36.888 [main] DEBUG org.hibernate.orm.results - Extracted JDBC value [0] - [3]
2026-02-10 10:57:36.888 [main] DEBUG org.hibernate.orm.results.loading.org.hibernate.orm.results.loading.collection - (DelayedCollectionInitializer) Current row collection key : models.Sala(10414578313900).peliculas#3
2026-02-10 10:57:36.888 [main] DEBUG org.hibernate.orm.results.loading.entity - (EntityResultInitializer) Created new entity instance [models.Sala(10414578313900)#3] : models.Sala@3e2c4d4b
2026-02-10 10:57:36.888 [main] DEBUG org.hibernate.orm.results - Extracted JDBC value [2] - [2]
2026-02-10 10:57:36.888 [main] DEBUG org.hibernate.orm.results.loading.entity - (EntitySelectFetchInitializer) Invoking session#internalLoad for entity (models.Sala(10414578313900).cine#2) : 2
2026-02-10 10:57:36.888 [main] DEBUG org.hibernate.orm.sql.exec - Skipping reading Query result cache data: cache-enabled = false, cache-mode = IGNORE
2026-02-10 10:57:36.888 [main] DEBUG org.hibernate.orm.results - Initializer list
2026-02-10 10:57:36.888 [main] DEBUG org.hibernate.orm.results -     models.Cine.salas -> DelayedCollectionInitializer(models.Cine.salas)@1155436032 (PluralAttribute(models.Cine.salas))
2026-02-10 10:57:36.889 [main] DEBUG org.hibernate.orm.results -     models.Cine -> EntityResultInitializer(models.Cine)@1019207516 (SingleTableEntityPersister(models.Cine))
2026-02-10 10:57:36.889 [main] DEBUG org.hibernate.SQL - select c1_0.idCine,c1_0.nombre,c1_0.ubicacion from cine c1_0 where c1_0.idCine=?
2026-02-10 10:57:36.890 [main] DEBUG org.hibernate.orm.results.loading.entity - (EntityResultInitializer) Hydrated EntityKey (models.Cine): 2
2026-02-10 10:57:36.890 [main] DEBUG org.hibernate.orm.results - Extracted JDBC value [0] - [2]
2026-02-10 10:57:36.890 [main] DEBUG org.hibernate.orm.results.loading.org.hibernate.orm.results.loading.collection - (DelayedCollectionInitializer) Current row collection key : models.Cine.salas#2
2026-02-10 10:57:36.890 [main] DEBUG org.hibernate.orm.results.loading.entity - (EntityResultInitializer) Created new entity instance [models.Cine#2] : Cine [idCine=2, nombre=null, ubicacion=null, salas=[]]
2026-02-10 10:57:36.890 [main] DEBUG org.hibernate.orm.results - Extracted JDBC value [1] - [Cine Yelmo]
2026-02-10 10:57:36.890 [main] DEBUG org.hibernate.orm.results - Extracted JDBC value [2] - [Lagoh]
2026-02-10 10:57:36.890 [main] DEBUG org.hibernate.orm.results.loading.entity - (EntityResultInitializer) Done materializing entityInstance : models.Cine#2
2026-02-10 10:57:36.890 [main] DEBUG org.hibernate.orm.results.loading - Calling top-level assembler (0 / 1) : org.hibernate.sql.results.graph.entity.internal.EntityAssembler@3cb195dd
2026-02-10 10:57:36.891 [main] DEBUG org.hibernate.orm.results.loading.entity - (EntitySelectFetchInitializer) Entity [models.Sala(10414578313900).cine#2] : 2 has being loaded by session.internalLoad.
2026-02-10 10:57:36.891 [main] DEBUG org.hibernate.orm.results - Extracted JDBC value [1] - [20]
2026-02-10 10:57:36.891 [main] DEBUG org.hibernate.orm.results - Extracted JDBC value [3] - [Sala infantil]
2026-02-10 10:57:36.891 [main] DEBUG org.hibernate.orm.results.loading.entity - (EntityResultInitializer) Done materializing entityInstance : models.Sala(10414578313900)#3
2026-02-10 10:57:36.891 [main] DEBUG org.hibernate.orm.results.loading - Calling top-level assembler (0 / 1) : org.hibernate.sql.results.graph.entity.internal.EntityAssembler@7283877
2026-02-10 10:57:36.891 [main] DEBUG org.hibernate.orm.results - Extracted JDBC value [0] - [4]
2026-02-10 10:57:36.891 [main] DEBUG org.hibernate.orm.results.loading.entity - (EntityResultInitializer) Hydrated EntityKey (models.Sala(10414578313900)): 4
2026-02-10 10:57:36.891 [main] DEBUG org.hibernate.orm.results - Extracted JDBC value [0] - [4]
2026-02-10 10:57:36.891 [main] DEBUG org.hibernate.orm.results.loading.org.hibernate.orm.results.loading.collection - (DelayedCollectionInitializer) Current row collection key : models.Sala(10414578313900).peliculas#4
2026-02-10 10:57:36.891 [main] DEBUG org.hibernate.orm.results.loading.entity - (EntityResultInitializer) Created new entity instance [models.Sala(10414578313900)#4] : models.Sala@7d7b4e04
2026-02-10 10:57:36.891 [main] DEBUG org.hibernate.orm.results - Extracted JDBC value [2] - [2]
2026-02-10 10:57:36.891 [main] DEBUG org.hibernate.orm.results - Extracted JDBC value [1] - [15]
2026-02-10 10:57:36.891 [main] DEBUG org.hibernate.orm.results - Extracted JDBC value [3] - [Sala pequeña]
2026-02-10 10:57:36.891 [main] DEBUG org.hibernate.orm.results.loading.entity - (EntityResultInitializer) Done materializing entityInstance : models.Sala(10414578313900)#4
2026-02-10 10:57:36.891 [main] DEBUG org.hibernate.orm.results.loading - Calling top-level assembler (0 / 1) : org.hibernate.sql.results.graph.entity.internal.EntityAssembler@7283877
2026-02-10 10:57:36.891 [main] DEBUG org.hibernate.resource.jdbc.internal.LogicalConnectionManagedImpl - Initiating JDBC connection release from afterTransaction
2026-02-10 10:57:36.893 [main] DEBUG org.hibernate.resource.jdbc.internal.LogicalConnectionManagedImpl - Initiating JDBC connection release from afterTransaction
2026-02-10 10:57:36.893 [main] DEBUG controlador.GestionaFestivalCine - models.Sala@10166230
2026-02-10 10:57:36.893 [main] DEBUG controlador.GestionaFestivalCine - models.Sala@13dd7887
2026-02-10 10:57:36.893 [main] DEBUG controlador.GestionaFestivalCine - models.Sala@3e2c4d4b
2026-02-10 10:57:36.893 [main] DEBUG controlador.GestionaFestivalCine - models.Sala@7d7b4e04
