2025-01-12 00:01:01.895 [main] DEBUG org.jboss.logging - Logging Provider: org.jboss.logging.Log4j2LoggerProvider
2025-01-12 00:01:01.980 [main] DEBUG org.hibernate.integrator.internal.IntegratorServiceImpl - Adding Integrator [org.hibernate.cfg.beanvalidation.BeanValidationIntegrator].
2025-01-12 00:01:01.991 [main] DEBUG org.hibernate.integrator.internal.IntegratorServiceImpl - Adding Integrator [org.hibernate.cache.internal.CollectionCacheInvalidator].
2025-01-12 00:01:02.068 [main] INFO  org.hibernate.Version - HHH000412: Hibernate ORM core version 6.1.7.Final
2025-01-12 00:01:02.071 [main] DEBUG org.hibernate.cfg.Environment - HHH000206: hibernate.properties not found
2025-01-12 00:01:02.728 [main] DEBUG org.hibernate.boot.jaxb.internal.stax.LocalXmlResourceResolver - Checking public/system identifiers `-//Hibernate/Hibernate Configuration DTD 3.0//EN`/`http://hibernate.org/dtd/hibernate-configuration-3.0.dtd` as DTD references
2025-01-12 00:01:02.744 [main] DEBUG org.hibernate.boot.cfgxml.internal.JaxbCfgProcessor - cfg.xml document did not define namespaces; wrapping in custom event reader to introduce namespace information
2025-01-12 00:01:03.367 [main] DEBUG org.hibernate.orm.idgen.factory - Resolving IdentifierGenerator instances will not use CDI as it was not configured
2025-01-12 00:01:03.387 [main] DEBUG org.hibernate.orm.idgen.factory - Registering IdentifierGenerator strategy [uuid2] -> [org.hibernate.id.UUIDGenerator]
2025-01-12 00:01:03.391 [main] DEBUG org.hibernate.orm.idgen.factory - Registering IdentifierGenerator strategy [guid] -> [org.hibernate.id.GUIDGenerator]
2025-01-12 00:01:03.393 [main] DEBUG org.hibernate.orm.idgen.factory - Registering IdentifierGenerator strategy [uuid] -> [org.hibernate.id.UUIDHexGenerator]
2025-01-12 00:01:03.399 [main] DEBUG org.hibernate.orm.idgen.factory - Registering IdentifierGenerator strategy [uuid.hex] -> [org.hibernate.id.UUIDHexGenerator]
2025-01-12 00:01:03.407 [main] DEBUG org.hibernate.orm.idgen.factory - Registering IdentifierGenerator strategy [assigned] -> [org.hibernate.id.Assigned]
2025-01-12 00:01:03.411 [main] DEBUG org.hibernate.orm.idgen.factory - Registering IdentifierGenerator strategy [identity] -> [org.hibernate.id.IdentityGenerator]
2025-01-12 00:01:03.418 [main] DEBUG org.hibernate.orm.idgen.factory - Registering IdentifierGenerator strategy [select] -> [org.hibernate.id.SelectGenerator]
2025-01-12 00:01:03.424 [main] DEBUG org.hibernate.orm.idgen.factory - Registering IdentifierGenerator strategy [sequence] -> [org.hibernate.id.enhanced.SequenceStyleGenerator]
2025-01-12 00:01:03.426 [main] DEBUG org.hibernate.orm.idgen.factory - Registering IdentifierGenerator strategy [increment] -> [org.hibernate.id.IncrementGenerator]
2025-01-12 00:01:03.429 [main] DEBUG org.hibernate.orm.idgen.factory - Registering IdentifierGenerator strategy [foreign] -> [org.hibernate.id.ForeignGenerator]
2025-01-12 00:01:03.429 [main] DEBUG org.hibernate.orm.idgen.factory - Registering IdentifierGenerator strategy [enhanced-sequence] -> [org.hibernate.id.enhanced.SequenceStyleGenerator]
2025-01-12 00:01:03.435 [main] DEBUG org.hibernate.orm.idgen.factory - Registering IdentifierGenerator strategy [enhanced-table] -> [org.hibernate.id.enhanced.TableGenerator]
2025-01-12 00:01:03.450 [main] DEBUG org.hibernate.cache.internal.RegionFactoryInitiator - Cannot default RegionFactory based on registered strategies as `[]` RegionFactory strategies were registered
2025-01-12 00:01:03.454 [main] DEBUG org.hibernate.cache.internal.RegionFactoryInitiator - Cache region factory : org.hibernate.cache.internal.NoCachingRegionFactory
2025-01-12 00:01:03.639 [main] DEBUG org.hibernate.type.descriptor.jdbc.spi.JdbcTypeRegistry - addDescriptor(FloatTypeDescriptor) replaced previous registration(DoubleTypeDescriptor)
2025-01-12 00:01:03.687 [main] DEBUG org.hibernate.type.BasicTypeRegistry - Adding type registration boolean -> org.hibernate.type.BasicTypeReference@22101c80
2025-01-12 00:01:03.687 [main] DEBUG org.hibernate.type.BasicTypeRegistry - Adding type registration boolean -> org.hibernate.type.BasicTypeReference@22101c80
2025-01-12 00:01:03.688 [main] DEBUG org.hibernate.type.BasicTypeRegistry - Adding type registration java.lang.Boolean -> org.hibernate.type.BasicTypeReference@22101c80
2025-01-12 00:01:03.689 [main] DEBUG org.hibernate.type.BasicTypeRegistry - Adding type registration numeric_boolean -> org.hibernate.type.BasicTypeReference@31ff1390
2025-01-12 00:01:03.690 [main] DEBUG org.hibernate.type.BasicTypeRegistry - Adding type registration org.hibernate.type.NumericBooleanConverter -> org.hibernate.type.BasicTypeReference@31ff1390
2025-01-12 00:01:03.690 [main] DEBUG org.hibernate.type.BasicTypeRegistry - Adding type registration true_false -> org.hibernate.type.BasicTypeReference@759d81f3
2025-01-12 00:01:03.692 [main] DEBUG org.hibernate.type.BasicTypeRegistry - Adding type registration org.hibernate.type.TrueFalseConverter -> org.hibernate.type.BasicTypeReference@759d81f3
2025-01-12 00:01:03.692 [main] DEBUG org.hibernate.type.BasicTypeRegistry - Adding type registration yes_no -> org.hibernate.type.BasicTypeReference@781a9412
2025-01-12 00:01:03.695 [main] DEBUG org.hibernate.type.BasicTypeRegistry - Adding type registration org.hibernate.type.YesNoConverter -> org.hibernate.type.BasicTypeReference@781a9412
2025-01-12 00:01:03.697 [main] DEBUG org.hibernate.type.BasicTypeRegistry - Adding type registration byte -> org.hibernate.type.BasicTypeReference@5a4c638d
2025-01-12 00:01:03.697 [main] DEBUG org.hibernate.type.BasicTypeRegistry - Adding type registration byte -> org.hibernate.type.BasicTypeReference@5a4c638d
2025-01-12 00:01:03.698 [main] DEBUG org.hibernate.type.BasicTypeRegistry - Adding type registration java.lang.Byte -> org.hibernate.type.BasicTypeReference@5a4c638d
2025-01-12 00:01:03.702 [main] DEBUG org.hibernate.type.BasicTypeRegistry - Adding type registration binary -> org.hibernate.type.BasicTypeReference@13e698c7
2025-01-12 00:01:03.702 [main] DEBUG org.hibernate.type.BasicTypeRegistry - Adding type registration byte[] -> org.hibernate.type.BasicTypeReference@13e698c7
2025-01-12 00:01:03.703 [main] DEBUG org.hibernate.type.BasicTypeRegistry - Adding type registration [B -> org.hibernate.type.BasicTypeReference@13e698c7
2025-01-12 00:01:03.704 [main] DEBUG org.hibernate.type.BasicTypeRegistry - Adding type registration binary_wrapper -> org.hibernate.type.BasicTypeReference@aed0151
2025-01-12 00:01:03.705 [main] DEBUG org.hibernate.type.BasicTypeRegistry - Adding type registration wrapper-binary -> org.hibernate.type.BasicTypeReference@aed0151
2025-01-12 00:01:03.705 [main] DEBUG org.hibernate.type.BasicTypeRegistry - Adding type registration Byte[] -> org.hibernate.type.BasicTypeReference@aed0151
2025-01-12 00:01:03.706 [main] DEBUG org.hibernate.type.BasicTypeRegistry - Adding type registration [Ljava.lang.Byte; -> org.hibernate.type.BasicTypeReference@aed0151
2025-01-12 00:01:03.707 [main] DEBUG org.hibernate.type.BasicTypeRegistry - Adding type registration image -> org.hibernate.type.BasicTypeReference@267bbe1a
2025-01-12 00:01:03.709 [main] DEBUG org.hibernate.type.BasicTypeRegistry - Adding type registration blob -> org.hibernate.type.BasicTypeReference@1f12e153
2025-01-12 00:01:03.710 [main] DEBUG org.hibernate.type.BasicTypeRegistry - Adding type registration java.sql.Blob -> org.hibernate.type.BasicTypeReference@1f12e153
2025-01-12 00:01:03.712 [main] DEBUG org.hibernate.type.BasicTypeRegistry - Adding type registration materialized_blob -> org.hibernate.type.BasicTypeReference@389562d6
2025-01-12 00:01:03.714 [main] DEBUG org.hibernate.type.BasicTypeRegistry - Adding type registration materialized_blob_wrapper -> org.hibernate.type.BasicTypeReference@5a101b1c
2025-01-12 00:01:03.715 [main] DEBUG org.hibernate.type.BasicTypeRegistry - Adding type registration short -> org.hibernate.type.BasicTypeReference@2160e52a
2025-01-12 00:01:03.715 [main] DEBUG org.hibernate.type.BasicTypeRegistry - Adding type registration short -> org.hibernate.type.BasicTypeReference@2160e52a
2025-01-12 00:01:03.715 [main] DEBUG org.hibernate.type.BasicTypeRegistry - Adding type registration java.lang.Short -> org.hibernate.type.BasicTypeReference@2160e52a
2025-01-12 00:01:03.716 [main] DEBUG org.hibernate.type.BasicTypeRegistry - Adding type registration integer -> org.hibernate.type.BasicTypeReference@29f0802c
2025-01-12 00:01:03.716 [main] DEBUG org.hibernate.type.BasicTypeRegistry - Adding type registration int -> org.hibernate.type.BasicTypeReference@29f0802c
2025-01-12 00:01:03.717 [main] DEBUG org.hibernate.type.BasicTypeRegistry - Adding type registration java.lang.Integer -> org.hibernate.type.BasicTypeReference@29f0802c
2025-01-12 00:01:03.718 [main] DEBUG org.hibernate.type.BasicTypeRegistry - Adding type registration long -> org.hibernate.type.BasicTypeReference@3a60c416
2025-01-12 00:01:03.719 [main] DEBUG org.hibernate.type.BasicTypeRegistry - Adding type registration long -> org.hibernate.type.BasicTypeReference@3a60c416
2025-01-12 00:01:03.720 [main] DEBUG org.hibernate.type.BasicTypeRegistry - Adding type registration java.lang.Long -> org.hibernate.type.BasicTypeReference@3a60c416
2025-01-12 00:01:03.721 [main] DEBUG org.hibernate.type.BasicTypeRegistry - Adding type registration float -> org.hibernate.type.BasicTypeReference@60f2e0bd
2025-01-12 00:01:03.722 [main] DEBUG org.hibernate.type.BasicTypeRegistry - Adding type registration float -> org.hibernate.type.BasicTypeReference@60f2e0bd
2025-01-12 00:01:03.723 [main] DEBUG org.hibernate.type.BasicTypeRegistry - Adding type registration java.lang.Float -> org.hibernate.type.BasicTypeReference@60f2e0bd
2025-01-12 00:01:03.723 [main] DEBUG org.hibernate.type.BasicTypeRegistry - Adding type registration double -> org.hibernate.type.BasicTypeReference@469d003c
2025-01-12 00:01:03.723 [main] DEBUG org.hibernate.type.BasicTypeRegistry - Adding type registration double -> org.hibernate.type.BasicTypeReference@469d003c
2025-01-12 00:01:03.724 [main] DEBUG org.hibernate.type.BasicTypeRegistry - Adding type registration java.lang.Double -> org.hibernate.type.BasicTypeReference@469d003c
2025-01-12 00:01:03.724 [main] DEBUG org.hibernate.type.BasicTypeRegistry - Adding type registration big_integer -> org.hibernate.type.BasicTypeReference@6b410923
2025-01-12 00:01:03.725 [main] DEBUG org.hibernate.type.BasicTypeRegistry - Adding type registration java.math.BigInteger -> org.hibernate.type.BasicTypeReference@6b410923
2025-01-12 00:01:03.727 [main] DEBUG org.hibernate.type.BasicTypeRegistry - Adding type registration big_decimal -> org.hibernate.type.BasicTypeReference@57bd2029
2025-01-12 00:01:03.727 [main] DEBUG org.hibernate.type.BasicTypeRegistry - Adding type registration java.math.BigDecimal -> org.hibernate.type.BasicTypeReference@57bd2029
2025-01-12 00:01:03.727 [main] DEBUG org.hibernate.type.BasicTypeRegistry - Adding type registration character -> org.hibernate.type.BasicTypeReference@203dd56b
2025-01-12 00:01:03.762 [main] DEBUG org.hibernate.type.BasicTypeRegistry - Adding type registration char -> org.hibernate.type.BasicTypeReference@203dd56b
2025-01-12 00:01:03.762 [main] DEBUG org.hibernate.type.BasicTypeRegistry - Adding type registration java.lang.Character -> org.hibernate.type.BasicTypeReference@203dd56b
2025-01-12 00:01:03.770 [main] DEBUG org.hibernate.type.BasicTypeRegistry - Adding type registration character_nchar -> org.hibernate.type.BasicTypeReference@e8fadb0
2025-01-12 00:01:03.770 [main] DEBUG org.hibernate.type.BasicTypeRegistry - Adding type registration string -> org.hibernate.type.BasicTypeReference@6d64b553
2025-01-12 00:01:03.772 [main] DEBUG org.hibernate.type.BasicTypeRegistry - Adding type registration java.lang.String -> org.hibernate.type.BasicTypeReference@6d64b553
2025-01-12 00:01:03.772 [main] DEBUG org.hibernate.type.BasicTypeRegistry - Adding type registration nstring -> org.hibernate.type.BasicTypeReference@53667cbe
2025-01-12 00:01:03.772 [main] DEBUG org.hibernate.type.BasicTypeRegistry - Adding type registration characters -> org.hibernate.type.BasicTypeReference@1d3e6d34
2025-01-12 00:01:03.773 [main] DEBUG org.hibernate.type.BasicTypeRegistry - Adding type registration char[] -> org.hibernate.type.BasicTypeReference@1d3e6d34
2025-01-12 00:01:03.773 [main] DEBUG org.hibernate.type.BasicTypeRegistry - Adding type registration [C -> org.hibernate.type.BasicTypeReference@1d3e6d34
2025-01-12 00:01:03.773 [main] DEBUG org.hibernate.type.BasicTypeRegistry - Adding type registration wrapper-characters -> org.hibernate.type.BasicTypeReference@6eafb10e
2025-01-12 00:01:03.774 [main] DEBUG org.hibernate.type.BasicTypeRegistry - Adding type registration [Ljava.lang.Character; -> org.hibernate.type.BasicTypeReference@6eafb10e
2025-01-12 00:01:03.774 [main] DEBUG org.hibernate.type.BasicTypeRegistry - Adding type registration Character[] -> org.hibernate.type.BasicTypeReference@6eafb10e
2025-01-12 00:01:03.774 [main] DEBUG org.hibernate.type.BasicTypeRegistry - Adding type registration text -> org.hibernate.type.BasicTypeReference@26a94fa5
2025-01-12 00:01:03.775 [main] DEBUG org.hibernate.type.BasicTypeRegistry - Adding type registration ntext -> org.hibernate.type.BasicTypeReference@464a4442
2025-01-12 00:01:03.799 [main] DEBUG org.hibernate.type.BasicTypeRegistry - Adding type registration clob -> org.hibernate.type.BasicTypeReference@2873d672
2025-01-12 00:01:03.800 [main] DEBUG org.hibernate.type.BasicTypeRegistry - Adding type registration java.sql.Clob -> org.hibernate.type.BasicTypeReference@2873d672
2025-01-12 00:01:03.800 [main] DEBUG org.hibernate.type.BasicTypeRegistry - Adding type registration nclob -> org.hibernate.type.BasicTypeReference@3bc735b3
2025-01-12 00:01:03.801 [main] DEBUG org.hibernate.type.BasicTypeRegistry - Adding type registration java.sql.NClob -> org.hibernate.type.BasicTypeReference@3bc735b3
2025-01-12 00:01:03.802 [main] DEBUG org.hibernate.type.BasicTypeRegistry - Adding type registration materialized_clob -> org.hibernate.type.BasicTypeReference@577f9109
2025-01-12 00:01:03.802 [main] DEBUG org.hibernate.type.BasicTypeRegistry - Adding type registration materialized_clob_char_array -> org.hibernate.type.BasicTypeReference@4303b7f0
2025-01-12 00:01:03.803 [main] DEBUG org.hibernate.type.BasicTypeRegistry - Adding type registration materialized_clob_character_array -> org.hibernate.type.BasicTypeReference@757529a4
2025-01-12 00:01:03.803 [main] DEBUG org.hibernate.type.BasicTypeRegistry - Adding type registration materialized_nclob -> org.hibernate.type.BasicTypeReference@779de014
2025-01-12 00:01:03.803 [main] DEBUG org.hibernate.type.BasicTypeRegistry - Adding type registration materialized_nclob_character_array -> org.hibernate.type.BasicTypeReference@5c41d037
2025-01-12 00:01:03.803 [main] DEBUG org.hibernate.type.BasicTypeRegistry - Adding type registration materialized_nclob_char_array -> org.hibernate.type.BasicTypeReference@2234078
2025-01-12 00:01:03.804 [main] DEBUG org.hibernate.type.BasicTypeRegistry - Adding type registration Duration -> org.hibernate.type.BasicTypeReference@5ec77191
2025-01-12 00:01:03.804 [main] DEBUG org.hibernate.type.BasicTypeRegistry - Adding type registration java.time.Duration -> org.hibernate.type.BasicTypeReference@5ec77191
2025-01-12 00:01:03.804 [main] DEBUG org.hibernate.type.BasicTypeRegistry - Adding type registration LocalDateTime -> org.hibernate.type.BasicTypeReference@4642b71d
2025-01-12 00:01:03.804 [main] DEBUG org.hibernate.type.BasicTypeRegistry - Adding type registration java.time.LocalDateTime -> org.hibernate.type.BasicTypeReference@4642b71d
2025-01-12 00:01:03.805 [main] DEBUG org.hibernate.type.BasicTypeRegistry - Adding type registration LocalDate -> org.hibernate.type.BasicTypeReference@1450078a
2025-01-12 00:01:03.805 [main] DEBUG org.hibernate.type.BasicTypeRegistry - Adding type registration java.time.LocalDate -> org.hibernate.type.BasicTypeReference@1450078a
2025-01-12 00:01:03.805 [main] DEBUG org.hibernate.type.BasicTypeRegistry - Adding type registration LocalTime -> org.hibernate.type.BasicTypeReference@c68a5f8
2025-01-12 00:01:03.805 [main] DEBUG org.hibernate.type.BasicTypeRegistry - Adding type registration java.time.LocalTime -> org.hibernate.type.BasicTypeReference@c68a5f8
2025-01-12 00:01:03.806 [main] DEBUG org.hibernate.type.BasicTypeRegistry - Adding type registration OffsetDateTime -> org.hibernate.type.BasicTypeReference@69c6161d
2025-01-12 00:01:03.806 [main] DEBUG org.hibernate.type.BasicTypeRegistry - Adding type registration java.time.OffsetDateTime -> org.hibernate.type.BasicTypeReference@69c6161d
2025-01-12 00:01:03.806 [main] DEBUG org.hibernate.type.BasicTypeRegistry - Adding type registration OffsetDateTimeWithTimezone -> org.hibernate.type.BasicTypeReference@3aefae67
2025-01-12 00:01:03.806 [main] DEBUG org.hibernate.type.BasicTypeRegistry - Adding type registration OffsetDateTimeWithoutTimezone -> org.hibernate.type.BasicTypeReference@2e1792e7
2025-01-12 00:01:03.806 [main] DEBUG org.hibernate.type.BasicTypeRegistry - Adding type registration OffsetTime -> org.hibernate.type.BasicTypeReference@6719a5b8
2025-01-12 00:01:03.807 [main] DEBUG org.hibernate.type.BasicTypeRegistry - Adding type registration java.time.OffsetTime -> org.hibernate.type.BasicTypeReference@6719a5b8
2025-01-12 00:01:03.807 [main] DEBUG org.hibernate.type.BasicTypeRegistry - Adding type registration ZonedDateTime -> org.hibernate.type.BasicTypeReference@3eb631b8
2025-01-12 00:01:03.807 [main] DEBUG org.hibernate.type.BasicTypeRegistry - Adding type registration java.time.ZonedDateTime -> org.hibernate.type.BasicTypeReference@3eb631b8
2025-01-12 00:01:03.994 [main] DEBUG org.hibernate.type.BasicTypeRegistry - Adding type registration ZonedDateTimeWithTimezone -> org.hibernate.type.BasicTypeReference@796d3c9f
2025-01-12 00:01:03.995 [main] DEBUG org.hibernate.type.BasicTypeRegistry - Adding type registration ZonedDateTimeWithoutTimezone -> org.hibernate.type.BasicTypeReference@6bff19ff
2025-01-12 00:01:03.995 [main] DEBUG org.hibernate.type.BasicTypeRegistry - Adding type registration date -> org.hibernate.type.BasicTypeReference@41e1455d
2025-01-12 00:01:03.995 [main] DEBUG org.hibernate.type.BasicTypeRegistry - Adding type registration java.sql.Date -> org.hibernate.type.BasicTypeReference@41e1455d
2025-01-12 00:01:03.995 [main] DEBUG org.hibernate.type.BasicTypeRegistry - Adding type registration time -> org.hibernate.type.BasicTypeReference@4e558728
2025-01-12 00:01:03.995 [main] DEBUG org.hibernate.type.BasicTypeRegistry - Adding type registration java.sql.Time -> org.hibernate.type.BasicTypeReference@4e558728
2025-01-12 00:01:03.996 [main] DEBUG org.hibernate.type.BasicTypeRegistry - Adding type registration timestamp -> org.hibernate.type.BasicTypeReference@5eccd3b9
2025-01-12 00:01:03.996 [main] DEBUG org.hibernate.type.BasicTypeRegistry - Adding type registration java.sql.Timestamp -> org.hibernate.type.BasicTypeReference@5eccd3b9
2025-01-12 00:01:03.996 [main] DEBUG org.hibernate.type.BasicTypeRegistry - Adding type registration java.util.Date -> org.hibernate.type.BasicTypeReference@5eccd3b9
2025-01-12 00:01:03.996 [main] DEBUG org.hibernate.type.BasicTypeRegistry - Adding type registration calendar -> org.hibernate.type.BasicTypeReference@4d6f197e
2025-01-12 00:01:03.996 [main] DEBUG org.hibernate.type.BasicTypeRegistry - Adding type registration java.util.Calendar -> org.hibernate.type.BasicTypeReference@4d6f197e
2025-01-12 00:01:03.997 [main] DEBUG org.hibernate.type.BasicTypeRegistry - Adding type registration java.util.GregorianCalendar -> org.hibernate.type.BasicTypeReference@4d6f197e
2025-01-12 00:01:03.997 [main] DEBUG org.hibernate.type.BasicTypeRegistry - Adding type registration calendar_date -> org.hibernate.type.BasicTypeReference@6ef7623
2025-01-12 00:01:03.997 [main] DEBUG org.hibernate.type.BasicTypeRegistry - Adding type registration calendar_time -> org.hibernate.type.BasicTypeReference@64e1dd11
2025-01-12 00:01:03.997 [main] DEBUG org.hibernate.type.BasicTypeRegistry - Adding type registration instant -> org.hibernate.type.BasicTypeReference@5c089b2f
2025-01-12 00:01:03.997 [main] DEBUG org.hibernate.type.BasicTypeRegistry - Adding type registration java.time.Instant -> org.hibernate.type.BasicTypeReference@5c089b2f
2025-01-12 00:01:03.997 [main] DEBUG org.hibernate.type.BasicTypeRegistry - Adding type registration uuid -> org.hibernate.type.BasicTypeReference@6999cd39
2025-01-12 00:01:03.998 [main] DEBUG org.hibernate.type.BasicTypeRegistry - Adding type registration java.util.UUID -> org.hibernate.type.BasicTypeReference@6999cd39
2025-01-12 00:01:03.998 [main] DEBUG org.hibernate.type.BasicTypeRegistry - Adding type registration pg-uuid -> org.hibernate.type.BasicTypeReference@6999cd39
2025-01-12 00:01:03.998 [main] DEBUG org.hibernate.type.BasicTypeRegistry - Adding type registration uuid-binary -> org.hibernate.type.BasicTypeReference@14bae047
2025-01-12 00:01:04.000 [main] DEBUG org.hibernate.type.BasicTypeRegistry - Adding type registration uuid-char -> org.hibernate.type.BasicTypeReference@7ed9ae94
2025-01-12 00:01:04.000 [main] DEBUG org.hibernate.type.BasicTypeRegistry - Adding type registration class -> org.hibernate.type.BasicTypeReference@66908383
2025-01-12 00:01:04.000 [main] DEBUG org.hibernate.type.BasicTypeRegistry - Adding type registration java.lang.Class -> org.hibernate.type.BasicTypeReference@66908383
2025-01-12 00:01:04.000 [main] DEBUG org.hibernate.type.BasicTypeRegistry - Adding type registration currency -> org.hibernate.type.BasicTypeReference@41477a6d
2025-01-12 00:01:04.001 [main] DEBUG org.hibernate.type.BasicTypeRegistry - Adding type registration Currency -> org.hibernate.type.BasicTypeReference@41477a6d
2025-01-12 00:01:04.001 [main] DEBUG org.hibernate.type.BasicTypeRegistry - Adding type registration java.util.Currency -> org.hibernate.type.BasicTypeReference@41477a6d
2025-01-12 00:01:04.001 [main] DEBUG org.hibernate.type.BasicTypeRegistry - Adding type registration locale -> org.hibernate.type.BasicTypeReference@2bc12da
2025-01-12 00:01:04.112 [main] DEBUG org.hibernate.type.BasicTypeRegistry - Adding type registration java.util.Locale -> org.hibernate.type.BasicTypeReference@2bc12da
2025-01-12 00:01:04.112 [main] DEBUG org.hibernate.type.BasicTypeRegistry - Adding type registration serializable -> org.hibernate.type.BasicTypeReference@3122b117
2025-01-12 00:01:04.112 [main] DEBUG org.hibernate.type.BasicTypeRegistry - Adding type registration java.io.Serializable -> org.hibernate.type.BasicTypeReference@3122b117
2025-01-12 00:01:04.112 [main] DEBUG org.hibernate.type.BasicTypeRegistry - Adding type registration timezone -> org.hibernate.type.BasicTypeReference@534ca02b
2025-01-12 00:01:04.112 [main] DEBUG org.hibernate.type.BasicTypeRegistry - Adding type registration java.util.TimeZone -> org.hibernate.type.BasicTypeReference@534ca02b
2025-01-12 00:01:04.113 [main] DEBUG org.hibernate.type.BasicTypeRegistry - Adding type registration ZoneOffset -> org.hibernate.type.BasicTypeReference@29a23c3d
2025-01-12 00:01:04.113 [main] DEBUG org.hibernate.type.BasicTypeRegistry - Adding type registration java.time.ZoneOffset -> org.hibernate.type.BasicTypeReference@29a23c3d
2025-01-12 00:01:04.113 [main] DEBUG org.hibernate.type.BasicTypeRegistry - Adding type registration url -> org.hibernate.type.BasicTypeReference@4b6ac111
2025-01-12 00:01:04.113 [main] DEBUG org.hibernate.type.BasicTypeRegistry - Adding type registration java.net.URL -> org.hibernate.type.BasicTypeReference@4b6ac111
2025-01-12 00:01:04.113 [main] DEBUG org.hibernate.type.BasicTypeRegistry - Adding type registration row_version -> org.hibernate.type.BasicTypeReference@6fe46b62
2025-01-12 00:01:04.124 [main] DEBUG org.hibernate.type.BasicTypeRegistry - Adding type registration dbtimestamp -> org.hibernate.type.DbTimestampType@61533ae
2025-01-12 00:01:04.124 [main] DEBUG org.hibernate.type.BasicTypeRegistry - Adding type registration dbtimestamp -> org.hibernate.type.DbTimestampType@61533ae
2025-01-12 00:01:04.127 [main] DEBUG org.hibernate.type.BasicTypeRegistry - Adding type registration object -> org.hibernate.type.JavaObjectType@3fbfa96
2025-01-12 00:01:04.128 [main] DEBUG org.hibernate.type.BasicTypeRegistry - Adding type registration java.lang.Object -> org.hibernate.type.JavaObjectType@3fbfa96
2025-01-12 00:01:04.130 [main] DEBUG org.hibernate.type.BasicTypeRegistry - Adding type registration null -> org.hibernate.type.NullType@6a74d228
2025-01-12 00:01:04.131 [main] DEBUG org.hibernate.type.BasicTypeRegistry - Adding type registration imm_date -> org.hibernate.type.BasicTypeReference@349d0836
2025-01-12 00:01:04.131 [main] DEBUG org.hibernate.type.BasicTypeRegistry - Adding type registration imm_time -> org.hibernate.type.BasicTypeReference@6a714237
2025-01-12 00:01:04.132 [main] DEBUG org.hibernate.type.BasicTypeRegistry - Adding type registration imm_timestamp -> org.hibernate.type.BasicTypeReference@3e134896
2025-01-12 00:01:04.132 [main] DEBUG org.hibernate.type.BasicTypeRegistry - Adding type registration imm_calendar -> org.hibernate.type.BasicTypeReference@72ba28ee
2025-01-12 00:01:04.132 [main] DEBUG org.hibernate.type.BasicTypeRegistry - Adding type registration imm_calendar_date -> org.hibernate.type.BasicTypeReference@2e3a5237
2025-01-12 00:01:04.132 [main] DEBUG org.hibernate.type.BasicTypeRegistry - Adding type registration imm_calendar_time -> org.hibernate.type.BasicTypeReference@4ebadd3d
2025-01-12 00:01:04.132 [main] DEBUG org.hibernate.type.BasicTypeRegistry - Adding type registration imm_binary -> org.hibernate.type.BasicTypeReference@6ac97b84
2025-01-12 00:01:04.133 [main] DEBUG org.hibernate.type.BasicTypeRegistry - Adding type registration imm_serializable -> org.hibernate.type.BasicTypeReference@4917d36b
2025-01-12 00:01:04.308 [main] WARN  org.hibernate.orm.connections.pooling - HHH10001002: Using built-in connection pool (not intended for production use)
2025-01-12 00:01:04.319 [main] INFO  org.hibernate.orm.connections.pooling - HHH10001005: Loaded JDBC driver class: com.mysql.jdbc.Driver
2025-01-12 00:01:04.319 [main] INFO  org.hibernate.orm.connections.pooling - HHH10001012: Connecting with JDBC URL [jdbc:mysql://localhost:3306/simulacion?createDatabaseIfNotExist=true]
2025-01-12 00:01:04.320 [main] INFO  org.hibernate.orm.connections.pooling - HHH10001001: Connection properties: {password=root, user=root}
2025-01-12 00:01:04.320 [main] INFO  org.hibernate.orm.connections.pooling - HHH10001003: Autocommit mode: false
2025-01-12 00:01:04.352 [main] DEBUG org.hibernate.orm.connections.pooling - Initializing Connection pool with 1 Connections
2025-01-12 00:01:04.352 [main] INFO  org.hibernate.orm.connections.pooling - HHH10001115: Connection pool size: 10 (min=1)
2025-01-12 00:01:04.983 [main] DEBUG org.hibernate.engine.jdbc.env.internal.JdbcEnvironmentInitiator - Database ->
       name : MySQL
    version : 8.0.40
      major : 8
      minor : 0
2025-01-12 00:01:04.983 [main] DEBUG org.hibernate.engine.jdbc.env.internal.JdbcEnvironmentInitiator - Driver ->
       name : MySQL Connector/J
    version : mysql-connector-j-8.0.31 (Revision: 0c86fc148d567b62266c2302bdad0f1e7a7e4eba)
      major : 8
      minor : 0
2025-01-12 00:01:04.984 [main] DEBUG org.hibernate.engine.jdbc.env.internal.JdbcEnvironmentInitiator - JDBC version : 4.2
2025-01-12 00:01:05.096 [main] INFO  SQL dialect - HHH000400: Using dialect: org.hibernate.dialect.MySQLDialect
2025-01-12 00:01:05.113 [main] DEBUG org.hibernate.engine.jdbc.env.spi.IdentifierHelperBuilder - JDBC driver metadata reported database stores quoted identifiers in more than one case
2025-01-12 00:01:05.115 [main] DEBUG org.hibernate.engine.jdbc.env.spi.IdentifierHelperBuilder - IdentifierCaseStrategy for both quoted and unquoted identifiers was set to the same strategy [LOWER]; that will likely lead to problems in schema update and validation if using quoted identifiers
2025-01-12 00:01:05.164 [main] DEBUG org.hibernate.type.descriptor.sql.spi.DdlTypeRegistry - addDescriptor(12, org.hibernate.type.descriptor.sql.internal.CapacityDependentDdlType@4c777e7b) replaced previous registration(org.hibernate.type.descriptor.sql.internal.CapacityDependentDdlType@5f038248)
2025-01-12 00:01:05.165 [main] DEBUG org.hibernate.type.descriptor.sql.spi.DdlTypeRegistry - addDescriptor(-9, org.hibernate.type.descriptor.sql.internal.CapacityDependentDdlType@78e22d35) replaced previous registration(org.hibernate.type.descriptor.sql.internal.CapacityDependentDdlType@2e8a1ab4)
2025-01-12 00:01:05.171 [main] DEBUG org.hibernate.type.descriptor.sql.spi.DdlTypeRegistry - addDescriptor(-3, org.hibernate.type.descriptor.sql.internal.CapacityDependentDdlType@59f93db8) replaced previous registration(org.hibernate.type.descriptor.sql.internal.CapacityDependentDdlType@1aabf50d)
2025-01-12 00:01:05.174 [main] DEBUG org.hibernate.type.descriptor.sql.spi.DdlTypeRegistry - addDescriptor(4003, org.hibernate.type.descriptor.sql.internal.DdlTypeImpl@73c9e8e8) replaced previous registration(org.hibernate.type.descriptor.sql.internal.DdlTypeImpl@de8039f)
2025-01-12 00:01:05.176 [main] DEBUG org.hibernate.type.descriptor.sql.spi.DdlTypeRegistry - addDescriptor(4001, org.hibernate.type.descriptor.sql.internal.DdlTypeImpl@1deceb67) replaced previous registration(org.hibernate.type.descriptor.sql.internal.DdlTypeImpl@582a764a)
2025-01-12 00:01:05.177 [main] DEBUG org.hibernate.type.descriptor.sql.spi.DdlTypeRegistry - addDescriptor(4002, org.hibernate.type.descriptor.sql.internal.DdlTypeImpl@64984b0f) replaced previous registration(org.hibernate.type.descriptor.sql.internal.DdlTypeImpl@292158f8)
2025-01-12 00:01:05.182 [main] DEBUG org.hibernate.type.descriptor.sql.spi.DdlTypeRegistry - addDescriptor(2004, org.hibernate.type.descriptor.sql.internal.CapacityDependentDdlType@53ec2968) replaced previous registration(org.hibernate.type.descriptor.sql.internal.DdlTypeImpl@58ff8d79)
2025-01-12 00:01:05.186 [main] DEBUG org.hibernate.type.descriptor.sql.spi.DdlTypeRegistry - addDescriptor(2005, org.hibernate.type.descriptor.sql.internal.CapacityDependentDdlType@7e19755a) replaced previous registration(org.hibernate.type.descriptor.sql.internal.DdlTypeImpl@5d5c04f9)
2025-01-12 00:01:05.189 [main] DEBUG org.hibernate.type.descriptor.sql.spi.DdlTypeRegistry - addDescriptor(2011, org.hibernate.type.descriptor.sql.internal.CapacityDependentDdlType@6f49d153) replaced previous registration(org.hibernate.type.descriptor.sql.internal.DdlTypeImpl@4b790d86)
2025-01-12 00:01:05.191 [main] DEBUG org.hibernate.type.descriptor.jdbc.spi.JdbcTypeRegistry - addDescriptor(NCharTypeDescriptor) replaced previous registration(CharTypeDescriptor)
2025-01-12 00:01:05.192 [main] DEBUG org.hibernate.type.descriptor.jdbc.spi.JdbcTypeRegistry - addDescriptor(NVarcharTypeDescriptor) replaced previous registration(VarcharTypeDescriptor)
2025-01-12 00:01:05.196 [main] DEBUG org.hibernate.type.descriptor.jdbc.spi.JdbcTypeRegistry - addDescriptor(LongNVarcharTypeDescriptor) replaced previous registration(LongVarcharTypeDescriptor)
2025-01-12 00:01:05.202 [main] DEBUG org.hibernate.type.descriptor.jdbc.spi.JdbcTypeRegistry - addDescriptor(NClobTypeDescriptor(DEFAULT)) replaced previous registration(ClobTypeDescriptor(DEFAULT))
2025-01-12 00:01:05.202 [main] DEBUG org.hibernate.type.descriptor.jdbc.spi.JdbcTypeRegistry - addDescriptor(2005, ClobTypeDescriptor(STREAM_BINDING)) replaced previous registration(ClobTypeDescriptor(DEFAULT))
2025-01-12 00:01:05.210 [main] DEBUG org.hibernate.type.BasicTypeRegistry - Adding type registration null -> org.hibernate.type.NullType@6b2e46af
2025-01-12 00:01:05.211 [main] DEBUG org.hibernate.type.BasicTypeRegistry - Type registration key [null] overrode previous entry : `org.hibernate.type.NullType@6a74d228`
2025-01-12 00:01:05.229 [main] DEBUG org.hibernate.type.BasicTypeRegistry - Adding type registration org.hibernate.type.OffsetDateTimeType -> basicType@1(java.time.OffsetDateTime,93)
2025-01-12 00:01:05.231 [main] DEBUG org.hibernate.type.BasicTypeRegistry - Adding type registration OffsetDateTime -> basicType@1(java.time.OffsetDateTime,93)
2025-01-12 00:01:05.231 [main] DEBUG org.hibernate.type.BasicTypeRegistry - Adding type registration java.time.OffsetDateTime -> basicType@1(java.time.OffsetDateTime,93)
2025-01-12 00:01:05.234 [main] DEBUG org.hibernate.type.BasicTypeRegistry - Adding type registration org.hibernate.type.ZonedDateTimeType -> basicType@2(java.time.ZonedDateTime,93)
2025-01-12 00:01:05.235 [main] DEBUG org.hibernate.type.BasicTypeRegistry - Adding type registration ZonedDateTime -> basicType@2(java.time.ZonedDateTime,93)
2025-01-12 00:01:05.238 [main] DEBUG org.hibernate.type.BasicTypeRegistry - Adding type registration java.time.ZonedDateTime -> basicType@2(java.time.ZonedDateTime,93)
2025-01-12 00:01:05.246 [main] DEBUG org.hibernate.type.spi.TypeConfiguration$Scope - Scoping TypeConfiguration [org.hibernate.type.spi.TypeConfiguration@1229a2b7] to MetadataBuildingContext [org.hibernate.boot.internal.MetadataBuildingContextRootImpl@e5cbff2]
2025-01-12 00:01:05.311 [main] DEBUG org.hibernate.boot.model.relational.Namespace - Created database namespace [logicalName=Name{catalog=null, schema=null}, physicalName=Name{catalog=null, schema=null}]
2025-01-12 00:01:05.359 [main] DEBUG org.hibernate.cfg.annotations.EntityBinder - Binding entity from annotated class: modelos.Autor
2025-01-12 00:01:05.373 [main] DEBUG org.hibernate.cfg.AnnotatedColumn - Binding column: DiscriminatorColumn{logicalColumnName'DTYPE', discriminatorTypeName='string'}
2025-01-12 00:01:05.381 [main] DEBUG org.hibernate.cfg.annotations.EntityBinder - Import with entity name Autor
2025-01-12 00:01:05.390 [main] DEBUG org.hibernate.cfg.annotations.EntityBinder - Bind entity modelos.Autor on table autor
2025-01-12 00:01:05.421 [main] DEBUG org.hibernate.cfg.AnnotatedColumn - Binding column: Column{table=Table(autor), mappingColumn=dni, insertable=true, updatable=true, unique=false}
2025-01-12 00:01:05.425 [main] DEBUG org.hibernate.boot.internal.ClassLoaderAccessImpl - Not known whether passed class name [modelos.Autor] is safe
2025-01-12 00:01:05.426 [main] DEBUG org.hibernate.boot.internal.ClassLoaderAccessImpl - No temp ClassLoader provided; using live ClassLoader for loading potentially unsafe class : modelos.Autor
2025-01-12 00:01:05.428 [main] DEBUG org.hibernate.cfg.annotations.PropertyBinder - MetadataSourceProcessor property dni with lazy=false
2025-01-12 00:01:05.435 [main] DEBUG org.hibernate.cfg.AbstractPropertyHolder - Attempting to locate auto-apply AttributeConverter for property [modelos.Autor:dni]
2025-01-12 00:01:05.444 [main] DEBUG org.hibernate.cfg.annotations.BasicValueBinder - building BasicValue for dni
2025-01-12 00:01:05.452 [main] DEBUG org.hibernate.mapping.BasicValue - Skipping column re-registration: autor.dni
2025-01-12 00:01:05.454 [main] DEBUG org.hibernate.cfg.annotations.PropertyBinder - Building property dni
2025-01-12 00:01:05.459 [main] DEBUG org.hibernate.cfg.BinderHelper - #makeIdGenerator(BasicValue([Column(dni)]), dni, assigned, , ...)
2025-01-12 00:01:05.471 [main] DEBUG org.hibernate.cfg.AnnotatedColumn - Binding column: Column{table=Table(autor), mappingColumn=articulos_ORDER, insertable=true, updatable=true, unique=false}
2025-01-12 00:01:05.482 [main] DEBUG org.hibernate.cfg.AnnotatedColumn - Binding column: Column{table=Table(autor), mappingColumn=element, insertable=true, updatable=true, unique=false}
2025-01-12 00:01:05.486 [main] DEBUG org.hibernate.cfg.AnnotatedColumn - Binding column: Column{table=Table(autor), mappingColumn=articulos_KEY, insertable=true, updatable=true, unique=false}
2025-01-12 00:01:05.491 [main] DEBUG org.hibernate.cfg.AnnotatedColumn - Binding column: JoinColumn{logicalColumnName='articulos_KEY', referencedColumn='null', mappedBy='null'}
2025-01-12 00:01:05.493 [main] DEBUG org.hibernate.cfg.AnnotatedColumn - Binding column: JoinColumn{logicalColumnName='null', referencedColumn='null', mappedBy='autores'}
2025-01-12 00:01:05.494 [main] DEBUG org.hibernate.cfg.AnnotatedColumn - Binding column: JoinColumn{logicalColumnName='null', referencedColumn='null', mappedBy='autores'}
2025-01-12 00:01:05.499 [main] DEBUG org.hibernate.cfg.annotations.CollectionBinder - Collection role: modelos.Autor.articulos
2025-01-12 00:01:05.504 [main] DEBUG org.hibernate.cfg.annotations.PropertyBinder - Building property articulos
2025-01-12 00:01:05.506 [main] DEBUG org.hibernate.cfg.AnnotatedColumn - Binding column: Column{table=Table(autor), mappingColumn=email, insertable=true, updatable=true, unique=false}
2025-01-12 00:01:05.506 [main] DEBUG org.hibernate.cfg.annotations.PropertyBinder - MetadataSourceProcessor property email with lazy=false
2025-01-12 00:01:05.507 [main] DEBUG org.hibernate.cfg.AbstractPropertyHolder - Attempting to locate auto-apply AttributeConverter for property [modelos.Autor:email]
2025-01-12 00:01:05.507 [main] DEBUG org.hibernate.cfg.annotations.BasicValueBinder - building BasicValue for email
2025-01-12 00:01:05.507 [main] DEBUG org.hibernate.mapping.BasicValue - Skipping column re-registration: autor.email
2025-01-12 00:01:05.507 [main] DEBUG org.hibernate.cfg.annotations.PropertyBinder - Building property email
2025-01-12 00:01:05.508 [main] DEBUG org.hibernate.cfg.AnnotatedColumn - Binding column: Column{table=Table(autor), mappingColumn=nombre, insertable=true, updatable=true, unique=false}
2025-01-12 00:01:05.508 [main] DEBUG org.hibernate.cfg.annotations.PropertyBinder - MetadataSourceProcessor property nombre with lazy=false
2025-01-12 00:01:05.508 [main] DEBUG org.hibernate.cfg.AbstractPropertyHolder - Attempting to locate auto-apply AttributeConverter for property [modelos.Autor:nombre]
2025-01-12 00:01:05.509 [main] DEBUG org.hibernate.cfg.annotations.BasicValueBinder - building BasicValue for nombre
2025-01-12 00:01:05.509 [main] DEBUG org.hibernate.mapping.BasicValue - Skipping column re-registration: autor.nombre
2025-01-12 00:01:05.509 [main] DEBUG org.hibernate.cfg.annotations.PropertyBinder - Building property nombre
2025-01-12 00:01:05.516 [main] DEBUG org.hibernate.cfg.annotations.EntityBinder - Binding entity from annotated class: modelos.Articulo
2025-01-12 00:01:05.518 [main] DEBUG org.hibernate.cfg.AnnotatedColumn - Binding column: DiscriminatorColumn{logicalColumnName'DTYPE', discriminatorTypeName='string'}
2025-01-12 00:01:05.519 [main] DEBUG org.hibernate.cfg.annotations.EntityBinder - Import with entity name Articulo
2025-01-12 00:01:05.520 [main] DEBUG org.hibernate.cfg.annotations.EntityBinder - Bind entity modelos.Articulo on table articulo
2025-01-12 00:01:05.532 [main] DEBUG org.hibernate.cfg.AnnotatedColumn - Binding column: Column{table=Table(articulo), mappingColumn=idArticulo, insertable=true, updatable=true, unique=false}
2025-01-12 00:01:05.535 [main] DEBUG org.hibernate.boot.internal.ClassLoaderAccessImpl - Not known whether passed class name [modelos.Articulo] is safe
2025-01-12 00:01:05.535 [main] DEBUG org.hibernate.boot.internal.ClassLoaderAccessImpl - No temp ClassLoader provided; using live ClassLoader for loading potentially unsafe class : modelos.Articulo
2025-01-12 00:01:05.536 [main] DEBUG org.hibernate.cfg.annotations.PropertyBinder - MetadataSourceProcessor property idArticulo with lazy=false
2025-01-12 00:01:05.536 [main] DEBUG org.hibernate.cfg.AbstractPropertyHolder - Attempting to locate auto-apply AttributeConverter for property [modelos.Articulo:idArticulo]
2025-01-12 00:01:05.537 [main] DEBUG org.hibernate.cfg.annotations.BasicValueBinder - building BasicValue for idArticulo
2025-01-12 00:01:05.538 [main] DEBUG org.hibernate.mapping.BasicValue - Skipping column re-registration: articulo.idArticulo
2025-01-12 00:01:05.538 [main] DEBUG org.hibernate.cfg.annotations.PropertyBinder - Building property idArticulo
2025-01-12 00:01:05.540 [main] DEBUG org.hibernate.cfg.BinderHelper - #makeIdGenerator(BasicValue([Column(idArticulo)]), idArticulo, org.hibernate.id.enhanced.SequenceStyleGenerator, , ...)
2025-01-12 00:01:05.541 [main] DEBUG org.hibernate.cfg.AnnotatedColumn - Binding column: Column{table=Table(articulo), mappingColumn=autores_ORDER, insertable=true, updatable=true, unique=false}
2025-01-12 00:01:05.542 [main] DEBUG org.hibernate.cfg.AnnotatedColumn - Binding column: Column{table=Table(articulo), mappingColumn=element, insertable=true, updatable=true, unique=false}
2025-01-12 00:01:05.542 [main] DEBUG org.hibernate.cfg.AnnotatedColumn - Binding column: Column{table=Table(articulo), mappingColumn=autores_KEY, insertable=true, updatable=true, unique=false}
2025-01-12 00:01:05.542 [main] DEBUG org.hibernate.cfg.AnnotatedColumn - Binding column: JoinColumn{logicalColumnName='autores_KEY', referencedColumn='null', mappedBy='null'}
2025-01-12 00:01:05.543 [main] DEBUG org.hibernate.cfg.AnnotatedColumn - Binding column: JoinColumn{logicalColumnName='null', referencedColumn='null', mappedBy=''}
2025-01-12 00:01:05.543 [main] DEBUG org.hibernate.cfg.AnnotatedColumn - Binding column: JoinColumn{logicalColumnName='null', referencedColumn='null', mappedBy=''}
2025-01-12 00:01:05.543 [main] DEBUG org.hibernate.cfg.annotations.CollectionBinder - Collection role: modelos.Articulo.autores
2025-01-12 00:01:05.543 [main] DEBUG org.hibernate.cfg.annotations.PropertyBinder - Building property autores
2025-01-12 00:01:05.544 [main] DEBUG org.hibernate.cfg.AnnotatedColumn - Binding column: Column{table=Table(articulo), mappingColumn=numPaginaFin, insertable=true, updatable=true, unique=false}
2025-01-12 00:01:05.544 [main] DEBUG org.hibernate.cfg.annotations.PropertyBinder - MetadataSourceProcessor property numPaginaFin with lazy=false
2025-01-12 00:01:05.544 [main] DEBUG org.hibernate.cfg.AbstractPropertyHolder - Attempting to locate auto-apply AttributeConverter for property [modelos.Articulo:numPaginaFin]
2025-01-12 00:01:05.545 [main] DEBUG org.hibernate.cfg.annotations.BasicValueBinder - building BasicValue for numPaginaFin
2025-01-12 00:01:05.546 [main] DEBUG org.hibernate.mapping.BasicValue - Skipping column re-registration: articulo.numPaginaFin
2025-01-12 00:01:05.548 [main] DEBUG org.hibernate.cfg.annotations.PropertyBinder - Building property numPaginaFin
2025-01-12 00:01:05.548 [main] DEBUG org.hibernate.cfg.AnnotatedColumn - Binding column: Column{table=Table(articulo), mappingColumn=numPaginaInicio, insertable=true, updatable=true, unique=false}
2025-01-12 00:01:05.548 [main] DEBUG org.hibernate.cfg.annotations.PropertyBinder - MetadataSourceProcessor property numPaginaInicio with lazy=false
2025-01-12 00:01:05.552 [main] DEBUG org.hibernate.cfg.AbstractPropertyHolder - Attempting to locate auto-apply AttributeConverter for property [modelos.Articulo:numPaginaInicio]
2025-01-12 00:01:05.552 [main] DEBUG org.hibernate.cfg.annotations.BasicValueBinder - building BasicValue for numPaginaInicio
2025-01-12 00:01:05.552 [main] DEBUG org.hibernate.mapping.BasicValue - Skipping column re-registration: articulo.numPaginaInicio
2025-01-12 00:01:05.552 [main] DEBUG org.hibernate.cfg.annotations.PropertyBinder - Building property numPaginaInicio
2025-01-12 00:01:05.552 [main] DEBUG org.hibernate.cfg.AnnotatedColumn - Binding column: JoinColumn{logicalColumnName='idRevista', referencedColumn='', mappedBy=''}
2025-01-12 00:01:05.556 [main] DEBUG org.hibernate.cfg.AnnotatedColumn - Binding column: Column{table=Table(articulo), mappingColumn=revista, insertable=true, updatable=true, unique=false}
2025-01-12 00:01:05.559 [main] DEBUG org.hibernate.cfg.annotations.PropertyBinder - Building property revista
2025-01-12 00:01:05.560 [main] DEBUG org.hibernate.cfg.AnnotatedColumn - Binding column: Column{table=Table(articulo), mappingColumn=titulo, insertable=true, updatable=true, unique=false}
2025-01-12 00:01:05.560 [main] DEBUG org.hibernate.cfg.annotations.PropertyBinder - MetadataSourceProcessor property titulo with lazy=false
2025-01-12 00:01:05.560 [main] DEBUG org.hibernate.cfg.AbstractPropertyHolder - Attempting to locate auto-apply AttributeConverter for property [modelos.Articulo:titulo]
2025-01-12 00:01:05.560 [main] DEBUG org.hibernate.cfg.annotations.BasicValueBinder - building BasicValue for titulo
2025-01-12 00:01:05.560 [main] DEBUG org.hibernate.mapping.BasicValue - Skipping column re-registration: articulo.titulo
2025-01-12 00:01:05.561 [main] DEBUG org.hibernate.cfg.annotations.PropertyBinder - Building property titulo
2025-01-12 00:01:05.562 [main] DEBUG org.hibernate.cfg.annotations.EntityBinder - Binding entity from annotated class: modelos.Revista
2025-01-12 00:01:05.564 [main] DEBUG org.hibernate.cfg.AnnotatedColumn - Binding column: DiscriminatorColumn{logicalColumnName'DTYPE', discriminatorTypeName='string'}
2025-01-12 00:01:05.564 [main] DEBUG org.hibernate.cfg.annotations.EntityBinder - Import with entity name Revista
2025-01-12 00:01:05.565 [main] DEBUG org.hibernate.cfg.annotations.EntityBinder - Bind entity modelos.Revista on table revista
2025-01-12 00:01:05.570 [main] DEBUG org.hibernate.cfg.AnnotatedColumn - Binding column: Column{table=Table(revista), mappingColumn=idRevista, insertable=true, updatable=true, unique=false}
2025-01-12 00:01:05.570 [main] DEBUG org.hibernate.boot.internal.ClassLoaderAccessImpl - Not known whether passed class name [modelos.Revista] is safe
2025-01-12 00:01:05.570 [main] DEBUG org.hibernate.boot.internal.ClassLoaderAccessImpl - No temp ClassLoader provided; using live ClassLoader for loading potentially unsafe class : modelos.Revista
2025-01-12 00:01:05.571 [main] DEBUG org.hibernate.cfg.annotations.PropertyBinder - MetadataSourceProcessor property idRevista with lazy=false
2025-01-12 00:01:05.571 [main] DEBUG org.hibernate.cfg.AbstractPropertyHolder - Attempting to locate auto-apply AttributeConverter for property [modelos.Revista:idRevista]
2025-01-12 00:01:05.571 [main] DEBUG org.hibernate.cfg.annotations.BasicValueBinder - building BasicValue for idRevista
2025-01-12 00:01:05.572 [main] DEBUG org.hibernate.mapping.BasicValue - Skipping column re-registration: revista.idRevista
2025-01-12 00:01:05.572 [main] DEBUG org.hibernate.cfg.annotations.PropertyBinder - Building property idRevista
2025-01-12 00:01:05.573 [main] DEBUG org.hibernate.cfg.BinderHelper - #makeIdGenerator(BasicValue([Column(idRevista)]), idRevista, org.hibernate.id.enhanced.SequenceStyleGenerator, , ...)
2025-01-12 00:01:05.573 [main] DEBUG org.hibernate.cfg.AnnotatedColumn - Binding column: JoinColumn{logicalColumnName='null', referencedColumn='null', mappedBy='revista'}
2025-01-12 00:01:05.573 [main] DEBUG org.hibernate.cfg.AnnotatedColumn - Binding column: Column{table=Table(revista), mappingColumn=articulos, insertable=true, updatable=true, unique=false}
2025-01-12 00:01:05.574 [main] DEBUG org.hibernate.cfg.AnnotatedColumn - Binding column: Column{table=Table(revista), mappingColumn=articulos_ORDER, insertable=true, updatable=true, unique=false}
2025-01-12 00:01:05.576 [main] DEBUG org.hibernate.cfg.AnnotatedColumn - Binding column: Column{table=Table(revista), mappingColumn=element, insertable=true, updatable=true, unique=false}
2025-01-12 00:01:05.577 [main] DEBUG org.hibernate.cfg.AnnotatedColumn - Binding column: Column{table=Table(revista), mappingColumn=articulos_KEY, insertable=true, updatable=true, unique=false}
2025-01-12 00:01:05.577 [main] DEBUG org.hibernate.cfg.AnnotatedColumn - Binding column: JoinColumn{logicalColumnName='articulos_KEY', referencedColumn='null', mappedBy='null'}
2025-01-12 00:01:05.578 [main] DEBUG org.hibernate.cfg.AnnotatedColumn - Binding column: JoinColumn{logicalColumnName='null', referencedColumn='null', mappedBy='revista'}
2025-01-12 00:01:05.579 [main] DEBUG org.hibernate.cfg.AnnotatedColumn - Binding column: JoinColumn{logicalColumnName='null', referencedColumn='null', mappedBy='revista'}
2025-01-12 00:01:05.579 [main] DEBUG org.hibernate.cfg.annotations.CollectionBinder - Collection role: modelos.Revista.articulos
2025-01-12 00:01:05.585 [main] DEBUG org.hibernate.cfg.annotations.PropertyBinder - Building property articulos
2025-01-12 00:01:05.586 [main] DEBUG org.hibernate.cfg.AnnotatedColumn - Binding column: Column{table=Table(revista), mappingColumn=fecha, insertable=true, updatable=true, unique=false}
2025-01-12 00:01:05.590 [main] DEBUG org.hibernate.cfg.annotations.PropertyBinder - MetadataSourceProcessor property fecha with lazy=false
2025-01-12 00:01:05.590 [main] DEBUG org.hibernate.cfg.AbstractPropertyHolder - Attempting to locate auto-apply AttributeConverter for property [modelos.Revista:fecha]
2025-01-12 00:01:05.591 [main] DEBUG org.hibernate.cfg.annotations.BasicValueBinder - building BasicValue for fecha
2025-01-12 00:01:05.591 [main] DEBUG org.hibernate.mapping.BasicValue - Skipping column re-registration: revista.fecha
2025-01-12 00:01:05.592 [main] DEBUG org.hibernate.cfg.annotations.PropertyBinder - Building property fecha
2025-01-12 00:01:05.593 [main] DEBUG org.hibernate.cfg.AnnotatedColumn - Binding column: Column{table=Table(revista), mappingColumn=nombreRevista, insertable=true, updatable=true, unique=false}
2025-01-12 00:01:05.594 [main] DEBUG org.hibernate.cfg.annotations.PropertyBinder - MetadataSourceProcessor property nombreRevista with lazy=false
2025-01-12 00:01:05.594 [main] DEBUG org.hibernate.cfg.AbstractPropertyHolder - Attempting to locate auto-apply AttributeConverter for property [modelos.Revista:nombreRevista]
2025-01-12 00:01:05.594 [main] DEBUG org.hibernate.cfg.annotations.BasicValueBinder - building BasicValue for nombreRevista
2025-01-12 00:01:05.595 [main] DEBUG org.hibernate.mapping.BasicValue - Skipping column re-registration: revista.nombreRevista
2025-01-12 00:01:05.597 [main] DEBUG org.hibernate.cfg.annotations.PropertyBinder - Building property nombreRevista
2025-01-12 00:01:05.599 [main] DEBUG org.hibernate.cfg.AnnotatedColumn - Binding column: Column{table=Table(revista), mappingColumn=numeroRevista, insertable=true, updatable=true, unique=false}
2025-01-12 00:01:05.601 [main] DEBUG org.hibernate.cfg.annotations.PropertyBinder - MetadataSourceProcessor property numeroRevista with lazy=false
2025-01-12 00:01:05.602 [main] DEBUG org.hibernate.cfg.AbstractPropertyHolder - Attempting to locate auto-apply AttributeConverter for property [modelos.Revista:numeroRevista]
2025-01-12 00:01:05.602 [main] DEBUG org.hibernate.cfg.annotations.BasicValueBinder - building BasicValue for numeroRevista
2025-01-12 00:01:05.602 [main] DEBUG org.hibernate.mapping.BasicValue - Skipping column re-registration: revista.numeroRevista
2025-01-12 00:01:05.604 [main] DEBUG org.hibernate.cfg.annotations.PropertyBinder - Building property numeroRevista
2025-01-12 00:01:05.606 [main] DEBUG org.hibernate.cfg.AnnotatedColumn - Binding column: Column{table=Table(revista), mappingColumn=unidadesImpresas, insertable=true, updatable=true, unique=false}
2025-01-12 00:01:05.607 [main] DEBUG org.hibernate.cfg.annotations.PropertyBinder - MetadataSourceProcessor property unidadesImpresas with lazy=false
2025-01-12 00:01:05.609 [main] DEBUG org.hibernate.cfg.AbstractPropertyHolder - Attempting to locate auto-apply AttributeConverter for property [modelos.Revista:unidadesImpresas]
2025-01-12 00:01:05.609 [main] DEBUG org.hibernate.cfg.annotations.BasicValueBinder - building BasicValue for unidadesImpresas
2025-01-12 00:01:05.610 [main] DEBUG org.hibernate.mapping.BasicValue - Skipping column re-registration: revista.unidadesImpresas
2025-01-12 00:01:05.611 [main] DEBUG org.hibernate.cfg.annotations.PropertyBinder - Building property unidadesImpresas
2025-01-12 00:01:05.616 [main] DEBUG org.hibernate.cfg.annotations.BasicValueBinder - Starting `BasicValueBinder#fillSimpleValue` for dni
2025-01-12 00:01:05.620 [main] DEBUG org.hibernate.cfg.annotations.BasicValueBinder - Starting `BasicValueBinder#fillSimpleValue` for email
2025-01-12 00:01:05.621 [main] DEBUG org.hibernate.cfg.annotations.BasicValueBinder - Starting `BasicValueBinder#fillSimpleValue` for nombre
2025-01-12 00:01:05.622 [main] DEBUG org.hibernate.cfg.annotations.BasicValueBinder - Starting `BasicValueBinder#fillSimpleValue` for idArticulo
2025-01-12 00:01:05.627 [main] DEBUG org.hibernate.cfg.annotations.BasicValueBinder - Starting `BasicValueBinder#fillSimpleValue` for numPaginaFin
2025-01-12 00:01:05.630 [main] DEBUG org.hibernate.cfg.annotations.BasicValueBinder - Starting `BasicValueBinder#fillSimpleValue` for numPaginaInicio
2025-01-12 00:01:05.635 [main] DEBUG org.hibernate.cfg.annotations.BasicValueBinder - Starting `BasicValueBinder#fillSimpleValue` for titulo
2025-01-12 00:01:05.637 [main] DEBUG org.hibernate.cfg.annotations.BasicValueBinder - Starting `BasicValueBinder#fillSimpleValue` for idRevista
2025-01-12 00:01:05.637 [main] DEBUG org.hibernate.cfg.annotations.BasicValueBinder - Starting `BasicValueBinder#fillSimpleValue` for fecha
2025-01-12 00:01:05.637 [main] DEBUG org.hibernate.cfg.annotations.BasicValueBinder - Starting `BasicValueBinder#fillSimpleValue` for nombreRevista
2025-01-12 00:01:05.638 [main] DEBUG org.hibernate.cfg.annotations.BasicValueBinder - Starting `BasicValueBinder#fillSimpleValue` for numeroRevista
2025-01-12 00:01:05.638 [main] DEBUG org.hibernate.cfg.annotations.BasicValueBinder - Starting `BasicValueBinder#fillSimpleValue` for unidadesImpresas
2025-01-12 00:01:05.647 [main] DEBUG org.hibernate.mapping.PrimaryKey - Forcing column [dni] to be non-null as it is part of the primary key for table [autor]
2025-01-12 00:01:05.647 [main] DEBUG org.hibernate.mapping.PrimaryKey - Forcing column [idarticulo] to be non-null as it is part of the primary key for table [articulo]
2025-01-12 00:01:05.647 [main] DEBUG org.hibernate.mapping.PrimaryKey - Forcing column [idrevista] to be non-null as it is part of the primary key for table [revista]
2025-01-12 00:01:05.647 [main] DEBUG org.hibernate.cfg.CollectionSecondPass - Second pass for collection: modelos.Articulo.autores
2025-01-12 00:01:05.648 [main] DEBUG org.hibernate.cfg.annotations.CollectionBinder - Binding a ManyToMany: modelos.Articulo.autores
2025-01-12 00:01:05.665 [main] DEBUG org.hibernate.mapping.PrimaryKey - Forcing column [articulos_idarticulo] to be non-null as it is part of the primary key for table [articulo_autor]
2025-01-12 00:01:05.665 [main] DEBUG org.hibernate.mapping.PrimaryKey - Forcing column [autores_dni] to be non-null as it is part of the primary key for table [articulo_autor]
2025-01-12 00:01:05.668 [main] DEBUG org.hibernate.cfg.CollectionSecondPass - Mapped collection key: articulos_idArticulo, element: autores_dni
2025-01-12 00:01:05.668 [main] DEBUG org.hibernate.cfg.CollectionSecondPass - Second pass for collection: modelos.Autor.articulos
2025-01-12 00:01:05.674 [main] DEBUG org.hibernate.cfg.annotations.CollectionBinder - Binding a ManyToMany: modelos.Autor.articulos
2025-01-12 00:01:05.676 [main] DEBUG org.hibernate.cfg.annotations.TableBinder - Retrieving property modelos.Articulo.autores
2025-01-12 00:01:05.677 [main] DEBUG org.hibernate.cfg.CollectionSecondPass - Mapped collection key: autores_dni, element: articulos_idArticulo
2025-01-12 00:01:05.678 [main] DEBUG org.hibernate.cfg.CollectionSecondPass - Second pass for collection: modelos.Revista.articulos
2025-01-12 00:01:05.679 [main] DEBUG org.hibernate.cfg.annotations.CollectionBinder - Binding a OneToMany: modelos.Revista.articulos through a foreign key
2025-01-12 00:01:05.679 [main] DEBUG org.hibernate.cfg.annotations.CollectionBinder - Mapping collection: modelos.Revista.articulos -> articulo
2025-01-12 00:01:05.680 [main] DEBUG org.hibernate.cfg.annotations.TableBinder - Retrieving property modelos.Articulo.revista
2025-01-12 00:01:05.681 [main] DEBUG org.hibernate.cfg.CollectionSecondPass - Mapped collection key: idRevista, one-to-many: modelos.Articulo
2025-01-12 00:01:05.681 [main] DEBUG org.hibernate.boot.internal.InFlightMetadataCollectorImpl - Resolving reference to class: modelos.Revista
2025-01-12 00:01:05.687 [main] DEBUG org.hibernate.boot.internal.InFlightMetadataCollectorImpl - Resolving reference to class: modelos.Autor
2025-01-12 00:01:05.687 [main] DEBUG org.hibernate.boot.internal.InFlightMetadataCollectorImpl - Resolving reference to class: modelos.Articulo
2025-01-12 00:01:05.705 [main] DEBUG org.hibernate.boot.internal.InFlightMetadataCollectorImpl - Resolving reference to class: modelos.Revista
2025-01-12 00:01:05.708 [main] DEBUG org.hibernate.boot.internal.InFlightMetadataCollectorImpl - Resolving reference to class: modelos.Autor
2025-01-12 00:01:05.708 [main] DEBUG org.hibernate.boot.internal.InFlightMetadataCollectorImpl - Resolving reference to class: modelos.Articulo
2025-01-12 00:01:05.816 [main] DEBUG org.hibernate.internal.SessionFactoryImpl - Building session factory
2025-01-12 00:01:05.877 [main] DEBUG org.hibernate.service.internal.SessionFactoryServiceRegistryImpl - EventListenerRegistry access via ServiceRegistry is deprecated.  Use `sessionFactory.getEventEngine().getListenerRegistry()` instead
2025-01-12 00:01:05.893 [main] DEBUG org.hibernate.internal.SessionFactoryImpl - Session factory constructed with filter configurations : {}
2025-01-12 00:01:05.894 [main] DEBUG org.hibernate.internal.SessionFactoryImpl - Instantiating session factory with properties: {hibernate.format_sql=false, java.specification.version=23, sun.cpu.isalist=amd64, sun.jnu.encoding=Cp1252, java.class.path=C:\Soraya\codigo2425\workspace\simulacionHibernate\target\classes;C:\Users\Soraya\.m2\repository\org\apache\logging\log4j\log4j-api\2.13.0\log4j-api-2.13.0.jar;C:\Users\Soraya\.m2\repository\org\apache\logging\log4j\log4j-core\2.13.0\log4j-core-2.13.0.jar;C:\Users\Soraya\.m2\repository\org\springframework\spring-orm\5.1.1.RELEASE\spring-orm-5.1.1.RELEASE.jar;C:\Users\Soraya\.m2\repository\org\springframework\spring-beans\5.1.1.RELEASE\spring-beans-5.1.1.RELEASE.jar;C:\Users\Soraya\.m2\repository\org\springframework\spring-core\5.1.1.RELEASE\spring-core-5.1.1.RELEASE.jar;C:\Users\Soraya\.m2\repository\org\springframework\spring-jcl\5.1.1.RELEASE\spring-jcl-5.1.1.RELEASE.jar;C:\Users\Soraya\.m2\repository\org\springframework\spring-jdbc\5.1.1.RELEASE\spring-jdbc-5.1.1.RELEASE.jar;C:\Users\Soraya\.m2\repository\org\springframework\spring-tx\5.1.1.RELEASE\spring-tx-5.1.1.RELEASE.jar;C:\Users\Soraya\.m2\repository\com\mysql\mysql-connector-j\8.0.31\mysql-connector-j-8.0.31.jar;C:\Users\Soraya\.m2\repository\com\google\protobuf\protobuf-java\3.19.4\protobuf-java-3.19.4.jar;C:\Users\Soraya\.m2\repository\org\hibernate\orm\hibernate-core\6.1.7.Final\hibernate-core-6.1.7.Final.jar;C:\Users\Soraya\.m2\repository\jakarta\persistence\jakarta.persistence-api\3.0.0\jakarta.persistence-api-3.0.0.jar;C:\Users\Soraya\.m2\repository\jakarta\transaction\jakarta.transaction-api\2.0.0\jakarta.transaction-api-2.0.0.jar;C:\Users\Soraya\.m2\repository\org\jboss\logging\jboss-logging\3.4.3.Final\jboss-logging-3.4.3.Final.jar;C:\Users\Soraya\.m2\repository\org\hibernate\common\hibernate-commons-annotations\6.0.6.Final\hibernate-commons-annotations-6.0.6.Final.jar;C:\Users\Soraya\.m2\repository\org\jboss\jandex\2.4.2.Final\jandex-2.4.2.Final.jar;C:\Users\Soraya\.m2\repository\com\fasterxml\classmate\1.5.1\classmate-1.5.1.jar;C:\Users\Soraya\.m2\repository\net\bytebuddy\byte-buddy\1.12.18\byte-buddy-1.12.18.jar;C:\Users\Soraya\.m2\repository\jakarta\xml\bind\jakarta.xml.bind-api\3.0.1\jakarta.xml.bind-api-3.0.1.jar;C:\Users\Soraya\.m2\repository\com\sun\activation\jakarta.activation\2.0.1\jakarta.activation-2.0.1.jar;C:\Users\Soraya\.m2\repository\org\glassfish\jaxb\jaxb-runtime\3.0.2\jaxb-runtime-3.0.2.jar;C:\Users\Soraya\.m2\repository\org\glassfish\jaxb\jaxb-core\3.0.2\jaxb-core-3.0.2.jar;C:\Users\Soraya\.m2\repository\org\glassfish\jaxb\txw2\3.0.2\txw2-3.0.2.jar;C:\Users\Soraya\.m2\repository\com\sun\istack\istack-commons-runtime\4.0.1\istack-commons-runtime-4.0.1.jar;C:\Users\Soraya\.m2\repository\jakarta\inject\jakarta.inject-api\2.0.0\jakarta.inject-api-2.0.0.jar;C:\Users\Soraya\.m2\repository\org\antlr\antlr4-runtime\4.10.1\antlr4-runtime-4.10.1.jar, java.vm.vendor=Eclipse Adoptium, sun.arch.data.model=64, user.variant=, java.vendor.url=https://adoptium.net/, user.timezone=Europe/Madrid, org.apache.logging.log4j.assignedSequences=5599, java.vm.specification.version=23, os.name=Windows 10, sun.java.launcher=SUN_STANDARD, user.country=ES, sun.boot.library.path=C:\Users\Soraya\.p2\pool\plugins\org.eclipse.justj.openjdk.hotspot.jre.full.win32.x86_64_23.0.1.v20241024-1700\jre\bin, sun.java.command=controladores.GestionaArticulos, hibernate.use_sql_comments=true, jdk.debug=release, sun.cpu.endian=little, user.home=C:\Users\Soraya, user.language=es, java.specification.vendor=Oracle Corporation, java.version.date=2024-10-15, java.home=C:\Users\Soraya\.p2\pool\plugins\org.eclipse.justj.openjdk.hotspot.jre.full.win32.x86_64_23.0.1.v20241024-1700\jre, file.separator=\, java.vm.compressedOopsMode=32-bit, line.separator=
, java.vm.specification.vendor=Oracle Corporation, java.specification.name=Java Platform API Specification, hibernate.hbm2ddl.auto=create, user.script=, sun.management.compiler=HotSpot 64-Bit Tiered Compilers, java.runtime.version=23.0.1+11, user.name=Soraya, stdout.encoding=UTF-8, path.separator=;, hibernate.connection.username=****, os.version=10.0, java.runtime.name=OpenJDK Runtime Environment, hibernate.connection.url=jdbc:mysql://localhost:3306/simulacion?createDatabaseIfNotExist=true, file.encoding=UTF-8, java.vm.name=OpenJDK 64-Bit Server VM, hibernate.show_sql=false, java.vendor.version=Temurin-23.0.1+11, hibernate.connection.driver_class=com.mysql.jdbc.Driver, java.vendor.url.bug=https://github.com/adoptium/adoptium-support/issues, java.io.tmpdir=C:\Users\Soraya\AppData\Local\Temp\, java.version=23.0.1, user.dir=C:\Soraya\codigo2425\workspace\simulacionHibernate, os.arch=amd64, java.vm.specification.name=Java Virtual Machine Specification, hibernate.connection.password=****, sun.os.patch.level=, hibernate.boot.CfgXmlAccessService.key=org.hibernate.boot.cfgxml.spi.LoadedConfig@17b37e9a, native.encoding=Cp1252, java.library.path=C:\Users\Soraya\.p2\pool\plugins\org.eclipse.justj.openjdk.hotspot.jre.full.win32.x86_64_23.0.1.v20241024-1700\jre\bin;C:\Windows\Sun\Java\bin;C:\Windows\system32;C:\Windows;C:/Soraya/spring-tool-suite-4-4.27.0.RELEASE-e4.34.0-win32.win32.x86_64 (1)/sts-4.27.0.RELEASE//plugins/org.eclipse.justj.openjdk.hotspot.jre.full.win32.x86_64_21.0.5.v20241023-1957/jre/bin/server;C:/Soraya/spring-tool-suite-4-4.27.0.RELEASE-e4.34.0-win32.win32.x86_64 (1)/sts-4.27.0.RELEASE//plugins/org.eclipse.justj.openjdk.hotspot.jre.full.win32.x86_64_21.0.5.v20241023-1957/jre/bin;C:\Windows\system32;C:\Windows;C:\Windows\System32\Wbem;C:\Windows\System32\WindowsPowerShell\v1.0\;C:\Windows\System32\OpenSSH\;C:\Program Files\MySQL\MySQL Shell 8.0\bin\;C:\Users\Soraya\AppData\Local\Microsoft\WindowsApps;C:\Users\Soraya\AppData\Local\Programs\Microsoft VS Code\bin;C:\Soraya\spring-tool-suite-4-4.27.0.RELEASE-e4.34.0-win32.win32.x86_64 (1)\sts-4.27.0.RELEASE;;., java.vendor=Eclipse Adoptium, stderr.encoding=UTF-8, java.vm.info=mixed mode, sharing, java.vm.version=23.0.1+11, hibernate.bytecode.use_reflection_optimizer=false, sun.io.unicode.encoding=UnicodeLittle, hibernate.connection.pool_size=10, java.class.version=67.0}
2025-01-12 00:01:05.908 [main] DEBUG org.hibernate.internal.SessionFactoryImpl - Instantiated session factory
2025-01-12 00:01:05.930 [main] DEBUG org.hibernate.orm.query.plan.cache - Starting QueryPlanCache(2048)
2025-01-12 00:01:06.054 [main] DEBUG org.hibernate.query.sqm.function.SqmFunctionRegistry - Registered SqmFunctionTemplate [NamedSqmFunctionTemplate(max)] under max; prior registration was null
2025-01-12 00:01:06.055 [main] DEBUG org.hibernate.query.sqm.function.SqmFunctionRegistry - Registered SqmFunctionTemplate [NamedSqmFunctionTemplate(min)] under min; prior registration was null
2025-01-12 00:01:06.059 [main] DEBUG org.hibernate.query.sqm.function.SqmFunctionRegistry - Registered SqmFunctionTemplate [NamedSqmFunctionTemplate(sum)] under sum; prior registration was null
2025-01-12 00:01:06.060 [main] DEBUG org.hibernate.query.sqm.function.SqmFunctionRegistry - Registered SqmFunctionTemplate [NamedSqmFunctionTemplate(avg)] under avg; prior registration was null
2025-01-12 00:01:06.064 [main] DEBUG org.hibernate.query.sqm.function.SqmFunctionRegistry - Registered SqmFunctionTemplate [org.hibernate.dialect.function.CountFunction@68c9e023] under count; prior registration was null
2025-01-12 00:01:06.069 [main] DEBUG org.hibernate.query.sqm.function.SqmFunctionRegistry - Registered SqmFunctionTemplate [org.hibernate.dialect.function.EveryAnyEmulation@2fbe26da] under every; prior registration was null
2025-01-12 00:01:06.074 [main] DEBUG org.hibernate.query.sqm.function.SqmFunctionRegistry - Registered SqmFunctionTemplate [org.hibernate.dialect.function.EveryAnyEmulation@4ed15347] under any; prior registration was null
2025-01-12 00:01:06.079 [main] DEBUG org.hibernate.query.sqm.function.SqmFunctionRegistry - Registered SqmFunctionTemplate [NamedSqmFunctionTemplate(round)] under round; prior registration was null
2025-01-12 00:01:06.079 [main] DEBUG org.hibernate.query.sqm.function.SqmFunctionRegistry - Registered SqmFunctionTemplate [NamedSqmFunctionTemplate(floor)] under floor; prior registration was null
2025-01-12 00:01:06.080 [main] DEBUG org.hibernate.query.sqm.function.SqmFunctionRegistry - Registered SqmFunctionTemplate [NamedSqmFunctionTemplate(ceiling)] under ceiling; prior registration was null
2025-01-12 00:01:06.080 [main] DEBUG org.hibernate.query.sqm.function.SqmFunctionRegistry - Registered SqmFunctionTemplate [NamedSqmFunctionTemplate(mod)] under mod; prior registration was null
2025-01-12 00:01:06.081 [main] DEBUG org.hibernate.query.sqm.function.SqmFunctionRegistry - Registered SqmFunctionTemplate [NamedSqmFunctionTemplate(abs)] under abs; prior registration was null
2025-01-12 00:01:06.081 [main] DEBUG org.hibernate.query.sqm.function.SqmFunctionRegistry - Registered SqmFunctionTemplate [NamedSqmFunctionTemplate(sign)] under sign; prior registration was null
2025-01-12 00:01:06.081 [main] DEBUG org.hibernate.query.sqm.function.SqmFunctionRegistry - Registered SqmFunctionTemplate [NamedSqmFunctionTemplate(sqrt)] under sqrt; prior registration was null
2025-01-12 00:01:06.082 [main] DEBUG org.hibernate.query.sqm.function.SqmFunctionRegistry - Registered SqmFunctionTemplate [NamedSqmFunctionTemplate(ln)] under ln; prior registration was null
2025-01-12 00:01:06.083 [main] DEBUG org.hibernate.query.sqm.function.SqmFunctionRegistry - Registered SqmFunctionTemplate [NamedSqmFunctionTemplate(exp)] under exp; prior registration was null
2025-01-12 00:01:06.085 [main] DEBUG org.hibernate.query.sqm.function.SqmFunctionRegistry - Registered SqmFunctionTemplate [NamedSqmFunctionTemplate(power)] under power; prior registration was null
2025-01-12 00:01:06.091 [main] DEBUG org.hibernate.query.sqm.function.SqmFunctionRegistry - Registered SqmFunctionTemplate [NamedSqmFunctionTemplate(sin)] under sin; prior registration was null
2025-01-12 00:01:06.094 [main] DEBUG org.hibernate.query.sqm.function.SqmFunctionRegistry - Registered SqmFunctionTemplate [NamedSqmFunctionTemplate(cos)] under cos; prior registration was null
2025-01-12 00:01:06.095 [main] DEBUG org.hibernate.query.sqm.function.SqmFunctionRegistry - Registered SqmFunctionTemplate [NamedSqmFunctionTemplate(tan)] under tan; prior registration was null
2025-01-12 00:01:06.095 [main] DEBUG org.hibernate.query.sqm.function.SqmFunctionRegistry - Registered SqmFunctionTemplate [NamedSqmFunctionTemplate(asin)] under asin; prior registration was null
2025-01-12 00:01:06.096 [main] DEBUG org.hibernate.query.sqm.function.SqmFunctionRegistry - Registered SqmFunctionTemplate [NamedSqmFunctionTemplate(acos)] under acos; prior registration was null
2025-01-12 00:01:06.096 [main] DEBUG org.hibernate.query.sqm.function.SqmFunctionRegistry - Registered SqmFunctionTemplate [NamedSqmFunctionTemplate(atan)] under atan; prior registration was null
2025-01-12 00:01:06.096 [main] DEBUG org.hibernate.query.sqm.function.SqmFunctionRegistry - Registered SqmFunctionTemplate [NamedSqmFunctionTemplate(atan2)] under atan2; prior registration was null
2025-01-12 00:01:06.098 [main] DEBUG org.hibernate.query.sqm.function.SqmFunctionRegistry - Registered SqmFunctionTemplate [NamedSqmFunctionTemplate(coalesce)] under coalesce; prior registration was null
2025-01-12 00:01:06.099 [main] DEBUG org.hibernate.query.sqm.function.SqmFunctionRegistry - Registered SqmFunctionTemplate [NamedSqmFunctionTemplate(nullif)] under nullif; prior registration was null
2025-01-12 00:01:06.102 [main] DEBUG org.hibernate.query.sqm.function.SqmFunctionRegistry - Registered SqmFunctionTemplate [NamedSqmFunctionTemplate(left)] under left; prior registration was null
2025-01-12 00:01:06.104 [main] DEBUG org.hibernate.query.sqm.function.SqmFunctionRegistry - Registered SqmFunctionTemplate [NamedSqmFunctionTemplate(right)] under right; prior registration was null
2025-01-12 00:01:06.104 [main] DEBUG org.hibernate.query.sqm.function.SqmFunctionRegistry - Registered SqmFunctionTemplate [NamedSqmFunctionTemplate(replace)] under replace; prior registration was null
2025-01-12 00:01:06.105 [main] DEBUG org.hibernate.query.sqm.function.SqmFunctionRegistry - Registered SqmFunctionTemplate [NamedSqmFunctionTemplate(concat)] under concat; prior registration was null
2025-01-12 00:01:06.106 [main] DEBUG org.hibernate.query.sqm.function.SqmFunctionRegistry - Registered SqmFunctionTemplate [NamedSqmFunctionTemplate(lower)] under lower; prior registration was null
2025-01-12 00:01:06.106 [main] DEBUG org.hibernate.query.sqm.function.SqmFunctionRegistry - Registered SqmFunctionTemplate [NamedSqmFunctionTemplate(upper)] under upper; prior registration was null
2025-01-12 00:01:06.107 [main] DEBUG org.hibernate.query.sqm.function.SqmFunctionRegistry - Registered SqmFunctionTemplate [NamedSqmFunctionTemplate(substring)] under substring; prior registration was null
2025-01-12 00:01:06.108 [main] DEBUG org.hibernate.query.sqm.function.SqmFunctionRegistry - Registered SqmFunctionTemplate [NamedSqmFunctionTemplate(locate)] under locate; prior registration was null
2025-01-12 00:01:06.108 [main] DEBUG org.hibernate.query.sqm.function.SqmFunctionRegistry - Registered SqmFunctionTemplate [NamedSqmFunctionTemplate(character_length)] under character_length; prior registration was null
2025-01-12 00:01:06.109 [main] DEBUG org.hibernate.query.sqm.function.SqmFunctionRegistry - Registering alternate key : length -> character_length
2025-01-12 00:01:06.111 [main] DEBUG org.hibernate.query.sqm.function.SqmFunctionRegistry - Registered SqmFunctionTemplate [org.hibernate.dialect.function.LocatePositionEmulation@2fd72332] under position; prior registration was null
2025-01-12 00:01:06.113 [main] DEBUG org.hibernate.query.sqm.function.SqmFunctionRegistry - Registered SqmFunctionTemplate [org.hibernate.dialect.function.InsertSubstringOverlayEmulation@3290b1a6] under overlay; prior registration was null
2025-01-12 00:01:06.114 [main] DEBUG org.hibernate.query.sqm.function.SqmFunctionRegistry - Registered SqmFunctionTemplate [org.hibernate.dialect.function.TrimFunction@32faa16c] under trim; prior registration was null
2025-01-12 00:01:06.116 [main] DEBUG org.hibernate.query.sqm.function.SqmFunctionRegistry - Registered SqmFunctionTemplate [org.hibernate.dialect.function.CastFunction@5a13fcf3] under cast; prior registration was null
2025-01-12 00:01:06.121 [main] DEBUG org.hibernate.query.sqm.function.SqmFunctionRegistry - Registered SqmFunctionTemplate [org.hibernate.query.sqm.function.PatternBasedSqmFunctionDescriptor@5b39a3e6] under collate; prior registration was null
2025-01-12 00:01:06.123 [main] DEBUG org.hibernate.query.sqm.function.SqmFunctionRegistry - Registered SqmFunctionTemplate [org.hibernate.dialect.function.ExtractFunction@6707a4bf] under extract; prior registration was null
2025-01-12 00:01:06.123 [main] DEBUG org.hibernate.query.sqm.function.SqmFunctionRegistry - Registered SqmFunctionTemplate [NamedSqmFunctionTemplate(least)] under least; prior registration was null
2025-01-12 00:01:06.123 [main] DEBUG org.hibernate.query.sqm.function.SqmFunctionRegistry - Registered SqmFunctionTemplate [NamedSqmFunctionTemplate(greatest)] under greatest; prior registration was null
2025-01-12 00:01:06.124 [main] DEBUG org.hibernate.query.sqm.function.SqmFunctionRegistry - Registered SqmFunctionTemplate [org.hibernate.dialect.function.CoalesceIfnullEmulation@1cf336fd] under ifnull; prior registration was null
2025-01-12 00:01:06.124 [main] DEBUG org.hibernate.query.sqm.function.SqmFunctionRegistry - Registered SqmFunctionTemplate [NamedSqmFunctionTemplate(lpad)] under lpad; prior registration was null
2025-01-12 00:01:06.124 [main] DEBUG org.hibernate.query.sqm.function.SqmFunctionRegistry - Registered SqmFunctionTemplate [NamedSqmFunctionTemplate(rpad)] under rpad; prior registration was null
2025-01-12 00:01:06.126 [main] DEBUG org.hibernate.query.sqm.function.SqmFunctionRegistry - Registered SqmFunctionTemplate [org.hibernate.dialect.function.LpadRpadPadEmulation@583fb274] under pad; prior registration was null
2025-01-12 00:01:06.127 [main] DEBUG org.hibernate.query.sqm.function.SqmFunctionRegistry - Registered SqmFunctionTemplate [org.hibernate.dialect.function.CastStrEmulation@104dc1a2] under str; prior registration was null
2025-01-12 00:01:06.132 [main] DEBUG org.hibernate.query.sqm.function.SqmFunctionRegistry - Registered SqmFunctionTemplate [org.hibernate.dialect.function.FormatFunction@4735d6e5] under format; prior registration was null
2025-01-12 00:01:06.135 [main] DEBUG org.hibernate.query.sqm.function.SqmFunctionRegistry - Registered SqmFunctionTemplate [org.hibernate.dialect.function.TimestampaddFunction@164642a4] under timestampadd; prior registration was null
2025-01-12 00:01:06.138 [main] DEBUG org.hibernate.query.sqm.function.SqmFunctionRegistry - Registered SqmFunctionTemplate [org.hibernate.dialect.function.TimestampdiffFunction@7793ad58] under timestampdiff; prior registration was null
2025-01-12 00:01:06.138 [main] DEBUG org.hibernate.query.sqm.function.SqmFunctionRegistry - Registering alternate key : dateadd -> timestampadd
2025-01-12 00:01:06.138 [main] DEBUG org.hibernate.query.sqm.function.SqmFunctionRegistry - Registering alternate key : datediff -> timestampdiff
2025-01-12 00:01:06.138 [main] DEBUG org.hibernate.query.sqm.function.SqmFunctionRegistry - Registered SqmFunctionTemplate [org.hibernate.dialect.function.CurrentFunction@4640195a] under current_date; prior registration was null
2025-01-12 00:01:06.139 [main] DEBUG org.hibernate.query.sqm.function.SqmFunctionRegistry - Registered SqmFunctionTemplate [org.hibernate.dialect.function.CurrentFunction@70d77826] under current_time; prior registration was null
2025-01-12 00:01:06.139 [main] DEBUG org.hibernate.query.sqm.function.SqmFunctionRegistry - Registered SqmFunctionTemplate [org.hibernate.dialect.function.CurrentFunction@7f323b3a] under current_timestamp; prior registration was null
2025-01-12 00:01:06.139 [main] DEBUG org.hibernate.query.sqm.function.SqmFunctionRegistry - Registering alternate key : current date -> current_date
2025-01-12 00:01:06.140 [main] DEBUG org.hibernate.query.sqm.function.SqmFunctionRegistry - Registering alternate key : current time -> current_time
2025-01-12 00:01:06.140 [main] DEBUG org.hibernate.query.sqm.function.SqmFunctionRegistry - Registering alternate key : current timestamp -> current_timestamp
2025-01-12 00:01:06.140 [main] DEBUG org.hibernate.query.sqm.function.SqmFunctionRegistry - Registered SqmFunctionTemplate [org.hibernate.dialect.function.CurrentFunction@4f169009] under local_date; prior registration was null
2025-01-12 00:01:06.140 [main] DEBUG org.hibernate.query.sqm.function.SqmFunctionRegistry - Registered SqmFunctionTemplate [org.hibernate.dialect.function.CurrentFunction@9dada78] under local_time; prior registration was null
2025-01-12 00:01:06.140 [main] DEBUG org.hibernate.query.sqm.function.SqmFunctionRegistry - Registered SqmFunctionTemplate [org.hibernate.dialect.function.CurrentFunction@4207852d] under local_datetime; prior registration was null
2025-01-12 00:01:06.140 [main] DEBUG org.hibernate.query.sqm.function.SqmFunctionRegistry - Registered SqmFunctionTemplate [org.hibernate.dialect.function.CurrentFunction@2c829dbc] under offset_datetime; prior registration was null
2025-01-12 00:01:06.141 [main] DEBUG org.hibernate.query.sqm.function.SqmFunctionRegistry - Registering alternate key : local date -> local_date
2025-01-12 00:01:06.141 [main] DEBUG org.hibernate.query.sqm.function.SqmFunctionRegistry - Registering alternate key : local time -> local_time
2025-01-12 00:01:06.141 [main] DEBUG org.hibernate.query.sqm.function.SqmFunctionRegistry - Registering alternate key : local datetime -> local_datetime
2025-01-12 00:01:06.141 [main] DEBUG org.hibernate.query.sqm.function.SqmFunctionRegistry - Registering alternate key : offset datetime -> offset_datetime
2025-01-12 00:01:06.141 [main] DEBUG org.hibernate.query.sqm.function.SqmFunctionRegistry - Registered SqmFunctionTemplate [org.hibernate.dialect.function.CurrentFunction@57efc6fd] under instant; prior registration was null
2025-01-12 00:01:06.141 [main] DEBUG org.hibernate.query.sqm.function.SqmFunctionRegistry - Registering alternate key : current_instant -> instant
2025-01-12 00:01:06.142 [main] DEBUG org.hibernate.query.sqm.function.SqmFunctionRegistry - Registered SqmFunctionTemplate [org.hibernate.dialect.function.SqlFunction@67cffead] under sql; prior registration was null
2025-01-12 00:01:06.143 [main] DEBUG org.hibernate.query.sqm.function.SqmFunctionRegistry - Registered SqmFunctionTemplate [NamedSqmFunctionTemplate(soundex)] under soundex; prior registration was null
2025-01-12 00:01:06.143 [main] DEBUG org.hibernate.query.sqm.function.SqmFunctionRegistry - Registered SqmFunctionTemplate [NamedSqmFunctionTemplate(radians)] under radians; prior registration was null
2025-01-12 00:01:06.143 [main] DEBUG org.hibernate.query.sqm.function.SqmFunctionRegistry - Registered SqmFunctionTemplate [NamedSqmFunctionTemplate(degrees)] under degrees; prior registration was null
2025-01-12 00:01:06.143 [main] DEBUG org.hibernate.query.sqm.function.SqmFunctionRegistry - Registered SqmFunctionTemplate [NamedSqmFunctionTemplate(cot)] under cot; prior registration was null
2025-01-12 00:01:06.143 [main] DEBUG org.hibernate.query.sqm.function.SqmFunctionRegistry - Registered SqmFunctionTemplate [NamedSqmFunctionTemplate(log)] under log; prior registration was null
2025-01-12 00:01:06.143 [main] DEBUG org.hibernate.query.sqm.function.SqmFunctionRegistry - Registered SqmFunctionTemplate [NamedSqmFunctionTemplate(log2)] under log2; prior registration was null
2025-01-12 00:01:06.144 [main] DEBUG org.hibernate.query.sqm.function.SqmFunctionRegistry - Registered SqmFunctionTemplate [NamedSqmFunctionTemplate(log10)] under log10; prior registration was null
2025-01-12 00:01:06.144 [main] DEBUG org.hibernate.query.sqm.function.SqmFunctionRegistry - Registered SqmFunctionTemplate [NamedSqmFunctionTemplate(pi)] under pi; prior registration was null
2025-01-12 00:01:06.144 [main] DEBUG org.hibernate.query.sqm.function.SqmFunctionRegistry - Registered SqmFunctionTemplate [NamedSqmFunctionTemplate(ltrim)] under ltrim; prior registration was null
2025-01-12 00:01:06.144 [main] DEBUG org.hibernate.query.sqm.function.SqmFunctionRegistry - Registered SqmFunctionTemplate [NamedSqmFunctionTemplate(rtrim)] under rtrim; prior registration was null
2025-01-12 00:01:06.144 [main] DEBUG org.hibernate.query.sqm.function.SqmFunctionRegistry - Registered SqmFunctionTemplate [NamedSqmFunctionTemplate(octet_length)] under octet_length; prior registration was null
2025-01-12 00:01:06.144 [main] DEBUG org.hibernate.query.sqm.function.SqmFunctionRegistry - Registered SqmFunctionTemplate [NamedSqmFunctionTemplate(reverse)] under reverse; prior registration was null
2025-01-12 00:01:06.144 [main] DEBUG org.hibernate.query.sqm.function.SqmFunctionRegistry - Registered SqmFunctionTemplate [NamedSqmFunctionTemplate(space)] under space; prior registration was null
2025-01-12 00:01:06.144 [main] DEBUG org.hibernate.query.sqm.function.SqmFunctionRegistry - Registered SqmFunctionTemplate [NamedSqmFunctionTemplate(repeat)] under repeat; prior registration was null
2025-01-12 00:01:06.145 [main] DEBUG org.hibernate.query.sqm.function.SqmFunctionRegistry - Registered SqmFunctionTemplate [org.hibernate.query.sqm.function.MultipatternSqmFunctionDescriptor@39de9bda] under lpad; prior registration was NamedSqmFunctionTemplate(lpad)
2025-01-12 00:01:06.146 [main] DEBUG org.hibernate.query.sqm.function.SqmFunctionRegistry - Registered SqmFunctionTemplate [org.hibernate.query.sqm.function.MultipatternSqmFunctionDescriptor@47148f3f] under rpad; prior registration was NamedSqmFunctionTemplate(rpad)
2025-01-12 00:01:06.146 [main] DEBUG org.hibernate.query.sqm.function.SqmFunctionRegistry - Registered SqmFunctionTemplate [NamedSqmFunctionTemplate(md5)] under md5; prior registration was null
2025-01-12 00:01:06.146 [main] DEBUG org.hibernate.query.sqm.function.SqmFunctionRegistry - Registered SqmFunctionTemplate [NamedSqmFunctionTemplate(day)] under day; prior registration was null
2025-01-12 00:01:06.146 [main] DEBUG org.hibernate.query.sqm.function.SqmFunctionRegistry - Registered SqmFunctionTemplate [NamedSqmFunctionTemplate(month)] under month; prior registration was null
2025-01-12 00:01:06.146 [main] DEBUG org.hibernate.query.sqm.function.SqmFunctionRegistry - Registered SqmFunctionTemplate [NamedSqmFunctionTemplate(year)] under year; prior registration was null
2025-01-12 00:01:06.146 [main] DEBUG org.hibernate.query.sqm.function.SqmFunctionRegistry - Registered SqmFunctionTemplate [NamedSqmFunctionTemplate(hour)] under hour; prior registration was null
2025-01-12 00:01:06.146 [main] DEBUG org.hibernate.query.sqm.function.SqmFunctionRegistry - Registered SqmFunctionTemplate [NamedSqmFunctionTemplate(minute)] under minute; prior registration was null
2025-01-12 00:01:06.146 [main] DEBUG org.hibernate.query.sqm.function.SqmFunctionRegistry - Registered SqmFunctionTemplate [NamedSqmFunctionTemplate(second)] under second; prior registration was null
2025-01-12 00:01:06.147 [main] DEBUG org.hibernate.query.sqm.function.SqmFunctionRegistry - Registered SqmFunctionTemplate [NamedSqmFunctionTemplate(microsecond)] under microsecond; prior registration was null
2025-01-12 00:01:06.147 [main] DEBUG org.hibernate.query.sqm.function.SqmFunctionRegistry - Registered SqmFunctionTemplate [NamedSqmFunctionTemplate(dayofweek)] under dayofweek; prior registration was null
2025-01-12 00:01:06.147 [main] DEBUG org.hibernate.query.sqm.function.SqmFunctionRegistry - Registered SqmFunctionTemplate [NamedSqmFunctionTemplate(dayofmonth)] under dayofmonth; prior registration was null
2025-01-12 00:01:06.147 [main] DEBUG org.hibernate.query.sqm.function.SqmFunctionRegistry - Registering alternate key : day -> dayofmonth
2025-01-12 00:01:06.147 [main] DEBUG org.hibernate.query.sqm.function.SqmFunctionRegistry - Registered SqmFunctionTemplate [NamedSqmFunctionTemplate(dayofyear)] under dayofyear; prior registration was null
2025-01-12 00:01:06.147 [main] DEBUG org.hibernate.query.sqm.function.SqmFunctionRegistry - Registered SqmFunctionTemplate [NamedSqmFunctionTemplate(week)] under week; prior registration was null
2025-01-12 00:01:06.148 [main] DEBUG org.hibernate.query.sqm.function.SqmFunctionRegistry - Registered SqmFunctionTemplate [NamedSqmFunctionTemplate(quarter)] under quarter; prior registration was null
2025-01-12 00:01:06.151 [main] DEBUG org.hibernate.query.sqm.function.SqmFunctionRegistry - Registered SqmFunctionTemplate [NamedSqmFunctionTemplate(monthname)] under monthname; prior registration was null
2025-01-12 00:01:06.151 [main] DEBUG org.hibernate.query.sqm.function.SqmFunctionRegistry - Registered SqmFunctionTemplate [NamedSqmFunctionTemplate(dayname)] under dayname; prior registration was null
2025-01-12 00:01:06.151 [main] DEBUG org.hibernate.query.sqm.function.SqmFunctionRegistry - Registered SqmFunctionTemplate [NamedSqmFunctionTemplate(last_day)] under last_day; prior registration was null
2025-01-12 00:01:06.152 [main] DEBUG org.hibernate.query.sqm.function.SqmFunctionRegistry - Registered SqmFunctionTemplate [NamedSqmFunctionTemplate(date)] under date; prior registration was null
2025-01-12 00:01:06.152 [main] DEBUG org.hibernate.query.sqm.function.SqmFunctionRegistry - Registered SqmFunctionTemplate [NamedSqmFunctionTemplate(timestamp)] under timestamp; prior registration was null
2025-01-12 00:01:06.152 [main] DEBUG org.hibernate.query.sqm.function.SqmFunctionRegistry - Registered SqmFunctionTemplate [NamedSqmFunctionTemplate(time)] under time; prior registration was null
2025-01-12 00:01:06.152 [main] DEBUG org.hibernate.query.sqm.function.SqmFunctionRegistry - Registered SqmFunctionTemplate [NamedSqmFunctionTemplate(utc_date)] under utc_date; prior registration was null
2025-01-12 00:01:06.152 [main] DEBUG org.hibernate.query.sqm.function.SqmFunctionRegistry - Registered SqmFunctionTemplate [NamedSqmFunctionTemplate(utc_time)] under utc_time; prior registration was null
2025-01-12 00:01:06.152 [main] DEBUG org.hibernate.query.sqm.function.SqmFunctionRegistry - Registered SqmFunctionTemplate [NamedSqmFunctionTemplate(utc_timestamp)] under utc_timestamp; prior registration was null
2025-01-12 00:01:06.152 [main] DEBUG org.hibernate.query.sqm.function.SqmFunctionRegistry - Registered SqmFunctionTemplate [NamedSqmFunctionTemplate(rand)] under rand; prior registration was null
2025-01-12 00:01:06.152 [main] DEBUG org.hibernate.query.sqm.function.SqmFunctionRegistry - Registered SqmFunctionTemplate [NamedSqmFunctionTemplate(crc32)] under crc32; prior registration was null
2025-01-12 00:01:06.152 [main] DEBUG org.hibernate.query.sqm.function.SqmFunctionRegistry - Registered SqmFunctionTemplate [NamedSqmFunctionTemplate(sha1)] under sha1; prior registration was null
2025-01-12 00:01:06.152 [main] DEBUG org.hibernate.query.sqm.function.SqmFunctionRegistry - Registered SqmFunctionTemplate [NamedSqmFunctionTemplate(sha2)] under sha2; prior registration was null
2025-01-12 00:01:06.152 [main] DEBUG org.hibernate.query.sqm.function.SqmFunctionRegistry - Registered SqmFunctionTemplate [NamedSqmFunctionTemplate(sha)] under sha; prior registration was null
2025-01-12 00:01:06.152 [main] DEBUG org.hibernate.query.sqm.function.SqmFunctionRegistry - Registered SqmFunctionTemplate [NamedSqmFunctionTemplate(bit_length)] under bit_length; prior registration was null
2025-01-12 00:01:06.153 [main] DEBUG org.hibernate.query.sqm.function.SqmFunctionRegistry - Registered SqmFunctionTemplate [NamedSqmFunctionTemplate(octet_length)] under octet_length; prior registration was NamedSqmFunctionTemplate(octet_length)
2025-01-12 00:01:06.153 [main] DEBUG org.hibernate.query.sqm.function.SqmFunctionRegistry - Registered SqmFunctionTemplate [NamedSqmFunctionTemplate(ascii)] under ascii; prior registration was null
2025-01-12 00:01:06.153 [main] DEBUG org.hibernate.query.sqm.function.SqmFunctionRegistry - Registered SqmFunctionTemplate [NamedSqmFunctionTemplate(char)] under char; prior registration was null
2025-01-12 00:01:06.153 [main] DEBUG org.hibernate.query.sqm.function.SqmFunctionRegistry - Registering alternate key : chr -> char
2025-01-12 00:01:06.153 [main] DEBUG org.hibernate.query.sqm.function.SqmFunctionRegistry - Registered SqmFunctionTemplate [NamedSqmFunctionTemplate(instr)] under instr; prior registration was null
2025-01-12 00:01:06.153 [main] DEBUG org.hibernate.query.sqm.function.SqmFunctionRegistry - Registered SqmFunctionTemplate [NamedSqmFunctionTemplate(substr)] under substr; prior registration was null
2025-01-12 00:01:06.153 [main] DEBUG org.hibernate.query.sqm.function.SqmFunctionRegistry - Registered SqmFunctionTemplate [org.hibernate.query.sqm.function.PatternBasedSqmFunctionDescriptor@52226e57] under position; prior registration was org.hibernate.dialect.function.LocatePositionEmulation@2fd72332
2025-01-12 00:01:06.153 [main] DEBUG org.hibernate.query.sqm.function.SqmFunctionRegistry - Registered SqmFunctionTemplate [NamedSqmFunctionTemplate(curtime)] under curtime; prior registration was null
2025-01-12 00:01:06.153 [main] DEBUG org.hibernate.query.sqm.function.SqmFunctionRegistry - Registered SqmFunctionTemplate [NamedSqmFunctionTemplate(curdate)] under curdate; prior registration was null
2025-01-12 00:01:06.153 [main] DEBUG org.hibernate.query.sqm.function.SqmFunctionRegistry - Registered SqmFunctionTemplate [NamedSqmFunctionTemplate(now)] under now; prior registration was null
2025-01-12 00:01:06.153 [main] DEBUG org.hibernate.query.sqm.function.SqmFunctionRegistry - Registered SqmFunctionTemplate [NamedSqmFunctionTemplate(truncate)] under truncate; prior registration was null
2025-01-12 00:01:06.154 [main] DEBUG org.hibernate.query.sqm.function.SqmFunctionRegistry - Registered SqmFunctionTemplate [NamedSqmFunctionTemplate(insert)] under insert; prior registration was null
2025-01-12 00:01:06.154 [main] DEBUG org.hibernate.query.sqm.function.SqmFunctionRegistry - Registered SqmFunctionTemplate [org.hibernate.query.sqm.function.PatternBasedSqmFunctionDescriptor@1200458e] under bitand; prior registration was null
2025-01-12 00:01:06.154 [main] DEBUG org.hibernate.query.sqm.function.SqmFunctionRegistry - Registered SqmFunctionTemplate [org.hibernate.query.sqm.function.PatternBasedSqmFunctionDescriptor@5fcd1c5f] under bitor; prior registration was null
2025-01-12 00:01:06.154 [main] DEBUG org.hibernate.query.sqm.function.SqmFunctionRegistry - Registered SqmFunctionTemplate [org.hibernate.query.sqm.function.PatternBasedSqmFunctionDescriptor@3cc30dee] under bitxor; prior registration was null
2025-01-12 00:01:06.154 [main] DEBUG org.hibernate.query.sqm.function.SqmFunctionRegistry - Registered SqmFunctionTemplate [org.hibernate.query.sqm.function.PatternBasedSqmFunctionDescriptor@7d528cf7] under bitnot; prior registration was null
2025-01-12 00:01:06.155 [main] DEBUG org.hibernate.query.sqm.function.SqmFunctionRegistry - Registered SqmFunctionTemplate [NamedSqmFunctionTemplate(bit_and)] under bit_and; prior registration was null
2025-01-12 00:01:06.155 [main] DEBUG org.hibernate.query.sqm.function.SqmFunctionRegistry - Registered SqmFunctionTemplate [NamedSqmFunctionTemplate(bit_or)] under bit_or; prior registration was null
2025-01-12 00:01:06.155 [main] DEBUG org.hibernate.query.sqm.function.SqmFunctionRegistry - Registered SqmFunctionTemplate [NamedSqmFunctionTemplate(stddev)] under stddev; prior registration was null
2025-01-12 00:01:06.156 [main] DEBUG org.hibernate.query.sqm.function.SqmFunctionRegistry - Registered SqmFunctionTemplate [NamedSqmFunctionTemplate(stddev_pop)] under stddev_pop; prior registration was null
2025-01-12 00:01:06.156 [main] DEBUG org.hibernate.query.sqm.function.SqmFunctionRegistry - Registered SqmFunctionTemplate [NamedSqmFunctionTemplate(stddev_samp)] under stddev_samp; prior registration was null
2025-01-12 00:01:06.158 [main] DEBUG org.hibernate.query.sqm.function.SqmFunctionRegistry - Registered SqmFunctionTemplate [NamedSqmFunctionTemplate(variance)] under variance; prior registration was null
2025-01-12 00:01:06.158 [main] DEBUG org.hibernate.query.sqm.function.SqmFunctionRegistry - Registered SqmFunctionTemplate [NamedSqmFunctionTemplate(var_pop)] under var_pop; prior registration was null
2025-01-12 00:01:06.159 [main] DEBUG org.hibernate.query.sqm.function.SqmFunctionRegistry - Registered SqmFunctionTemplate [NamedSqmFunctionTemplate(var_samp)] under var_samp; prior registration was null
2025-01-12 00:01:06.160 [main] DEBUG org.hibernate.query.sqm.function.SqmFunctionRegistry - Registered SqmFunctionTemplate [NamedSqmFunctionTemplate(datediff)] under datediff; prior registration was null
2025-01-12 00:01:06.160 [main] DEBUG org.hibernate.query.sqm.function.SqmFunctionRegistry - Registered SqmFunctionTemplate [NamedSqmFunctionTemplate(adddate)] under adddate; prior registration was null
2025-01-12 00:01:06.161 [main] DEBUG org.hibernate.query.sqm.function.SqmFunctionRegistry - Registered SqmFunctionTemplate [NamedSqmFunctionTemplate(subdate)] under subdate; prior registration was null
2025-01-12 00:01:06.161 [main] DEBUG org.hibernate.query.sqm.function.SqmFunctionRegistry - Registered SqmFunctionTemplate [NamedSqmFunctionTemplate(addtime)] under addtime; prior registration was null
2025-01-12 00:01:06.161 [main] DEBUG org.hibernate.query.sqm.function.SqmFunctionRegistry - Registered SqmFunctionTemplate [NamedSqmFunctionTemplate(subtime)] under subtime; prior registration was null
2025-01-12 00:01:06.161 [main] DEBUG org.hibernate.query.sqm.function.SqmFunctionRegistry - Registered SqmFunctionTemplate [org.hibernate.dialect.function.FormatFunction@6dee8ae6] under format; prior registration was org.hibernate.dialect.function.FormatFunction@4735d6e5
2025-01-12 00:01:06.161 [main] DEBUG org.hibernate.query.sqm.function.SqmFunctionRegistry - Registered SqmFunctionTemplate [NamedSqmFunctionTemplate(makedate)] under makedate; prior registration was null
2025-01-12 00:01:06.162 [main] DEBUG org.hibernate.query.sqm.function.SqmFunctionRegistry - Registered SqmFunctionTemplate [NamedSqmFunctionTemplate(maketime)] under maketime; prior registration was null
2025-01-12 00:01:06.166 [main] DEBUG org.hibernate.query.sqm.function.SqmFunctionRegistry - Registered SqmFunctionTemplate [NamedSqmFunctionTemplate(localtime)] under localtime; prior registration was null
2025-01-12 00:01:06.167 [main] DEBUG org.hibernate.query.sqm.function.SqmFunctionRegistry - Registered SqmFunctionTemplate [NamedSqmFunctionTemplate(localtimestamp)] under localtimestamp; prior registration was null
2025-01-12 00:01:06.168 [main] DEBUG org.hibernate.query.sqm.function.SqmFunctionRegistry - Registered SqmFunctionTemplate [NamedSqmFunctionTemplate(localtime)] under local_time; prior registration was org.hibernate.dialect.function.CurrentFunction@9dada78
2025-01-12 00:01:06.169 [main] DEBUG org.hibernate.query.sqm.function.SqmFunctionRegistry - Registered SqmFunctionTemplate [NamedSqmFunctionTemplate(localtimestamp)] under local_datetime; prior registration was org.hibernate.dialect.function.CurrentFunction@4207852d
2025-01-12 00:01:06.169 [main] DEBUG org.hibernate.query.sqm.function.SqmFunctionRegistry - Registered SqmFunctionTemplate [NamedSqmFunctionTemplate(localtime)] under localtime; prior registration was NamedSqmFunctionTemplate(localtime)
2025-01-12 00:01:06.169 [main] DEBUG org.hibernate.query.sqm.function.SqmFunctionRegistry - Registered SqmFunctionTemplate [org.hibernate.query.sqm.function.PatternBasedSqmFunctionDescriptor@5af64ce0] under sysdate; prior registration was null
2025-01-12 00:01:06.178 [main] DEBUG org.hibernate.query.sqm.function.SqmFunctionRegistry - Registered SqmFunctionTemplate [org.hibernate.dialect.function.ListaggGroupConcatEmulation@66fb45e5] under listagg; prior registration was null
2025-01-12 00:01:06.188 [main] DEBUG org.hibernate.HQL_FUNCTIONS - abs(NUMERIC arg)
2025-01-12 00:01:06.189 [main] DEBUG org.hibernate.HQL_FUNCTIONS - Double acos(NUMERIC arg)
2025-01-12 00:01:06.189 [main] DEBUG org.hibernate.HQL_FUNCTIONS - adddate(DATE datetime, INTEGER days)
2025-01-12 00:01:06.189 [main] DEBUG org.hibernate.HQL_FUNCTIONS - addtime(TIME datetime, TIME time)
2025-01-12 00:01:06.189 [main] DEBUG org.hibernate.HQL_FUNCTIONS - Boolean any(BOOLEAN arg)
2025-01-12 00:01:06.189 [main] DEBUG org.hibernate.HQL_FUNCTIONS - Integer ascii(STRING arg)
2025-01-12 00:01:06.189 [main] DEBUG org.hibernate.HQL_FUNCTIONS - Double asin(NUMERIC arg)
2025-01-12 00:01:06.189 [main] DEBUG org.hibernate.HQL_FUNCTIONS - Double atan(NUMERIC arg)
2025-01-12 00:01:06.189 [main] DEBUG org.hibernate.HQL_FUNCTIONS - Double atan2(NUMERIC arg0, NUMERIC arg1)
2025-01-12 00:01:06.189 [main] DEBUG org.hibernate.HQL_FUNCTIONS - Double avg(NUMERIC arg)
2025-01-12 00:01:06.189 [main] DEBUG org.hibernate.HQL_FUNCTIONS - bit_and(arg)
2025-01-12 00:01:06.189 [main] DEBUG org.hibernate.HQL_FUNCTIONS - Integer bit_length(STRING_OR_CLOB arg)
2025-01-12 00:01:06.190 [main] DEBUG org.hibernate.HQL_FUNCTIONS - bit_or(arg)
2025-01-12 00:01:06.190 [main] DEBUG org.hibernate.HQL_FUNCTIONS - bitand(arg0, arg1)
2025-01-12 00:01:06.190 [main] DEBUG org.hibernate.HQL_FUNCTIONS - bitnot(arg)
2025-01-12 00:01:06.190 [main] DEBUG org.hibernate.HQL_FUNCTIONS - bitor(arg0, arg1)
2025-01-12 00:01:06.190 [main] DEBUG org.hibernate.HQL_FUNCTIONS - bitxor(arg0, arg1)
2025-01-12 00:01:06.190 [main] DEBUG org.hibernate.HQL_FUNCTIONS - cast(arg as Type)
2025-01-12 00:01:06.190 [main] DEBUG org.hibernate.HQL_FUNCTIONS - ceiling(NUMERIC arg)
2025-01-12 00:01:06.190 [main] DEBUG org.hibernate.HQL_FUNCTIONS - Character char(INTEGER arg)
2025-01-12 00:01:06.190 [main] DEBUG org.hibernate.HQL_FUNCTIONS - Integer character_length(STRING_OR_CLOB arg)
2025-01-12 00:01:06.190 [main] DEBUG org.hibernate.HQL_FUNCTIONS - coalesce(arg0[, arg1[, ...]])
2025-01-12 00:01:06.190 [main] DEBUG org.hibernate.HQL_FUNCTIONS - String collate(STRING string as COLLATION collation)
2025-01-12 00:01:06.190 [main] DEBUG org.hibernate.HQL_FUNCTIONS - String concat(STRING string0[, STRING string1[, ...]])
2025-01-12 00:01:06.190 [main] DEBUG org.hibernate.HQL_FUNCTIONS - Double cos(NUMERIC arg)
2025-01-12 00:01:06.191 [main] DEBUG org.hibernate.HQL_FUNCTIONS - Double cot(NUMERIC arg)
2025-01-12 00:01:06.191 [main] DEBUG org.hibernate.HQL_FUNCTIONS - Long count([distinct ]{arg|*})
2025-01-12 00:01:06.191 [main] DEBUG org.hibernate.HQL_FUNCTIONS - Integer crc32(arg)
2025-01-12 00:01:06.191 [main] DEBUG org.hibernate.HQL_FUNCTIONS - Date curdate()
2025-01-12 00:01:06.191 [main] DEBUG org.hibernate.HQL_FUNCTIONS - Date current_date
2025-01-12 00:01:06.191 [main] DEBUG org.hibernate.HQL_FUNCTIONS - Time current_time
2025-01-12 00:01:06.191 [main] DEBUG org.hibernate.HQL_FUNCTIONS - Timestamp current_timestamp
2025-01-12 00:01:06.191 [main] DEBUG org.hibernate.HQL_FUNCTIONS - Time curtime()
2025-01-12 00:01:06.191 [main] DEBUG org.hibernate.HQL_FUNCTIONS - Date date(arg)
2025-01-12 00:01:06.191 [main] DEBUG org.hibernate.HQL_FUNCTIONS - Integer datediff(DATE end, DATE start)
2025-01-12 00:01:06.192 [main] DEBUG org.hibernate.HQL_FUNCTIONS - Integer day(DATE arg)
2025-01-12 00:01:06.192 [main] DEBUG org.hibernate.HQL_FUNCTIONS - String dayname(DATE arg)
2025-01-12 00:01:06.192 [main] DEBUG org.hibernate.HQL_FUNCTIONS - Integer dayofmonth(DATE arg)
2025-01-12 00:01:06.193 [main] DEBUG org.hibernate.HQL_FUNCTIONS - Integer dayofweek(DATE arg)
2025-01-12 00:01:06.193 [main] DEBUG org.hibernate.HQL_FUNCTIONS - Integer dayofyear(DATE arg)
2025-01-12 00:01:06.193 [main] DEBUG org.hibernate.HQL_FUNCTIONS - Double degrees(NUMERIC arg)
2025-01-12 00:01:06.193 [main] DEBUG org.hibernate.HQL_FUNCTIONS - Boolean every(BOOLEAN arg)
2025-01-12 00:01:06.193 [main] DEBUG org.hibernate.HQL_FUNCTIONS - Double exp(NUMERIC arg)
2025-01-12 00:01:06.193 [main] DEBUG org.hibernate.HQL_FUNCTIONS - extract(TEMPORAL_UNIT field from TEMPORAL arg)
2025-01-12 00:01:06.193 [main] DEBUG org.hibernate.HQL_FUNCTIONS - floor(NUMERIC arg)
2025-01-12 00:01:06.193 [main] DEBUG org.hibernate.HQL_FUNCTIONS - String format(TEMPORAL datetime as STRING pattern)
2025-01-12 00:01:06.194 [main] DEBUG org.hibernate.HQL_FUNCTIONS - greatest(COMPARABLE arg0, COMPARABLE arg1[, arg2[, ...]])
2025-01-12 00:01:06.194 [main] DEBUG org.hibernate.HQL_FUNCTIONS - Integer hour(TIME arg)
2025-01-12 00:01:06.194 [main] DEBUG org.hibernate.HQL_FUNCTIONS - ifnull(arg0, arg1)
2025-01-12 00:01:06.194 [main] DEBUG org.hibernate.HQL_FUNCTIONS - String insert(STRING string, INTEGER start, INTEGER length, STRING replacement)
2025-01-12 00:01:06.194 [main] DEBUG org.hibernate.HQL_FUNCTIONS - Instant instant
2025-01-12 00:01:06.194 [main] DEBUG org.hibernate.HQL_FUNCTIONS - Integer instr(STRING string, STRING pattern[, INTEGER start[, INTEGER occurrence]])
2025-01-12 00:01:06.195 [main] DEBUG org.hibernate.HQL_FUNCTIONS - Date last_day(DATE arg)
2025-01-12 00:01:06.195 [main] DEBUG org.hibernate.HQL_FUNCTIONS - least(COMPARABLE arg0, COMPARABLE arg1[, arg2[, ...]])
2025-01-12 00:01:06.195 [main] DEBUG org.hibernate.HQL_FUNCTIONS - String left(STRING string, INTEGER length)
2025-01-12 00:01:06.195 [main] DEBUG org.hibernate.HQL_FUNCTIONS - String listagg(STRING arg0, STRING arg1)
2025-01-12 00:01:06.195 [main] DEBUG org.hibernate.HQL_FUNCTIONS - Double ln(NUMERIC arg)
2025-01-12 00:01:06.195 [main] DEBUG org.hibernate.HQL_FUNCTIONS - LocalDate local_date
2025-01-12 00:01:06.195 [main] DEBUG org.hibernate.HQL_FUNCTIONS - LocalDateTime local_datetime
2025-01-12 00:01:06.195 [main] DEBUG org.hibernate.HQL_FUNCTIONS - LocalTime local_time
2025-01-12 00:01:06.195 [main] DEBUG org.hibernate.HQL_FUNCTIONS - Timestamp localtime
2025-01-12 00:01:06.195 [main] DEBUG org.hibernate.HQL_FUNCTIONS - Timestamp localtimestamp
2025-01-12 00:01:06.195 [main] DEBUG org.hibernate.HQL_FUNCTIONS - Integer locate(STRING pattern, STRING string[, INTEGER start])
2025-01-12 00:01:06.195 [main] DEBUG org.hibernate.HQL_FUNCTIONS - Double log(NUMERIC arg0[, NUMERIC arg1])
2025-01-12 00:01:06.196 [main] DEBUG org.hibernate.HQL_FUNCTIONS - Double log10(NUMERIC arg)
2025-01-12 00:01:06.196 [main] DEBUG org.hibernate.HQL_FUNCTIONS - Double log2(NUMERIC arg)
2025-01-12 00:01:06.196 [main] DEBUG org.hibernate.HQL_FUNCTIONS - String lower(STRING string)
2025-01-12 00:01:06.196 [main] DEBUG org.hibernate.HQL_FUNCTIONS - String lpad(string, length[, padding])
2025-01-12 00:01:06.196 [main] DEBUG org.hibernate.HQL_FUNCTIONS - String ltrim(STRING string[, STRING characters])
2025-01-12 00:01:06.196 [main] DEBUG org.hibernate.HQL_FUNCTIONS - Date makedate(INTEGER year, INTEGER dayofyear)
2025-01-12 00:01:06.196 [main] DEBUG org.hibernate.HQL_FUNCTIONS - Time maketime(INTEGER hour, INTEGER min, INTEGER sec)
2025-01-12 00:01:06.196 [main] DEBUG org.hibernate.HQL_FUNCTIONS - max(COMPARABLE arg)
2025-01-12 00:01:06.197 [main] DEBUG org.hibernate.HQL_FUNCTIONS - String md5(arg)
2025-01-12 00:01:06.197 [main] DEBUG org.hibernate.HQL_FUNCTIONS - Integer microsecond(TIME arg)
2025-01-12 00:01:06.197 [main] DEBUG org.hibernate.HQL_FUNCTIONS - min(COMPARABLE arg)
2025-01-12 00:01:06.197 [main] DEBUG org.hibernate.HQL_FUNCTIONS - Integer minute(TIME arg)
2025-01-12 00:01:06.197 [main] DEBUG org.hibernate.HQL_FUNCTIONS - Integer mod(INTEGER arg0, INTEGER arg1)
2025-01-12 00:01:06.197 [main] DEBUG org.hibernate.HQL_FUNCTIONS - Integer month(DATE arg)
2025-01-12 00:01:06.197 [main] DEBUG org.hibernate.HQL_FUNCTIONS - String monthname(DATE arg)
2025-01-12 00:01:06.198 [main] DEBUG org.hibernate.HQL_FUNCTIONS - Timestamp now()
2025-01-12 00:01:06.198 [main] DEBUG org.hibernate.HQL_FUNCTIONS - nullif(arg0, arg1)
2025-01-12 00:01:06.198 [main] DEBUG org.hibernate.HQL_FUNCTIONS - Integer octet_length(STRING_OR_CLOB arg)
2025-01-12 00:01:06.198 [main] DEBUG org.hibernate.HQL_FUNCTIONS - OffsetDateTime offset_datetime
2025-01-12 00:01:06.201 [main] DEBUG org.hibernate.HQL_FUNCTIONS - String overlay(STRING string placing STRING replacement from INTEGER start[ for INTEGER length])
2025-01-12 00:01:06.202 [main] DEBUG org.hibernate.HQL_FUNCTIONS - String pad(STRING string with INTEGER length {leading|trailing}[ STRING character])
2025-01-12 00:01:06.202 [main] DEBUG org.hibernate.HQL_FUNCTIONS - Double pi()
2025-01-12 00:01:06.202 [main] DEBUG org.hibernate.HQL_FUNCTIONS - Integer position(STRING pattern in STRING string)
2025-01-12 00:01:06.202 [main] DEBUG org.hibernate.HQL_FUNCTIONS - Double power(NUMERIC arg0, NUMERIC arg1)
2025-01-12 00:01:06.202 [main] DEBUG org.hibernate.HQL_FUNCTIONS - Integer quarter(DATE arg)
2025-01-12 00:01:06.202 [main] DEBUG org.hibernate.HQL_FUNCTIONS - Double radians(NUMERIC arg)
2025-01-12 00:01:06.202 [main] DEBUG org.hibernate.HQL_FUNCTIONS - Double rand([INTEGER seed])
2025-01-12 00:01:06.203 [main] DEBUG org.hibernate.HQL_FUNCTIONS - String repeat(STRING string, INTEGER times)
2025-01-12 00:01:06.203 [main] DEBUG org.hibernate.HQL_FUNCTIONS - String replace(STRING string, STRING pattern, STRING replacement)
2025-01-12 00:01:06.203 [main] DEBUG org.hibernate.HQL_FUNCTIONS - String reverse(STRING arg)
2025-01-12 00:01:06.203 [main] DEBUG org.hibernate.HQL_FUNCTIONS - String right(STRING string, INTEGER length)
2025-01-12 00:01:06.203 [main] DEBUG org.hibernate.HQL_FUNCTIONS - round(NUMERIC arg0, INTEGER arg1)
2025-01-12 00:01:06.203 [main] DEBUG org.hibernate.HQL_FUNCTIONS - String rpad(string, length[, padding])
2025-01-12 00:01:06.203 [main] DEBUG org.hibernate.HQL_FUNCTIONS - String rtrim(STRING string[, STRING characters])
2025-01-12 00:01:06.204 [main] DEBUG org.hibernate.HQL_FUNCTIONS - Integer second(TIME arg)
2025-01-12 00:01:06.204 [main] DEBUG org.hibernate.HQL_FUNCTIONS - String sha(arg)
2025-01-12 00:01:06.204 [main] DEBUG org.hibernate.HQL_FUNCTIONS - String sha1(arg)
2025-01-12 00:01:06.204 [main] DEBUG org.hibernate.HQL_FUNCTIONS - String sha2(arg0, arg1)
2025-01-12 00:01:06.204 [main] DEBUG org.hibernate.HQL_FUNCTIONS - Integer sign(NUMERIC arg)
2025-01-12 00:01:06.204 [main] DEBUG org.hibernate.HQL_FUNCTIONS - Double sin(NUMERIC arg)
2025-01-12 00:01:06.204 [main] DEBUG org.hibernate.HQL_FUNCTIONS - String soundex(arg)
2025-01-12 00:01:06.204 [main] DEBUG org.hibernate.HQL_FUNCTIONS - String space(INTEGER arg)
2025-01-12 00:01:06.204 [main] DEBUG org.hibernate.HQL_FUNCTIONS - Object sql
2025-01-12 00:01:06.205 [main] DEBUG org.hibernate.HQL_FUNCTIONS - Double sqrt(NUMERIC arg)
2025-01-12 00:01:06.205 [main] DEBUG org.hibernate.HQL_FUNCTIONS - Double stddev(NUMERIC arg)
2025-01-12 00:01:06.205 [main] DEBUG org.hibernate.HQL_FUNCTIONS - Double stddev_pop(NUMERIC arg)
2025-01-12 00:01:06.205 [main] DEBUG org.hibernate.HQL_FUNCTIONS - Double stddev_samp(NUMERIC arg)
2025-01-12 00:01:06.206 [main] DEBUG org.hibernate.HQL_FUNCTIONS - String str(arg)
2025-01-12 00:01:06.209 [main] DEBUG org.hibernate.HQL_FUNCTIONS - subdate(DATE datetime, INTEGER days)
2025-01-12 00:01:06.210 [main] DEBUG org.hibernate.HQL_FUNCTIONS - String substr(STRING string, INTEGER start[, INTEGER length])
2025-01-12 00:01:06.210 [main] DEBUG org.hibernate.HQL_FUNCTIONS - String substring(STRING string{ from|,} INTEGER start[{ for|,} INTEGER length])
2025-01-12 00:01:06.210 [main] DEBUG org.hibernate.HQL_FUNCTIONS - subtime(TIME datetime, TIME time)
2025-01-12 00:01:06.210 [main] DEBUG org.hibernate.HQL_FUNCTIONS - sum(arg)
2025-01-12 00:01:06.210 [main] DEBUG org.hibernate.HQL_FUNCTIONS - Timestamp sysdate()
2025-01-12 00:01:06.210 [main] DEBUG org.hibernate.HQL_FUNCTIONS - Double tan(NUMERIC arg)
2025-01-12 00:01:06.210 [main] DEBUG org.hibernate.HQL_FUNCTIONS - String time(arg)
2025-01-12 00:01:06.211 [main] DEBUG org.hibernate.HQL_FUNCTIONS - Timestamp timestamp(arg0[, arg1])
2025-01-12 00:01:06.211 [main] DEBUG org.hibernate.HQL_FUNCTIONS - timestampadd(TEMPORAL_UNIT field, INTEGER magnitude, TEMPORAL datetime)
2025-01-12 00:01:06.211 [main] DEBUG org.hibernate.HQL_FUNCTIONS - basicType@6(java.lang.Long,-5)|basicType@15(java.lang.Double,6) timestampdiff(TEMPORAL_UNIT field, TEMPORAL start, TEMPORAL end)
2025-01-12 00:01:06.212 [main] DEBUG org.hibernate.HQL_FUNCTIONS - String trim([[{leading|trailing|both} ][STRING arg0 ]from] STRING arg1)
2025-01-12 00:01:06.212 [main] DEBUG org.hibernate.HQL_FUNCTIONS - Double truncate(NUMERIC number, INTEGER places)
2025-01-12 00:01:06.215 [main] DEBUG org.hibernate.HQL_FUNCTIONS - String upper(STRING string)
2025-01-12 00:01:06.218 [main] DEBUG org.hibernate.HQL_FUNCTIONS - Date utc_date
2025-01-12 00:01:06.221 [main] DEBUG org.hibernate.HQL_FUNCTIONS - Time utc_time
2025-01-12 00:01:06.221 [main] DEBUG org.hibernate.HQL_FUNCTIONS - Timestamp utc_timestamp
2025-01-12 00:01:06.222 [main] DEBUG org.hibernate.HQL_FUNCTIONS - Double var_pop(NUMERIC arg)
2025-01-12 00:01:06.222 [main] DEBUG org.hibernate.HQL_FUNCTIONS - Double var_samp(NUMERIC arg)
2025-01-12 00:01:06.222 [main] DEBUG org.hibernate.HQL_FUNCTIONS - Double variance(NUMERIC arg)
2025-01-12 00:01:06.222 [main] DEBUG org.hibernate.HQL_FUNCTIONS - Integer week(DATE arg)
2025-01-12 00:01:06.222 [main] DEBUG org.hibernate.HQL_FUNCTIONS - Integer year(DATE arg)
2025-01-12 00:01:06.224 [main] DEBUG org.hibernate.HQL_FUNCTIONS - Character chr(INTEGER arg)
2025-01-12 00:01:06.224 [main] DEBUG org.hibernate.HQL_FUNCTIONS - Date current date
2025-01-12 00:01:06.224 [main] DEBUG org.hibernate.HQL_FUNCTIONS - Time current time
2025-01-12 00:01:06.224 [main] DEBUG org.hibernate.HQL_FUNCTIONS - Timestamp current timestamp
2025-01-12 00:01:06.224 [main] DEBUG org.hibernate.HQL_FUNCTIONS - Instant current_instant
2025-01-12 00:01:06.224 [main] DEBUG org.hibernate.HQL_FUNCTIONS - dateadd(TEMPORAL_UNIT field, INTEGER magnitude, TEMPORAL datetime)
2025-01-12 00:01:06.224 [main] DEBUG org.hibernate.HQL_FUNCTIONS - Integer day(DATE arg)
2025-01-12 00:01:06.224 [main] DEBUG org.hibernate.HQL_FUNCTIONS - Integer length(STRING_OR_CLOB arg)
2025-01-12 00:01:06.224 [main] DEBUG org.hibernate.HQL_FUNCTIONS - LocalDate local date
2025-01-12 00:01:06.225 [main] DEBUG org.hibernate.HQL_FUNCTIONS - LocalDateTime local datetime
2025-01-12 00:01:06.225 [main] DEBUG org.hibernate.HQL_FUNCTIONS - LocalTime local time
2025-01-12 00:01:06.225 [main] DEBUG org.hibernate.HQL_FUNCTIONS - OffsetDateTime offset datetime
2025-01-12 00:01:06.226 [main] DEBUG org.hibernate.type.spi.TypeConfiguration$Scope - Scoping TypeConfiguration [org.hibernate.type.spi.TypeConfiguration@1229a2b7] to SessionFactoryImplementor [org.hibernate.internal.SessionFactoryImpl@6b4fc2d1]
2025-01-12 00:01:06.319 [main] DEBUG org.hibernate.boot.internal.ClassLoaderAccessImpl - Not known whether passed class name [modelos.Revista] is safe
2025-01-12 00:01:06.319 [main] DEBUG org.hibernate.boot.internal.ClassLoaderAccessImpl - No temp ClassLoader provided; using live ClassLoader for loading potentially unsafe class : modelos.Revista
2025-01-12 00:01:06.548 [main] DEBUG org.hibernate.boot.internal.ClassLoaderAccessImpl - Not known whether passed class name [modelos.Autor] is safe
2025-01-12 00:01:06.548 [main] DEBUG org.hibernate.boot.internal.ClassLoaderAccessImpl - No temp ClassLoader provided; using live ClassLoader for loading potentially unsafe class : modelos.Autor
2025-01-12 00:01:06.572 [main] DEBUG org.hibernate.ormbytecode.interceptor - To-one property `modelos.Articulo#revista` was mapped with LAZY + NO_PROXY but the class was not enhanced
2025-01-12 00:01:06.573 [main] DEBUG org.hibernate.ormbytecode.interceptor - To-one property `modelos.Articulo#revista` was mapped with LAZY + NO_PROXY but the class was not enhanced
2025-01-12 00:01:06.573 [main] DEBUG org.hibernate.boot.internal.ClassLoaderAccessImpl - Not known whether passed class name [modelos.Articulo] is safe
2025-01-12 00:01:06.573 [main] DEBUG org.hibernate.boot.internal.ClassLoaderAccessImpl - No temp ClassLoader provided; using live ClassLoader for loading potentially unsafe class : modelos.Articulo
2025-01-12 00:01:06.595 [main] DEBUG org.hibernate.ormbytecode.interceptor - To-one property `modelos.Articulo#revista` was mapped with LAZY + NO_PROXY but the class was not enhanced
2025-01-12 00:01:06.611 [main] DEBUG org.hibernate.persister.collection.AbstractCollectionPersister - Static SQL for collection: modelos.Revista.articulos
2025-01-12 00:01:06.611 [main] DEBUG org.hibernate.persister.collection.AbstractCollectionPersister -  Row insert: /* create one-to-many row modelos.Revista.articulos */ update articulo set idRevista=? where idArticulo=?
2025-01-12 00:01:06.611 [main] DEBUG org.hibernate.persister.collection.AbstractCollectionPersister -  Row update: update articulo set  where idArticulo=?
2025-01-12 00:01:06.611 [main] DEBUG org.hibernate.persister.collection.AbstractCollectionPersister -  Row delete: /* delete one-to-many row modelos.Revista.articulos */ update articulo set idRevista=null where idRevista=? and idArticulo=?
2025-01-12 00:01:06.611 [main] DEBUG org.hibernate.persister.collection.AbstractCollectionPersister -  One-shot delete: /* delete one-to-many modelos.Revista.articulos */ update articulo set idRevista=null where idRevista=?
2025-01-12 00:01:06.616 [main] DEBUG org.hibernate.persister.collection.AbstractCollectionPersister - Static SQL for collection: modelos.Autor.articulos
2025-01-12 00:01:06.616 [main] DEBUG org.hibernate.persister.collection.AbstractCollectionPersister -  Row insert: /* insert collection row modelos.Autor.articulos */ insert into articulo_autor (autores_dni, articulos_idArticulo) values (?, ?)
2025-01-12 00:01:06.618 [main] DEBUG org.hibernate.persister.collection.AbstractCollectionPersister -  Row update: /* update collection row modelos.Autor.articulos */ update articulo_autor set articulos_idArticulo=? where autores_dni=? and articulos_idArticulo=?
2025-01-12 00:01:06.618 [main] DEBUG org.hibernate.persister.collection.AbstractCollectionPersister -  Row delete: /* delete collection row modelos.Autor.articulos */ delete from articulo_autor where autores_dni=? and articulos_idArticulo=?
2025-01-12 00:01:06.618 [main] DEBUG org.hibernate.persister.collection.AbstractCollectionPersister -  One-shot delete: /* delete collection modelos.Autor.articulos */ delete from articulo_autor where autores_dni=?
2025-01-12 00:01:06.618 [main] DEBUG org.hibernate.persister.collection.AbstractCollectionPersister - Static SQL for collection: modelos.Articulo.autores
2025-01-12 00:01:06.618 [main] DEBUG org.hibernate.persister.collection.AbstractCollectionPersister -  Row insert: /* insert collection row modelos.Articulo.autores */ insert into articulo_autor (articulos_idArticulo, autores_dni) values (?, ?)
2025-01-12 00:01:06.618 [main] DEBUG org.hibernate.persister.collection.AbstractCollectionPersister -  Row update: /* update collection row modelos.Articulo.autores */ update articulo_autor set autores_dni=? where articulos_idArticulo=? and autores_dni=?
2025-01-12 00:01:06.618 [main] DEBUG org.hibernate.persister.collection.AbstractCollectionPersister -  Row delete: /* delete collection row modelos.Articulo.autores */ delete from articulo_autor where articulos_idArticulo=? and autores_dni=?
2025-01-12 00:01:06.618 [main] DEBUG org.hibernate.persister.collection.AbstractCollectionPersister -  One-shot delete: /* delete collection modelos.Articulo.autores */ delete from articulo_autor where articulos_idArticulo=?
2025-01-12 00:01:06.645 [main] DEBUG org.hibernate.orm.model.mapping.creation - Starting post-init callbacks
2025-01-12 00:01:06.645 [main] DEBUG org.hibernate.orm.model.mapping.creation - Starting PostInitCallbackEntry : PluralAttributeMapping( NavigableRole[modelos.Revista.articulos#{element}]) - index descriptor
2025-01-12 00:01:06.645 [main] DEBUG org.hibernate.orm.model.mapping.creation - Mapping-model creation encountered (possibly) transient error : java.lang.IllegalStateException: Not yet ready: ToOneAttributeMapping(NavigableRole[modelos.Articulo.revista])@1211627902
2025-01-12 00:01:06.646 [main] DEBUG org.hibernate.orm.model.mapping.creation - Starting PostInitCallbackEntry : PluralAttributeMapping(modelos.Revista.articulos)#finishInitialization
2025-01-12 00:01:06.646 [main] DEBUG org.hibernate.orm.model.mapping.creation - Starting PostInitCallbackEntry : PluralAttributeMapping(modelos.Revista.articulos) - key descriptor
2025-01-12 00:01:06.653 [main] DEBUG org.hibernate.orm.model.mapping.creation - Starting PostInitCallbackEntry : Entity(modelos.Revista) `staticFetchableList` generator
2025-01-12 00:01:06.653 [main] DEBUG org.hibernate.orm.model.mapping.creation - Starting PostInitCallbackEntry : Entity(modelos.Revista) `sqmMultiTableInsertStrategy` interpretation
2025-01-12 00:01:06.663 [main] DEBUG org.hibernate.orm.model.mapping.creation - Starting PostInitCallbackEntry : PluralAttributeMapping( NavigableRole[modelos.Autor.articulos#{element}]) - index descriptor
2025-01-12 00:01:06.663 [main] DEBUG org.hibernate.orm.model.mapping.creation - Starting PostInitCallbackEntry : PluralAttributeMapping(modelos.Autor.articulos)#finishInitialization
2025-01-12 00:01:06.663 [main] DEBUG org.hibernate.orm.model.mapping.creation - Starting PostInitCallbackEntry : PluralAttributeMapping(modelos.Autor.articulos) - key descriptor
2025-01-12 00:01:06.663 [main] DEBUG org.hibernate.orm.model.mapping.creation - Starting PostInitCallbackEntry : Entity(modelos.Autor) `staticFetchableList` generator
2025-01-12 00:01:06.663 [main] DEBUG org.hibernate.orm.model.mapping.creation - Starting PostInitCallbackEntry : PluralAttributeMapping( NavigableRole[modelos.Articulo.autores#{element}]) - index descriptor
2025-01-12 00:01:06.663 [main] DEBUG org.hibernate.orm.model.mapping.creation - Starting PostInitCallbackEntry : PluralAttributeMapping(modelos.Articulo.autores)#finishInitialization
2025-01-12 00:01:06.663 [main] DEBUG org.hibernate.orm.model.mapping.creation - Starting PostInitCallbackEntry : PluralAttributeMapping(modelos.Articulo.autores) - key descriptor
2025-01-12 00:01:06.663 [main] DEBUG org.hibernate.orm.model.mapping.creation - Starting PostInitCallbackEntry : To-one key - NavigableRole[modelos.Articulo.revista]
2025-01-12 00:01:06.663 [main] DEBUG org.hibernate.orm.model.mapping.creation - Starting PostInitCallbackEntry : Entity(modelos.Articulo) `staticFetchableList` generator
2025-01-12 00:01:06.663 [main] DEBUG org.hibernate.orm.model.mapping.creation - Starting PostInitCallbackEntry : Entity(modelos.Articulo) `sqmMultiTableInsertStrategy` interpretation
2025-01-12 00:01:06.664 [main] DEBUG org.hibernate.orm.model.mapping.creation - Starting PostInitCallbackEntry : PluralAttributeMapping( NavigableRole[modelos.Revista.articulos#{element}]) - index descriptor
2025-01-12 00:01:06.666 [main] DEBUG org.hibernate.persister.entity.AbstractEntityPersister - Static SQL for entity: modelos.Revista
2025-01-12 00:01:06.666 [main] DEBUG org.hibernate.persister.entity.AbstractEntityPersister -  Version select: /* get version modelos.Revista */ select idRevista from revista where idRevista =?
2025-01-12 00:01:06.666 [main] DEBUG org.hibernate.persister.entity.AbstractEntityPersister -  Insert 0: /* insert modelos.Revista */ insert into revista (fecha, nombreRevista, numeroRevista, unidadesImpresas, idRevista) values (?, ?, ?, ?, ?)
2025-01-12 00:01:06.667 [main] DEBUG org.hibernate.persister.entity.AbstractEntityPersister -  Update 0: /* update modelos.Revista */ update revista set fecha=?, nombreRevista=?, numeroRevista=?, unidadesImpresas=? where idRevista=?
2025-01-12 00:01:06.668 [main] DEBUG org.hibernate.persister.entity.AbstractEntityPersister -  Delete 0: /* delete modelos.Revista */ delete from revista where idRevista=?
2025-01-12 00:01:06.688 [main] DEBUG org.hibernate.orm.sql.ast.create - Created new SQL alias : r1_0
2025-01-12 00:01:06.690 [main] DEBUG org.hibernate.orm.sql.ast.create - Registration of TableGroup [StandardTableGroup(modelos.Revista)] with identifierForTableGroup [modelos.Revista] for NavigablePath [modelos.Revista] 
2025-01-12 00:01:06.726 [main] DEBUG org.hibernate.orm.results.graph.AST - DomainResult Graph:
 \-EntityResultImpl [modelos.Revista]
 |  +-DelayedCollectionFetch [modelos.Revista.articulos]
 |  +-BasicFetch [modelos.Revista.fecha]
 |  +-BasicFetch [modelos.Revista.nombreRevista]
 |  +-BasicFetch [modelos.Revista.numeroRevista]
 |  \-BasicFetch [modelos.Revista.unidadesImpresas]

2025-01-12 00:01:06.732 [main] DEBUG org.hibernate.orm.sql.ast.tree - SQL AST Tree:
    SelectStatement {
      FromClause {
        StandardTableGroup (r1 : modelos.Revista) {
          primaryTableReference : revista as r1_0
        }
      }
    }

2025-01-12 00:01:06.742 [main] DEBUG org.hibernate.persister.entity.AbstractEntityPersister - Static SQL for entity: modelos.Autor
2025-01-12 00:01:06.742 [main] DEBUG org.hibernate.persister.entity.AbstractEntityPersister -  Version select: /* get version modelos.Autor */ select dni from autor where dni =?
2025-01-12 00:01:06.742 [main] DEBUG org.hibernate.persister.entity.AbstractEntityPersister -  Insert 0: /* insert modelos.Autor */ insert into autor (email, nombre, dni) values (?, ?, ?)
2025-01-12 00:01:06.742 [main] DEBUG org.hibernate.persister.entity.AbstractEntityPersister -  Update 0: /* update modelos.Autor */ update autor set email=?, nombre=? where dni=?
2025-01-12 00:01:06.742 [main] DEBUG org.hibernate.persister.entity.AbstractEntityPersister -  Delete 0: /* delete modelos.Autor */ delete from autor where dni=?
2025-01-12 00:01:06.742 [main] DEBUG org.hibernate.orm.sql.ast.create - Created new SQL alias : a1_0
2025-01-12 00:01:06.742 [main] DEBUG org.hibernate.orm.sql.ast.create - Registration of TableGroup [StandardTableGroup(modelos.Autor)] with identifierForTableGroup [modelos.Autor] for NavigablePath [modelos.Autor] 
2025-01-12 00:01:06.742 [main] DEBUG org.hibernate.orm.results.graph.AST - DomainResult Graph:
 \-EntityResultImpl [modelos.Autor]
 |  +-DelayedCollectionFetch [modelos.Autor.articulos]
 |  +-BasicFetch [modelos.Autor.email]
 |  \-BasicFetch [modelos.Autor.nombre]

2025-01-12 00:01:06.743 [main] DEBUG org.hibernate.orm.sql.ast.tree - SQL AST Tree:
    SelectStatement {
      FromClause {
        StandardTableGroup (a1 : modelos.Autor) {
          primaryTableReference : autor as a1_0
        }
      }
    }

2025-01-12 00:01:06.743 [main] DEBUG org.hibernate.persister.entity.AbstractEntityPersister - Static SQL for entity: modelos.Articulo
2025-01-12 00:01:06.743 [main] DEBUG org.hibernate.persister.entity.AbstractEntityPersister -  Version select: /* get version modelos.Articulo */ select idArticulo from articulo where idArticulo =?
2025-01-12 00:01:06.744 [main] DEBUG org.hibernate.persister.entity.AbstractEntityPersister -  Insert 0: /* insert modelos.Articulo */ insert into articulo (numPaginaFin, numPaginaInicio, idRevista, titulo, idArticulo) values (?, ?, ?, ?, ?)
2025-01-12 00:01:06.744 [main] DEBUG org.hibernate.persister.entity.AbstractEntityPersister -  Update 0: /* update modelos.Articulo */ update articulo set numPaginaFin=?, numPaginaInicio=?, idRevista=?, titulo=? where idArticulo=?
2025-01-12 00:01:06.744 [main] DEBUG org.hibernate.persister.entity.AbstractEntityPersister -  Delete 0: /* delete modelos.Articulo */ delete from articulo where idArticulo=?
2025-01-12 00:01:06.744 [main] DEBUG org.hibernate.orm.sql.ast.create - Created new SQL alias : a1_0
2025-01-12 00:01:06.744 [main] DEBUG org.hibernate.orm.sql.ast.create - Registration of TableGroup [StandardTableGroup(modelos.Articulo)] with identifierForTableGroup [modelos.Articulo] for NavigablePath [modelos.Articulo] 
2025-01-12 00:01:06.752 [main] DEBUG org.hibernate.orm.sql.ast.create - Registration of TableGroup [org.hibernate.sql.ast.tree.from.LazyTableGroup@ad3f70a] with identifierForTableGroup [modelos.Articulo.revista] for NavigablePath [modelos.Articulo.revista] 
2025-01-12 00:01:06.754 [main] DEBUG org.hibernate.orm.sql.ast.create - Created new SQL alias : r1_0
2025-01-12 00:01:06.757 [main] DEBUG org.hibernate.orm.results.graph.AST - DomainResult Graph:
 \-EntityResultImpl [modelos.Articulo]
 |  +-DelayedCollectionFetch [modelos.Articulo.autores]
 |  +-BasicFetch [modelos.Articulo.numPaginaFin]
 |  +-BasicFetch [modelos.Articulo.numPaginaInicio]
 |  +-EntityFetchJoinedImpl [modelos.Articulo.revista]
 |  \-BasicFetch [modelos.Articulo.titulo]

2025-01-12 00:01:06.758 [main] DEBUG org.hibernate.orm.sql.ast.tree - SQL AST Tree:
    SelectStatement {
      FromClause {
        StandardTableGroup (a1 : modelos.Articulo) {
          primaryTableReference : articulo as a1_0
          TableGroupJoins {
            left  join LazyTableGroup (r1 : modelos.Articulo.revista) {
              primaryTableReference : revista as r1_0
            }
          }
        }
      }
    }

2025-01-12 00:01:06.761 [main] DEBUG org.hibernate.orm.sql.ast.create - Created new SQL alias : a1_0
2025-01-12 00:01:06.762 [main] DEBUG org.hibernate.orm.sql.ast.create - Registration of TableGroup [org.hibernate.sql.ast.tree.from.OneToManyTableGroup@222acad] with identifierForTableGroup [modelos.Revista.articulos] for NavigablePath [modelos.Revista.articulos] 
2025-01-12 00:01:06.763 [main] DEBUG org.hibernate.orm.sql.ast.create - Registration of TableGroup [StandardTableGroup(modelos.Revista.articulos.{element})] with identifierForTableGroup [modelos.Revista.articulos.{element}] for NavigablePath [modelos.Revista.articulos.{element}] 
2025-01-12 00:01:06.771 [main] DEBUG org.hibernate.orm.sql.ast.create - Created new SQL alias : a1_0
2025-01-12 00:01:06.773 [main] DEBUG org.hibernate.orm.sql.ast.create - Registration of TableGroup [CollectionTableGroup(modelos.Autor.articulos)] with identifierForTableGroup [modelos.Autor.articulos] for NavigablePath [modelos.Autor.articulos] 
2025-01-12 00:01:06.773 [main] DEBUG org.hibernate.orm.sql.ast.create - Registration of TableGroup [org.hibernate.sql.ast.tree.from.LazyTableGroup@7faa0680] with identifierForTableGroup [modelos.Autor.articulos.{element}] for NavigablePath [modelos.Autor.articulos.{element}] 
2025-01-12 00:01:06.773 [main] DEBUG org.hibernate.orm.sql.ast.create - Created new SQL alias : a1_1
2025-01-12 00:01:06.774 [main] DEBUG org.hibernate.orm.sql.ast.create - Registration of TableGroup [org.hibernate.sql.ast.tree.from.LazyTableGroup@4c635edc] with identifierForTableGroup [modelos.Autor.articulos.{element}.revista] for NavigablePath [modelos.Autor.articulos.{element}.revista] 
2025-01-12 00:01:06.774 [main] DEBUG org.hibernate.orm.sql.ast.create - Created new SQL alias : r1_0
2025-01-12 00:01:06.775 [main] DEBUG org.hibernate.orm.sql.ast.create - Created new SQL alias : a1_0
2025-01-12 00:01:06.775 [main] DEBUG org.hibernate.orm.sql.ast.create - Registration of TableGroup [CollectionTableGroup(modelos.Articulo.autores)] with identifierForTableGroup [modelos.Articulo.autores] for NavigablePath [modelos.Articulo.autores] 
2025-01-12 00:01:06.775 [main] DEBUG org.hibernate.orm.sql.ast.create - Registration of TableGroup [org.hibernate.sql.ast.tree.from.LazyTableGroup@3cc9632d] with identifierForTableGroup [modelos.Articulo.autores.{element}] for NavigablePath [modelos.Articulo.autores.{element}] 
2025-01-12 00:01:06.775 [main] DEBUG org.hibernate.orm.sql.ast.create - Created new SQL alias : a1_1
2025-01-12 00:01:06.808 [main] DEBUG org.hibernate.query.named.NamedObjectRepository - Checking 0 named HQL queries
2025-01-12 00:01:06.808 [main] DEBUG org.hibernate.query.named.NamedObjectRepository - Checking 0 named SQL queries
2025-01-12 00:01:06.827 [main] DEBUG org.hibernate.SQL - alter table articulo drop foreign key FKmd832l2jwqyof3yia0sbmls5a
2025-01-12 00:01:06.830 [main] INFO  org.hibernate.orm.connections.access - HHH10001501: Connection obtained from JdbcConnectionAccess [org.hibernate.engine.jdbc.env.internal.JdbcEnvironmentInitiator$ConnectionProviderJdbcConnectionAccess@5514579e] for (non-JTA) DDL execution was not in auto-commit mode; the Connection 'local transaction' will be committed and the Connection will be set into auto-commit mode.
2025-01-12 00:01:06.859 [main] DEBUG org.hibernate.SQL - alter table articulo_autor drop foreign key FKl3sjbt3jghh8yx25m8qqlovdv
2025-01-12 00:01:06.874 [main] DEBUG org.hibernate.SQL - alter table articulo_autor drop foreign key FKioyme4i3ie9922u9bdk48daqn
2025-01-12 00:01:06.885 [main] DEBUG org.hibernate.SQL - drop table if exists articulo
2025-01-12 00:01:06.904 [main] DEBUG org.hibernate.SQL - drop table if exists articulo_autor
2025-01-12 00:01:06.919 [main] DEBUG org.hibernate.SQL - drop table if exists articulo_SEQ
2025-01-12 00:01:06.934 [main] DEBUG org.hibernate.SQL - drop table if exists autor
2025-01-12 00:01:06.946 [main] DEBUG org.hibernate.SQL - drop table if exists revista
2025-01-12 00:01:06.964 [main] DEBUG org.hibernate.SQL - drop table if exists revista_SEQ
2025-01-12 00:01:06.982 [main] DEBUG org.hibernate.SQL - create table articulo (idArticulo integer not null, numPaginaFin integer not null, numPaginaInicio integer not null, titulo varchar(255), idRevista integer, primary key (idArticulo)) engine=InnoDB
2025-01-12 00:01:06.984 [main] INFO  org.hibernate.orm.connections.access - HHH10001501: Connection obtained from JdbcConnectionAccess [org.hibernate.engine.jdbc.env.internal.JdbcEnvironmentInitiator$ConnectionProviderJdbcConnectionAccess@589fb74d] for (non-JTA) DDL execution was not in auto-commit mode; the Connection 'local transaction' will be committed and the Connection will be set into auto-commit mode.
2025-01-12 00:01:07.004 [main] DEBUG org.hibernate.SQL - create table articulo_autor (articulos_idArticulo integer not null, autores_dni varchar(255) not null, primary key (articulos_idArticulo, autores_dni)) engine=InnoDB
2025-01-12 00:01:07.022 [main] DEBUG org.hibernate.SQL - create table articulo_SEQ (next_val bigint) engine=InnoDB
2025-01-12 00:01:07.043 [main] DEBUG org.hibernate.SQL - insert into articulo_SEQ values ( 1 )
2025-01-12 00:01:07.049 [main] DEBUG org.hibernate.SQL - create table autor (dni varchar(255) not null, email varchar(255), nombre varchar(255), primary key (dni)) engine=InnoDB
2025-01-12 00:01:07.068 [main] DEBUG org.hibernate.SQL - create table revista (idRevista integer not null, fecha date, nombreRevista varchar(255), numeroRevista integer not null, unidadesImpresas integer not null, primary key (idRevista)) engine=InnoDB
2025-01-12 00:01:07.090 [main] DEBUG org.hibernate.SQL - create table revista_SEQ (next_val bigint) engine=InnoDB
2025-01-12 00:01:07.110 [main] DEBUG org.hibernate.SQL - insert into revista_SEQ values ( 1 )
2025-01-12 00:01:07.115 [main] DEBUG org.hibernate.SQL - alter table articulo add constraint FKmd832l2jwqyof3yia0sbmls5a foreign key (idRevista) references revista (idRevista)
2025-01-12 00:01:07.187 [main] DEBUG org.hibernate.SQL - alter table articulo_autor add constraint FKl3sjbt3jghh8yx25m8qqlovdv foreign key (autores_dni) references autor (dni)
2025-01-12 00:01:07.248 [main] DEBUG org.hibernate.SQL - alter table articulo_autor add constraint FKioyme4i3ie9922u9bdk48daqn foreign key (articulos_idArticulo) references articulo (idArticulo)
2025-01-12 00:01:07.337 [main] DEBUG org.hibernate.engine.transaction.jta.platform.internal.JtaPlatformInitiator - No JtaPlatform was specified, checking resolver
2025-01-12 00:01:07.340 [main] DEBUG org.hibernate.engine.transaction.jta.platform.internal.JtaPlatformResolverInitiator - No JtaPlatformResolver was specified, using default [org.hibernate.engine.transaction.jta.platform.internal.StandardJtaPlatformResolver]
2025-01-12 00:01:07.359 [main] DEBUG org.hibernate.engine.transaction.jta.platform.internal.StandardJtaPlatformResolver - Could not resolve JtaPlatform, using default [org.hibernate.engine.transaction.jta.platform.internal.NoJtaPlatform]
2025-01-12 00:01:07.359 [main] INFO  org.hibernate.engine.transaction.jta.platform.internal.JtaPlatformInitiator - HHH000490: Using JtaPlatform implementation: [org.hibernate.engine.transaction.jta.platform.internal.NoJtaPlatform]
2025-01-12 00:01:07.370 [main] DEBUG org.hibernate.service.internal.SessionFactoryServiceRegistryImpl - EventListenerRegistry access via ServiceRegistry is deprecated.  Use `sessionFactory.getEventEngine().getListenerRegistry()` instead
2025-01-12 00:01:07.371 [main] DEBUG org.hibernate.event.internal.EntityCopyObserverFactoryInitiator - Configured EntityCopyObserver strategy: disallow
2025-01-12 00:01:07.385 [main] DEBUG org.hibernate.internal.SessionFactoryRegistry - Initializing SessionFactoryRegistry : org.hibernate.internal.SessionFactoryRegistry@615b5480
2025-01-12 00:01:07.389 [main] DEBUG org.hibernate.internal.SessionFactoryRegistry - Registering SessionFactory: 711acf3a-52ab-454f-a5c3-b8d919987b39 (<unnamed>)
2025-01-12 00:01:07.389 [main] DEBUG org.hibernate.internal.SessionFactoryRegistry - Not binding SessionFactory to JNDI, no JNDI name configured
2025-01-12 00:01:07.461 [main] DEBUG org.hibernate.stat.internal.StatisticsInitiator - Statistics initialized [enabled=false]
2025-01-12 00:01:07.468 [main] DEBUG org.hibernate.engine.transaction.internal.TransactionImpl - On TransactionImpl creation, JpaCompliance#isJpaTransactionComplianceEnabled == false
2025-01-12 00:01:07.468 [main] DEBUG org.hibernate.engine.transaction.internal.TransactionImpl - begin
2025-01-12 00:01:07.477 [main] DEBUG org.hibernate.event.internal.AbstractSaveEventListener - Generated identifier: 12345678C, using strategy: org.hibernate.id.Assigned
2025-01-12 00:01:07.507 [main] DEBUG org.hibernate.engine.transaction.internal.TransactionImpl - committing
2025-01-12 00:01:07.508 [main] DEBUG org.hibernate.event.internal.AbstractFlushingEventListener - Processing flush-time cascades
2025-01-12 00:01:07.509 [main] DEBUG org.hibernate.event.internal.AbstractFlushingEventListener - Dirty checking collections
2025-01-12 00:01:07.516 [main] DEBUG org.hibernate.engine.internal.Collections - Collection found: [modelos.Autor.articulos#12345678C], was: [<unreferenced>] (initialized)
2025-01-12 00:01:07.520 [main] DEBUG org.hibernate.event.internal.AbstractFlushingEventListener - Flushed: 1 insertions, 0 updates, 0 deletions to 1 objects
2025-01-12 00:01:07.521 [main] DEBUG org.hibernate.event.internal.AbstractFlushingEventListener - Flushed: 1 (re)creations, 0 updates, 0 removals to 1 collections
2025-01-12 00:01:07.522 [main] DEBUG org.hibernate.internal.util.EntityPrinter - Listing entities:
2025-01-12 00:01:07.523 [main] DEBUG org.hibernate.internal.util.EntityPrinter - modelos.Autor{articulos=[], nombre=Pepa Flores, dni=12345678C, email=flores@gmail.com}
2025-01-12 00:01:07.528 [main] DEBUG org.hibernate.SQL - /* insert modelos.Autor */ insert into autor (email, nombre, dni) values (?, ?, ?)
2025-01-12 00:01:07.550 [main] DEBUG org.hibernate.resource.jdbc.internal.LogicalConnectionManagedImpl - Initiating JDBC connection release from afterTransaction
2025-01-12 00:01:07.551 [main] DEBUG org.hibernate.resource.jdbc.internal.LogicalConnectionManagedImpl - Initiating JDBC connection release from afterTransaction
2025-01-12 00:01:07.555 [main] DEBUG org.hibernate.engine.transaction.internal.TransactionImpl - On TransactionImpl creation, JpaCompliance#isJpaTransactionComplianceEnabled == false
2025-01-12 00:01:07.555 [main] DEBUG org.hibernate.engine.transaction.internal.TransactionImpl - begin
2025-01-12 00:01:07.557 [main] DEBUG org.hibernate.event.internal.AbstractSaveEventListener - Generated identifier: 12345679E, using strategy: org.hibernate.id.Assigned
2025-01-12 00:01:07.557 [main] DEBUG org.hibernate.engine.transaction.internal.TransactionImpl - committing
2025-01-12 00:01:07.557 [main] DEBUG org.hibernate.event.internal.AbstractFlushingEventListener - Processing flush-time cascades
2025-01-12 00:01:07.558 [main] DEBUG org.hibernate.event.internal.AbstractFlushingEventListener - Dirty checking collections
2025-01-12 00:01:07.558 [main] DEBUG org.hibernate.engine.internal.Collections - Collection found: [modelos.Autor.articulos#12345679E], was: [<unreferenced>] (initialized)
2025-01-12 00:01:07.558 [main] DEBUG org.hibernate.event.internal.AbstractFlushingEventListener - Flushed: 1 insertions, 0 updates, 0 deletions to 1 objects
2025-01-12 00:01:07.558 [main] DEBUG org.hibernate.event.internal.AbstractFlushingEventListener - Flushed: 1 (re)creations, 0 updates, 0 removals to 1 collections
2025-01-12 00:01:07.558 [main] DEBUG org.hibernate.internal.util.EntityPrinter - Listing entities:
2025-01-12 00:01:07.558 [main] DEBUG org.hibernate.internal.util.EntityPrinter - modelos.Autor{articulos=[], nombre=Ruperta Florero, dni=12345679E, email=florero@gmail.com}
2025-01-12 00:01:07.558 [main] DEBUG org.hibernate.SQL - /* insert modelos.Autor */ insert into autor (email, nombre, dni) values (?, ?, ?)
2025-01-12 00:01:07.564 [main] DEBUG org.hibernate.resource.jdbc.internal.LogicalConnectionManagedImpl - Initiating JDBC connection release from afterTransaction
2025-01-12 00:01:07.566 [main] DEBUG org.hibernate.resource.jdbc.internal.LogicalConnectionManagedImpl - Initiating JDBC connection release from afterTransaction
2025-01-12 00:01:07.568 [main] DEBUG org.hibernate.engine.transaction.internal.TransactionImpl - On TransactionImpl creation, JpaCompliance#isJpaTransactionComplianceEnabled == false
2025-01-12 00:01:07.568 [main] DEBUG org.hibernate.engine.transaction.internal.TransactionImpl - begin
2025-01-12 00:01:07.571 [main] DEBUG org.hibernate.event.internal.AbstractSaveEventListener - Generated identifier: 1222679E, using strategy: org.hibernate.id.Assigned
2025-01-12 00:01:07.571 [main] DEBUG org.hibernate.engine.transaction.internal.TransactionImpl - committing
2025-01-12 00:01:07.571 [main] DEBUG org.hibernate.event.internal.AbstractFlushingEventListener - Processing flush-time cascades
2025-01-12 00:01:07.572 [main] DEBUG org.hibernate.event.internal.AbstractFlushingEventListener - Dirty checking collections
2025-01-12 00:01:07.572 [main] DEBUG org.hibernate.engine.internal.Collections - Collection found: [modelos.Autor.articulos#1222679E], was: [<unreferenced>] (initialized)
2025-01-12 00:01:07.572 [main] DEBUG org.hibernate.event.internal.AbstractFlushingEventListener - Flushed: 1 insertions, 0 updates, 0 deletions to 1 objects
2025-01-12 00:01:07.572 [main] DEBUG org.hibernate.event.internal.AbstractFlushingEventListener - Flushed: 1 (re)creations, 0 updates, 0 removals to 1 collections
2025-01-12 00:01:07.572 [main] DEBUG org.hibernate.internal.util.EntityPrinter - Listing entities:
2025-01-12 00:01:07.572 [main] DEBUG org.hibernate.internal.util.EntityPrinter - modelos.Autor{articulos=[], nombre=Ramon Florito, dni=1222679E, email=florito@gmail.com}
2025-01-12 00:01:07.572 [main] DEBUG org.hibernate.SQL - /* insert modelos.Autor */ insert into autor (email, nombre, dni) values (?, ?, ?)
2025-01-12 00:01:07.577 [main] DEBUG org.hibernate.resource.jdbc.internal.LogicalConnectionManagedImpl - Initiating JDBC connection release from afterTransaction
2025-01-12 00:01:07.578 [main] DEBUG org.hibernate.resource.jdbc.internal.LogicalConnectionManagedImpl - Initiating JDBC connection release from afterTransaction
2025-01-12 00:01:07.589 [main] DEBUG org.hibernate.engine.transaction.internal.TransactionImpl - On TransactionImpl creation, JpaCompliance#isJpaTransactionComplianceEnabled == false
2025-01-12 00:01:07.589 [main] DEBUG org.hibernate.engine.transaction.internal.TransactionImpl - begin
2025-01-12 00:01:07.638 [main] DEBUG org.hibernate.SQL - select next_val as id_val from revista_SEQ for update
2025-01-12 00:01:07.642 [main] DEBUG org.hibernate.SQL - update revista_SEQ set next_val= ? where next_val=?
2025-01-12 00:01:07.656 [main] DEBUG org.hibernate.event.internal.AbstractSaveEventListener - Generated identifier: 1, using strategy: org.hibernate.id.enhanced.SequenceStyleGenerator
2025-01-12 00:01:07.660 [main] DEBUG org.hibernate.engine.transaction.internal.TransactionImpl - committing
2025-01-12 00:01:07.660 [main] DEBUG org.hibernate.event.internal.AbstractFlushingEventListener - Processing flush-time cascades
2025-01-12 00:01:07.661 [main] DEBUG org.hibernate.event.internal.AbstractFlushingEventListener - Dirty checking collections
2025-01-12 00:01:07.661 [main] DEBUG org.hibernate.engine.internal.Collections - Collection found: [modelos.Revista.articulos#1], was: [<unreferenced>] (initialized)
2025-01-12 00:01:07.661 [main] DEBUG org.hibernate.event.internal.AbstractFlushingEventListener - Flushed: 1 insertions, 0 updates, 0 deletions to 1 objects
2025-01-12 00:01:07.661 [main] DEBUG org.hibernate.event.internal.AbstractFlushingEventListener - Flushed: 1 (re)creations, 0 updates, 0 removals to 1 collections
2025-01-12 00:01:07.662 [main] DEBUG org.hibernate.internal.util.EntityPrinter - Listing entities:
2025-01-12 00:01:07.662 [main] DEBUG org.hibernate.internal.util.EntityPrinter - modelos.Revista{idRevista=1, fecha=2025-01-12, articulos=[], numeroRevista=1, nombreRevista=Revista 1, unidadesImpresas=179}
2025-01-12 00:01:07.662 [main] DEBUG org.hibernate.SQL - /* insert modelos.Revista */ insert into revista (fecha, nombreRevista, numeroRevista, unidadesImpresas, idRevista) values (?, ?, ?, ?, ?)
2025-01-12 00:01:07.678 [main] DEBUG org.hibernate.resource.jdbc.internal.LogicalConnectionManagedImpl - Initiating JDBC connection release from afterTransaction
2025-01-12 00:01:07.679 [main] DEBUG org.hibernate.resource.jdbc.internal.LogicalConnectionManagedImpl - Initiating JDBC connection release from afterTransaction
2025-01-12 00:01:07.679 [main] DEBUG org.hibernate.engine.transaction.internal.TransactionImpl - On TransactionImpl creation, JpaCompliance#isJpaTransactionComplianceEnabled == false
2025-01-12 00:01:07.679 [main] DEBUG org.hibernate.engine.transaction.internal.TransactionImpl - begin
2025-01-12 00:01:07.690 [main] DEBUG org.hibernate.orm.sql.ast.create - Created new SQL alias : r1_0
2025-01-12 00:01:07.691 [main] DEBUG org.hibernate.orm.sql.ast.create - Registration of TableGroup [StandardTableGroup(modelos.Revista)] with identifierForTableGroup [modelos.Revista] for NavigablePath [modelos.Revista] 
2025-01-12 00:01:07.692 [main] DEBUG org.hibernate.orm.sql.ast.create - Created new SQL alias : a1_0
2025-01-12 00:01:07.692 [main] DEBUG org.hibernate.orm.sql.ast.create - Registration of TableGroup [org.hibernate.sql.ast.tree.from.OneToManyTableGroup@749baa0c] with identifierForTableGroup [modelos.Revista.articulos] for NavigablePath [modelos.Revista.articulos] 
2025-01-12 00:01:07.695 [main] DEBUG org.hibernate.orm.sql.ast.create - Registration of TableGroup [StandardTableGroup(modelos.Revista.articulos.{element})] with identifierForTableGroup [modelos.Revista.articulos.{element}] for NavigablePath [modelos.Revista.articulos.{element}] 
2025-01-12 00:01:07.700 [main] DEBUG org.hibernate.orm.results.graph.AST - DomainResult Graph:
 \-EntityResultImpl [modelos.Revista]
 |  +-EagerCollectionFetch [modelos.Revista.articulos]
 |  |  \-EntityFetchJoinedImpl [modelos.Revista.articulos.{element}]
 |  +-BasicFetch [modelos.Revista.fecha]
 |  +-BasicFetch [modelos.Revista.nombreRevista]
 |  +-BasicFetch [modelos.Revista.numeroRevista]
 |  \-BasicFetch [modelos.Revista.unidadesImpresas]

2025-01-12 00:01:07.701 [main] DEBUG org.hibernate.orm.sql.ast.tree - SQL AST Tree:
    SelectStatement {
      FromClause {
        StandardTableGroup (r1 : modelos.Revista) {
          primaryTableReference : revista as r1_0
          TableGroupJoins {
            left  join OneToManyTableGroup (a1 : modelos.Revista.articulos) {
              primaryTableReference : articulo as a1_0
            }
          }
        }
      }
    }

2025-01-12 00:01:07.717 [main] DEBUG org.hibernate.orm.sql.exec - Skipping reading Query result cache data: cache-enabled = false, cache-mode = IGNORE
2025-01-12 00:01:07.740 [main] DEBUG org.hibernate.orm.results - Initializer list
2025-01-12 00:01:07.741 [main] DEBUG org.hibernate.orm.results -     modelos.Revista.articulos.{element}.autores -> DelayedCollectionInitializer(modelos.Revista.articulos.{element}.autores)@2075454833 (PluralAttribute(modelos.Articulo.autores))
2025-01-12 00:01:07.741 [main] DEBUG org.hibernate.orm.results -     modelos.Revista.articulos.{element} -> EntityJoinedFetchInitializer(modelos.Revista.articulos.{element})@477239455 (EntityCollectionPart(NavigableRole[modelos.Revista.articulos#{element}])@348026124)
2025-01-12 00:01:07.742 [main] DEBUG org.hibernate.orm.results -     modelos.Revista.articulos -> BagInitializer(modelos.Revista.articulos)@1485318803 (PluralAttribute(modelos.Revista.articulos))
2025-01-12 00:01:07.742 [main] DEBUG org.hibernate.orm.results -     modelos.Revista -> EntityResultInitializer(modelos.Revista)@367035925 (SingleTableEntityPersister(modelos.Revista))
2025-01-12 00:01:07.745 [main] DEBUG org.hibernate.SQL - select r1_0.idRevista,a1_0.idRevista,a1_0.idArticulo,a1_0.numPaginaFin,a1_0.numPaginaInicio,a1_0.titulo,r1_0.fecha,r1_0.nombreRevista,r1_0.numeroRevista,r1_0.unidadesImpresas from revista r1_0 left join articulo a1_0 on r1_0.idRevista=a1_0.idRevista where r1_0.idRevista=?
2025-01-12 00:01:07.761 [main] DEBUG org.hibernate.orm.results - Extracted JDBC value [2] - [null]
2025-01-12 00:01:07.761 [main] DEBUG org.hibernate.orm.results.loading.entity - (EntityJoinedFetchInitializer) EntityKey (modelos.Revista.articulos.{element}) is null
2025-01-12 00:01:07.761 [main] DEBUG org.hibernate.orm.results.loading.entity - (EntityResultInitializer) Hydrated EntityKey (modelos.Revista): 1
2025-01-12 00:01:07.761 [main] DEBUG org.hibernate.orm.results - Extracted JDBC value [2] - [null]
2025-01-12 00:01:07.761 [main] DEBUG org.hibernate.orm.results - Extracted JDBC value [0] - [1]
2025-01-12 00:01:07.762 [main] DEBUG org.hibernate.orm.results.loading.org.hibernate.orm.results.loading.collection - (DelayedCollectionInitializer) Current row collection key : modelos.Revista.articulos#1
2025-01-12 00:01:07.763 [main] DEBUG org.hibernate.orm.results - Extracted JDBC value [1] - [null]
2025-01-12 00:01:07.766 [main] DEBUG org.hibernate.orm.results.loading.org.hibernate.orm.results.loading.collection - (BagInitializer) Created new collection wrapper [modelos.Revista.articulos#1] : org.hibernate.collection.spi.PersistentBag@1054334320
2025-01-12 00:01:07.769 [main] DEBUG org.hibernate.orm.results.loading.org.hibernate.orm.results.loading.collection - (BagInitializer) Responsible for loading collection [modelos.Revista.articulos#1] : org.hibernate.collection.spi.PersistentBag@1054334320
2025-01-12 00:01:07.770 [main] DEBUG org.hibernate.orm.results.loading.entity - (EntityResultInitializer) Created new entity instance [modelos.Revista#1] : modelos.Revista@20
2025-01-12 00:01:07.771 [main] DEBUG org.hibernate.orm.results - Extracted JDBC value [6] - [2025-01-12]
2025-01-12 00:01:07.771 [main] DEBUG org.hibernate.orm.results - Extracted JDBC value [7] - [Revista 1]
2025-01-12 00:01:07.772 [main] DEBUG org.hibernate.orm.results - Extracted JDBC value [8] - [1]
2025-01-12 00:01:07.772 [main] DEBUG org.hibernate.orm.results - Extracted JDBC value [9] - [179]
2025-01-12 00:01:07.773 [main] DEBUG org.hibernate.orm.results.loading.entity - (EntityResultInitializer) Done materializing entityInstance : modelos.Revista#1
2025-01-12 00:01:07.774 [main] DEBUG org.hibernate.orm.results.loading - Calling top-level assembler (0 / 1) : org.hibernate.sql.results.graph.entity.internal.EntityAssembler@79ad1774
2025-01-12 00:01:07.775 [main] DEBUG org.hibernate.sql.results.internal.ResultsHelper - Collection fully initialized: [modelos.Revista.articulos#1]
2025-01-12 00:01:07.781 [main] DEBUG org.hibernate.SQL - select next_val as id_val from articulo_SEQ for update
2025-01-12 00:01:07.784 [main] DEBUG org.hibernate.SQL - update articulo_SEQ set next_val= ? where next_val=?
2025-01-12 00:01:07.793 [main] DEBUG org.hibernate.event.internal.AbstractSaveEventListener - Generated identifier: 1, using strategy: org.hibernate.id.enhanced.SequenceStyleGenerator
2025-01-12 00:01:07.795 [main] DEBUG org.hibernate.orm.sql.exec - Skipping reading Query result cache data: cache-enabled = false, cache-mode = IGNORE
2025-01-12 00:01:07.795 [main] DEBUG org.hibernate.orm.results - Initializer list
2025-01-12 00:01:07.795 [main] DEBUG org.hibernate.orm.results -     modelos.Autor.articulos -> DelayedCollectionInitializer(modelos.Autor.articulos)@219962610 (PluralAttribute(modelos.Autor.articulos))
2025-01-12 00:01:07.795 [main] DEBUG org.hibernate.orm.results -     modelos.Autor -> EntityResultInitializer(modelos.Autor)@2114553545 (SingleTableEntityPersister(modelos.Autor))
2025-01-12 00:01:07.795 [main] DEBUG org.hibernate.SQL - select a1_0.dni,a1_0.email,a1_0.nombre from autor a1_0 where a1_0.dni=?
2025-01-12 00:01:07.797 [main] DEBUG org.hibernate.orm.results.loading.entity - (EntityResultInitializer) Hydrated EntityKey (modelos.Autor): 1222679E
2025-01-12 00:01:07.798 [main] DEBUG org.hibernate.orm.results - Extracted JDBC value [0] - [1222679E]
2025-01-12 00:01:07.798 [main] DEBUG org.hibernate.orm.results.loading.org.hibernate.orm.results.loading.collection - (DelayedCollectionInitializer) Current row collection key : modelos.Autor.articulos#1222679E
2025-01-12 00:01:07.801 [main] DEBUG org.hibernate.orm.results.loading.entity - (EntityResultInitializer) Created new entity instance [modelos.Autor#1222679E] : Autor []
2025-01-12 00:01:07.801 [main] DEBUG org.hibernate.orm.results - Extracted JDBC value [1] - [florito@gmail.com]
2025-01-12 00:01:07.801 [main] DEBUG org.hibernate.orm.results - Extracted JDBC value [2] - [Ramon Florito]
2025-01-12 00:01:07.801 [main] DEBUG org.hibernate.orm.results.loading.entity - (EntityResultInitializer) Done materializing entityInstance : modelos.Autor#1222679E
2025-01-12 00:01:07.801 [main] DEBUG org.hibernate.orm.results.loading - Calling top-level assembler (0 / 1) : org.hibernate.sql.results.graph.entity.internal.EntityAssembler@f59da34
2025-01-12 00:01:07.802 [main] DEBUG org.hibernate.orm.sql.exec - Skipping reading Query result cache data: cache-enabled = false, cache-mode = IGNORE
2025-01-12 00:01:07.802 [main] DEBUG org.hibernate.orm.results - Initializer list
2025-01-12 00:01:07.802 [main] DEBUG org.hibernate.orm.results -     modelos.Autor.articulos -> DelayedCollectionInitializer(modelos.Autor.articulos)@1386640019 (PluralAttribute(modelos.Autor.articulos))
2025-01-12 00:01:07.803 [main] DEBUG org.hibernate.orm.results -     modelos.Autor -> EntityResultInitializer(modelos.Autor)@2034036629 (SingleTableEntityPersister(modelos.Autor))
2025-01-12 00:01:07.803 [main] DEBUG org.hibernate.SQL - select a1_0.dni,a1_0.email,a1_0.nombre from autor a1_0 where a1_0.dni=?
2025-01-12 00:01:07.806 [main] DEBUG org.hibernate.orm.results.loading.entity - (EntityResultInitializer) Hydrated EntityKey (modelos.Autor): 12345678C
2025-01-12 00:01:07.806 [main] DEBUG org.hibernate.orm.results - Extracted JDBC value [0] - [12345678C]
2025-01-12 00:01:07.806 [main] DEBUG org.hibernate.orm.results.loading.org.hibernate.orm.results.loading.collection - (DelayedCollectionInitializer) Current row collection key : modelos.Autor.articulos#12345678C
2025-01-12 00:01:07.807 [main] DEBUG org.hibernate.orm.results.loading.entity - (EntityResultInitializer) Created new entity instance [modelos.Autor#12345678C] : Autor []
2025-01-12 00:01:07.811 [main] DEBUG org.hibernate.orm.results - Extracted JDBC value [1] - [flores@gmail.com]
2025-01-12 00:01:07.811 [main] DEBUG org.hibernate.orm.results - Extracted JDBC value [2] - [Pepa Flores]
2025-01-12 00:01:07.812 [main] DEBUG org.hibernate.orm.results.loading.entity - (EntityResultInitializer) Done materializing entityInstance : modelos.Autor#12345678C
2025-01-12 00:01:07.812 [main] DEBUG org.hibernate.orm.results.loading - Calling top-level assembler (0 / 1) : org.hibernate.sql.results.graph.entity.internal.EntityAssembler@6903ed0e
2025-01-12 00:01:07.816 [main] DEBUG org.hibernate.SQL - select next_val as id_val from articulo_SEQ for update
2025-01-12 00:01:07.818 [main] DEBUG org.hibernate.SQL - update articulo_SEQ set next_val= ? where next_val=?
2025-01-12 00:01:07.824 [main] DEBUG org.hibernate.event.internal.AbstractSaveEventListener - Generated identifier: 2, using strategy: org.hibernate.id.enhanced.SequenceStyleGenerator
2025-01-12 00:01:07.826 [main] DEBUG org.hibernate.orm.sql.exec - Skipping reading Query result cache data: cache-enabled = false, cache-mode = IGNORE
2025-01-12 00:01:07.826 [main] DEBUG org.hibernate.orm.results - Initializer list
2025-01-12 00:01:07.826 [main] DEBUG org.hibernate.orm.results -     modelos.Autor.articulos -> DelayedCollectionInitializer(modelos.Autor.articulos)@1630790155 (PluralAttribute(modelos.Autor.articulos))
2025-01-12 00:01:07.827 [main] DEBUG org.hibernate.orm.results -     modelos.Autor -> EntityResultInitializer(modelos.Autor)@822063782 (SingleTableEntityPersister(modelos.Autor))
2025-01-12 00:01:07.827 [main] DEBUG org.hibernate.SQL - select a1_0.dni,a1_0.email,a1_0.nombre from autor a1_0 where a1_0.dni=?
2025-01-12 00:01:07.830 [main] DEBUG org.hibernate.orm.results.loading.entity - (EntityResultInitializer) Hydrated EntityKey (modelos.Autor): 12345679E
2025-01-12 00:01:07.830 [main] DEBUG org.hibernate.orm.results - Extracted JDBC value [0] - [12345679E]
2025-01-12 00:01:07.830 [main] DEBUG org.hibernate.orm.results.loading.org.hibernate.orm.results.loading.collection - (DelayedCollectionInitializer) Current row collection key : modelos.Autor.articulos#12345679E
2025-01-12 00:01:07.831 [main] DEBUG org.hibernate.orm.results.loading.entity - (EntityResultInitializer) Created new entity instance [modelos.Autor#12345679E] : Autor []
2025-01-12 00:01:07.831 [main] DEBUG org.hibernate.orm.results - Extracted JDBC value [1] - [florero@gmail.com]
2025-01-12 00:01:07.831 [main] DEBUG org.hibernate.orm.results - Extracted JDBC value [2] - [Ruperta Florero]
2025-01-12 00:01:07.831 [main] DEBUG org.hibernate.orm.results.loading.entity - (EntityResultInitializer) Done materializing entityInstance : modelos.Autor#12345679E
2025-01-12 00:01:07.831 [main] DEBUG org.hibernate.orm.results.loading - Calling top-level assembler (0 / 1) : org.hibernate.sql.results.graph.entity.internal.EntityAssembler@38c10190
2025-01-12 00:01:07.836 [main] DEBUG org.hibernate.engine.spi.CollectionEntry - Reset storedSnapshot to [] for CollectionEntry[modelos.Revista.articulos#1]
2025-01-12 00:01:07.837 [main] DEBUG org.hibernate.engine.transaction.internal.TransactionImpl - committing
2025-01-12 00:01:07.837 [main] DEBUG org.hibernate.event.internal.AbstractFlushingEventListener - Processing flush-time cascades
2025-01-12 00:01:07.840 [main] DEBUG org.hibernate.event.internal.AbstractFlushingEventListener - Dirty checking collections
2025-01-12 00:01:07.840 [main] DEBUG org.hibernate.engine.spi.CollectionEntry - Collection dirty: [modelos.Revista.articulos#1]
2025-01-12 00:01:07.841 [main] DEBUG org.hibernate.engine.internal.Collections - Collection found: [modelos.Revista.articulos#1], was: [modelos.Revista.articulos#1] (initialized)
2025-01-12 00:01:07.841 [main] DEBUG org.hibernate.engine.internal.Collections - Collection found: [modelos.Articulo.autores#1], was: [<unreferenced>] (initialized)
2025-01-12 00:01:07.842 [main] DEBUG org.hibernate.engine.internal.Collections - Collection found: [modelos.Autor.articulos#1222679E], was: [modelos.Autor.articulos#1222679E] (uninitialized)
2025-01-12 00:01:07.842 [main] DEBUG org.hibernate.engine.internal.Collections - Collection found: [modelos.Autor.articulos#12345678C], was: [modelos.Autor.articulos#12345678C] (uninitialized)
2025-01-12 00:01:07.843 [main] DEBUG org.hibernate.engine.internal.Collections - Collection found: [modelos.Articulo.autores#2], was: [<unreferenced>] (initialized)
2025-01-12 00:01:07.843 [main] DEBUG org.hibernate.engine.internal.Collections - Collection found: [modelos.Autor.articulos#12345679E], was: [modelos.Autor.articulos#12345679E] (uninitialized)
2025-01-12 00:01:07.844 [main] DEBUG org.hibernate.event.internal.AbstractFlushingEventListener - Flushed: 2 insertions, 0 updates, 0 deletions to 6 objects
2025-01-12 00:01:07.844 [main] DEBUG org.hibernate.event.internal.AbstractFlushingEventListener - Flushed: 2 (re)creations, 1 updates, 0 removals to 6 collections
2025-01-12 00:01:07.844 [main] DEBUG org.hibernate.internal.util.EntityPrinter - Listing entities:
2025-01-12 00:01:07.844 [main] DEBUG org.hibernate.internal.util.EntityPrinter - modelos.Autor{articulos=<uninitialized>, nombre=Ramon Florito, dni=1222679E, email=florito@gmail.com}
2025-01-12 00:01:07.845 [main] DEBUG org.hibernate.internal.util.EntityPrinter - modelos.Revista{idRevista=1, fecha=2025-01-12, articulos=[modelos.Articulo#1, modelos.Articulo#2], numeroRevista=1, nombreRevista=Revista 1, unidadesImpresas=179}
2025-01-12 00:01:07.845 [main] DEBUG org.hibernate.internal.util.EntityPrinter - modelos.Autor{articulos=<uninitialized>, nombre=Pepa Flores, dni=12345678C, email=flores@gmail.com}
2025-01-12 00:01:07.845 [main] DEBUG org.hibernate.internal.util.EntityPrinter - modelos.Autor{articulos=<uninitialized>, nombre=Ruperta Florero, dni=12345679E, email=florero@gmail.com}
2025-01-12 00:01:07.845 [main] DEBUG org.hibernate.internal.util.EntityPrinter - modelos.Articulo{idArticulo=1, numPaginaFin=12, numPaginaInicio=5, titulo=Seguridad en la web, revista=modelos.Revista#1, autores=[modelos.Autor#1222679E, modelos.Autor#12345678C]}
2025-01-12 00:01:07.845 [main] DEBUG org.hibernate.internal.util.EntityPrinter - modelos.Articulo{idArticulo=2, numPaginaFin=15, numPaginaInicio=10, titulo=Seguridad en los datos, revista=modelos.Revista#1, autores=[modelos.Autor#12345678C, modelos.Autor#12345679E]}
2025-01-12 00:01:07.846 [main] DEBUG org.hibernate.SQL - /* insert modelos.Articulo */ insert into articulo (numPaginaFin, numPaginaInicio, idRevista, titulo, idArticulo) values (?, ?, ?, ?, ?)
2025-01-12 00:01:07.850 [main] DEBUG org.hibernate.SQL - /* insert modelos.Articulo */ insert into articulo (numPaginaFin, numPaginaInicio, idRevista, titulo, idArticulo) values (?, ?, ?, ?, ?)
2025-01-12 00:01:07.856 [main] DEBUG org.hibernate.persister.collection.AbstractCollectionPersister - Inserting collection: [modelos.Articulo.autores#1]
2025-01-12 00:01:07.861 [main] DEBUG org.hibernate.SQL - /* insert collection row modelos.Articulo.autores */ insert into articulo_autor (articulos_idArticulo, autores_dni) values (?, ?)
2025-01-12 00:01:07.864 [main] DEBUG org.hibernate.SQL - /* insert collection row modelos.Articulo.autores */ insert into articulo_autor (articulos_idArticulo, autores_dni) values (?, ?)
2025-01-12 00:01:07.869 [main] DEBUG org.hibernate.persister.collection.AbstractCollectionPersister - Done inserting collection: 2 rows inserted
2025-01-12 00:01:07.869 [main] DEBUG org.hibernate.persister.collection.AbstractCollectionPersister - Inserting collection: [modelos.Articulo.autores#2]
2025-01-12 00:01:07.869 [main] DEBUG org.hibernate.SQL - /* insert collection row modelos.Articulo.autores */ insert into articulo_autor (articulos_idArticulo, autores_dni) values (?, ?)
2025-01-12 00:01:07.874 [main] DEBUG org.hibernate.SQL - /* insert collection row modelos.Articulo.autores */ insert into articulo_autor (articulos_idArticulo, autores_dni) values (?, ?)
2025-01-12 00:01:07.879 [main] DEBUG org.hibernate.persister.collection.AbstractCollectionPersister - Done inserting collection: 2 rows inserted
2025-01-12 00:01:07.883 [main] DEBUG org.hibernate.resource.jdbc.internal.LogicalConnectionManagedImpl - Initiating JDBC connection release from afterTransaction
2025-01-12 00:01:07.885 [main] DEBUG org.hibernate.resource.jdbc.internal.LogicalConnectionManagedImpl - Initiating JDBC connection release from afterTransaction
2025-01-12 00:01:07.886 [main] DEBUG org.hibernate.engine.jdbc.internal.JdbcCoordinatorImpl - HHH000420: Closing un-released batch
2025-01-12 00:01:07.886 [main] DEBUG org.hibernate.engine.transaction.internal.TransactionImpl - On TransactionImpl creation, JpaCompliance#isJpaTransactionComplianceEnabled == false
2025-01-12 00:01:07.886 [main] DEBUG org.hibernate.engine.transaction.internal.TransactionImpl - begin
2025-01-12 00:01:07.890 [main] DEBUG org.hibernate.SQL - select next_val as id_val from revista_SEQ for update
2025-01-12 00:01:07.893 [main] DEBUG org.hibernate.SQL - update revista_SEQ set next_val= ? where next_val=?
2025-01-12 00:01:07.899 [main] DEBUG org.hibernate.event.internal.AbstractSaveEventListener - Generated identifier: 2, using strategy: org.hibernate.id.enhanced.SequenceStyleGenerator
2025-01-12 00:01:07.901 [main] DEBUG org.hibernate.engine.transaction.internal.TransactionImpl - committing
2025-01-12 00:01:07.902 [main] DEBUG org.hibernate.event.internal.AbstractFlushingEventListener - Processing flush-time cascades
2025-01-12 00:01:07.902 [main] DEBUG org.hibernate.event.internal.AbstractFlushingEventListener - Dirty checking collections
2025-01-12 00:01:07.903 [main] DEBUG org.hibernate.engine.internal.Collections - Collection found: [modelos.Revista.articulos#2], was: [<unreferenced>] (initialized)
2025-01-12 00:01:07.904 [main] DEBUG org.hibernate.event.internal.AbstractFlushingEventListener - Flushed: 1 insertions, 0 updates, 0 deletions to 1 objects
2025-01-12 00:01:07.904 [main] DEBUG org.hibernate.event.internal.AbstractFlushingEventListener - Flushed: 1 (re)creations, 0 updates, 0 removals to 1 collections
2025-01-12 00:01:07.904 [main] DEBUG org.hibernate.internal.util.EntityPrinter - Listing entities:
2025-01-12 00:01:07.904 [main] DEBUG org.hibernate.internal.util.EntityPrinter - modelos.Revista{idRevista=2, fecha=2024-03-18, articulos=[], numeroRevista=2, nombreRevista=Revista 1, unidadesImpresas=180}
2025-01-12 00:01:07.905 [main] DEBUG org.hibernate.SQL - /* insert modelos.Revista */ insert into revista (fecha, nombreRevista, numeroRevista, unidadesImpresas, idRevista) values (?, ?, ?, ?, ?)
2025-01-12 00:01:07.912 [main] DEBUG org.hibernate.resource.jdbc.internal.LogicalConnectionManagedImpl - Initiating JDBC connection release from afterTransaction
2025-01-12 00:01:07.913 [main] DEBUG org.hibernate.resource.jdbc.internal.LogicalConnectionManagedImpl - Initiating JDBC connection release from afterTransaction
2025-01-12 00:01:07.913 [main] DEBUG org.hibernate.engine.transaction.internal.TransactionImpl - On TransactionImpl creation, JpaCompliance#isJpaTransactionComplianceEnabled == false
2025-01-12 00:01:07.913 [main] DEBUG org.hibernate.engine.transaction.internal.TransactionImpl - begin
2025-01-12 00:01:07.916 [main] DEBUG org.hibernate.orm.sql.exec - Skipping reading Query result cache data: cache-enabled = false, cache-mode = IGNORE
2025-01-12 00:01:07.917 [main] DEBUG org.hibernate.orm.results - Initializer list
2025-01-12 00:01:07.918 [main] DEBUG org.hibernate.orm.results -     modelos.Revista.articulos.{element}.autores -> DelayedCollectionInitializer(modelos.Revista.articulos.{element}.autores)@457660003 (PluralAttribute(modelos.Articulo.autores))
2025-01-12 00:01:07.918 [main] DEBUG org.hibernate.orm.results -     modelos.Revista.articulos.{element} -> EntityJoinedFetchInitializer(modelos.Revista.articulos.{element})@376017690 (EntityCollectionPart(NavigableRole[modelos.Revista.articulos#{element}])@348026124)
2025-01-12 00:01:07.918 [main] DEBUG org.hibernate.orm.results -     modelos.Revista.articulos -> BagInitializer(modelos.Revista.articulos)@1797578199 (PluralAttribute(modelos.Revista.articulos))
2025-01-12 00:01:07.918 [main] DEBUG org.hibernate.orm.results -     modelos.Revista -> EntityResultInitializer(modelos.Revista)@316671934 (SingleTableEntityPersister(modelos.Revista))
2025-01-12 00:01:07.919 [main] DEBUG org.hibernate.SQL - select r1_0.idRevista,a1_0.idRevista,a1_0.idArticulo,a1_0.numPaginaFin,a1_0.numPaginaInicio,a1_0.titulo,r1_0.fecha,r1_0.nombreRevista,r1_0.numeroRevista,r1_0.unidadesImpresas from revista r1_0 left join articulo a1_0 on r1_0.idRevista=a1_0.idRevista where r1_0.idRevista=?
2025-01-12 00:01:07.922 [main] DEBUG org.hibernate.orm.results - Extracted JDBC value [2] - [null]
2025-01-12 00:01:07.922 [main] DEBUG org.hibernate.orm.results.loading.entity - (EntityJoinedFetchInitializer) EntityKey (modelos.Revista.articulos.{element}) is null
2025-01-12 00:01:07.923 [main] DEBUG org.hibernate.orm.results.loading.entity - (EntityResultInitializer) Hydrated EntityKey (modelos.Revista): 2
2025-01-12 00:01:07.923 [main] DEBUG org.hibernate.orm.results - Extracted JDBC value [2] - [null]
2025-01-12 00:01:07.923 [main] DEBUG org.hibernate.orm.results - Extracted JDBC value [0] - [2]
2025-01-12 00:01:07.923 [main] DEBUG org.hibernate.orm.results.loading.org.hibernate.orm.results.loading.collection - (DelayedCollectionInitializer) Current row collection key : modelos.Revista.articulos#2
2025-01-12 00:01:07.923 [main] DEBUG org.hibernate.orm.results - Extracted JDBC value [1] - [null]
2025-01-12 00:01:07.923 [main] DEBUG org.hibernate.orm.results.loading.org.hibernate.orm.results.loading.collection - (BagInitializer) Created new collection wrapper [modelos.Revista.articulos#2] : org.hibernate.collection.spi.PersistentBag@614054257
2025-01-12 00:01:07.923 [main] DEBUG org.hibernate.orm.results.loading.org.hibernate.orm.results.loading.collection - (BagInitializer) Responsible for loading collection [modelos.Revista.articulos#2] : org.hibernate.collection.spi.PersistentBag@614054257
2025-01-12 00:01:07.923 [main] DEBUG org.hibernate.orm.results.loading.entity - (EntityResultInitializer) Created new entity instance [modelos.Revista#2] : modelos.Revista@21
2025-01-12 00:01:07.923 [main] DEBUG org.hibernate.orm.results - Extracted JDBC value [6] - [2024-03-18]
2025-01-12 00:01:07.923 [main] DEBUG org.hibernate.orm.results - Extracted JDBC value [7] - [Revista 1]
2025-01-12 00:01:07.924 [main] DEBUG org.hibernate.orm.results - Extracted JDBC value [8] - [2]
2025-01-12 00:01:07.924 [main] DEBUG org.hibernate.orm.results - Extracted JDBC value [9] - [180]
2025-01-12 00:01:07.924 [main] DEBUG org.hibernate.orm.results.loading.entity - (EntityResultInitializer) Done materializing entityInstance : modelos.Revista#2
2025-01-12 00:01:07.924 [main] DEBUG org.hibernate.orm.results.loading - Calling top-level assembler (0 / 1) : org.hibernate.sql.results.graph.entity.internal.EntityAssembler@28831d69
2025-01-12 00:01:07.924 [main] DEBUG org.hibernate.sql.results.internal.ResultsHelper - Collection fully initialized: [modelos.Revista.articulos#2]
2025-01-12 00:01:07.925 [main] DEBUG org.hibernate.event.internal.AbstractSaveEventListener - Generated identifier: 3, using strategy: org.hibernate.id.enhanced.SequenceStyleGenerator
2025-01-12 00:01:07.925 [main] DEBUG org.hibernate.orm.sql.exec - Skipping reading Query result cache data: cache-enabled = false, cache-mode = IGNORE
2025-01-12 00:01:07.926 [main] DEBUG org.hibernate.orm.results - Initializer list
2025-01-12 00:01:07.926 [main] DEBUG org.hibernate.orm.results -     modelos.Autor.articulos -> DelayedCollectionInitializer(modelos.Autor.articulos)@1518966801 (PluralAttribute(modelos.Autor.articulos))
2025-01-12 00:01:07.926 [main] DEBUG org.hibernate.orm.results -     modelos.Autor -> EntityResultInitializer(modelos.Autor)@1783737980 (SingleTableEntityPersister(modelos.Autor))
2025-01-12 00:01:07.926 [main] DEBUG org.hibernate.SQL - select a1_0.dni,a1_0.email,a1_0.nombre from autor a1_0 where a1_0.dni=?
2025-01-12 00:01:07.928 [main] DEBUG org.hibernate.orm.results.loading.entity - (EntityResultInitializer) Hydrated EntityKey (modelos.Autor): 1222679E
2025-01-12 00:01:07.929 [main] DEBUG org.hibernate.orm.results - Extracted JDBC value [0] - [1222679E]
2025-01-12 00:01:07.929 [main] DEBUG org.hibernate.orm.results.loading.org.hibernate.orm.results.loading.collection - (DelayedCollectionInitializer) Current row collection key : modelos.Autor.articulos#1222679E
2025-01-12 00:01:07.929 [main] DEBUG org.hibernate.orm.results.loading.entity - (EntityResultInitializer) Created new entity instance [modelos.Autor#1222679E] : Autor []
2025-01-12 00:01:07.929 [main] DEBUG org.hibernate.orm.results - Extracted JDBC value [1] - [florito@gmail.com]
2025-01-12 00:01:07.929 [main] DEBUG org.hibernate.orm.results - Extracted JDBC value [2] - [Ramon Florito]
2025-01-12 00:01:07.929 [main] DEBUG org.hibernate.orm.results.loading.entity - (EntityResultInitializer) Done materializing entityInstance : modelos.Autor#1222679E
2025-01-12 00:01:07.930 [main] DEBUG org.hibernate.orm.results.loading - Calling top-level assembler (0 / 1) : org.hibernate.sql.results.graph.entity.internal.EntityAssembler@25470477
2025-01-12 00:01:07.932 [main] DEBUG org.hibernate.event.internal.AbstractSaveEventListener - Generated identifier: 4, using strategy: org.hibernate.id.enhanced.SequenceStyleGenerator
2025-01-12 00:01:07.935 [main] DEBUG org.hibernate.event.internal.AbstractSaveEventListener - Generated identifier: 5, using strategy: org.hibernate.id.enhanced.SequenceStyleGenerator
2025-01-12 00:01:07.940 [main] DEBUG org.hibernate.event.internal.AbstractSaveEventListener - Generated identifier: 6, using strategy: org.hibernate.id.enhanced.SequenceStyleGenerator
2025-01-12 00:01:07.942 [main] DEBUG org.hibernate.orm.sql.exec - Skipping reading Query result cache data: cache-enabled = false, cache-mode = IGNORE
2025-01-12 00:01:07.943 [main] DEBUG org.hibernate.orm.results - Initializer list
2025-01-12 00:01:07.943 [main] DEBUG org.hibernate.orm.results -     modelos.Autor.articulos -> DelayedCollectionInitializer(modelos.Autor.articulos)@668417314 (PluralAttribute(modelos.Autor.articulos))
2025-01-12 00:01:07.943 [main] DEBUG org.hibernate.orm.results -     modelos.Autor -> EntityResultInitializer(modelos.Autor)@2144817630 (SingleTableEntityPersister(modelos.Autor))
2025-01-12 00:01:07.944 [main] DEBUG org.hibernate.SQL - select a1_0.dni,a1_0.email,a1_0.nombre from autor a1_0 where a1_0.dni=?
2025-01-12 00:01:07.946 [main] DEBUG org.hibernate.orm.results.loading.entity - (EntityResultInitializer) Hydrated EntityKey (modelos.Autor): 12345678C
2025-01-12 00:01:07.947 [main] DEBUG org.hibernate.orm.results - Extracted JDBC value [0] - [12345678C]
2025-01-12 00:01:07.947 [main] DEBUG org.hibernate.orm.results.loading.org.hibernate.orm.results.loading.collection - (DelayedCollectionInitializer) Current row collection key : modelos.Autor.articulos#12345678C
2025-01-12 00:01:07.947 [main] DEBUG org.hibernate.orm.results.loading.entity - (EntityResultInitializer) Created new entity instance [modelos.Autor#12345678C] : Autor []
2025-01-12 00:01:07.948 [main] DEBUG org.hibernate.orm.results - Extracted JDBC value [1] - [flores@gmail.com]
2025-01-12 00:01:07.948 [main] DEBUG org.hibernate.orm.results - Extracted JDBC value [2] - [Pepa Flores]
2025-01-12 00:01:07.949 [main] DEBUG org.hibernate.orm.results.loading.entity - (EntityResultInitializer) Done materializing entityInstance : modelos.Autor#12345678C
2025-01-12 00:01:07.949 [main] DEBUG org.hibernate.orm.results.loading - Calling top-level assembler (0 / 1) : org.hibernate.sql.results.graph.entity.internal.EntityAssembler@75e0a54c
2025-01-12 00:01:07.950 [main] DEBUG org.hibernate.engine.spi.CollectionEntry - Reset storedSnapshot to [] for CollectionEntry[modelos.Revista.articulos#2]
2025-01-12 00:01:07.951 [main] DEBUG org.hibernate.engine.transaction.internal.TransactionImpl - committing
2025-01-12 00:01:07.951 [main] DEBUG org.hibernate.event.internal.AbstractFlushingEventListener - Processing flush-time cascades
2025-01-12 00:01:07.952 [main] DEBUG org.hibernate.event.internal.AbstractFlushingEventListener - Dirty checking collections
2025-01-12 00:01:07.952 [main] DEBUG org.hibernate.engine.spi.CollectionEntry - Collection dirty: [modelos.Revista.articulos#2]
2025-01-12 00:01:07.952 [main] DEBUG org.hibernate.engine.internal.Collections - Collection found: [modelos.Revista.articulos#2], was: [modelos.Revista.articulos#2] (initialized)
2025-01-12 00:01:07.953 [main] DEBUG org.hibernate.engine.internal.Collections - Collection found: [modelos.Articulo.autores#3], was: [<unreferenced>] (initialized)
2025-01-12 00:01:07.953 [main] DEBUG org.hibernate.engine.internal.Collections - Collection found: [modelos.Autor.articulos#1222679E], was: [modelos.Autor.articulos#1222679E] (uninitialized)
2025-01-12 00:01:07.953 [main] DEBUG org.hibernate.engine.internal.Collections - Collection found: [modelos.Articulo.autores#4], was: [<unreferenced>] (initialized)
2025-01-12 00:01:07.953 [main] DEBUG org.hibernate.engine.internal.Collections - Collection found: [modelos.Articulo.autores#5], was: [<unreferenced>] (initialized)
2025-01-12 00:01:07.954 [main] DEBUG org.hibernate.engine.internal.Collections - Collection found: [modelos.Articulo.autores#6], was: [<unreferenced>] (initialized)
2025-01-12 00:01:07.954 [main] DEBUG org.hibernate.engine.internal.Collections - Collection found: [modelos.Autor.articulos#12345678C], was: [modelos.Autor.articulos#12345678C] (uninitialized)
2025-01-12 00:01:07.954 [main] DEBUG org.hibernate.event.internal.AbstractFlushingEventListener - Flushed: 4 insertions, 0 updates, 0 deletions to 7 objects
2025-01-12 00:01:07.954 [main] DEBUG org.hibernate.event.internal.AbstractFlushingEventListener - Flushed: 4 (re)creations, 1 updates, 0 removals to 7 collections
2025-01-12 00:01:07.954 [main] DEBUG org.hibernate.internal.util.EntityPrinter - Listing entities:
2025-01-12 00:01:07.954 [main] DEBUG org.hibernate.internal.util.EntityPrinter - modelos.Articulo{idArticulo=3, numPaginaFin=25, numPaginaInicio=10, titulo=Cifrado de datos, revista=modelos.Revista#2, autores=[modelos.Autor#1222679E]}
2025-01-12 00:01:07.954 [main] DEBUG org.hibernate.internal.util.EntityPrinter - modelos.Articulo{idArticulo=4, numPaginaFin=27, numPaginaInicio=7, titulo=Consumo de recursos por la IA, revista=modelos.Revista#2, autores=[modelos.Autor#1222679E]}
2025-01-12 00:01:07.955 [main] DEBUG org.hibernate.internal.util.EntityPrinter - modelos.Articulo{idArticulo=5, numPaginaFin=4, numPaginaInicio=2, titulo=IA: impacto en la escuela, revista=modelos.Revista#2, autores=[modelos.Autor#1222679E]}
2025-01-12 00:01:07.955 [main] DEBUG org.hibernate.internal.util.EntityPrinter - modelos.Articulo{idArticulo=6, numPaginaFin=29, numPaginaInicio=8, titulo=Pair programming, revista=modelos.Revista#2, autores=[modelos.Autor#12345678C]}
2025-01-12 00:01:07.955 [main] DEBUG org.hibernate.internal.util.EntityPrinter - modelos.Revista{idRevista=2, fecha=2024-03-18, articulos=[modelos.Articulo#3, modelos.Articulo#4, modelos.Articulo#5, modelos.Articulo#6], numeroRevista=2, nombreRevista=Revista 1, unidadesImpresas=180}
2025-01-12 00:01:07.955 [main] DEBUG org.hibernate.internal.util.EntityPrinter - modelos.Autor{articulos=<uninitialized>, nombre=Ramon Florito, dni=1222679E, email=florito@gmail.com}
2025-01-12 00:01:07.955 [main] DEBUG org.hibernate.internal.util.EntityPrinter - modelos.Autor{articulos=<uninitialized>, nombre=Pepa Flores, dni=12345678C, email=flores@gmail.com}
2025-01-12 00:01:07.955 [main] DEBUG org.hibernate.SQL - /* insert modelos.Articulo */ insert into articulo (numPaginaFin, numPaginaInicio, idRevista, titulo, idArticulo) values (?, ?, ?, ?, ?)
2025-01-12 00:01:07.957 [main] DEBUG org.hibernate.SQL - /* insert modelos.Articulo */ insert into articulo (numPaginaFin, numPaginaInicio, idRevista, titulo, idArticulo) values (?, ?, ?, ?, ?)
2025-01-12 00:01:07.959 [main] DEBUG org.hibernate.SQL - /* insert modelos.Articulo */ insert into articulo (numPaginaFin, numPaginaInicio, idRevista, titulo, idArticulo) values (?, ?, ?, ?, ?)
2025-01-12 00:01:07.961 [main] DEBUG org.hibernate.SQL - /* insert modelos.Articulo */ insert into articulo (numPaginaFin, numPaginaInicio, idRevista, titulo, idArticulo) values (?, ?, ?, ?, ?)
2025-01-12 00:01:07.964 [main] DEBUG org.hibernate.persister.collection.AbstractCollectionPersister - Inserting collection: [modelos.Articulo.autores#3]
2025-01-12 00:01:07.964 [main] DEBUG org.hibernate.SQL - /* insert collection row modelos.Articulo.autores */ insert into articulo_autor (articulos_idArticulo, autores_dni) values (?, ?)
2025-01-12 00:01:07.967 [main] DEBUG org.hibernate.persister.collection.AbstractCollectionPersister - Done inserting collection: 1 rows inserted
2025-01-12 00:01:07.968 [main] DEBUG org.hibernate.persister.collection.AbstractCollectionPersister - Inserting collection: [modelos.Articulo.autores#4]
2025-01-12 00:01:07.968 [main] DEBUG org.hibernate.SQL - /* insert collection row modelos.Articulo.autores */ insert into articulo_autor (articulos_idArticulo, autores_dni) values (?, ?)
2025-01-12 00:01:07.970 [main] DEBUG org.hibernate.persister.collection.AbstractCollectionPersister - Done inserting collection: 1 rows inserted
2025-01-12 00:01:07.970 [main] DEBUG org.hibernate.persister.collection.AbstractCollectionPersister - Inserting collection: [modelos.Articulo.autores#5]
2025-01-12 00:01:07.970 [main] DEBUG org.hibernate.SQL - /* insert collection row modelos.Articulo.autores */ insert into articulo_autor (articulos_idArticulo, autores_dni) values (?, ?)
2025-01-12 00:01:07.972 [main] DEBUG org.hibernate.persister.collection.AbstractCollectionPersister - Done inserting collection: 1 rows inserted
2025-01-12 00:01:07.973 [main] DEBUG org.hibernate.persister.collection.AbstractCollectionPersister - Inserting collection: [modelos.Articulo.autores#6]
2025-01-12 00:01:07.973 [main] DEBUG org.hibernate.SQL - /* insert collection row modelos.Articulo.autores */ insert into articulo_autor (articulos_idArticulo, autores_dni) values (?, ?)
2025-01-12 00:01:07.975 [main] DEBUG org.hibernate.persister.collection.AbstractCollectionPersister - Done inserting collection: 1 rows inserted
2025-01-12 00:01:07.980 [main] DEBUG org.hibernate.resource.jdbc.internal.LogicalConnectionManagedImpl - Initiating JDBC connection release from afterTransaction
2025-01-12 00:01:07.981 [main] DEBUG org.hibernate.resource.jdbc.internal.LogicalConnectionManagedImpl - Initiating JDBC connection release from afterTransaction
2025-01-12 00:01:07.981 [main] DEBUG org.hibernate.engine.jdbc.internal.JdbcCoordinatorImpl - HHH000420: Closing un-released batch
2025-01-12 00:01:08.013 [main] DEBUG org.hibernate.orm.query.hql - HQL : FROM modelos.Autor
2025-01-12 00:01:08.328 [main] DEBUG org.hibernate.query.hql.internal.SemanticQueryBuilder - Handling root path - modelos.Autor
2025-01-12 00:01:08.341 [main] DEBUG org.hibernate.query.hql.internal.SemanticQueryBuilder - Encountered implicit select clause : FROMmodelos.Autor
2025-01-12 00:01:08.368 [main] DEBUG org.hibernate.orm.query.sqm.ast - SqmStatement Tree :
    -> [select]
      -> [query-spec]
        -> [select]
          -> [selection]
            -> [root] - `modelos.Autor(229598470460200)`
            <- [root] - `modelos.Autor(229598470460200)`
          <- [selection]
        <- [select]
        -> [from]
          -> [root] - `modelos.Autor(229598470460200)`
          <- [root] - `modelos.Autor(229598470460200)`
        <- [from]
      <- [query-spec]
    <- [select]

2025-01-12 00:01:08.421 [main] DEBUG org.hibernate.orm.sql.ast.create - Created new SQL alias : a1_0
2025-01-12 00:01:08.423 [main] DEBUG org.hibernate.orm.sql.ast.create - Registration of TableGroup [StandardTableGroup(modelos.Autor(229598470460200))] with identifierForTableGroup [modelos.Autor] for NavigablePath [modelos.Autor] 
2025-01-12 00:01:08.432 [main] DEBUG org.hibernate.orm.results.graph.AST - DomainResult Graph:
 \-EntityResultImpl [modelos.Autor(229598470460200)]
 |  +-DelayedCollectionFetch [modelos.Autor(229598470460200).articulos]
 |  +-BasicFetch [modelos.Autor(229598470460200).email]
 |  \-BasicFetch [modelos.Autor(229598470460200).nombre]

2025-01-12 00:01:08.434 [main] DEBUG org.hibernate.orm.sql.ast.tree - SQL AST Tree:
    SelectStatement {
      FromClause {
        StandardTableGroup (a1 : modelos.Autor(229598470460200)) {
          primaryTableReference : autor as a1_0
        }
      }
    }

2025-01-12 00:01:08.439 [main] DEBUG org.hibernate.orm.sql.exec - Skipping reading Query result cache data: cache-enabled = false, cache-mode = NORMAL
2025-01-12 00:01:08.440 [main] DEBUG org.hibernate.orm.results - Initializer list
2025-01-12 00:01:08.441 [main] DEBUG org.hibernate.orm.results -     modelos.Autor(229598470460200).articulos -> DelayedCollectionInitializer(modelos.Autor(229598470460200).articulos)@2069466373 (PluralAttribute(modelos.Autor.articulos))
2025-01-12 00:01:08.441 [main] DEBUG org.hibernate.orm.results -     modelos.Autor(229598470460200) -> EntityResultInitializer(modelos.Autor(229598470460200))@1825095996 (SingleTableEntityPersister(modelos.Autor))
2025-01-12 00:01:08.442 [main] DEBUG org.hibernate.SQL - /* FROM modelos.Autor */ select a1_0.dni,a1_0.email,a1_0.nombre from autor a1_0
2025-01-12 00:01:08.445 [main] DEBUG org.hibernate.orm.results - Extracted JDBC value [0] - [1222679E]
2025-01-12 00:01:08.445 [main] DEBUG org.hibernate.orm.results.loading.entity - (EntityResultInitializer) Hydrated EntityKey (modelos.Autor(229598470460200)): 1222679E
2025-01-12 00:01:08.445 [main] DEBUG org.hibernate.orm.results - Extracted JDBC value [0] - [1222679E]
2025-01-12 00:01:08.446 [main] DEBUG org.hibernate.orm.results.loading.org.hibernate.orm.results.loading.collection - (DelayedCollectionInitializer) Current row collection key : modelos.Autor(229598470460200).articulos#1222679E
2025-01-12 00:01:08.446 [main] DEBUG org.hibernate.orm.results.loading.entity - (EntityResultInitializer) Created new entity instance [modelos.Autor(229598470460200)#1222679E] : Autor []
2025-01-12 00:01:08.446 [main] DEBUG org.hibernate.orm.results - Extracted JDBC value [1] - [florito@gmail.com]
2025-01-12 00:01:08.446 [main] DEBUG org.hibernate.orm.results - Extracted JDBC value [2] - [Ramon Florito]
2025-01-12 00:01:08.447 [main] DEBUG org.hibernate.orm.results.loading.entity - (EntityResultInitializer) Done materializing entityInstance : modelos.Autor(229598470460200)#1222679E
2025-01-12 00:01:08.447 [main] DEBUG org.hibernate.orm.results.loading - Calling top-level assembler (0 / 1) : org.hibernate.sql.results.graph.entity.internal.EntityAssembler@478530cb
2025-01-12 00:01:08.448 [main] DEBUG org.hibernate.orm.results - Extracted JDBC value [0] - [12345678C]
2025-01-12 00:01:08.448 [main] DEBUG org.hibernate.orm.results.loading.entity - (EntityResultInitializer) Hydrated EntityKey (modelos.Autor(229598470460200)): 12345678C
2025-01-12 00:01:08.448 [main] DEBUG org.hibernate.orm.results - Extracted JDBC value [0] - [12345678C]
2025-01-12 00:01:08.449 [main] DEBUG org.hibernate.orm.results.loading.org.hibernate.orm.results.loading.collection - (DelayedCollectionInitializer) Current row collection key : modelos.Autor(229598470460200).articulos#12345678C
2025-01-12 00:01:08.449 [main] DEBUG org.hibernate.orm.results.loading.entity - (EntityResultInitializer) Created new entity instance [modelos.Autor(229598470460200)#12345678C] : Autor []
2025-01-12 00:01:08.449 [main] DEBUG org.hibernate.orm.results - Extracted JDBC value [1] - [flores@gmail.com]
2025-01-12 00:01:08.449 [main] DEBUG org.hibernate.orm.results - Extracted JDBC value [2] - [Pepa Flores]
2025-01-12 00:01:08.451 [main] DEBUG org.hibernate.orm.results.loading.entity - (EntityResultInitializer) Done materializing entityInstance : modelos.Autor(229598470460200)#12345678C
2025-01-12 00:01:08.451 [main] DEBUG org.hibernate.orm.results.loading - Calling top-level assembler (0 / 1) : org.hibernate.sql.results.graph.entity.internal.EntityAssembler@478530cb
2025-01-12 00:01:08.452 [main] DEBUG org.hibernate.orm.results - Extracted JDBC value [0] - [12345679E]
2025-01-12 00:01:08.452 [main] DEBUG org.hibernate.orm.results.loading.entity - (EntityResultInitializer) Hydrated EntityKey (modelos.Autor(229598470460200)): 12345679E
2025-01-12 00:01:08.452 [main] DEBUG org.hibernate.orm.results - Extracted JDBC value [0] - [12345679E]
2025-01-12 00:01:08.452 [main] DEBUG org.hibernate.orm.results.loading.org.hibernate.orm.results.loading.collection - (DelayedCollectionInitializer) Current row collection key : modelos.Autor(229598470460200).articulos#12345679E
2025-01-12 00:01:08.452 [main] DEBUG org.hibernate.orm.results.loading.entity - (EntityResultInitializer) Created new entity instance [modelos.Autor(229598470460200)#12345679E] : Autor []
2025-01-12 00:01:08.453 [main] DEBUG org.hibernate.orm.results - Extracted JDBC value [1] - [florero@gmail.com]
2025-01-12 00:01:08.453 [main] DEBUG org.hibernate.orm.results - Extracted JDBC value [2] - [Ruperta Florero]
2025-01-12 00:01:08.453 [main] DEBUG org.hibernate.orm.results.loading.entity - (EntityResultInitializer) Done materializing entityInstance : modelos.Autor(229598470460200)#12345679E
2025-01-12 00:01:08.453 [main] DEBUG org.hibernate.orm.results.loading - Calling top-level assembler (0 / 1) : org.hibernate.sql.results.graph.entity.internal.EntityAssembler@478530cb
2025-01-12 00:01:08.454 [main] DEBUG org.hibernate.resource.jdbc.internal.LogicalConnectionManagedImpl - Initiating JDBC connection release from afterTransaction
2025-01-12 00:01:08.455 [main] DEBUG org.hibernate.resource.jdbc.internal.LogicalConnectionManagedImpl - Initiating JDBC connection release from afterTransaction
2025-01-12 00:01:08.458 [main] DEBUG controladores.GestionaArticulos - Autor []
2025-01-12 00:01:08.458 [main] DEBUG controladores.GestionaArticulos - Autor []
2025-01-12 00:01:08.458 [main] DEBUG controladores.GestionaArticulos - Autor []
2025-01-12 00:01:08.459 [main] DEBUG org.hibernate.orm.query.hql - HQL : FROM modelos.Articulo
2025-01-12 00:01:08.459 [main] DEBUG org.hibernate.query.hql.internal.SemanticQueryBuilder - Handling root path - modelos.Articulo
2025-01-12 00:01:08.459 [main] DEBUG org.hibernate.query.hql.internal.SemanticQueryBuilder - Encountered implicit select clause : FROMmodelos.Articulo
2025-01-12 00:01:08.460 [main] DEBUG org.hibernate.orm.query.sqm.ast - SqmStatement Tree :
    -> [select]
      -> [query-spec]
        -> [select]
          -> [selection]
            -> [root] - `modelos.Articulo(229598588742200)`
            <- [root] - `modelos.Articulo(229598588742200)`
          <- [selection]
        <- [select]
        -> [from]
          -> [root] - `modelos.Articulo(229598588742200)`
          <- [root] - `modelos.Articulo(229598588742200)`
        <- [from]
      <- [query-spec]
    <- [select]

2025-01-12 00:01:08.460 [main] DEBUG org.hibernate.orm.sql.ast.create - Created new SQL alias : a1_0
2025-01-12 00:01:08.460 [main] DEBUG org.hibernate.orm.sql.ast.create - Registration of TableGroup [StandardTableGroup(modelos.Articulo(229598588742200))] with identifierForTableGroup [modelos.Articulo] for NavigablePath [modelos.Articulo] 
2025-01-12 00:01:08.461 [main] DEBUG org.hibernate.orm.results.graph.AST - DomainResult Graph:
 \-EntityResultImpl [modelos.Articulo(229598588742200)]
 |  +-DelayedCollectionFetch [modelos.Articulo(229598588742200).autores]
 |  +-BasicFetch [modelos.Articulo(229598588742200).numPaginaFin]
 |  +-BasicFetch [modelos.Articulo(229598588742200).numPaginaInicio]
 |  +-CircularFetchImpl [modelos.Articulo(229598588742200).revista]
 |  \-BasicFetch [modelos.Articulo(229598588742200).titulo]

2025-01-12 00:01:08.464 [main] DEBUG org.hibernate.orm.sql.ast.tree - SQL AST Tree:
    SelectStatement {
      FromClause {
        StandardTableGroup (a1 : modelos.Articulo(229598588742200)) {
          primaryTableReference : articulo as a1_0
        }
      }
    }

2025-01-12 00:01:08.464 [main] DEBUG org.hibernate.orm.sql.exec - Skipping reading Query result cache data: cache-enabled = false, cache-mode = NORMAL
2025-01-12 00:01:08.469 [main] DEBUG org.hibernate.orm.results - Initializer list
2025-01-12 00:01:08.470 [main] DEBUG org.hibernate.orm.results -     modelos.Articulo(229598588742200).autores -> DelayedCollectionInitializer(modelos.Articulo(229598588742200).autores)@785249576 (PluralAttribute(modelos.Articulo.autores))
2025-01-12 00:01:08.471 [main] DEBUG org.hibernate.orm.results -     modelos.Articulo(229598588742200).revista -> EntitySelectFetchInitializer(modelos.Articulo(229598588742200).revista)@1464778159 (ToOneAttributeMapping(NavigableRole[modelos.Articulo.revista])@1211627902)
2025-01-12 00:01:08.471 [main] DEBUG org.hibernate.orm.results -     modelos.Articulo(229598588742200) -> EntityResultInitializer(modelos.Articulo(229598588742200))@871582126 (SingleTableEntityPersister(modelos.Articulo))
2025-01-12 00:01:08.471 [main] DEBUG org.hibernate.SQL - /* FROM modelos.Articulo */ select a1_0.idArticulo,a1_0.numPaginaFin,a1_0.numPaginaInicio,a1_0.idRevista,a1_0.titulo from articulo a1_0
2025-01-12 00:01:08.475 [main] DEBUG org.hibernate.orm.results - Extracted JDBC value [0] - [1]
2025-01-12 00:01:08.475 [main] DEBUG org.hibernate.orm.results.loading.entity - (EntityResultInitializer) Hydrated EntityKey (modelos.Articulo(229598588742200)): 1
2025-01-12 00:01:08.476 [main] DEBUG org.hibernate.orm.results - Extracted JDBC value [0] - [1]
2025-01-12 00:01:08.476 [main] DEBUG org.hibernate.orm.results.loading.org.hibernate.orm.results.loading.collection - (DelayedCollectionInitializer) Current row collection key : modelos.Articulo(229598588742200).autores#1
2025-01-12 00:01:08.476 [main] DEBUG org.hibernate.orm.results.loading.entity - (EntityResultInitializer) Created new entity instance [modelos.Articulo(229598588742200)#1] : Articulo [idArticulo=1, titulo=, numPaginaInicio=0, numPaginaFin=0]
2025-01-12 00:01:08.476 [main] DEBUG org.hibernate.orm.results - Extracted JDBC value [3] - [1]
2025-01-12 00:01:08.476 [main] DEBUG org.hibernate.orm.results.loading.entity - (EntitySelectFetchInitializer) Invoking session#internalLoad for entity (modelos.Articulo(229598588742200).revista#1) : 1
2025-01-12 00:01:08.478 [main] DEBUG org.hibernate.orm.sql.exec - Skipping reading Query result cache data: cache-enabled = false, cache-mode = IGNORE
2025-01-12 00:01:08.478 [main] DEBUG org.hibernate.orm.results - Initializer list
2025-01-12 00:01:08.478 [main] DEBUG org.hibernate.orm.results -     modelos.Revista.articulos -> DelayedCollectionInitializer(modelos.Revista.articulos)@2102224373 (PluralAttribute(modelos.Revista.articulos))
2025-01-12 00:01:08.478 [main] DEBUG org.hibernate.orm.results -     modelos.Revista -> EntityResultInitializer(modelos.Revista)@953105121 (SingleTableEntityPersister(modelos.Revista))
2025-01-12 00:01:08.478 [main] DEBUG org.hibernate.SQL - select r1_0.idRevista,r1_0.fecha,r1_0.nombreRevista,r1_0.numeroRevista,r1_0.unidadesImpresas from revista r1_0 where r1_0.idRevista=?
2025-01-12 00:01:08.480 [main] DEBUG org.hibernate.orm.results.loading.entity - (EntityResultInitializer) Hydrated EntityKey (modelos.Revista): 1
2025-01-12 00:01:08.480 [main] DEBUG org.hibernate.orm.results - Extracted JDBC value [0] - [1]
2025-01-12 00:01:08.480 [main] DEBUG org.hibernate.orm.results.loading.org.hibernate.orm.results.loading.collection - (DelayedCollectionInitializer) Current row collection key : modelos.Revista.articulos#1
2025-01-12 00:01:08.480 [main] DEBUG org.hibernate.orm.results.loading.entity - (EntityResultInitializer) Created new entity instance [modelos.Revista#1] : modelos.Revista@20
2025-01-12 00:01:08.481 [main] DEBUG org.hibernate.orm.results - Extracted JDBC value [1] - [2025-01-12]
2025-01-12 00:01:08.481 [main] DEBUG org.hibernate.orm.results - Extracted JDBC value [2] - [Revista 1]
2025-01-12 00:01:08.481 [main] DEBUG org.hibernate.orm.results - Extracted JDBC value [3] - [1]
2025-01-12 00:01:08.481 [main] DEBUG org.hibernate.orm.results - Extracted JDBC value [4] - [179]
2025-01-12 00:01:08.481 [main] DEBUG org.hibernate.orm.results.loading.entity - (EntityResultInitializer) Done materializing entityInstance : modelos.Revista#1
2025-01-12 00:01:08.481 [main] DEBUG org.hibernate.orm.results.loading - Calling top-level assembler (0 / 1) : org.hibernate.sql.results.graph.entity.internal.EntityAssembler@31e7afde
2025-01-12 00:01:08.481 [main] DEBUG org.hibernate.orm.results.loading.entity - (EntitySelectFetchInitializer) Entity [modelos.Articulo(229598588742200).revista#1] : 1 has being loaded by session.internalLoad.
2025-01-12 00:01:08.481 [main] DEBUG org.hibernate.orm.results - Extracted JDBC value [1] - [12]
2025-01-12 00:01:08.482 [main] DEBUG org.hibernate.orm.results - Extracted JDBC value [2] - [5]
2025-01-12 00:01:08.482 [main] DEBUG org.hibernate.orm.results - Extracted JDBC value [4] - [Seguridad en la web]
2025-01-12 00:01:08.483 [main] DEBUG org.hibernate.orm.results.loading.entity - (EntityResultInitializer) Done materializing entityInstance : modelos.Articulo(229598588742200)#1
2025-01-12 00:01:08.483 [main] DEBUG org.hibernate.orm.results.loading - Calling top-level assembler (0 / 1) : org.hibernate.sql.results.graph.entity.internal.EntityAssembler@2487e20
2025-01-12 00:01:08.483 [main] DEBUG org.hibernate.orm.results - Extracted JDBC value [0] - [2]
2025-01-12 00:01:08.483 [main] DEBUG org.hibernate.orm.results.loading.entity - (EntityResultInitializer) Hydrated EntityKey (modelos.Articulo(229598588742200)): 2
2025-01-12 00:01:08.483 [main] DEBUG org.hibernate.orm.results - Extracted JDBC value [0] - [2]
2025-01-12 00:01:08.484 [main] DEBUG org.hibernate.orm.results.loading.org.hibernate.orm.results.loading.collection - (DelayedCollectionInitializer) Current row collection key : modelos.Articulo(229598588742200).autores#2
2025-01-12 00:01:08.484 [main] DEBUG org.hibernate.orm.results.loading.entity - (EntityResultInitializer) Created new entity instance [modelos.Articulo(229598588742200)#2] : Articulo [idArticulo=2, titulo=, numPaginaInicio=0, numPaginaFin=0]
2025-01-12 00:01:08.484 [main] DEBUG org.hibernate.orm.results - Extracted JDBC value [3] - [1]
2025-01-12 00:01:08.484 [main] DEBUG org.hibernate.orm.results - Extracted JDBC value [1] - [15]
2025-01-12 00:01:08.484 [main] DEBUG org.hibernate.orm.results - Extracted JDBC value [2] - [10]
2025-01-12 00:01:08.484 [main] DEBUG org.hibernate.orm.results - Extracted JDBC value [4] - [Seguridad en los datos]
2025-01-12 00:01:08.484 [main] DEBUG org.hibernate.orm.results.loading.entity - (EntityResultInitializer) Done materializing entityInstance : modelos.Articulo(229598588742200)#2
2025-01-12 00:01:08.484 [main] DEBUG org.hibernate.orm.results.loading - Calling top-level assembler (0 / 1) : org.hibernate.sql.results.graph.entity.internal.EntityAssembler@2487e20
2025-01-12 00:01:08.485 [main] DEBUG org.hibernate.orm.results - Extracted JDBC value [0] - [3]
2025-01-12 00:01:08.485 [main] DEBUG org.hibernate.orm.results.loading.entity - (EntityResultInitializer) Hydrated EntityKey (modelos.Articulo(229598588742200)): 3
2025-01-12 00:01:08.485 [main] DEBUG org.hibernate.orm.results - Extracted JDBC value [0] - [3]
2025-01-12 00:01:08.485 [main] DEBUG org.hibernate.orm.results.loading.org.hibernate.orm.results.loading.collection - (DelayedCollectionInitializer) Current row collection key : modelos.Articulo(229598588742200).autores#3
2025-01-12 00:01:08.485 [main] DEBUG org.hibernate.orm.results.loading.entity - (EntityResultInitializer) Created new entity instance [modelos.Articulo(229598588742200)#3] : Articulo [idArticulo=3, titulo=, numPaginaInicio=0, numPaginaFin=0]
2025-01-12 00:01:08.486 [main] DEBUG org.hibernate.orm.results - Extracted JDBC value [3] - [2]
2025-01-12 00:01:08.486 [main] DEBUG org.hibernate.orm.results.loading.entity - (EntitySelectFetchInitializer) Invoking session#internalLoad for entity (modelos.Articulo(229598588742200).revista#2) : 2
2025-01-12 00:01:08.486 [main] DEBUG org.hibernate.orm.sql.exec - Skipping reading Query result cache data: cache-enabled = false, cache-mode = IGNORE
2025-01-12 00:01:08.491 [main] DEBUG org.hibernate.orm.results - Initializer list
2025-01-12 00:01:08.491 [main] DEBUG org.hibernate.orm.results -     modelos.Revista.articulos -> DelayedCollectionInitializer(modelos.Revista.articulos)@1021295599 (PluralAttribute(modelos.Revista.articulos))
2025-01-12 00:01:08.491 [main] DEBUG org.hibernate.orm.results -     modelos.Revista -> EntityResultInitializer(modelos.Revista)@2048777201 (SingleTableEntityPersister(modelos.Revista))
2025-01-12 00:01:08.492 [main] DEBUG org.hibernate.SQL - select r1_0.idRevista,r1_0.fecha,r1_0.nombreRevista,r1_0.numeroRevista,r1_0.unidadesImpresas from revista r1_0 where r1_0.idRevista=?
2025-01-12 00:01:08.494 [main] DEBUG org.hibernate.orm.results.loading.entity - (EntityResultInitializer) Hydrated EntityKey (modelos.Revista): 2
2025-01-12 00:01:08.494 [main] DEBUG org.hibernate.orm.results - Extracted JDBC value [0] - [2]
2025-01-12 00:01:08.494 [main] DEBUG org.hibernate.orm.results.loading.org.hibernate.orm.results.loading.collection - (DelayedCollectionInitializer) Current row collection key : modelos.Revista.articulos#2
2025-01-12 00:01:08.494 [main] DEBUG org.hibernate.orm.results.loading.entity - (EntityResultInitializer) Created new entity instance [modelos.Revista#2] : modelos.Revista@21
2025-01-12 00:01:08.495 [main] DEBUG org.hibernate.orm.results - Extracted JDBC value [1] - [2024-03-18]
2025-01-12 00:01:08.495 [main] DEBUG org.hibernate.orm.results - Extracted JDBC value [2] - [Revista 1]
2025-01-12 00:01:08.495 [main] DEBUG org.hibernate.orm.results - Extracted JDBC value [3] - [2]
2025-01-12 00:01:08.495 [main] DEBUG org.hibernate.orm.results - Extracted JDBC value [4] - [180]
2025-01-12 00:01:08.495 [main] DEBUG org.hibernate.orm.results.loading.entity - (EntityResultInitializer) Done materializing entityInstance : modelos.Revista#2
2025-01-12 00:01:08.495 [main] DEBUG org.hibernate.orm.results.loading - Calling top-level assembler (0 / 1) : org.hibernate.sql.results.graph.entity.internal.EntityAssembler@100807ca
2025-01-12 00:01:08.495 [main] DEBUG org.hibernate.orm.results.loading.entity - (EntitySelectFetchInitializer) Entity [modelos.Articulo(229598588742200).revista#2] : 2 has being loaded by session.internalLoad.
2025-01-12 00:01:08.495 [main] DEBUG org.hibernate.orm.results - Extracted JDBC value [1] - [25]
2025-01-12 00:01:08.495 [main] DEBUG org.hibernate.orm.results - Extracted JDBC value [2] - [10]
2025-01-12 00:01:08.495 [main] DEBUG org.hibernate.orm.results - Extracted JDBC value [4] - [Cifrado de datos]
2025-01-12 00:01:08.496 [main] DEBUG org.hibernate.orm.results.loading.entity - (EntityResultInitializer) Done materializing entityInstance : modelos.Articulo(229598588742200)#3
2025-01-12 00:01:08.496 [main] DEBUG org.hibernate.orm.results.loading - Calling top-level assembler (0 / 1) : org.hibernate.sql.results.graph.entity.internal.EntityAssembler@2487e20
2025-01-12 00:01:08.496 [main] DEBUG org.hibernate.orm.results - Extracted JDBC value [0] - [4]
2025-01-12 00:01:08.497 [main] DEBUG org.hibernate.orm.results.loading.entity - (EntityResultInitializer) Hydrated EntityKey (modelos.Articulo(229598588742200)): 4
2025-01-12 00:01:08.497 [main] DEBUG org.hibernate.orm.results - Extracted JDBC value [0] - [4]
2025-01-12 00:01:08.497 [main] DEBUG org.hibernate.orm.results.loading.org.hibernate.orm.results.loading.collection - (DelayedCollectionInitializer) Current row collection key : modelos.Articulo(229598588742200).autores#4
2025-01-12 00:01:08.497 [main] DEBUG org.hibernate.orm.results.loading.entity - (EntityResultInitializer) Created new entity instance [modelos.Articulo(229598588742200)#4] : Articulo [idArticulo=4, titulo=, numPaginaInicio=0, numPaginaFin=0]
2025-01-12 00:01:08.497 [main] DEBUG org.hibernate.orm.results - Extracted JDBC value [3] - [2]
2025-01-12 00:01:08.497 [main] DEBUG org.hibernate.orm.results - Extracted JDBC value [1] - [27]
2025-01-12 00:01:08.497 [main] DEBUG org.hibernate.orm.results - Extracted JDBC value [2] - [7]
2025-01-12 00:01:08.497 [main] DEBUG org.hibernate.orm.results - Extracted JDBC value [4] - [Consumo de recursos por la IA]
2025-01-12 00:01:08.498 [main] DEBUG org.hibernate.orm.results.loading.entity - (EntityResultInitializer) Done materializing entityInstance : modelos.Articulo(229598588742200)#4
2025-01-12 00:01:08.498 [main] DEBUG org.hibernate.orm.results.loading - Calling top-level assembler (0 / 1) : org.hibernate.sql.results.graph.entity.internal.EntityAssembler@2487e20
2025-01-12 00:01:08.498 [main] DEBUG org.hibernate.orm.results - Extracted JDBC value [0] - [5]
2025-01-12 00:01:08.501 [main] DEBUG org.hibernate.orm.results.loading.entity - (EntityResultInitializer) Hydrated EntityKey (modelos.Articulo(229598588742200)): 5
2025-01-12 00:01:08.503 [main] DEBUG org.hibernate.orm.results - Extracted JDBC value [0] - [5]
2025-01-12 00:01:08.504 [main] DEBUG org.hibernate.orm.results.loading.org.hibernate.orm.results.loading.collection - (DelayedCollectionInitializer) Current row collection key : modelos.Articulo(229598588742200).autores#5
2025-01-12 00:01:08.504 [main] DEBUG org.hibernate.orm.results.loading.entity - (EntityResultInitializer) Created new entity instance [modelos.Articulo(229598588742200)#5] : Articulo [idArticulo=5, titulo=, numPaginaInicio=0, numPaginaFin=0]
2025-01-12 00:01:08.504 [main] DEBUG org.hibernate.orm.results - Extracted JDBC value [3] - [2]
2025-01-12 00:01:08.505 [main] DEBUG org.hibernate.orm.results - Extracted JDBC value [1] - [4]
2025-01-12 00:01:08.505 [main] DEBUG org.hibernate.orm.results - Extracted JDBC value [2] - [2]
2025-01-12 00:01:08.505 [main] DEBUG org.hibernate.orm.results - Extracted JDBC value [4] - [IA: impacto en la escuela]
2025-01-12 00:01:08.508 [main] DEBUG org.hibernate.orm.results.loading.entity - (EntityResultInitializer) Done materializing entityInstance : modelos.Articulo(229598588742200)#5
2025-01-12 00:01:08.510 [main] DEBUG org.hibernate.orm.results.loading - Calling top-level assembler (0 / 1) : org.hibernate.sql.results.graph.entity.internal.EntityAssembler@2487e20
2025-01-12 00:01:08.513 [main] DEBUG org.hibernate.orm.results - Extracted JDBC value [0] - [6]
2025-01-12 00:01:08.514 [main] DEBUG org.hibernate.orm.results.loading.entity - (EntityResultInitializer) Hydrated EntityKey (modelos.Articulo(229598588742200)): 6
2025-01-12 00:01:08.514 [main] DEBUG org.hibernate.orm.results - Extracted JDBC value [0] - [6]
2025-01-12 00:01:08.514 [main] DEBUG org.hibernate.orm.results.loading.org.hibernate.orm.results.loading.collection - (DelayedCollectionInitializer) Current row collection key : modelos.Articulo(229598588742200).autores#6
2025-01-12 00:01:08.515 [main] DEBUG org.hibernate.orm.results.loading.entity - (EntityResultInitializer) Created new entity instance [modelos.Articulo(229598588742200)#6] : Articulo [idArticulo=6, titulo=, numPaginaInicio=0, numPaginaFin=0]
2025-01-12 00:01:08.515 [main] DEBUG org.hibernate.orm.results - Extracted JDBC value [3] - [2]
2025-01-12 00:01:08.515 [main] DEBUG org.hibernate.orm.results - Extracted JDBC value [1] - [29]
2025-01-12 00:01:08.515 [main] DEBUG org.hibernate.orm.results - Extracted JDBC value [2] - [8]
2025-01-12 00:01:08.519 [main] DEBUG org.hibernate.orm.results - Extracted JDBC value [4] - [Pair programming]
2025-01-12 00:01:08.522 [main] DEBUG org.hibernate.orm.results.loading.entity - (EntityResultInitializer) Done materializing entityInstance : modelos.Articulo(229598588742200)#6
2025-01-12 00:01:08.522 [main] DEBUG org.hibernate.orm.results.loading - Calling top-level assembler (0 / 1) : org.hibernate.sql.results.graph.entity.internal.EntityAssembler@2487e20
2025-01-12 00:01:08.522 [main] DEBUG org.hibernate.resource.jdbc.internal.LogicalConnectionManagedImpl - Initiating JDBC connection release from afterTransaction
2025-01-12 00:01:08.524 [main] DEBUG org.hibernate.resource.jdbc.internal.LogicalConnectionManagedImpl - Initiating JDBC connection release from afterTransaction
2025-01-12 00:01:08.524 [main] DEBUG controladores.GestionaArticulos - Articulo [idArticulo=1, titulo=Seguridad en la web, numPaginaInicio=5, numPaginaFin=12]
2025-01-12 00:01:08.524 [main] DEBUG controladores.GestionaArticulos - Articulo [idArticulo=2, titulo=Seguridad en los datos, numPaginaInicio=10, numPaginaFin=15]
2025-01-12 00:01:08.524 [main] DEBUG controladores.GestionaArticulos - Articulo [idArticulo=3, titulo=Cifrado de datos, numPaginaInicio=10, numPaginaFin=25]
2025-01-12 00:01:08.524 [main] DEBUG controladores.GestionaArticulos - Articulo [idArticulo=4, titulo=Consumo de recursos por la IA, numPaginaInicio=7, numPaginaFin=27]
2025-01-12 00:01:08.524 [main] DEBUG controladores.GestionaArticulos - Articulo [idArticulo=5, titulo=IA: impacto en la escuela, numPaginaInicio=2, numPaginaFin=4]
2025-01-12 00:01:08.524 [main] DEBUG controladores.GestionaArticulos - Articulo [idArticulo=6, titulo=Pair programming, numPaginaInicio=8, numPaginaFin=29]
