2026-02-16 09:48:16.800 [main] DEBUG org.jboss.logging - Logging Provider: org.jboss.logging.Log4j2LoggerProvider
2026-02-16 09:48:16.812 [main] DEBUG org.hibernate.integrator.internal.IntegratorServiceImpl - Adding Integrator [org.hibernate.cfg.beanvalidation.BeanValidationIntegrator].
2026-02-16 09:48:16.814 [main] DEBUG org.hibernate.integrator.internal.IntegratorServiceImpl - Adding Integrator [org.hibernate.cache.internal.CollectionCacheInvalidator].
2026-02-16 09:48:16.828 [main] INFO  org.hibernate.Version - HHH000412: Hibernate ORM core version 6.1.7.Final
2026-02-16 09:48:16.829 [main] DEBUG org.hibernate.cfg.Environment - HHH000206: hibernate.properties not found
2026-02-16 09:48:16.938 [main] DEBUG org.hibernate.boot.jaxb.internal.stax.LocalXmlResourceResolver - Checking public/system identifiers `-//Hibernate/Hibernate Configuration DTD 3.0//EN`/`http://hibernate.org/dtd/hibernate-configuration-3.0.dtd` as DTD references
2026-02-16 09:48:16.943 [main] DEBUG org.hibernate.boot.cfgxml.internal.JaxbCfgProcessor - cfg.xml document did not define namespaces; wrapping in custom event reader to introduce namespace information
2026-02-16 09:48:17.092 [main] DEBUG org.hibernate.orm.idgen.factory - Resolving IdentifierGenerator instances will not use CDI as it was not configured
2026-02-16 09:48:17.095 [main] DEBUG org.hibernate.orm.idgen.factory - Registering IdentifierGenerator strategy [uuid2] -> [org.hibernate.id.UUIDGenerator]
2026-02-16 09:48:17.095 [main] DEBUG org.hibernate.orm.idgen.factory - Registering IdentifierGenerator strategy [guid] -> [org.hibernate.id.GUIDGenerator]
2026-02-16 09:48:17.095 [main] DEBUG org.hibernate.orm.idgen.factory - Registering IdentifierGenerator strategy [uuid] -> [org.hibernate.id.UUIDHexGenerator]
2026-02-16 09:48:17.095 [main] DEBUG org.hibernate.orm.idgen.factory - Registering IdentifierGenerator strategy [uuid.hex] -> [org.hibernate.id.UUIDHexGenerator]
2026-02-16 09:48:17.096 [main] DEBUG org.hibernate.orm.idgen.factory - Registering IdentifierGenerator strategy [assigned] -> [org.hibernate.id.Assigned]
2026-02-16 09:48:17.096 [main] DEBUG org.hibernate.orm.idgen.factory - Registering IdentifierGenerator strategy [identity] -> [org.hibernate.id.IdentityGenerator]
2026-02-16 09:48:17.097 [main] DEBUG org.hibernate.orm.idgen.factory - Registering IdentifierGenerator strategy [select] -> [org.hibernate.id.SelectGenerator]
2026-02-16 09:48:17.097 [main] DEBUG org.hibernate.orm.idgen.factory - Registering IdentifierGenerator strategy [sequence] -> [org.hibernate.id.enhanced.SequenceStyleGenerator]
2026-02-16 09:48:17.098 [main] DEBUG org.hibernate.orm.idgen.factory - Registering IdentifierGenerator strategy [increment] -> [org.hibernate.id.IncrementGenerator]
2026-02-16 09:48:17.098 [main] DEBUG org.hibernate.orm.idgen.factory - Registering IdentifierGenerator strategy [foreign] -> [org.hibernate.id.ForeignGenerator]
2026-02-16 09:48:17.098 [main] DEBUG org.hibernate.orm.idgen.factory - Registering IdentifierGenerator strategy [enhanced-sequence] -> [org.hibernate.id.enhanced.SequenceStyleGenerator]
2026-02-16 09:48:17.099 [main] DEBUG org.hibernate.orm.idgen.factory - Registering IdentifierGenerator strategy [enhanced-table] -> [org.hibernate.id.enhanced.TableGenerator]
2026-02-16 09:48:17.103 [main] DEBUG org.hibernate.cache.internal.RegionFactoryInitiator - Cannot default RegionFactory based on registered strategies as `[]` RegionFactory strategies were registered
2026-02-16 09:48:17.104 [main] DEBUG org.hibernate.cache.internal.RegionFactoryInitiator - Cache region factory : org.hibernate.cache.internal.NoCachingRegionFactory
2026-02-16 09:48:17.153 [main] DEBUG org.hibernate.type.descriptor.jdbc.spi.JdbcTypeRegistry - addDescriptor(FloatTypeDescriptor) replaced previous registration(DoubleTypeDescriptor)
2026-02-16 09:48:17.162 [main] DEBUG org.hibernate.type.BasicTypeRegistry - Adding type registration boolean -> org.hibernate.type.BasicTypeReference@4dd94a58
2026-02-16 09:48:17.162 [main] DEBUG org.hibernate.type.BasicTypeRegistry - Adding type registration boolean -> org.hibernate.type.BasicTypeReference@4dd94a58
2026-02-16 09:48:17.162 [main] DEBUG org.hibernate.type.BasicTypeRegistry - Adding type registration java.lang.Boolean -> org.hibernate.type.BasicTypeReference@4dd94a58
2026-02-16 09:48:17.162 [main] DEBUG org.hibernate.type.BasicTypeRegistry - Adding type registration numeric_boolean -> org.hibernate.type.BasicTypeReference@2f4919b0
2026-02-16 09:48:17.162 [main] DEBUG org.hibernate.type.BasicTypeRegistry - Adding type registration org.hibernate.type.NumericBooleanConverter -> org.hibernate.type.BasicTypeReference@2f4919b0
2026-02-16 09:48:17.162 [main] DEBUG org.hibernate.type.BasicTypeRegistry - Adding type registration true_false -> org.hibernate.type.BasicTypeReference@a8a8b75
2026-02-16 09:48:17.162 [main] DEBUG org.hibernate.type.BasicTypeRegistry - Adding type registration org.hibernate.type.TrueFalseConverter -> org.hibernate.type.BasicTypeReference@a8a8b75
2026-02-16 09:48:17.163 [main] DEBUG org.hibernate.type.BasicTypeRegistry - Adding type registration yes_no -> org.hibernate.type.BasicTypeReference@75b21c3b
2026-02-16 09:48:17.163 [main] DEBUG org.hibernate.type.BasicTypeRegistry - Adding type registration org.hibernate.type.YesNoConverter -> org.hibernate.type.BasicTypeReference@75b21c3b
2026-02-16 09:48:17.163 [main] DEBUG org.hibernate.type.BasicTypeRegistry - Adding type registration byte -> org.hibernate.type.BasicTypeReference@72be135f
2026-02-16 09:48:17.163 [main] DEBUG org.hibernate.type.BasicTypeRegistry - Adding type registration byte -> org.hibernate.type.BasicTypeReference@72be135f
2026-02-16 09:48:17.163 [main] DEBUG org.hibernate.type.BasicTypeRegistry - Adding type registration java.lang.Byte -> org.hibernate.type.BasicTypeReference@72be135f
2026-02-16 09:48:17.163 [main] DEBUG org.hibernate.type.BasicTypeRegistry - Adding type registration binary -> org.hibernate.type.BasicTypeReference@155d1021
2026-02-16 09:48:17.163 [main] DEBUG org.hibernate.type.BasicTypeRegistry - Adding type registration byte[] -> org.hibernate.type.BasicTypeReference@155d1021
2026-02-16 09:48:17.164 [main] DEBUG org.hibernate.type.BasicTypeRegistry - Adding type registration [B -> org.hibernate.type.BasicTypeReference@155d1021
2026-02-16 09:48:17.164 [main] DEBUG org.hibernate.type.BasicTypeRegistry - Adding type registration binary_wrapper -> org.hibernate.type.BasicTypeReference@4bd2f0dc
2026-02-16 09:48:17.164 [main] DEBUG org.hibernate.type.BasicTypeRegistry - Adding type registration wrapper-binary -> org.hibernate.type.BasicTypeReference@4bd2f0dc
2026-02-16 09:48:17.164 [main] DEBUG org.hibernate.type.BasicTypeRegistry - Adding type registration Byte[] -> org.hibernate.type.BasicTypeReference@4bd2f0dc
2026-02-16 09:48:17.164 [main] DEBUG org.hibernate.type.BasicTypeRegistry - Adding type registration [Ljava.lang.Byte; -> org.hibernate.type.BasicTypeReference@4bd2f0dc
2026-02-16 09:48:17.164 [main] DEBUG org.hibernate.type.BasicTypeRegistry - Adding type registration image -> org.hibernate.type.BasicTypeReference@2e647e59
2026-02-16 09:48:17.164 [main] DEBUG org.hibernate.type.BasicTypeRegistry - Adding type registration blob -> org.hibernate.type.BasicTypeReference@2c42b421
2026-02-16 09:48:17.164 [main] DEBUG org.hibernate.type.BasicTypeRegistry - Adding type registration java.sql.Blob -> org.hibernate.type.BasicTypeReference@2c42b421
2026-02-16 09:48:17.164 [main] DEBUG org.hibernate.type.BasicTypeRegistry - Adding type registration materialized_blob -> org.hibernate.type.BasicTypeReference@51e37590
2026-02-16 09:48:17.165 [main] DEBUG org.hibernate.type.BasicTypeRegistry - Adding type registration materialized_blob_wrapper -> org.hibernate.type.BasicTypeReference@deb3b60
2026-02-16 09:48:17.165 [main] DEBUG org.hibernate.type.BasicTypeRegistry - Adding type registration short -> org.hibernate.type.BasicTypeReference@701a32
2026-02-16 09:48:17.165 [main] DEBUG org.hibernate.type.BasicTypeRegistry - Adding type registration short -> org.hibernate.type.BasicTypeReference@701a32
2026-02-16 09:48:17.165 [main] DEBUG org.hibernate.type.BasicTypeRegistry - Adding type registration java.lang.Short -> org.hibernate.type.BasicTypeReference@701a32
2026-02-16 09:48:17.165 [main] DEBUG org.hibernate.type.BasicTypeRegistry - Adding type registration integer -> org.hibernate.type.BasicTypeReference@39aa45a1
2026-02-16 09:48:17.165 [main] DEBUG org.hibernate.type.BasicTypeRegistry - Adding type registration int -> org.hibernate.type.BasicTypeReference@39aa45a1
2026-02-16 09:48:17.165 [main] DEBUG org.hibernate.type.BasicTypeRegistry - Adding type registration java.lang.Integer -> org.hibernate.type.BasicTypeReference@39aa45a1
2026-02-16 09:48:17.166 [main] DEBUG org.hibernate.type.BasicTypeRegistry - Adding type registration long -> org.hibernate.type.BasicTypeReference@73aff8f1
2026-02-16 09:48:17.166 [main] DEBUG org.hibernate.type.BasicTypeRegistry - Adding type registration long -> org.hibernate.type.BasicTypeReference@73aff8f1
2026-02-16 09:48:17.166 [main] DEBUG org.hibernate.type.BasicTypeRegistry - Adding type registration java.lang.Long -> org.hibernate.type.BasicTypeReference@73aff8f1
2026-02-16 09:48:17.166 [main] DEBUG org.hibernate.type.BasicTypeRegistry - Adding type registration float -> org.hibernate.type.BasicTypeReference@27cbfddf
2026-02-16 09:48:17.166 [main] DEBUG org.hibernate.type.BasicTypeRegistry - Adding type registration float -> org.hibernate.type.BasicTypeReference@27cbfddf
2026-02-16 09:48:17.166 [main] DEBUG org.hibernate.type.BasicTypeRegistry - Adding type registration java.lang.Float -> org.hibernate.type.BasicTypeReference@27cbfddf
2026-02-16 09:48:17.166 [main] DEBUG org.hibernate.type.BasicTypeRegistry - Adding type registration double -> org.hibernate.type.BasicTypeReference@27ead29e
2026-02-16 09:48:17.166 [main] DEBUG org.hibernate.type.BasicTypeRegistry - Adding type registration double -> org.hibernate.type.BasicTypeReference@27ead29e
2026-02-16 09:48:17.166 [main] DEBUG org.hibernate.type.BasicTypeRegistry - Adding type registration java.lang.Double -> org.hibernate.type.BasicTypeReference@27ead29e
2026-02-16 09:48:17.166 [main] DEBUG org.hibernate.type.BasicTypeRegistry - Adding type registration big_integer -> org.hibernate.type.BasicTypeReference@4c060c8f
2026-02-16 09:48:17.166 [main] DEBUG org.hibernate.type.BasicTypeRegistry - Adding type registration java.math.BigInteger -> org.hibernate.type.BasicTypeReference@4c060c8f
2026-02-16 09:48:17.167 [main] DEBUG org.hibernate.type.BasicTypeRegistry - Adding type registration big_decimal -> org.hibernate.type.BasicTypeReference@40620d8e
2026-02-16 09:48:17.167 [main] DEBUG org.hibernate.type.BasicTypeRegistry - Adding type registration java.math.BigDecimal -> org.hibernate.type.BasicTypeReference@40620d8e
2026-02-16 09:48:17.167 [main] DEBUG org.hibernate.type.BasicTypeRegistry - Adding type registration character -> org.hibernate.type.BasicTypeReference@383f3558
2026-02-16 09:48:17.167 [main] DEBUG org.hibernate.type.BasicTypeRegistry - Adding type registration char -> org.hibernate.type.BasicTypeReference@383f3558
2026-02-16 09:48:17.167 [main] DEBUG org.hibernate.type.BasicTypeRegistry - Adding type registration java.lang.Character -> org.hibernate.type.BasicTypeReference@383f3558
2026-02-16 09:48:17.167 [main] DEBUG org.hibernate.type.BasicTypeRegistry - Adding type registration character_nchar -> org.hibernate.type.BasicTypeReference@49b07ee3
2026-02-16 09:48:17.168 [main] DEBUG org.hibernate.type.BasicTypeRegistry - Adding type registration string -> org.hibernate.type.BasicTypeReference@352e612e
2026-02-16 09:48:17.168 [main] DEBUG org.hibernate.type.BasicTypeRegistry - Adding type registration java.lang.String -> org.hibernate.type.BasicTypeReference@352e612e
2026-02-16 09:48:17.168 [main] DEBUG org.hibernate.type.BasicTypeRegistry - Adding type registration nstring -> org.hibernate.type.BasicTypeReference@65f00478
2026-02-16 09:48:17.168 [main] DEBUG org.hibernate.type.BasicTypeRegistry - Adding type registration characters -> org.hibernate.type.BasicTypeReference@2424686b
2026-02-16 09:48:17.168 [main] DEBUG org.hibernate.type.BasicTypeRegistry - Adding type registration char[] -> org.hibernate.type.BasicTypeReference@2424686b
2026-02-16 09:48:17.168 [main] DEBUG org.hibernate.type.BasicTypeRegistry - Adding type registration [C -> org.hibernate.type.BasicTypeReference@2424686b
2026-02-16 09:48:17.168 [main] DEBUG org.hibernate.type.BasicTypeRegistry - Adding type registration wrapper-characters -> org.hibernate.type.BasicTypeReference@6ea94d6a
2026-02-16 09:48:17.168 [main] DEBUG org.hibernate.type.BasicTypeRegistry - Adding type registration [Ljava.lang.Character; -> org.hibernate.type.BasicTypeReference@6ea94d6a
2026-02-16 09:48:17.168 [main] DEBUG org.hibernate.type.BasicTypeRegistry - Adding type registration Character[] -> org.hibernate.type.BasicTypeReference@6ea94d6a
2026-02-16 09:48:17.169 [main] DEBUG org.hibernate.type.BasicTypeRegistry - Adding type registration text -> org.hibernate.type.BasicTypeReference@28486680
2026-02-16 09:48:17.169 [main] DEBUG org.hibernate.type.BasicTypeRegistry - Adding type registration ntext -> org.hibernate.type.BasicTypeReference@4d7e7435
2026-02-16 09:48:17.169 [main] DEBUG org.hibernate.type.BasicTypeRegistry - Adding type registration clob -> org.hibernate.type.BasicTypeReference@4a1e3ac1
2026-02-16 09:48:17.169 [main] DEBUG org.hibernate.type.BasicTypeRegistry - Adding type registration java.sql.Clob -> org.hibernate.type.BasicTypeReference@4a1e3ac1
2026-02-16 09:48:17.169 [main] DEBUG org.hibernate.type.BasicTypeRegistry - Adding type registration nclob -> org.hibernate.type.BasicTypeReference@6e78fcf5
2026-02-16 09:48:17.169 [main] DEBUG org.hibernate.type.BasicTypeRegistry - Adding type registration java.sql.NClob -> org.hibernate.type.BasicTypeReference@6e78fcf5
2026-02-16 09:48:17.169 [main] DEBUG org.hibernate.type.BasicTypeRegistry - Adding type registration materialized_clob -> org.hibernate.type.BasicTypeReference@56febdc
2026-02-16 09:48:17.169 [main] DEBUG org.hibernate.type.BasicTypeRegistry - Adding type registration materialized_clob_char_array -> org.hibernate.type.BasicTypeReference@3b8ee898
2026-02-16 09:48:17.170 [main] DEBUG org.hibernate.type.BasicTypeRegistry - Adding type registration materialized_clob_character_array -> org.hibernate.type.BasicTypeReference@7d151a
2026-02-16 09:48:17.170 [main] DEBUG org.hibernate.type.BasicTypeRegistry - Adding type registration materialized_nclob -> org.hibernate.type.BasicTypeReference@294bdeb4
2026-02-16 09:48:17.170 [main] DEBUG org.hibernate.type.BasicTypeRegistry - Adding type registration materialized_nclob_character_array -> org.hibernate.type.BasicTypeReference@5300f14a
2026-02-16 09:48:17.170 [main] DEBUG org.hibernate.type.BasicTypeRegistry - Adding type registration materialized_nclob_char_array -> org.hibernate.type.BasicTypeReference@1f86099a
2026-02-16 09:48:17.170 [main] DEBUG org.hibernate.type.BasicTypeRegistry - Adding type registration Duration -> org.hibernate.type.BasicTypeReference@77bb0ab5
2026-02-16 09:48:17.170 [main] DEBUG org.hibernate.type.BasicTypeRegistry - Adding type registration java.time.Duration -> org.hibernate.type.BasicTypeReference@77bb0ab5
2026-02-16 09:48:17.170 [main] DEBUG org.hibernate.type.BasicTypeRegistry - Adding type registration LocalDateTime -> org.hibernate.type.BasicTypeReference@f2c488
2026-02-16 09:48:17.170 [main] DEBUG org.hibernate.type.BasicTypeRegistry - Adding type registration java.time.LocalDateTime -> org.hibernate.type.BasicTypeReference@f2c488
2026-02-16 09:48:17.170 [main] DEBUG org.hibernate.type.BasicTypeRegistry - Adding type registration LocalDate -> org.hibernate.type.BasicTypeReference@54acff7d
2026-02-16 09:48:17.170 [main] DEBUG org.hibernate.type.BasicTypeRegistry - Adding type registration java.time.LocalDate -> org.hibernate.type.BasicTypeReference@54acff7d
2026-02-16 09:48:17.170 [main] DEBUG org.hibernate.type.BasicTypeRegistry - Adding type registration LocalTime -> org.hibernate.type.BasicTypeReference@7bc9e6ab
2026-02-16 09:48:17.171 [main] DEBUG org.hibernate.type.BasicTypeRegistry - Adding type registration java.time.LocalTime -> org.hibernate.type.BasicTypeReference@7bc9e6ab
2026-02-16 09:48:17.171 [main] DEBUG org.hibernate.type.BasicTypeRegistry - Adding type registration OffsetDateTime -> org.hibernate.type.BasicTypeReference@5488b5c5
2026-02-16 09:48:17.171 [main] DEBUG org.hibernate.type.BasicTypeRegistry - Adding type registration java.time.OffsetDateTime -> org.hibernate.type.BasicTypeReference@5488b5c5
2026-02-16 09:48:17.171 [main] DEBUG org.hibernate.type.BasicTypeRegistry - Adding type registration OffsetDateTimeWithTimezone -> org.hibernate.type.BasicTypeReference@4248ed58
2026-02-16 09:48:17.171 [main] DEBUG org.hibernate.type.BasicTypeRegistry - Adding type registration OffsetDateTimeWithoutTimezone -> org.hibernate.type.BasicTypeReference@712ca57b
2026-02-16 09:48:17.171 [main] DEBUG org.hibernate.type.BasicTypeRegistry - Adding type registration OffsetTime -> org.hibernate.type.BasicTypeReference@4564e94b
2026-02-16 09:48:17.171 [main] DEBUG org.hibernate.type.BasicTypeRegistry - Adding type registration java.time.OffsetTime -> org.hibernate.type.BasicTypeReference@4564e94b
2026-02-16 09:48:17.171 [main] DEBUG org.hibernate.type.BasicTypeRegistry - Adding type registration ZonedDateTime -> org.hibernate.type.BasicTypeReference@54534abf
2026-02-16 09:48:17.172 [main] DEBUG org.hibernate.type.BasicTypeRegistry - Adding type registration java.time.ZonedDateTime -> org.hibernate.type.BasicTypeReference@54534abf
2026-02-16 09:48:17.172 [main] DEBUG org.hibernate.type.BasicTypeRegistry - Adding type registration ZonedDateTimeWithTimezone -> org.hibernate.type.BasicTypeReference@51745f40
2026-02-16 09:48:17.172 [main] DEBUG org.hibernate.type.BasicTypeRegistry - Adding type registration ZonedDateTimeWithoutTimezone -> org.hibernate.type.BasicTypeReference@45673f68
2026-02-16 09:48:17.172 [main] DEBUG org.hibernate.type.BasicTypeRegistry - Adding type registration date -> org.hibernate.type.BasicTypeReference@27abb83e
2026-02-16 09:48:17.172 [main] DEBUG org.hibernate.type.BasicTypeRegistry - Adding type registration java.sql.Date -> org.hibernate.type.BasicTypeReference@27abb83e
2026-02-16 09:48:17.172 [main] DEBUG org.hibernate.type.BasicTypeRegistry - Adding type registration time -> org.hibernate.type.BasicTypeReference@69e308c6
2026-02-16 09:48:17.172 [main] DEBUG org.hibernate.type.BasicTypeRegistry - Adding type registration java.sql.Time -> org.hibernate.type.BasicTypeReference@69e308c6
2026-02-16 09:48:17.172 [main] DEBUG org.hibernate.type.BasicTypeRegistry - Adding type registration timestamp -> org.hibernate.type.BasicTypeReference@1a1ed4e5
2026-02-16 09:48:17.172 [main] DEBUG org.hibernate.type.BasicTypeRegistry - Adding type registration java.sql.Timestamp -> org.hibernate.type.BasicTypeReference@1a1ed4e5
2026-02-16 09:48:17.172 [main] DEBUG org.hibernate.type.BasicTypeRegistry - Adding type registration java.util.Date -> org.hibernate.type.BasicTypeReference@1a1ed4e5
2026-02-16 09:48:17.173 [main] DEBUG org.hibernate.type.BasicTypeRegistry - Adding type registration calendar -> org.hibernate.type.BasicTypeReference@667e34b1
2026-02-16 09:48:17.173 [main] DEBUG org.hibernate.type.BasicTypeRegistry - Adding type registration java.util.Calendar -> org.hibernate.type.BasicTypeReference@667e34b1
2026-02-16 09:48:17.173 [main] DEBUG org.hibernate.type.BasicTypeRegistry - Adding type registration java.util.GregorianCalendar -> org.hibernate.type.BasicTypeReference@667e34b1
2026-02-16 09:48:17.173 [main] DEBUG org.hibernate.type.BasicTypeRegistry - Adding type registration calendar_date -> org.hibernate.type.BasicTypeReference@1c6e0a08
2026-02-16 09:48:17.173 [main] DEBUG org.hibernate.type.BasicTypeRegistry - Adding type registration calendar_time -> org.hibernate.type.BasicTypeReference@6dba847b
2026-02-16 09:48:17.173 [main] DEBUG org.hibernate.type.BasicTypeRegistry - Adding type registration instant -> org.hibernate.type.BasicTypeReference@1efdcd5
2026-02-16 09:48:17.173 [main] DEBUG org.hibernate.type.BasicTypeRegistry - Adding type registration java.time.Instant -> org.hibernate.type.BasicTypeReference@1efdcd5
2026-02-16 09:48:17.173 [main] DEBUG org.hibernate.type.BasicTypeRegistry - Adding type registration uuid -> org.hibernate.type.BasicTypeReference@1623bbe5
2026-02-16 09:48:17.173 [main] DEBUG org.hibernate.type.BasicTypeRegistry - Adding type registration java.util.UUID -> org.hibernate.type.BasicTypeReference@1623bbe5
2026-02-16 09:48:17.173 [main] DEBUG org.hibernate.type.BasicTypeRegistry - Adding type registration pg-uuid -> org.hibernate.type.BasicTypeReference@1623bbe5
2026-02-16 09:48:17.174 [main] DEBUG org.hibernate.type.BasicTypeRegistry - Adding type registration uuid-binary -> org.hibernate.type.BasicTypeReference@7af1cd63
2026-02-16 09:48:17.174 [main] DEBUG org.hibernate.type.BasicTypeRegistry - Adding type registration uuid-char -> org.hibernate.type.BasicTypeReference@4351171a
2026-02-16 09:48:17.174 [main] DEBUG org.hibernate.type.BasicTypeRegistry - Adding type registration class -> org.hibernate.type.BasicTypeReference@3c2772d1
2026-02-16 09:48:17.174 [main] DEBUG org.hibernate.type.BasicTypeRegistry - Adding type registration java.lang.Class -> org.hibernate.type.BasicTypeReference@3c2772d1
2026-02-16 09:48:17.174 [main] DEBUG org.hibernate.type.BasicTypeRegistry - Adding type registration currency -> org.hibernate.type.BasicTypeReference@37d00a23
2026-02-16 09:48:17.174 [main] DEBUG org.hibernate.type.BasicTypeRegistry - Adding type registration Currency -> org.hibernate.type.BasicTypeReference@37d00a23
2026-02-16 09:48:17.174 [main] DEBUG org.hibernate.type.BasicTypeRegistry - Adding type registration java.util.Currency -> org.hibernate.type.BasicTypeReference@37d00a23
2026-02-16 09:48:17.174 [main] DEBUG org.hibernate.type.BasicTypeRegistry - Adding type registration locale -> org.hibernate.type.BasicTypeReference@433e536f
2026-02-16 09:48:17.174 [main] DEBUG org.hibernate.type.BasicTypeRegistry - Adding type registration java.util.Locale -> org.hibernate.type.BasicTypeReference@433e536f
2026-02-16 09:48:17.174 [main] DEBUG org.hibernate.type.BasicTypeRegistry - Adding type registration serializable -> org.hibernate.type.BasicTypeReference@89c65d5
2026-02-16 09:48:17.175 [main] DEBUG org.hibernate.type.BasicTypeRegistry - Adding type registration java.io.Serializable -> org.hibernate.type.BasicTypeReference@89c65d5
2026-02-16 09:48:17.175 [main] DEBUG org.hibernate.type.BasicTypeRegistry - Adding type registration timezone -> org.hibernate.type.BasicTypeReference@faa3fed
2026-02-16 09:48:17.175 [main] DEBUG org.hibernate.type.BasicTypeRegistry - Adding type registration java.util.TimeZone -> org.hibernate.type.BasicTypeReference@faa3fed
2026-02-16 09:48:17.175 [main] DEBUG org.hibernate.type.BasicTypeRegistry - Adding type registration ZoneOffset -> org.hibernate.type.BasicTypeReference@381cad29
2026-02-16 09:48:17.175 [main] DEBUG org.hibernate.type.BasicTypeRegistry - Adding type registration java.time.ZoneOffset -> org.hibernate.type.BasicTypeReference@381cad29
2026-02-16 09:48:17.175 [main] DEBUG org.hibernate.type.BasicTypeRegistry - Adding type registration url -> org.hibernate.type.BasicTypeReference@988246e
2026-02-16 09:48:17.175 [main] DEBUG org.hibernate.type.BasicTypeRegistry - Adding type registration java.net.URL -> org.hibernate.type.BasicTypeReference@988246e
2026-02-16 09:48:17.175 [main] DEBUG org.hibernate.type.BasicTypeRegistry - Adding type registration row_version -> org.hibernate.type.BasicTypeReference@62515a47
2026-02-16 09:48:17.179 [main] DEBUG org.hibernate.type.BasicTypeRegistry - Adding type registration dbtimestamp -> org.hibernate.type.DbTimestampType@2caf6912
2026-02-16 09:48:17.180 [main] DEBUG org.hibernate.type.BasicTypeRegistry - Adding type registration dbtimestamp -> org.hibernate.type.DbTimestampType@2caf6912
2026-02-16 09:48:17.180 [main] DEBUG org.hibernate.type.BasicTypeRegistry - Adding type registration object -> org.hibernate.type.JavaObjectType@29f0802c
2026-02-16 09:48:17.180 [main] DEBUG org.hibernate.type.BasicTypeRegistry - Adding type registration java.lang.Object -> org.hibernate.type.JavaObjectType@29f0802c
2026-02-16 09:48:17.182 [main] DEBUG org.hibernate.type.BasicTypeRegistry - Adding type registration null -> org.hibernate.type.NullType@6eafb10e
2026-02-16 09:48:17.182 [main] DEBUG org.hibernate.type.BasicTypeRegistry - Adding type registration imm_date -> org.hibernate.type.BasicTypeReference@26a94fa5
2026-02-16 09:48:17.182 [main] DEBUG org.hibernate.type.BasicTypeRegistry - Adding type registration imm_time -> org.hibernate.type.BasicTypeReference@464a4442
2026-02-16 09:48:17.182 [main] DEBUG org.hibernate.type.BasicTypeRegistry - Adding type registration imm_timestamp -> org.hibernate.type.BasicTypeReference@2873d672
2026-02-16 09:48:17.182 [main] DEBUG org.hibernate.type.BasicTypeRegistry - Adding type registration imm_calendar -> org.hibernate.type.BasicTypeReference@3bc735b3
2026-02-16 09:48:17.182 [main] DEBUG org.hibernate.type.BasicTypeRegistry - Adding type registration imm_calendar_date -> org.hibernate.type.BasicTypeReference@577f9109
2026-02-16 09:48:17.183 [main] DEBUG org.hibernate.type.BasicTypeRegistry - Adding type registration imm_calendar_time -> org.hibernate.type.BasicTypeReference@4303b7f0
2026-02-16 09:48:17.183 [main] DEBUG org.hibernate.type.BasicTypeRegistry - Adding type registration imm_binary -> org.hibernate.type.BasicTypeReference@757529a4
2026-02-16 09:48:17.183 [main] DEBUG org.hibernate.type.BasicTypeRegistry - Adding type registration imm_serializable -> org.hibernate.type.BasicTypeReference@779de014
2026-02-16 09:48:17.203 [main] WARN  org.hibernate.orm.connections.pooling - HHH10001002: Using built-in connection pool (not intended for production use)
2026-02-16 09:48:17.207 [main] INFO  org.hibernate.orm.connections.pooling - HHH10001005: Loaded JDBC driver class: com.mysql.jdbc.Driver
2026-02-16 09:48:17.207 [main] INFO  org.hibernate.orm.connections.pooling - HHH10001012: Connecting with JDBC URL [jdbc:mysql://localhost:3307/AngelaChicaHQL?createDatabaseIfNotExist=true]
2026-02-16 09:48:17.207 [main] INFO  org.hibernate.orm.connections.pooling - HHH10001001: Connection properties: {password=usuario3, user=usuario3}
2026-02-16 09:48:17.207 [main] INFO  org.hibernate.orm.connections.pooling - HHH10001003: Autocommit mode: false
2026-02-16 09:48:17.208 [main] DEBUG org.hibernate.orm.connections.pooling - Initializing Connection pool with 1 Connections
2026-02-16 09:48:17.208 [main] INFO  org.hibernate.orm.connections.pooling - HHH10001115: Connection pool size: 10 (min=1)
2026-02-16 09:48:17.708 [main] DEBUG org.hibernate.engine.jdbc.env.internal.JdbcEnvironmentInitiator - Database ->
       name : MySQL
    version : 8.4.7
      major : 8
      minor : 4
2026-02-16 09:48:17.708 [main] DEBUG org.hibernate.engine.jdbc.env.internal.JdbcEnvironmentInitiator - Driver ->
       name : MySQL Connector/J
    version : mysql-connector-j-8.0.31 (Revision: 0c86fc148d567b62266c2302bdad0f1e7a7e4eba)
      major : 8
      minor : 0
2026-02-16 09:48:17.708 [main] DEBUG org.hibernate.engine.jdbc.env.internal.JdbcEnvironmentInitiator - JDBC version : 4.2
2026-02-16 09:48:17.776 [main] INFO  SQL dialect - HHH000400: Using dialect: org.hibernate.dialect.MySQLDialect
2026-02-16 09:48:17.785 [main] DEBUG org.hibernate.engine.jdbc.env.spi.IdentifierHelperBuilder - JDBC driver metadata reported database stores quoted identifiers in more than one case
2026-02-16 09:48:17.785 [main] DEBUG org.hibernate.engine.jdbc.env.spi.IdentifierHelperBuilder - IdentifierCaseStrategy for both quoted and unquoted identifiers was set to the same strategy [MIXED]; that will likely lead to problems in schema update and validation if using quoted identifiers
2026-02-16 09:48:17.801 [main] DEBUG org.hibernate.type.descriptor.sql.spi.DdlTypeRegistry - addDescriptor(12, org.hibernate.type.descriptor.sql.internal.CapacityDependentDdlType@6f3e19b3) replaced previous registration(org.hibernate.type.descriptor.sql.internal.CapacityDependentDdlType@47ffe971)
2026-02-16 09:48:17.801 [main] DEBUG org.hibernate.type.descriptor.sql.spi.DdlTypeRegistry - addDescriptor(-9, org.hibernate.type.descriptor.sql.internal.CapacityDependentDdlType@7d04529c) replaced previous registration(org.hibernate.type.descriptor.sql.internal.CapacityDependentDdlType@14fa92af)
2026-02-16 09:48:17.801 [main] DEBUG org.hibernate.type.descriptor.sql.spi.DdlTypeRegistry - addDescriptor(-3, org.hibernate.type.descriptor.sql.internal.CapacityDependentDdlType@b16e202) replaced previous registration(org.hibernate.type.descriptor.sql.internal.CapacityDependentDdlType@339a3670)
2026-02-16 09:48:17.801 [main] DEBUG org.hibernate.type.descriptor.sql.spi.DdlTypeRegistry - addDescriptor(4003, org.hibernate.type.descriptor.sql.internal.DdlTypeImpl@6cd5122d) replaced previous registration(org.hibernate.type.descriptor.sql.internal.DdlTypeImpl@2c7a8af2)
2026-02-16 09:48:17.801 [main] DEBUG org.hibernate.type.descriptor.sql.spi.DdlTypeRegistry - addDescriptor(4001, org.hibernate.type.descriptor.sql.internal.DdlTypeImpl@10c07b8d) replaced previous registration(org.hibernate.type.descriptor.sql.internal.DdlTypeImpl@720bf653)
2026-02-16 09:48:17.801 [main] DEBUG org.hibernate.type.descriptor.sql.spi.DdlTypeRegistry - addDescriptor(4002, org.hibernate.type.descriptor.sql.internal.DdlTypeImpl@360bc645) replaced previous registration(org.hibernate.type.descriptor.sql.internal.DdlTypeImpl@4edef76c)
2026-02-16 09:48:17.801 [main] DEBUG org.hibernate.type.descriptor.sql.spi.DdlTypeRegistry - addDescriptor(2004, org.hibernate.type.descriptor.sql.internal.CapacityDependentDdlType@5d51e129) replaced previous registration(org.hibernate.type.descriptor.sql.internal.DdlTypeImpl@70c53dbe)
2026-02-16 09:48:17.802 [main] DEBUG org.hibernate.type.descriptor.sql.spi.DdlTypeRegistry - addDescriptor(2005, org.hibernate.type.descriptor.sql.internal.CapacityDependentDdlType@1894e40d) replaced previous registration(org.hibernate.type.descriptor.sql.internal.DdlTypeImpl@21c815e4)
2026-02-16 09:48:17.802 [main] DEBUG org.hibernate.type.descriptor.sql.spi.DdlTypeRegistry - addDescriptor(2011, org.hibernate.type.descriptor.sql.internal.CapacityDependentDdlType@7342e05d) replaced previous registration(org.hibernate.type.descriptor.sql.internal.DdlTypeImpl@2a331b46)
2026-02-16 09:48:17.803 [main] DEBUG org.hibernate.type.descriptor.jdbc.spi.JdbcTypeRegistry - addDescriptor(NCharTypeDescriptor) replaced previous registration(CharTypeDescriptor)
2026-02-16 09:48:17.803 [main] DEBUG org.hibernate.type.descriptor.jdbc.spi.JdbcTypeRegistry - addDescriptor(NVarcharTypeDescriptor) replaced previous registration(VarcharTypeDescriptor)
2026-02-16 09:48:17.803 [main] DEBUG org.hibernate.type.descriptor.jdbc.spi.JdbcTypeRegistry - addDescriptor(LongNVarcharTypeDescriptor) replaced previous registration(LongVarcharTypeDescriptor)
2026-02-16 09:48:17.804 [main] DEBUG org.hibernate.type.descriptor.jdbc.spi.JdbcTypeRegistry - addDescriptor(NClobTypeDescriptor(DEFAULT)) replaced previous registration(ClobTypeDescriptor(DEFAULT))
2026-02-16 09:48:17.804 [main] DEBUG org.hibernate.type.descriptor.jdbc.spi.JdbcTypeRegistry - addDescriptor(2005, ClobTypeDescriptor(STREAM_BINDING)) replaced previous registration(ClobTypeDescriptor(DEFAULT))
2026-02-16 09:48:17.806 [main] DEBUG org.hibernate.type.BasicTypeRegistry - Adding type registration null -> org.hibernate.type.NullType@42373389
2026-02-16 09:48:17.806 [main] DEBUG org.hibernate.type.BasicTypeRegistry - Type registration key [null] overrode previous entry : `org.hibernate.type.NullType@6eafb10e`
2026-02-16 09:48:17.810 [main] DEBUG org.hibernate.type.BasicTypeRegistry - Adding type registration org.hibernate.type.OffsetDateTimeType -> basicType@1(java.time.OffsetDateTime,93)
2026-02-16 09:48:17.810 [main] DEBUG org.hibernate.type.BasicTypeRegistry - Adding type registration OffsetDateTime -> basicType@1(java.time.OffsetDateTime,93)
2026-02-16 09:48:17.810 [main] DEBUG org.hibernate.type.BasicTypeRegistry - Adding type registration java.time.OffsetDateTime -> basicType@1(java.time.OffsetDateTime,93)
2026-02-16 09:48:17.810 [main] DEBUG org.hibernate.type.BasicTypeRegistry - Adding type registration org.hibernate.type.ZonedDateTimeType -> basicType@2(java.time.ZonedDateTime,93)
2026-02-16 09:48:17.810 [main] DEBUG org.hibernate.type.BasicTypeRegistry - Adding type registration ZonedDateTime -> basicType@2(java.time.ZonedDateTime,93)
2026-02-16 09:48:17.810 [main] DEBUG org.hibernate.type.BasicTypeRegistry - Adding type registration java.time.ZonedDateTime -> basicType@2(java.time.ZonedDateTime,93)
2026-02-16 09:48:17.813 [main] DEBUG org.hibernate.type.spi.TypeConfiguration$Scope - Scoping TypeConfiguration [org.hibernate.type.spi.TypeConfiguration@dc79225] to MetadataBuildingContext [org.hibernate.boot.internal.MetadataBuildingContextRootImpl@30e9ca13]
2026-02-16 09:48:17.844 [main] DEBUG org.hibernate.boot.model.relational.Namespace - Created database namespace [logicalName=Name{catalog=null, schema=null}, physicalName=Name{catalog=null, schema=null}]
2026-02-16 09:48:17.879 [main] DEBUG org.hibernate.cfg.annotations.EntityBinder - Binding entity from annotated class: modelos.Ubicacion
2026-02-16 09:48:17.886 [main] DEBUG org.hibernate.cfg.AnnotatedColumn - Binding column: DiscriminatorColumn{logicalColumnName'DTYPE', discriminatorTypeName='string'}
2026-02-16 09:48:17.890 [main] DEBUG org.hibernate.cfg.annotations.EntityBinder - Import with entity name Ubicacion
2026-02-16 09:48:17.894 [main] DEBUG org.hibernate.cfg.annotations.EntityBinder - Bind entity modelos.Ubicacion on table ubicacion
2026-02-16 09:48:17.909 [main] DEBUG org.hibernate.cfg.AnnotatedColumn - Binding column: Column{table=Table(ubicacion), mappingColumn=idUbicacion, insertable=true, updatable=true, unique=false}
2026-02-16 09:48:17.910 [main] DEBUG org.hibernate.boot.internal.ClassLoaderAccessImpl - Not known whether passed class name [modelos.Ubicacion] is safe
2026-02-16 09:48:17.911 [main] DEBUG org.hibernate.boot.internal.ClassLoaderAccessImpl - No temp ClassLoader provided; using live ClassLoader for loading potentially unsafe class : modelos.Ubicacion
2026-02-16 09:48:17.911 [main] DEBUG org.hibernate.cfg.annotations.PropertyBinder - MetadataSourceProcessor property idUbicacion with lazy=false
2026-02-16 09:48:17.915 [main] DEBUG org.hibernate.cfg.AbstractPropertyHolder - Attempting to locate auto-apply AttributeConverter for property [modelos.Ubicacion:idUbicacion]
2026-02-16 09:48:17.919 [main] DEBUG org.hibernate.cfg.annotations.BasicValueBinder - building BasicValue for idUbicacion
2026-02-16 09:48:17.921 [main] DEBUG org.hibernate.mapping.BasicValue - Skipping column re-registration: ubicacion.idUbicacion
2026-02-16 09:48:17.923 [main] DEBUG org.hibernate.cfg.annotations.PropertyBinder - Building property idUbicacion
2026-02-16 09:48:17.925 [main] DEBUG org.hibernate.cfg.BinderHelper - #makeIdGenerator(BasicValue([Column(idUbicacion)]), idUbicacion, org.hibernate.id.enhanced.SequenceStyleGenerator, , ...)
2026-02-16 09:48:17.926 [main] DEBUG org.hibernate.cfg.AnnotatedColumn - Binding column: Column{table=Table(ubicacion), mappingColumn=capacidadMaxima, insertable=true, updatable=true, unique=false}
2026-02-16 09:48:17.926 [main] DEBUG org.hibernate.cfg.annotations.PropertyBinder - MetadataSourceProcessor property capacidadMaxima with lazy=false
2026-02-16 09:48:17.926 [main] DEBUG org.hibernate.cfg.AbstractPropertyHolder - Attempting to locate auto-apply AttributeConverter for property [modelos.Ubicacion:capacidadMaxima]
2026-02-16 09:48:17.926 [main] DEBUG org.hibernate.cfg.annotations.BasicValueBinder - building BasicValue for capacidadMaxima
2026-02-16 09:48:17.926 [main] DEBUG org.hibernate.mapping.BasicValue - Skipping column re-registration: ubicacion.capacidadMaxima
2026-02-16 09:48:17.926 [main] DEBUG org.hibernate.cfg.annotations.PropertyBinder - Building property capacidadMaxima
2026-02-16 09:48:17.926 [main] DEBUG org.hibernate.cfg.AnnotatedColumn - Binding column: Column{table=Table(ubicacion), mappingColumn=direccion, insertable=true, updatable=true, unique=false}
2026-02-16 09:48:17.926 [main] DEBUG org.hibernate.cfg.annotations.PropertyBinder - MetadataSourceProcessor property direccion with lazy=false
2026-02-16 09:48:17.926 [main] DEBUG org.hibernate.cfg.AbstractPropertyHolder - Attempting to locate auto-apply AttributeConverter for property [modelos.Ubicacion:direccion]
2026-02-16 09:48:17.927 [main] DEBUG org.hibernate.cfg.annotations.BasicValueBinder - building BasicValue for direccion
2026-02-16 09:48:17.927 [main] DEBUG org.hibernate.mapping.BasicValue - Skipping column re-registration: ubicacion.direccion
2026-02-16 09:48:17.927 [main] DEBUG org.hibernate.cfg.annotations.PropertyBinder - Building property direccion
2026-02-16 09:48:17.928 [main] DEBUG org.hibernate.cfg.AnnotatedColumn - Binding column: JoinColumn{logicalColumnName='null', referencedColumn='null', mappedBy='ubicacion'}
2026-02-16 09:48:17.928 [main] DEBUG org.hibernate.cfg.AnnotatedColumn - Binding column: Column{table=Table(ubicacion), mappingColumn=eventos, insertable=true, updatable=true, unique=false}
2026-02-16 09:48:17.934 [main] DEBUG org.hibernate.cfg.AnnotatedColumn - Binding column: Column{table=Table(ubicacion), mappingColumn=eventos_ORDER, insertable=true, updatable=true, unique=false}
2026-02-16 09:48:17.938 [main] DEBUG org.hibernate.cfg.AnnotatedColumn - Binding column: Column{table=Table(ubicacion), mappingColumn=element, insertable=true, updatable=true, unique=false}
2026-02-16 09:48:17.938 [main] DEBUG org.hibernate.cfg.AnnotatedColumn - Binding column: Column{table=Table(ubicacion), mappingColumn=eventos_KEY, insertable=true, updatable=true, unique=false}
2026-02-16 09:48:17.939 [main] DEBUG org.hibernate.cfg.AnnotatedColumn - Binding column: JoinColumn{logicalColumnName='eventos_KEY', referencedColumn='null', mappedBy='null'}
2026-02-16 09:48:17.939 [main] DEBUG org.hibernate.cfg.AnnotatedColumn - Binding column: JoinColumn{logicalColumnName='null', referencedColumn='null', mappedBy='ubicacion'}
2026-02-16 09:48:17.939 [main] DEBUG org.hibernate.cfg.AnnotatedColumn - Binding column: JoinColumn{logicalColumnName='null', referencedColumn='null', mappedBy='ubicacion'}
2026-02-16 09:48:17.943 [main] DEBUG org.hibernate.cfg.annotations.CollectionBinder - Collection role: modelos.Ubicacion.eventos
2026-02-16 09:48:17.945 [main] DEBUG org.hibernate.cfg.annotations.PropertyBinder - Building property eventos
2026-02-16 09:48:17.945 [main] DEBUG org.hibernate.cfg.AnnotatedColumn - Binding column: Column{table=Table(ubicacion), mappingColumn=nombre, insertable=true, updatable=true, unique=false}
2026-02-16 09:48:17.945 [main] DEBUG org.hibernate.cfg.annotations.PropertyBinder - MetadataSourceProcessor property nombre with lazy=false
2026-02-16 09:48:17.946 [main] DEBUG org.hibernate.cfg.AbstractPropertyHolder - Attempting to locate auto-apply AttributeConverter for property [modelos.Ubicacion:nombre]
2026-02-16 09:48:17.946 [main] DEBUG org.hibernate.cfg.annotations.BasicValueBinder - building BasicValue for nombre
2026-02-16 09:48:17.946 [main] DEBUG org.hibernate.mapping.BasicValue - Skipping column re-registration: ubicacion.nombre
2026-02-16 09:48:17.946 [main] DEBUG org.hibernate.cfg.annotations.PropertyBinder - Building property nombre
2026-02-16 09:48:17.950 [main] DEBUG org.hibernate.cfg.annotations.EntityBinder - Binding entity from annotated class: modelos.Participante
2026-02-16 09:48:17.951 [main] DEBUG org.hibernate.cfg.AnnotatedColumn - Binding column: DiscriminatorColumn{logicalColumnName'DTYPE', discriminatorTypeName='string'}
2026-02-16 09:48:17.951 [main] DEBUG org.hibernate.cfg.annotations.EntityBinder - Import with entity name Participante
2026-02-16 09:48:17.951 [main] DEBUG org.hibernate.cfg.annotations.EntityBinder - Bind entity modelos.Participante on table participante
2026-02-16 09:48:17.952 [main] DEBUG org.hibernate.cfg.AnnotatedColumn - Binding column: Column{table=Table(participante), mappingColumn=dni, insertable=true, updatable=true, unique=false}
2026-02-16 09:48:17.952 [main] DEBUG org.hibernate.boot.internal.ClassLoaderAccessImpl - Not known whether passed class name [modelos.Participante] is safe
2026-02-16 09:48:17.952 [main] DEBUG org.hibernate.boot.internal.ClassLoaderAccessImpl - No temp ClassLoader provided; using live ClassLoader for loading potentially unsafe class : modelos.Participante
2026-02-16 09:48:17.954 [main] DEBUG org.hibernate.cfg.annotations.PropertyBinder - MetadataSourceProcessor property dni with lazy=false
2026-02-16 09:48:17.954 [main] DEBUG org.hibernate.cfg.AbstractPropertyHolder - Attempting to locate auto-apply AttributeConverter for property [modelos.Participante:dni]
2026-02-16 09:48:17.954 [main] DEBUG org.hibernate.cfg.annotations.BasicValueBinder - building BasicValue for dni
2026-02-16 09:48:17.954 [main] DEBUG org.hibernate.mapping.BasicValue - Skipping column re-registration: participante.dni
2026-02-16 09:48:17.954 [main] DEBUG org.hibernate.cfg.annotations.PropertyBinder - Building property dni
2026-02-16 09:48:17.954 [main] DEBUG org.hibernate.cfg.BinderHelper - #makeIdGenerator(BasicValue([Column(dni)]), dni, assigned, , ...)
2026-02-16 09:48:17.954 [main] DEBUG org.hibernate.cfg.AnnotatedColumn - Binding column: Column{table=Table(participante), mappingColumn=apellidos, insertable=true, updatable=true, unique=false}
2026-02-16 09:48:17.954 [main] DEBUG org.hibernate.cfg.annotations.PropertyBinder - MetadataSourceProcessor property apellidos with lazy=false
2026-02-16 09:48:17.954 [main] DEBUG org.hibernate.cfg.AbstractPropertyHolder - Attempting to locate auto-apply AttributeConverter for property [modelos.Participante:apellidos]
2026-02-16 09:48:17.954 [main] DEBUG org.hibernate.cfg.annotations.BasicValueBinder - building BasicValue for apellidos
2026-02-16 09:48:17.954 [main] DEBUG org.hibernate.mapping.BasicValue - Skipping column re-registration: participante.apellidos
2026-02-16 09:48:17.955 [main] DEBUG org.hibernate.cfg.annotations.PropertyBinder - Building property apellidos
2026-02-16 09:48:17.955 [main] DEBUG org.hibernate.cfg.AnnotatedColumn - Binding column: Column{table=Table(participante), mappingColumn=email, insertable=true, updatable=true, unique=false}
2026-02-16 09:48:17.955 [main] DEBUG org.hibernate.cfg.annotations.PropertyBinder - MetadataSourceProcessor property email with lazy=false
2026-02-16 09:48:17.955 [main] DEBUG org.hibernate.cfg.AbstractPropertyHolder - Attempting to locate auto-apply AttributeConverter for property [modelos.Participante:email]
2026-02-16 09:48:17.955 [main] DEBUG org.hibernate.cfg.annotations.BasicValueBinder - building BasicValue for email
2026-02-16 09:48:17.955 [main] DEBUG org.hibernate.mapping.BasicValue - Skipping column re-registration: participante.email
2026-02-16 09:48:17.956 [main] DEBUG org.hibernate.cfg.annotations.PropertyBinder - Building property email
2026-02-16 09:48:17.956 [main] DEBUG org.hibernate.cfg.AnnotatedColumn - Binding column: Column{table=Table(participante), mappingColumn=eventos_ORDER, insertable=true, updatable=true, unique=false}
2026-02-16 09:48:17.956 [main] DEBUG org.hibernate.cfg.AnnotatedColumn - Binding column: Column{table=Table(participante), mappingColumn=element, insertable=true, updatable=true, unique=false}
2026-02-16 09:48:17.957 [main] DEBUG org.hibernate.cfg.AnnotatedColumn - Binding column: Column{table=Table(participante), mappingColumn=eventos_KEY, insertable=true, updatable=true, unique=false}
2026-02-16 09:48:17.957 [main] DEBUG org.hibernate.cfg.AnnotatedColumn - Binding column: JoinColumn{logicalColumnName='eventos_KEY', referencedColumn='null', mappedBy='null'}
2026-02-16 09:48:17.957 [main] DEBUG org.hibernate.cfg.AnnotatedColumn - Binding column: JoinColumn{logicalColumnName='null', referencedColumn='null', mappedBy='participantes'}
2026-02-16 09:48:17.957 [main] DEBUG org.hibernate.cfg.AnnotatedColumn - Binding column: JoinColumn{logicalColumnName='null', referencedColumn='null', mappedBy='participantes'}
2026-02-16 09:48:17.957 [main] DEBUG org.hibernate.cfg.annotations.CollectionBinder - Collection role: modelos.Participante.eventos
2026-02-16 09:48:17.957 [main] DEBUG org.hibernate.cfg.annotations.PropertyBinder - Building property eventos
2026-02-16 09:48:17.958 [main] DEBUG org.hibernate.cfg.AnnotatedColumn - Binding column: Column{table=Table(participante), mappingColumn=nombre, insertable=true, updatable=true, unique=false}
2026-02-16 09:48:17.958 [main] DEBUG org.hibernate.cfg.annotations.PropertyBinder - MetadataSourceProcessor property nombre with lazy=false
2026-02-16 09:48:17.958 [main] DEBUG org.hibernate.cfg.AbstractPropertyHolder - Attempting to locate auto-apply AttributeConverter for property [modelos.Participante:nombre]
2026-02-16 09:48:17.958 [main] DEBUG org.hibernate.cfg.annotations.BasicValueBinder - building BasicValue for nombre
2026-02-16 09:48:17.958 [main] DEBUG org.hibernate.mapping.BasicValue - Skipping column re-registration: participante.nombre
2026-02-16 09:48:17.958 [main] DEBUG org.hibernate.cfg.annotations.PropertyBinder - Building property nombre
2026-02-16 09:48:17.959 [main] DEBUG org.hibernate.cfg.annotations.EntityBinder - Binding entity from annotated class: modelos.Evento
2026-02-16 09:48:17.959 [main] DEBUG org.hibernate.cfg.AnnotatedColumn - Binding column: DiscriminatorColumn{logicalColumnName'DTYPE', discriminatorTypeName='string'}
2026-02-16 09:48:17.959 [main] DEBUG org.hibernate.cfg.annotations.EntityBinder - Import with entity name Evento
2026-02-16 09:48:17.959 [main] DEBUG org.hibernate.cfg.annotations.EntityBinder - Bind entity modelos.Evento on table evento
2026-02-16 09:48:17.964 [main] DEBUG org.hibernate.cfg.AnnotatedColumn - Binding column: Column{table=Table(evento), mappingColumn=idEvento, insertable=true, updatable=true, unique=false}
2026-02-16 09:48:17.964 [main] DEBUG org.hibernate.boot.internal.ClassLoaderAccessImpl - Not known whether passed class name [modelos.Evento] is safe
2026-02-16 09:48:17.964 [main] DEBUG org.hibernate.boot.internal.ClassLoaderAccessImpl - No temp ClassLoader provided; using live ClassLoader for loading potentially unsafe class : modelos.Evento
2026-02-16 09:48:17.964 [main] DEBUG org.hibernate.cfg.annotations.PropertyBinder - MetadataSourceProcessor property idEvento with lazy=false
2026-02-16 09:48:17.964 [main] DEBUG org.hibernate.cfg.AbstractPropertyHolder - Attempting to locate auto-apply AttributeConverter for property [modelos.Evento:idEvento]
2026-02-16 09:48:17.965 [main] DEBUG org.hibernate.cfg.annotations.BasicValueBinder - building BasicValue for idEvento
2026-02-16 09:48:17.965 [main] DEBUG org.hibernate.mapping.BasicValue - Skipping column re-registration: evento.idEvento
2026-02-16 09:48:17.965 [main] DEBUG org.hibernate.cfg.annotations.PropertyBinder - Building property idEvento
2026-02-16 09:48:17.965 [main] DEBUG org.hibernate.cfg.BinderHelper - #makeIdGenerator(BasicValue([Column(idEvento)]), idEvento, org.hibernate.id.enhanced.SequenceStyleGenerator, , ...)
2026-02-16 09:48:17.965 [main] DEBUG org.hibernate.cfg.AnnotatedColumn - Binding column: Column{table=Table(evento), mappingColumn=duracion, insertable=true, updatable=true, unique=false}
2026-02-16 09:48:17.965 [main] DEBUG org.hibernate.cfg.annotations.PropertyBinder - MetadataSourceProcessor property duracion with lazy=false
2026-02-16 09:48:17.965 [main] DEBUG org.hibernate.cfg.AbstractPropertyHolder - Attempting to locate auto-apply AttributeConverter for property [modelos.Evento:duracion]
2026-02-16 09:48:17.965 [main] DEBUG org.hibernate.cfg.annotations.BasicValueBinder - building BasicValue for duracion
2026-02-16 09:48:17.965 [main] DEBUG org.hibernate.mapping.BasicValue - Skipping column re-registration: evento.duracion
2026-02-16 09:48:17.965 [main] DEBUG org.hibernate.cfg.annotations.PropertyBinder - Building property duracion
2026-02-16 09:48:17.966 [main] DEBUG org.hibernate.cfg.AnnotatedColumn - Binding column: Column{table=Table(evento), mappingColumn=fecha, insertable=true, updatable=true, unique=false}
2026-02-16 09:48:17.967 [main] DEBUG org.hibernate.cfg.annotations.PropertyBinder - MetadataSourceProcessor property fecha with lazy=false
2026-02-16 09:48:17.967 [main] DEBUG org.hibernate.cfg.AbstractPropertyHolder - Attempting to locate auto-apply AttributeConverter for property [modelos.Evento:fecha]
2026-02-16 09:48:17.967 [main] DEBUG org.hibernate.cfg.annotations.BasicValueBinder - building BasicValue for fecha
2026-02-16 09:48:17.967 [main] DEBUG org.hibernate.mapping.BasicValue - Skipping column re-registration: evento.fecha
2026-02-16 09:48:17.967 [main] DEBUG org.hibernate.cfg.annotations.PropertyBinder - Building property fecha
2026-02-16 09:48:17.968 [main] DEBUG org.hibernate.cfg.AnnotatedColumn - Binding column: Column{table=Table(evento), mappingColumn=nombre, insertable=true, updatable=true, unique=false}
2026-02-16 09:48:17.968 [main] DEBUG org.hibernate.cfg.annotations.PropertyBinder - MetadataSourceProcessor property nombre with lazy=false
2026-02-16 09:48:17.968 [main] DEBUG org.hibernate.cfg.AbstractPropertyHolder - Attempting to locate auto-apply AttributeConverter for property [modelos.Evento:nombre]
2026-02-16 09:48:17.968 [main] DEBUG org.hibernate.cfg.annotations.BasicValueBinder - building BasicValue for nombre
2026-02-16 09:48:17.968 [main] DEBUG org.hibernate.mapping.BasicValue - Skipping column re-registration: evento.nombre
2026-02-16 09:48:17.968 [main] DEBUG org.hibernate.cfg.annotations.PropertyBinder - Building property nombre
2026-02-16 09:48:17.968 [main] DEBUG org.hibernate.cfg.AnnotatedColumn - Binding column: Column{table=Table(evento), mappingColumn=participantes_ORDER, insertable=true, updatable=true, unique=false}
2026-02-16 09:48:17.968 [main] DEBUG org.hibernate.cfg.AnnotatedColumn - Binding column: Column{table=Table(evento), mappingColumn=element, insertable=true, updatable=true, unique=false}
2026-02-16 09:48:17.968 [main] DEBUG org.hibernate.cfg.AnnotatedColumn - Binding column: Column{table=Table(evento), mappingColumn=participantes_KEY, insertable=true, updatable=true, unique=false}
2026-02-16 09:48:17.968 [main] DEBUG org.hibernate.cfg.AnnotatedColumn - Binding column: JoinColumn{logicalColumnName='participantes_KEY', referencedColumn='null', mappedBy='null'}
2026-02-16 09:48:17.968 [main] DEBUG org.hibernate.cfg.AnnotatedColumn - Binding column: JoinColumn{logicalColumnName='null', referencedColumn='null', mappedBy=''}
2026-02-16 09:48:17.968 [main] DEBUG org.hibernate.cfg.AnnotatedColumn - Binding column: JoinColumn{logicalColumnName='null', referencedColumn='null', mappedBy=''}
2026-02-16 09:48:17.968 [main] DEBUG org.hibernate.cfg.annotations.CollectionBinder - Collection role: modelos.Evento.participantes
2026-02-16 09:48:17.968 [main] DEBUG org.hibernate.cfg.annotations.PropertyBinder - Building property participantes
2026-02-16 09:48:17.969 [main] DEBUG org.hibernate.cfg.AnnotatedColumn - Binding column: Column{table=Table(evento), mappingColumn=tipoEvento, insertable=true, updatable=true, unique=false}
2026-02-16 09:48:17.969 [main] DEBUG org.hibernate.cfg.annotations.PropertyBinder - MetadataSourceProcessor property tipoEvento with lazy=false
2026-02-16 09:48:17.969 [main] DEBUG org.hibernate.cfg.AbstractPropertyHolder - Attempting to locate auto-apply AttributeConverter for property [modelos.Evento:tipoEvento]
2026-02-16 09:48:17.969 [main] DEBUG org.hibernate.cfg.annotations.BasicValueBinder - building BasicValue for tipoEvento
2026-02-16 09:48:17.969 [main] DEBUG org.hibernate.mapping.BasicValue - Skipping column re-registration: evento.tipoEvento
2026-02-16 09:48:17.969 [main] DEBUG org.hibernate.cfg.annotations.PropertyBinder - Building property tipoEvento
2026-02-16 09:48:17.969 [main] DEBUG org.hibernate.cfg.AnnotatedColumn - Binding column: JoinColumn{logicalColumnName='idUbicacion', referencedColumn='', mappedBy=''}
2026-02-16 09:48:17.970 [main] DEBUG org.hibernate.cfg.AnnotatedColumn - Binding column: Column{table=Table(evento), mappingColumn=ubicacion, insertable=true, updatable=true, unique=false}
2026-02-16 09:48:17.972 [main] DEBUG org.hibernate.cfg.annotations.PropertyBinder - Building property ubicacion
2026-02-16 09:48:17.974 [main] DEBUG org.hibernate.cfg.annotations.BasicValueBinder - Starting `BasicValueBinder#fillSimpleValue` for idUbicacion
2026-02-16 09:48:17.974 [main] DEBUG org.hibernate.cfg.annotations.BasicValueBinder - Starting `BasicValueBinder#fillSimpleValue` for capacidadMaxima
2026-02-16 09:48:17.974 [main] DEBUG org.hibernate.cfg.annotations.BasicValueBinder - Starting `BasicValueBinder#fillSimpleValue` for direccion
2026-02-16 09:48:17.975 [main] DEBUG org.hibernate.cfg.annotations.BasicValueBinder - Starting `BasicValueBinder#fillSimpleValue` for nombre
2026-02-16 09:48:17.976 [main] DEBUG org.hibernate.cfg.annotations.BasicValueBinder - Starting `BasicValueBinder#fillSimpleValue` for dni
2026-02-16 09:48:17.976 [main] DEBUG org.hibernate.cfg.annotations.BasicValueBinder - Starting `BasicValueBinder#fillSimpleValue` for apellidos
2026-02-16 09:48:17.976 [main] DEBUG org.hibernate.cfg.annotations.BasicValueBinder - Starting `BasicValueBinder#fillSimpleValue` for email
2026-02-16 09:48:17.976 [main] DEBUG org.hibernate.cfg.annotations.BasicValueBinder - Starting `BasicValueBinder#fillSimpleValue` for nombre
2026-02-16 09:48:17.976 [main] DEBUG org.hibernate.cfg.annotations.BasicValueBinder - Starting `BasicValueBinder#fillSimpleValue` for idEvento
2026-02-16 09:48:17.976 [main] DEBUG org.hibernate.cfg.annotations.BasicValueBinder - Starting `BasicValueBinder#fillSimpleValue` for duracion
2026-02-16 09:48:17.976 [main] DEBUG org.hibernate.cfg.annotations.BasicValueBinder - Starting `BasicValueBinder#fillSimpleValue` for fecha
2026-02-16 09:48:17.976 [main] DEBUG org.hibernate.cfg.annotations.BasicValueBinder - Starting `BasicValueBinder#fillSimpleValue` for nombre
2026-02-16 09:48:17.976 [main] DEBUG org.hibernate.cfg.annotations.BasicValueBinder - Starting `BasicValueBinder#fillSimpleValue` for tipoEvento
2026-02-16 09:48:17.983 [main] DEBUG org.hibernate.mapping.PrimaryKey - Forcing column [idubicacion] to be non-null as it is part of the primary key for table [ubicacion]
2026-02-16 09:48:17.983 [main] DEBUG org.hibernate.mapping.PrimaryKey - Forcing column [dni] to be non-null as it is part of the primary key for table [participante]
2026-02-16 09:48:17.983 [main] DEBUG org.hibernate.mapping.PrimaryKey - Forcing column [idevento] to be non-null as it is part of the primary key for table [evento]
2026-02-16 09:48:17.984 [main] DEBUG org.hibernate.cfg.CollectionSecondPass - Second pass for collection: modelos.Evento.participantes
2026-02-16 09:48:17.984 [main] DEBUG org.hibernate.cfg.annotations.CollectionBinder - Binding a ManyToMany: modelos.Evento.participantes
2026-02-16 09:48:17.988 [main] DEBUG org.hibernate.mapping.PrimaryKey - Forcing column [eventos_idevento] to be non-null as it is part of the primary key for table [evento_participante]
2026-02-16 09:48:17.988 [main] DEBUG org.hibernate.mapping.PrimaryKey - Forcing column [participantes_dni] to be non-null as it is part of the primary key for table [evento_participante]
2026-02-16 09:48:17.989 [main] DEBUG org.hibernate.cfg.CollectionSecondPass - Mapped collection key: eventos_idEvento, element: participantes_dni
2026-02-16 09:48:17.989 [main] DEBUG org.hibernate.cfg.CollectionSecondPass - Second pass for collection: modelos.Ubicacion.eventos
2026-02-16 09:48:17.991 [main] DEBUG org.hibernate.cfg.annotations.CollectionBinder - Binding a OneToMany: modelos.Ubicacion.eventos through a foreign key
2026-02-16 09:48:17.991 [main] DEBUG org.hibernate.cfg.annotations.CollectionBinder - Mapping collection: modelos.Ubicacion.eventos -> evento
2026-02-16 09:48:17.991 [main] DEBUG org.hibernate.cfg.annotations.TableBinder - Retrieving property modelos.Evento.ubicacion
2026-02-16 09:48:17.992 [main] DEBUG org.hibernate.cfg.CollectionSecondPass - Mapped collection key: idUbicacion, one-to-many: modelos.Evento
2026-02-16 09:48:17.992 [main] DEBUG org.hibernate.cfg.CollectionSecondPass - Second pass for collection: modelos.Participante.eventos
2026-02-16 09:48:17.992 [main] DEBUG org.hibernate.cfg.annotations.CollectionBinder - Binding a ManyToMany: modelos.Participante.eventos
2026-02-16 09:48:17.992 [main] DEBUG org.hibernate.cfg.annotations.TableBinder - Retrieving property modelos.Evento.participantes
2026-02-16 09:48:17.992 [main] DEBUG org.hibernate.cfg.CollectionSecondPass - Mapped collection key: participantes_dni, element: eventos_idEvento
2026-02-16 09:48:17.992 [main] DEBUG org.hibernate.boot.internal.InFlightMetadataCollectorImpl - Resolving reference to class: modelos.Ubicacion
2026-02-16 09:48:17.994 [main] DEBUG org.hibernate.boot.internal.InFlightMetadataCollectorImpl - Resolving reference to class: modelos.Participante
2026-02-16 09:48:17.995 [main] DEBUG org.hibernate.boot.internal.InFlightMetadataCollectorImpl - Resolving reference to class: modelos.Evento
2026-02-16 09:48:18.002 [main] DEBUG org.hibernate.boot.internal.InFlightMetadataCollectorImpl - Resolving reference to class: modelos.Ubicacion
2026-02-16 09:48:18.002 [main] DEBUG org.hibernate.boot.internal.InFlightMetadataCollectorImpl - Resolving reference to class: modelos.Participante
2026-02-16 09:48:18.002 [main] DEBUG org.hibernate.boot.internal.InFlightMetadataCollectorImpl - Resolving reference to class: modelos.Evento
2026-02-16 09:48:18.040 [main] DEBUG org.hibernate.internal.SessionFactoryImpl - Building session factory
2026-02-16 09:48:18.091 [main] DEBUG org.hibernate.service.internal.SessionFactoryServiceRegistryImpl - EventListenerRegistry access via ServiceRegistry is deprecated.  Use `sessionFactory.getEventEngine().getListenerRegistry()` instead
2026-02-16 09:48:18.095 [main] DEBUG org.hibernate.internal.SessionFactoryImpl - Session factory constructed with filter configurations : {}
2026-02-16 09:48:18.095 [main] DEBUG org.hibernate.internal.SessionFactoryImpl - Instantiating session factory with properties: {hibernate.format_sql=false, java.specification.version=21, sun.cpu.isalist=amd64, sun.jnu.encoding=Cp1252, java.class.path=C:\Users\alumno\Desktop\SegundoDAM\Acceso a Datos\consultasORMPlanificada\target\classes;C:\Users\alumno\.m2\repository\org\apache\logging\log4j\log4j-api\2.13.0\log4j-api-2.13.0.jar;C:\Users\alumno\.m2\repository\org\apache\logging\log4j\log4j-core\2.13.0\log4j-core-2.13.0.jar;C:\Users\alumno\.m2\repository\org\springframework\spring-orm\5.1.1.RELEASE\spring-orm-5.1.1.RELEASE.jar;C:\Users\alumno\.m2\repository\org\springframework\spring-beans\5.1.1.RELEASE\spring-beans-5.1.1.RELEASE.jar;C:\Users\alumno\.m2\repository\org\springframework\spring-core\5.1.1.RELEASE\spring-core-5.1.1.RELEASE.jar;C:\Users\alumno\.m2\repository\org\springframework\spring-jcl\5.1.1.RELEASE\spring-jcl-5.1.1.RELEASE.jar;C:\Users\alumno\.m2\repository\org\springframework\spring-jdbc\5.1.1.RELEASE\spring-jdbc-5.1.1.RELEASE.jar;C:\Users\alumno\.m2\repository\org\springframework\spring-tx\5.1.1.RELEASE\spring-tx-5.1.1.RELEASE.jar;C:\Users\alumno\.m2\repository\com\mysql\mysql-connector-j\8.0.31\mysql-connector-j-8.0.31.jar;C:\Users\alumno\.m2\repository\com\google\protobuf\protobuf-java\3.19.4\protobuf-java-3.19.4.jar;C:\Users\alumno\.m2\repository\org\hibernate\orm\hibernate-core\6.1.7.Final\hibernate-core-6.1.7.Final.jar;C:\Users\alumno\.m2\repository\jakarta\persistence\jakarta.persistence-api\3.0.0\jakarta.persistence-api-3.0.0.jar;C:\Users\alumno\.m2\repository\jakarta\transaction\jakarta.transaction-api\2.0.0\jakarta.transaction-api-2.0.0.jar;C:\Users\alumno\.m2\repository\org\jboss\logging\jboss-logging\3.4.3.Final\jboss-logging-3.4.3.Final.jar;C:\Users\alumno\.m2\repository\org\hibernate\common\hibernate-commons-annotations\6.0.6.Final\hibernate-commons-annotations-6.0.6.Final.jar;C:\Users\alumno\.m2\repository\org\jboss\jandex\2.4.2.Final\jandex-2.4.2.Final.jar;C:\Users\alumno\.m2\repository\com\fasterxml\classmate\1.5.1\classmate-1.5.1.jar;C:\Users\alumno\.m2\repository\net\bytebuddy\byte-buddy\1.12.18\byte-buddy-1.12.18.jar;C:\Users\alumno\.m2\repository\jakarta\xml\bind\jakarta.xml.bind-api\3.0.1\jakarta.xml.bind-api-3.0.1.jar;C:\Users\alumno\.m2\repository\com\sun\activation\jakarta.activation\2.0.1\jakarta.activation-2.0.1.jar;C:\Users\alumno\.m2\repository\org\glassfish\jaxb\jaxb-runtime\3.0.2\jaxb-runtime-3.0.2.jar;C:\Users\alumno\.m2\repository\org\glassfish\jaxb\jaxb-core\3.0.2\jaxb-core-3.0.2.jar;C:\Users\alumno\.m2\repository\org\glassfish\jaxb\txw2\3.0.2\txw2-3.0.2.jar;C:\Users\alumno\.m2\repository\com\sun\istack\istack-commons-runtime\4.0.1\istack-commons-runtime-4.0.1.jar;C:\Users\alumno\.m2\repository\jakarta\inject\jakarta.inject-api\2.0.0\jakarta.inject-api-2.0.0.jar;C:\Users\alumno\.m2\repository\org\antlr\antlr4-runtime\4.10.1\antlr4-runtime-4.10.1.jar, java.vm.vendor=Oracle Corporation, sun.arch.data.model=64, user.variant=, java.vendor.url=https://java.oracle.com/, user.timezone=Europe/Madrid, org.apache.logging.log4j.assignedSequences=7953, java.vm.specification.version=21, os.name=Windows 11, sun.java.launcher=SUN_STANDARD, user.country=ES, sun.boot.library.path=C:\Program Files\Java\jdk-21\bin, sun.java.command=controladores.GestionaJornadas, hibernate.use_sql_comments=true, jdk.debug=release, sun.cpu.endian=little, user.home=C:\Users\alumno, user.language=es, java.specification.vendor=Oracle Corporation, java.version.date=2025-07-15, java.home=C:\Program Files\Java\jdk-21, file.separator=\, java.vm.compressedOopsMode=Zero based, line.separator=
, java.vm.specification.vendor=Oracle Corporation, java.specification.name=Java Platform API Specification, hibernate.hbm2ddl.auto=create, user.script=, sun.management.compiler=HotSpot 64-Bit Tiered Compilers, java.runtime.version=21.0.8+12-LTS-250, user.name=alumno, stdout.encoding=UTF-8, path.separator=;, hibernate.connection.username=****, os.version=10.0, java.runtime.name=Java(TM) SE Runtime Environment, hibernate.connection.url=jdbc:mysql://localhost:3307/AngelaChicaHQL?createDatabaseIfNotExist=true, file.encoding=UTF-8, java.vm.name=Java HotSpot(TM) 64-Bit Server VM, hibernate.show_sql=false, hibernate.connection.driver_class=com.mysql.jdbc.Driver, java.vendor.url.bug=https://bugreport.java.com/bugreport/, java.io.tmpdir=C:\Users\alumno\AppData\Local\Temp\, java.version=21.0.8, user.dir=C:\Users\alumno\Desktop\SegundoDAM\Acceso a Datos\consultasORMPlanificada, os.arch=amd64, java.vm.specification.name=Java Virtual Machine Specification, hibernate.connection.password=****, sun.os.patch.level=, hibernate.boot.CfgXmlAccessService.key=org.hibernate.boot.cfgxml.spi.LoadedConfig@753fd7a1, native.encoding=Cp1252, java.library.path=C:\Program Files\Java\jdk-21\bin;C:\WINDOWS\Sun\Java\bin;C:\WINDOWS\system32;C:\WINDOWS;C:/Users/alumno/Desktop/sts-4.31.0.RELEASE//plugins/org.eclipse.justj.openjdk.hotspot.jre.full.win32.x86_64_21.0.7.v20250502-0916/jre/bin/server;C:/Users/alumno/Desktop/sts-4.31.0.RELEASE//plugins/org.eclipse.justj.openjdk.hotspot.jre.full.win32.x86_64_21.0.7.v20250502-0916/jre/bin;C:\Program Files\Common Files\Oracle\Java\javapath;C:\WINDOWS\system32;C:\WINDOWS;C:\WINDOWS\System32\Wbem;C:\WINDOWS\System32\WindowsPowerShell\v1.0\;C:\WINDOWS\System32\OpenSSH\;C:\Program Files\nodejs\;C:\Program Files\Docker\Docker\resources\bin;C:\Users\alumno\AppData\Local\Programs\Python\Python311\Scripts\;C:\Users\alumno\AppData\Local\Programs\Python\Python311\;C:\Users\alumno\AppData\Local\Programs\Python\Python313\Scripts\;C:\Users\alumno\AppData\Local\Programs\Python\Python313\;C:\Users\alumno\AppData\Local\Programs\Python\Launcher\;C:\Users\alumno\AppData\Local\Programs\Python\Python314\Scripts\;C:\Users\alumno\AppData\Local\Programs\Python\Python314\;C:\Users\alumno\AppData\Local\Microsoft\WindowsApps;C:\Users\alumno\AppData\Local\GitHubDesktop\bin;C:\Users\alumno\AppData\Local\Programs\Git\cmd;C:\Users\alumno\AppData\Local\Programs\Microsoft VS Code\bin;C:\Users\alumno\AppData\Local\Python\bin;C:\Users\alumno\AppData\Roaming\npm;C:\Users\alumno\Desktop\sts-4.31.0.RELEASE;;., stderr.encoding=UTF-8, java.vendor=Oracle Corporation, java.vm.info=mixed mode, sharing, java.vm.version=21.0.8+12-LTS-250, hibernate.bytecode.use_reflection_optimizer=false, sun.io.unicode.encoding=UnicodeLittle, hibernate.connection.pool_size=10, java.class.version=65.0}
2026-02-16 09:48:18.101 [main] DEBUG org.hibernate.internal.SessionFactoryImpl - Instantiated session factory
2026-02-16 09:48:18.119 [main] DEBUG org.hibernate.orm.query.plan.cache - Starting QueryPlanCache(2048)
2026-02-16 09:48:18.169 [main] DEBUG org.hibernate.query.sqm.function.SqmFunctionRegistry - Registered SqmFunctionTemplate [NamedSqmFunctionTemplate(max)] under max; prior registration was null
2026-02-16 09:48:18.169 [main] DEBUG org.hibernate.query.sqm.function.SqmFunctionRegistry - Registered SqmFunctionTemplate [NamedSqmFunctionTemplate(min)] under min; prior registration was null
2026-02-16 09:48:18.170 [main] DEBUG org.hibernate.query.sqm.function.SqmFunctionRegistry - Registered SqmFunctionTemplate [NamedSqmFunctionTemplate(sum)] under sum; prior registration was null
2026-02-16 09:48:18.171 [main] DEBUG org.hibernate.query.sqm.function.SqmFunctionRegistry - Registered SqmFunctionTemplate [NamedSqmFunctionTemplate(avg)] under avg; prior registration was null
2026-02-16 09:48:18.172 [main] DEBUG org.hibernate.query.sqm.function.SqmFunctionRegistry - Registered SqmFunctionTemplate [org.hibernate.dialect.function.CountFunction@3850e90c] under count; prior registration was null
2026-02-16 09:48:18.173 [main] DEBUG org.hibernate.query.sqm.function.SqmFunctionRegistry - Registered SqmFunctionTemplate [org.hibernate.dialect.function.EveryAnyEmulation@321ca237] under every; prior registration was null
2026-02-16 09:48:18.173 [main] DEBUG org.hibernate.query.sqm.function.SqmFunctionRegistry - Registered SqmFunctionTemplate [org.hibernate.dialect.function.EveryAnyEmulation@4c5a2baf] under any; prior registration was null
2026-02-16 09:48:18.174 [main] DEBUG org.hibernate.query.sqm.function.SqmFunctionRegistry - Registered SqmFunctionTemplate [NamedSqmFunctionTemplate(round)] under round; prior registration was null
2026-02-16 09:48:18.174 [main] DEBUG org.hibernate.query.sqm.function.SqmFunctionRegistry - Registered SqmFunctionTemplate [NamedSqmFunctionTemplate(floor)] under floor; prior registration was null
2026-02-16 09:48:18.174 [main] DEBUG org.hibernate.query.sqm.function.SqmFunctionRegistry - Registered SqmFunctionTemplate [NamedSqmFunctionTemplate(ceiling)] under ceiling; prior registration was null
2026-02-16 09:48:18.174 [main] DEBUG org.hibernate.query.sqm.function.SqmFunctionRegistry - Registered SqmFunctionTemplate [NamedSqmFunctionTemplate(mod)] under mod; prior registration was null
2026-02-16 09:48:18.174 [main] DEBUG org.hibernate.query.sqm.function.SqmFunctionRegistry - Registered SqmFunctionTemplate [NamedSqmFunctionTemplate(abs)] under abs; prior registration was null
2026-02-16 09:48:18.174 [main] DEBUG org.hibernate.query.sqm.function.SqmFunctionRegistry - Registered SqmFunctionTemplate [NamedSqmFunctionTemplate(sign)] under sign; prior registration was null
2026-02-16 09:48:18.174 [main] DEBUG org.hibernate.query.sqm.function.SqmFunctionRegistry - Registered SqmFunctionTemplate [NamedSqmFunctionTemplate(sqrt)] under sqrt; prior registration was null
2026-02-16 09:48:18.174 [main] DEBUG org.hibernate.query.sqm.function.SqmFunctionRegistry - Registered SqmFunctionTemplate [NamedSqmFunctionTemplate(ln)] under ln; prior registration was null
2026-02-16 09:48:18.174 [main] DEBUG org.hibernate.query.sqm.function.SqmFunctionRegistry - Registered SqmFunctionTemplate [NamedSqmFunctionTemplate(exp)] under exp; prior registration was null
2026-02-16 09:48:18.174 [main] DEBUG org.hibernate.query.sqm.function.SqmFunctionRegistry - Registered SqmFunctionTemplate [NamedSqmFunctionTemplate(power)] under power; prior registration was null
2026-02-16 09:48:18.174 [main] DEBUG org.hibernate.query.sqm.function.SqmFunctionRegistry - Registered SqmFunctionTemplate [NamedSqmFunctionTemplate(sin)] under sin; prior registration was null
2026-02-16 09:48:18.174 [main] DEBUG org.hibernate.query.sqm.function.SqmFunctionRegistry - Registered SqmFunctionTemplate [NamedSqmFunctionTemplate(cos)] under cos; prior registration was null
2026-02-16 09:48:18.174 [main] DEBUG org.hibernate.query.sqm.function.SqmFunctionRegistry - Registered SqmFunctionTemplate [NamedSqmFunctionTemplate(tan)] under tan; prior registration was null
2026-02-16 09:48:18.174 [main] DEBUG org.hibernate.query.sqm.function.SqmFunctionRegistry - Registered SqmFunctionTemplate [NamedSqmFunctionTemplate(asin)] under asin; prior registration was null
2026-02-16 09:48:18.175 [main] DEBUG org.hibernate.query.sqm.function.SqmFunctionRegistry - Registered SqmFunctionTemplate [NamedSqmFunctionTemplate(acos)] under acos; prior registration was null
2026-02-16 09:48:18.175 [main] DEBUG org.hibernate.query.sqm.function.SqmFunctionRegistry - Registered SqmFunctionTemplate [NamedSqmFunctionTemplate(atan)] under atan; prior registration was null
2026-02-16 09:48:18.175 [main] DEBUG org.hibernate.query.sqm.function.SqmFunctionRegistry - Registered SqmFunctionTemplate [NamedSqmFunctionTemplate(atan2)] under atan2; prior registration was null
2026-02-16 09:48:18.175 [main] DEBUG org.hibernate.query.sqm.function.SqmFunctionRegistry - Registered SqmFunctionTemplate [NamedSqmFunctionTemplate(coalesce)] under coalesce; prior registration was null
2026-02-16 09:48:18.176 [main] DEBUG org.hibernate.query.sqm.function.SqmFunctionRegistry - Registered SqmFunctionTemplate [NamedSqmFunctionTemplate(nullif)] under nullif; prior registration was null
2026-02-16 09:48:18.176 [main] DEBUG org.hibernate.query.sqm.function.SqmFunctionRegistry - Registered SqmFunctionTemplate [NamedSqmFunctionTemplate(left)] under left; prior registration was null
2026-02-16 09:48:18.176 [main] DEBUG org.hibernate.query.sqm.function.SqmFunctionRegistry - Registered SqmFunctionTemplate [NamedSqmFunctionTemplate(right)] under right; prior registration was null
2026-02-16 09:48:18.176 [main] DEBUG org.hibernate.query.sqm.function.SqmFunctionRegistry - Registered SqmFunctionTemplate [NamedSqmFunctionTemplate(replace)] under replace; prior registration was null
2026-02-16 09:48:18.176 [main] DEBUG org.hibernate.query.sqm.function.SqmFunctionRegistry - Registered SqmFunctionTemplate [NamedSqmFunctionTemplate(concat)] under concat; prior registration was null
2026-02-16 09:48:18.176 [main] DEBUG org.hibernate.query.sqm.function.SqmFunctionRegistry - Registered SqmFunctionTemplate [NamedSqmFunctionTemplate(lower)] under lower; prior registration was null
2026-02-16 09:48:18.176 [main] DEBUG org.hibernate.query.sqm.function.SqmFunctionRegistry - Registered SqmFunctionTemplate [NamedSqmFunctionTemplate(upper)] under upper; prior registration was null
2026-02-16 09:48:18.177 [main] DEBUG org.hibernate.query.sqm.function.SqmFunctionRegistry - Registered SqmFunctionTemplate [NamedSqmFunctionTemplate(substring)] under substring; prior registration was null
2026-02-16 09:48:18.177 [main] DEBUG org.hibernate.query.sqm.function.SqmFunctionRegistry - Registered SqmFunctionTemplate [NamedSqmFunctionTemplate(locate)] under locate; prior registration was null
2026-02-16 09:48:18.177 [main] DEBUG org.hibernate.query.sqm.function.SqmFunctionRegistry - Registered SqmFunctionTemplate [NamedSqmFunctionTemplate(character_length)] under character_length; prior registration was null
2026-02-16 09:48:18.177 [main] DEBUG org.hibernate.query.sqm.function.SqmFunctionRegistry - Registering alternate key : length -> character_length
2026-02-16 09:48:18.178 [main] DEBUG org.hibernate.query.sqm.function.SqmFunctionRegistry - Registered SqmFunctionTemplate [org.hibernate.dialect.function.LocatePositionEmulation@5b5b59] under position; prior registration was null
2026-02-16 09:48:18.179 [main] DEBUG org.hibernate.query.sqm.function.SqmFunctionRegistry - Registered SqmFunctionTemplate [org.hibernate.dialect.function.InsertSubstringOverlayEmulation@33f17289] under overlay; prior registration was null
2026-02-16 09:48:18.179 [main] DEBUG org.hibernate.query.sqm.function.SqmFunctionRegistry - Registered SqmFunctionTemplate [org.hibernate.dialect.function.TrimFunction@3b353651] under trim; prior registration was null
2026-02-16 09:48:18.180 [main] DEBUG org.hibernate.query.sqm.function.SqmFunctionRegistry - Registered SqmFunctionTemplate [org.hibernate.dialect.function.CastFunction@7b2ccba5] under cast; prior registration was null
2026-02-16 09:48:18.181 [main] DEBUG org.hibernate.query.sqm.function.SqmFunctionRegistry - Registered SqmFunctionTemplate [org.hibernate.query.sqm.function.PatternBasedSqmFunctionDescriptor@3b42121d] under collate; prior registration was null
2026-02-16 09:48:18.182 [main] DEBUG org.hibernate.query.sqm.function.SqmFunctionRegistry - Registered SqmFunctionTemplate [org.hibernate.dialect.function.ExtractFunction@6ccac6f4] under extract; prior registration was null
2026-02-16 09:48:18.182 [main] DEBUG org.hibernate.query.sqm.function.SqmFunctionRegistry - Registered SqmFunctionTemplate [NamedSqmFunctionTemplate(least)] under least; prior registration was null
2026-02-16 09:48:18.182 [main] DEBUG org.hibernate.query.sqm.function.SqmFunctionRegistry - Registered SqmFunctionTemplate [NamedSqmFunctionTemplate(greatest)] under greatest; prior registration was null
2026-02-16 09:48:18.183 [main] DEBUG org.hibernate.query.sqm.function.SqmFunctionRegistry - Registered SqmFunctionTemplate [org.hibernate.dialect.function.CoalesceIfnullEmulation@56c8e6f0] under ifnull; prior registration was null
2026-02-16 09:48:18.183 [main] DEBUG org.hibernate.query.sqm.function.SqmFunctionRegistry - Registered SqmFunctionTemplate [NamedSqmFunctionTemplate(lpad)] under lpad; prior registration was null
2026-02-16 09:48:18.183 [main] DEBUG org.hibernate.query.sqm.function.SqmFunctionRegistry - Registered SqmFunctionTemplate [NamedSqmFunctionTemplate(rpad)] under rpad; prior registration was null
2026-02-16 09:48:18.183 [main] DEBUG org.hibernate.query.sqm.function.SqmFunctionRegistry - Registered SqmFunctionTemplate [org.hibernate.dialect.function.LpadRpadPadEmulation@5e5beb8a] under pad; prior registration was null
2026-02-16 09:48:18.183 [main] DEBUG org.hibernate.query.sqm.function.SqmFunctionRegistry - Registered SqmFunctionTemplate [org.hibernate.dialect.function.CastStrEmulation@723877dd] under str; prior registration was null
2026-02-16 09:48:18.185 [main] DEBUG org.hibernate.query.sqm.function.SqmFunctionRegistry - Registered SqmFunctionTemplate [org.hibernate.dialect.function.FormatFunction@66a53104] under format; prior registration was null
2026-02-16 09:48:18.186 [main] DEBUG org.hibernate.query.sqm.function.SqmFunctionRegistry - Registered SqmFunctionTemplate [org.hibernate.dialect.function.TimestampaddFunction@62cba181] under timestampadd; prior registration was null
2026-02-16 09:48:18.186 [main] DEBUG org.hibernate.query.sqm.function.SqmFunctionRegistry - Registered SqmFunctionTemplate [org.hibernate.dialect.function.TimestampdiffFunction@4c1d59cd] under timestampdiff; prior registration was null
2026-02-16 09:48:18.186 [main] DEBUG org.hibernate.query.sqm.function.SqmFunctionRegistry - Registering alternate key : dateadd -> timestampadd
2026-02-16 09:48:18.186 [main] DEBUG org.hibernate.query.sqm.function.SqmFunctionRegistry - Registering alternate key : datediff -> timestampdiff
2026-02-16 09:48:18.186 [main] DEBUG org.hibernate.query.sqm.function.SqmFunctionRegistry - Registered SqmFunctionTemplate [org.hibernate.dialect.function.CurrentFunction@6ec63f8] under current_date; prior registration was null
2026-02-16 09:48:18.186 [main] DEBUG org.hibernate.query.sqm.function.SqmFunctionRegistry - Registered SqmFunctionTemplate [org.hibernate.dialect.function.CurrentFunction@66223d94] under current_time; prior registration was null
2026-02-16 09:48:18.186 [main] DEBUG org.hibernate.query.sqm.function.SqmFunctionRegistry - Registered SqmFunctionTemplate [org.hibernate.dialect.function.CurrentFunction@2bc7db89] under current_timestamp; prior registration was null
2026-02-16 09:48:18.186 [main] DEBUG org.hibernate.query.sqm.function.SqmFunctionRegistry - Registering alternate key : current date -> current_date
2026-02-16 09:48:18.186 [main] DEBUG org.hibernate.query.sqm.function.SqmFunctionRegistry - Registering alternate key : current time -> current_time
2026-02-16 09:48:18.186 [main] DEBUG org.hibernate.query.sqm.function.SqmFunctionRegistry - Registering alternate key : current timestamp -> current_timestamp
2026-02-16 09:48:18.188 [main] DEBUG org.hibernate.query.sqm.function.SqmFunctionRegistry - Registered SqmFunctionTemplate [org.hibernate.dialect.function.CurrentFunction@479ac2cb] under local_date; prior registration was null
2026-02-16 09:48:18.188 [main] DEBUG org.hibernate.query.sqm.function.SqmFunctionRegistry - Registered SqmFunctionTemplate [org.hibernate.dialect.function.CurrentFunction@220c9a63] under local_time; prior registration was null
2026-02-16 09:48:18.188 [main] DEBUG org.hibernate.query.sqm.function.SqmFunctionRegistry - Registered SqmFunctionTemplate [org.hibernate.dialect.function.CurrentFunction@55b5cd2b] under local_datetime; prior registration was null
2026-02-16 09:48:18.188 [main] DEBUG org.hibernate.query.sqm.function.SqmFunctionRegistry - Registered SqmFunctionTemplate [org.hibernate.dialect.function.CurrentFunction@40bb4f87] under offset_datetime; prior registration was null
2026-02-16 09:48:18.188 [main] DEBUG org.hibernate.query.sqm.function.SqmFunctionRegistry - Registering alternate key : local date -> local_date
2026-02-16 09:48:18.188 [main] DEBUG org.hibernate.query.sqm.function.SqmFunctionRegistry - Registering alternate key : local time -> local_time
2026-02-16 09:48:18.188 [main] DEBUG org.hibernate.query.sqm.function.SqmFunctionRegistry - Registering alternate key : local datetime -> local_datetime
2026-02-16 09:48:18.188 [main] DEBUG org.hibernate.query.sqm.function.SqmFunctionRegistry - Registering alternate key : offset datetime -> offset_datetime
2026-02-16 09:48:18.188 [main] DEBUG org.hibernate.query.sqm.function.SqmFunctionRegistry - Registered SqmFunctionTemplate [org.hibernate.dialect.function.CurrentFunction@51a651c1] under instant; prior registration was null
2026-02-16 09:48:18.188 [main] DEBUG org.hibernate.query.sqm.function.SqmFunctionRegistry - Registering alternate key : current_instant -> instant
2026-02-16 09:48:18.188 [main] DEBUG org.hibernate.query.sqm.function.SqmFunctionRegistry - Registered SqmFunctionTemplate [org.hibernate.dialect.function.SqlFunction@158e9f6e] under sql; prior registration was null
2026-02-16 09:48:18.188 [main] DEBUG org.hibernate.query.sqm.function.SqmFunctionRegistry - Registered SqmFunctionTemplate [NamedSqmFunctionTemplate(soundex)] under soundex; prior registration was null
2026-02-16 09:48:18.188 [main] DEBUG org.hibernate.query.sqm.function.SqmFunctionRegistry - Registered SqmFunctionTemplate [NamedSqmFunctionTemplate(radians)] under radians; prior registration was null
2026-02-16 09:48:18.188 [main] DEBUG org.hibernate.query.sqm.function.SqmFunctionRegistry - Registered SqmFunctionTemplate [NamedSqmFunctionTemplate(degrees)] under degrees; prior registration was null
2026-02-16 09:48:18.188 [main] DEBUG org.hibernate.query.sqm.function.SqmFunctionRegistry - Registered SqmFunctionTemplate [NamedSqmFunctionTemplate(cot)] under cot; prior registration was null
2026-02-16 09:48:18.188 [main] DEBUG org.hibernate.query.sqm.function.SqmFunctionRegistry - Registered SqmFunctionTemplate [NamedSqmFunctionTemplate(log)] under log; prior registration was null
2026-02-16 09:48:18.188 [main] DEBUG org.hibernate.query.sqm.function.SqmFunctionRegistry - Registered SqmFunctionTemplate [NamedSqmFunctionTemplate(log2)] under log2; prior registration was null
2026-02-16 09:48:18.188 [main] DEBUG org.hibernate.query.sqm.function.SqmFunctionRegistry - Registered SqmFunctionTemplate [NamedSqmFunctionTemplate(log10)] under log10; prior registration was null
2026-02-16 09:48:18.188 [main] DEBUG org.hibernate.query.sqm.function.SqmFunctionRegistry - Registered SqmFunctionTemplate [NamedSqmFunctionTemplate(pi)] under pi; prior registration was null
2026-02-16 09:48:18.188 [main] DEBUG org.hibernate.query.sqm.function.SqmFunctionRegistry - Registered SqmFunctionTemplate [NamedSqmFunctionTemplate(ltrim)] under ltrim; prior registration was null
2026-02-16 09:48:18.188 [main] DEBUG org.hibernate.query.sqm.function.SqmFunctionRegistry - Registered SqmFunctionTemplate [NamedSqmFunctionTemplate(rtrim)] under rtrim; prior registration was null
2026-02-16 09:48:18.188 [main] DEBUG org.hibernate.query.sqm.function.SqmFunctionRegistry - Registered SqmFunctionTemplate [NamedSqmFunctionTemplate(octet_length)] under octet_length; prior registration was null
2026-02-16 09:48:18.188 [main] DEBUG org.hibernate.query.sqm.function.SqmFunctionRegistry - Registered SqmFunctionTemplate [NamedSqmFunctionTemplate(reverse)] under reverse; prior registration was null
2026-02-16 09:48:18.188 [main] DEBUG org.hibernate.query.sqm.function.SqmFunctionRegistry - Registered SqmFunctionTemplate [NamedSqmFunctionTemplate(space)] under space; prior registration was null
2026-02-16 09:48:18.188 [main] DEBUG org.hibernate.query.sqm.function.SqmFunctionRegistry - Registered SqmFunctionTemplate [NamedSqmFunctionTemplate(repeat)] under repeat; prior registration was null
2026-02-16 09:48:18.188 [main] DEBUG org.hibernate.query.sqm.function.SqmFunctionRegistry - Registered SqmFunctionTemplate [org.hibernate.query.sqm.function.MultipatternSqmFunctionDescriptor@6cbbb9c4] under lpad; prior registration was NamedSqmFunctionTemplate(lpad)
2026-02-16 09:48:18.188 [main] DEBUG org.hibernate.query.sqm.function.SqmFunctionRegistry - Registered SqmFunctionTemplate [org.hibernate.query.sqm.function.MultipatternSqmFunctionDescriptor@63f9b562] under rpad; prior registration was NamedSqmFunctionTemplate(rpad)
2026-02-16 09:48:18.188 [main] DEBUG org.hibernate.query.sqm.function.SqmFunctionRegistry - Registered SqmFunctionTemplate [NamedSqmFunctionTemplate(md5)] under md5; prior registration was null
2026-02-16 09:48:18.188 [main] DEBUG org.hibernate.query.sqm.function.SqmFunctionRegistry - Registered SqmFunctionTemplate [NamedSqmFunctionTemplate(day)] under day; prior registration was null
2026-02-16 09:48:18.188 [main] DEBUG org.hibernate.query.sqm.function.SqmFunctionRegistry - Registered SqmFunctionTemplate [NamedSqmFunctionTemplate(month)] under month; prior registration was null
2026-02-16 09:48:18.188 [main] DEBUG org.hibernate.query.sqm.function.SqmFunctionRegistry - Registered SqmFunctionTemplate [NamedSqmFunctionTemplate(year)] under year; prior registration was null
2026-02-16 09:48:18.188 [main] DEBUG org.hibernate.query.sqm.function.SqmFunctionRegistry - Registered SqmFunctionTemplate [NamedSqmFunctionTemplate(hour)] under hour; prior registration was null
2026-02-16 09:48:18.189 [main] DEBUG org.hibernate.query.sqm.function.SqmFunctionRegistry - Registered SqmFunctionTemplate [NamedSqmFunctionTemplate(minute)] under minute; prior registration was null
2026-02-16 09:48:18.189 [main] DEBUG org.hibernate.query.sqm.function.SqmFunctionRegistry - Registered SqmFunctionTemplate [NamedSqmFunctionTemplate(second)] under second; prior registration was null
2026-02-16 09:48:18.189 [main] DEBUG org.hibernate.query.sqm.function.SqmFunctionRegistry - Registered SqmFunctionTemplate [NamedSqmFunctionTemplate(microsecond)] under microsecond; prior registration was null
2026-02-16 09:48:18.189 [main] DEBUG org.hibernate.query.sqm.function.SqmFunctionRegistry - Registered SqmFunctionTemplate [NamedSqmFunctionTemplate(dayofweek)] under dayofweek; prior registration was null
2026-02-16 09:48:18.189 [main] DEBUG org.hibernate.query.sqm.function.SqmFunctionRegistry - Registered SqmFunctionTemplate [NamedSqmFunctionTemplate(dayofmonth)] under dayofmonth; prior registration was null
2026-02-16 09:48:18.189 [main] DEBUG org.hibernate.query.sqm.function.SqmFunctionRegistry - Registering alternate key : day -> dayofmonth
2026-02-16 09:48:18.189 [main] DEBUG org.hibernate.query.sqm.function.SqmFunctionRegistry - Registered SqmFunctionTemplate [NamedSqmFunctionTemplate(dayofyear)] under dayofyear; prior registration was null
2026-02-16 09:48:18.189 [main] DEBUG org.hibernate.query.sqm.function.SqmFunctionRegistry - Registered SqmFunctionTemplate [NamedSqmFunctionTemplate(week)] under week; prior registration was null
2026-02-16 09:48:18.189 [main] DEBUG org.hibernate.query.sqm.function.SqmFunctionRegistry - Registered SqmFunctionTemplate [NamedSqmFunctionTemplate(quarter)] under quarter; prior registration was null
2026-02-16 09:48:18.189 [main] DEBUG org.hibernate.query.sqm.function.SqmFunctionRegistry - Registered SqmFunctionTemplate [NamedSqmFunctionTemplate(monthname)] under monthname; prior registration was null
2026-02-16 09:48:18.189 [main] DEBUG org.hibernate.query.sqm.function.SqmFunctionRegistry - Registered SqmFunctionTemplate [NamedSqmFunctionTemplate(dayname)] under dayname; prior registration was null
2026-02-16 09:48:18.189 [main] DEBUG org.hibernate.query.sqm.function.SqmFunctionRegistry - Registered SqmFunctionTemplate [NamedSqmFunctionTemplate(last_day)] under last_day; prior registration was null
2026-02-16 09:48:18.189 [main] DEBUG org.hibernate.query.sqm.function.SqmFunctionRegistry - Registered SqmFunctionTemplate [NamedSqmFunctionTemplate(date)] under date; prior registration was null
2026-02-16 09:48:18.189 [main] DEBUG org.hibernate.query.sqm.function.SqmFunctionRegistry - Registered SqmFunctionTemplate [NamedSqmFunctionTemplate(timestamp)] under timestamp; prior registration was null
2026-02-16 09:48:18.189 [main] DEBUG org.hibernate.query.sqm.function.SqmFunctionRegistry - Registered SqmFunctionTemplate [NamedSqmFunctionTemplate(time)] under time; prior registration was null
2026-02-16 09:48:18.189 [main] DEBUG org.hibernate.query.sqm.function.SqmFunctionRegistry - Registered SqmFunctionTemplate [NamedSqmFunctionTemplate(utc_date)] under utc_date; prior registration was null
2026-02-16 09:48:18.189 [main] DEBUG org.hibernate.query.sqm.function.SqmFunctionRegistry - Registered SqmFunctionTemplate [NamedSqmFunctionTemplate(utc_time)] under utc_time; prior registration was null
2026-02-16 09:48:18.189 [main] DEBUG org.hibernate.query.sqm.function.SqmFunctionRegistry - Registered SqmFunctionTemplate [NamedSqmFunctionTemplate(utc_timestamp)] under utc_timestamp; prior registration was null
2026-02-16 09:48:18.189 [main] DEBUG org.hibernate.query.sqm.function.SqmFunctionRegistry - Registered SqmFunctionTemplate [NamedSqmFunctionTemplate(rand)] under rand; prior registration was null
2026-02-16 09:48:18.189 [main] DEBUG org.hibernate.query.sqm.function.SqmFunctionRegistry - Registered SqmFunctionTemplate [NamedSqmFunctionTemplate(crc32)] under crc32; prior registration was null
2026-02-16 09:48:18.189 [main] DEBUG org.hibernate.query.sqm.function.SqmFunctionRegistry - Registered SqmFunctionTemplate [NamedSqmFunctionTemplate(sha1)] under sha1; prior registration was null
2026-02-16 09:48:18.189 [main] DEBUG org.hibernate.query.sqm.function.SqmFunctionRegistry - Registered SqmFunctionTemplate [NamedSqmFunctionTemplate(sha2)] under sha2; prior registration was null
2026-02-16 09:48:18.189 [main] DEBUG org.hibernate.query.sqm.function.SqmFunctionRegistry - Registered SqmFunctionTemplate [NamedSqmFunctionTemplate(sha)] under sha; prior registration was null
2026-02-16 09:48:18.189 [main] DEBUG org.hibernate.query.sqm.function.SqmFunctionRegistry - Registered SqmFunctionTemplate [NamedSqmFunctionTemplate(bit_length)] under bit_length; prior registration was null
2026-02-16 09:48:18.189 [main] DEBUG org.hibernate.query.sqm.function.SqmFunctionRegistry - Registered SqmFunctionTemplate [NamedSqmFunctionTemplate(octet_length)] under octet_length; prior registration was NamedSqmFunctionTemplate(octet_length)
2026-02-16 09:48:18.189 [main] DEBUG org.hibernate.query.sqm.function.SqmFunctionRegistry - Registered SqmFunctionTemplate [NamedSqmFunctionTemplate(ascii)] under ascii; prior registration was null
2026-02-16 09:48:18.189 [main] DEBUG org.hibernate.query.sqm.function.SqmFunctionRegistry - Registered SqmFunctionTemplate [NamedSqmFunctionTemplate(char)] under char; prior registration was null
2026-02-16 09:48:18.189 [main] DEBUG org.hibernate.query.sqm.function.SqmFunctionRegistry - Registering alternate key : chr -> char
2026-02-16 09:48:18.189 [main] DEBUG org.hibernate.query.sqm.function.SqmFunctionRegistry - Registered SqmFunctionTemplate [NamedSqmFunctionTemplate(instr)] under instr; prior registration was null
2026-02-16 09:48:18.189 [main] DEBUG org.hibernate.query.sqm.function.SqmFunctionRegistry - Registered SqmFunctionTemplate [NamedSqmFunctionTemplate(substr)] under substr; prior registration was null
2026-02-16 09:48:18.189 [main] DEBUG org.hibernate.query.sqm.function.SqmFunctionRegistry - Registered SqmFunctionTemplate [org.hibernate.query.sqm.function.PatternBasedSqmFunctionDescriptor@20ead579] under position; prior registration was org.hibernate.dialect.function.LocatePositionEmulation@5b5b59
2026-02-16 09:48:18.189 [main] DEBUG org.hibernate.query.sqm.function.SqmFunctionRegistry - Registered SqmFunctionTemplate [NamedSqmFunctionTemplate(curtime)] under curtime; prior registration was null
2026-02-16 09:48:18.189 [main] DEBUG org.hibernate.query.sqm.function.SqmFunctionRegistry - Registered SqmFunctionTemplate [NamedSqmFunctionTemplate(curdate)] under curdate; prior registration was null
2026-02-16 09:48:18.189 [main] DEBUG org.hibernate.query.sqm.function.SqmFunctionRegistry - Registered SqmFunctionTemplate [NamedSqmFunctionTemplate(now)] under now; prior registration was null
2026-02-16 09:48:18.189 [main] DEBUG org.hibernate.query.sqm.function.SqmFunctionRegistry - Registered SqmFunctionTemplate [NamedSqmFunctionTemplate(truncate)] under truncate; prior registration was null
2026-02-16 09:48:18.189 [main] DEBUG org.hibernate.query.sqm.function.SqmFunctionRegistry - Registered SqmFunctionTemplate [NamedSqmFunctionTemplate(insert)] under insert; prior registration was null
2026-02-16 09:48:18.189 [main] DEBUG org.hibernate.query.sqm.function.SqmFunctionRegistry - Registered SqmFunctionTemplate [org.hibernate.query.sqm.function.PatternBasedSqmFunctionDescriptor@5426cb36] under bitand; prior registration was null
2026-02-16 09:48:18.189 [main] DEBUG org.hibernate.query.sqm.function.SqmFunctionRegistry - Registered SqmFunctionTemplate [org.hibernate.query.sqm.function.PatternBasedSqmFunctionDescriptor@65e22def] under bitor; prior registration was null
2026-02-16 09:48:18.189 [main] DEBUG org.hibernate.query.sqm.function.SqmFunctionRegistry - Registered SqmFunctionTemplate [org.hibernate.query.sqm.function.PatternBasedSqmFunctionDescriptor@4b1ec694] under bitxor; prior registration was null
2026-02-16 09:48:18.189 [main] DEBUG org.hibernate.query.sqm.function.SqmFunctionRegistry - Registered SqmFunctionTemplate [org.hibernate.query.sqm.function.PatternBasedSqmFunctionDescriptor@3d299393] under bitnot; prior registration was null
2026-02-16 09:48:18.189 [main] DEBUG org.hibernate.query.sqm.function.SqmFunctionRegistry - Registered SqmFunctionTemplate [NamedSqmFunctionTemplate(bit_and)] under bit_and; prior registration was null
2026-02-16 09:48:18.189 [main] DEBUG org.hibernate.query.sqm.function.SqmFunctionRegistry - Registered SqmFunctionTemplate [NamedSqmFunctionTemplate(bit_or)] under bit_or; prior registration was null
2026-02-16 09:48:18.189 [main] DEBUG org.hibernate.query.sqm.function.SqmFunctionRegistry - Registered SqmFunctionTemplate [NamedSqmFunctionTemplate(stddev)] under stddev; prior registration was null
2026-02-16 09:48:18.191 [main] DEBUG org.hibernate.query.sqm.function.SqmFunctionRegistry - Registered SqmFunctionTemplate [NamedSqmFunctionTemplate(stddev_pop)] under stddev_pop; prior registration was null
2026-02-16 09:48:18.191 [main] DEBUG org.hibernate.query.sqm.function.SqmFunctionRegistry - Registered SqmFunctionTemplate [NamedSqmFunctionTemplate(stddev_samp)] under stddev_samp; prior registration was null
2026-02-16 09:48:18.191 [main] DEBUG org.hibernate.query.sqm.function.SqmFunctionRegistry - Registered SqmFunctionTemplate [NamedSqmFunctionTemplate(variance)] under variance; prior registration was null
2026-02-16 09:48:18.191 [main] DEBUG org.hibernate.query.sqm.function.SqmFunctionRegistry - Registered SqmFunctionTemplate [NamedSqmFunctionTemplate(var_pop)] under var_pop; prior registration was null
2026-02-16 09:48:18.191 [main] DEBUG org.hibernate.query.sqm.function.SqmFunctionRegistry - Registered SqmFunctionTemplate [NamedSqmFunctionTemplate(var_samp)] under var_samp; prior registration was null
2026-02-16 09:48:18.191 [main] DEBUG org.hibernate.query.sqm.function.SqmFunctionRegistry - Registered SqmFunctionTemplate [NamedSqmFunctionTemplate(datediff)] under datediff; prior registration was null
2026-02-16 09:48:18.191 [main] DEBUG org.hibernate.query.sqm.function.SqmFunctionRegistry - Registered SqmFunctionTemplate [NamedSqmFunctionTemplate(adddate)] under adddate; prior registration was null
2026-02-16 09:48:18.191 [main] DEBUG org.hibernate.query.sqm.function.SqmFunctionRegistry - Registered SqmFunctionTemplate [NamedSqmFunctionTemplate(subdate)] under subdate; prior registration was null
2026-02-16 09:48:18.191 [main] DEBUG org.hibernate.query.sqm.function.SqmFunctionRegistry - Registered SqmFunctionTemplate [NamedSqmFunctionTemplate(addtime)] under addtime; prior registration was null
2026-02-16 09:48:18.191 [main] DEBUG org.hibernate.query.sqm.function.SqmFunctionRegistry - Registered SqmFunctionTemplate [NamedSqmFunctionTemplate(subtime)] under subtime; prior registration was null
2026-02-16 09:48:18.191 [main] DEBUG org.hibernate.query.sqm.function.SqmFunctionRegistry - Registered SqmFunctionTemplate [org.hibernate.dialect.function.FormatFunction@5f34907b] under format; prior registration was org.hibernate.dialect.function.FormatFunction@66a53104
2026-02-16 09:48:18.191 [main] DEBUG org.hibernate.query.sqm.function.SqmFunctionRegistry - Registered SqmFunctionTemplate [NamedSqmFunctionTemplate(makedate)] under makedate; prior registration was null
2026-02-16 09:48:18.191 [main] DEBUG org.hibernate.query.sqm.function.SqmFunctionRegistry - Registered SqmFunctionTemplate [NamedSqmFunctionTemplate(maketime)] under maketime; prior registration was null
2026-02-16 09:48:18.191 [main] DEBUG org.hibernate.query.sqm.function.SqmFunctionRegistry - Registered SqmFunctionTemplate [NamedSqmFunctionTemplate(localtime)] under localtime; prior registration was null
2026-02-16 09:48:18.191 [main] DEBUG org.hibernate.query.sqm.function.SqmFunctionRegistry - Registered SqmFunctionTemplate [NamedSqmFunctionTemplate(localtimestamp)] under localtimestamp; prior registration was null
2026-02-16 09:48:18.191 [main] DEBUG org.hibernate.query.sqm.function.SqmFunctionRegistry - Registered SqmFunctionTemplate [NamedSqmFunctionTemplate(localtime)] under local_time; prior registration was org.hibernate.dialect.function.CurrentFunction@220c9a63
2026-02-16 09:48:18.191 [main] DEBUG org.hibernate.query.sqm.function.SqmFunctionRegistry - Registered SqmFunctionTemplate [NamedSqmFunctionTemplate(localtimestamp)] under local_datetime; prior registration was org.hibernate.dialect.function.CurrentFunction@55b5cd2b
2026-02-16 09:48:18.191 [main] DEBUG org.hibernate.query.sqm.function.SqmFunctionRegistry - Registered SqmFunctionTemplate [NamedSqmFunctionTemplate(localtime)] under localtime; prior registration was NamedSqmFunctionTemplate(localtime)
2026-02-16 09:48:18.191 [main] DEBUG org.hibernate.query.sqm.function.SqmFunctionRegistry - Registered SqmFunctionTemplate [org.hibernate.query.sqm.function.PatternBasedSqmFunctionDescriptor@2b4d4327] under sysdate; prior registration was null
2026-02-16 09:48:18.191 [main] DEBUG org.hibernate.query.sqm.function.SqmFunctionRegistry - Registered SqmFunctionTemplate [NamedSqmFunctionTemplate(row_number)] under row_number; prior registration was null
2026-02-16 09:48:18.192 [main] DEBUG org.hibernate.query.sqm.function.SqmFunctionRegistry - Registered SqmFunctionTemplate [NamedSqmFunctionTemplate(lag)] under lag; prior registration was null
2026-02-16 09:48:18.192 [main] DEBUG org.hibernate.query.sqm.function.SqmFunctionRegistry - Registered SqmFunctionTemplate [NamedSqmFunctionTemplate(lead)] under lead; prior registration was null
2026-02-16 09:48:18.192 [main] DEBUG org.hibernate.query.sqm.function.SqmFunctionRegistry - Registered SqmFunctionTemplate [NamedSqmFunctionTemplate(first_value)] under first_value; prior registration was null
2026-02-16 09:48:18.192 [main] DEBUG org.hibernate.query.sqm.function.SqmFunctionRegistry - Registered SqmFunctionTemplate [NamedSqmFunctionTemplate(last_value)] under last_value; prior registration was null
2026-02-16 09:48:18.192 [main] DEBUG org.hibernate.query.sqm.function.SqmFunctionRegistry - Registered SqmFunctionTemplate [NamedSqmFunctionTemplate(nth_value)] under nth_value; prior registration was null
2026-02-16 09:48:18.193 [main] DEBUG org.hibernate.query.sqm.function.SqmFunctionRegistry - Registered SqmFunctionTemplate [org.hibernate.dialect.function.ListaggGroupConcatEmulation@74024f3] under listagg; prior registration was null
2026-02-16 09:48:18.198 [main] DEBUG org.hibernate.HQL_FUNCTIONS - abs(NUMERIC arg)
2026-02-16 09:48:18.198 [main] DEBUG org.hibernate.HQL_FUNCTIONS - Double acos(NUMERIC arg)
2026-02-16 09:48:18.198 [main] DEBUG org.hibernate.HQL_FUNCTIONS - adddate(DATE datetime, INTEGER days)
2026-02-16 09:48:18.198 [main] DEBUG org.hibernate.HQL_FUNCTIONS - addtime(TIME datetime, TIME time)
2026-02-16 09:48:18.198 [main] DEBUG org.hibernate.HQL_FUNCTIONS - Boolean any(BOOLEAN arg)
2026-02-16 09:48:18.198 [main] DEBUG org.hibernate.HQL_FUNCTIONS - Integer ascii(STRING arg)
2026-02-16 09:48:18.198 [main] DEBUG org.hibernate.HQL_FUNCTIONS - Double asin(NUMERIC arg)
2026-02-16 09:48:18.198 [main] DEBUG org.hibernate.HQL_FUNCTIONS - Double atan(NUMERIC arg)
2026-02-16 09:48:18.198 [main] DEBUG org.hibernate.HQL_FUNCTIONS - Double atan2(NUMERIC arg0, NUMERIC arg1)
2026-02-16 09:48:18.198 [main] DEBUG org.hibernate.HQL_FUNCTIONS - Double avg(NUMERIC arg)
2026-02-16 09:48:18.198 [main] DEBUG org.hibernate.HQL_FUNCTIONS - bit_and(arg)
2026-02-16 09:48:18.198 [main] DEBUG org.hibernate.HQL_FUNCTIONS - Integer bit_length(STRING_OR_CLOB arg)
2026-02-16 09:48:18.198 [main] DEBUG org.hibernate.HQL_FUNCTIONS - bit_or(arg)
2026-02-16 09:48:18.198 [main] DEBUG org.hibernate.HQL_FUNCTIONS - bitand(arg0, arg1)
2026-02-16 09:48:18.198 [main] DEBUG org.hibernate.HQL_FUNCTIONS - bitnot(arg)
2026-02-16 09:48:18.198 [main] DEBUG org.hibernate.HQL_FUNCTIONS - bitor(arg0, arg1)
2026-02-16 09:48:18.198 [main] DEBUG org.hibernate.HQL_FUNCTIONS - bitxor(arg0, arg1)
2026-02-16 09:48:18.198 [main] DEBUG org.hibernate.HQL_FUNCTIONS - cast(arg as Type)
2026-02-16 09:48:18.198 [main] DEBUG org.hibernate.HQL_FUNCTIONS - ceiling(NUMERIC arg)
2026-02-16 09:48:18.198 [main] DEBUG org.hibernate.HQL_FUNCTIONS - Character char(INTEGER arg)
2026-02-16 09:48:18.198 [main] DEBUG org.hibernate.HQL_FUNCTIONS - Integer character_length(STRING_OR_CLOB arg)
2026-02-16 09:48:18.198 [main] DEBUG org.hibernate.HQL_FUNCTIONS - coalesce(arg0[, arg1[, ...]])
2026-02-16 09:48:18.198 [main] DEBUG org.hibernate.HQL_FUNCTIONS - String collate(STRING string as COLLATION collation)
2026-02-16 09:48:18.198 [main] DEBUG org.hibernate.HQL_FUNCTIONS - String concat(STRING string0[, STRING string1[, ...]])
2026-02-16 09:48:18.198 [main] DEBUG org.hibernate.HQL_FUNCTIONS - Double cos(NUMERIC arg)
2026-02-16 09:48:18.198 [main] DEBUG org.hibernate.HQL_FUNCTIONS - Double cot(NUMERIC arg)
2026-02-16 09:48:18.198 [main] DEBUG org.hibernate.HQL_FUNCTIONS - Long count([distinct ]{arg|*})
2026-02-16 09:48:18.198 [main] DEBUG org.hibernate.HQL_FUNCTIONS - Integer crc32(arg)
2026-02-16 09:48:18.198 [main] DEBUG org.hibernate.HQL_FUNCTIONS - Date curdate()
2026-02-16 09:48:18.198 [main] DEBUG org.hibernate.HQL_FUNCTIONS - Date current_date
2026-02-16 09:48:18.200 [main] DEBUG org.hibernate.HQL_FUNCTIONS - Time current_time
2026-02-16 09:48:18.200 [main] DEBUG org.hibernate.HQL_FUNCTIONS - Timestamp current_timestamp
2026-02-16 09:48:18.200 [main] DEBUG org.hibernate.HQL_FUNCTIONS - Time curtime()
2026-02-16 09:48:18.200 [main] DEBUG org.hibernate.HQL_FUNCTIONS - Date date(arg)
2026-02-16 09:48:18.200 [main] DEBUG org.hibernate.HQL_FUNCTIONS - Integer datediff(DATE end, DATE start)
2026-02-16 09:48:18.200 [main] DEBUG org.hibernate.HQL_FUNCTIONS - Integer day(DATE arg)
2026-02-16 09:48:18.200 [main] DEBUG org.hibernate.HQL_FUNCTIONS - String dayname(DATE arg)
2026-02-16 09:48:18.200 [main] DEBUG org.hibernate.HQL_FUNCTIONS - Integer dayofmonth(DATE arg)
2026-02-16 09:48:18.200 [main] DEBUG org.hibernate.HQL_FUNCTIONS - Integer dayofweek(DATE arg)
2026-02-16 09:48:18.200 [main] DEBUG org.hibernate.HQL_FUNCTIONS - Integer dayofyear(DATE arg)
2026-02-16 09:48:18.200 [main] DEBUG org.hibernate.HQL_FUNCTIONS - Double degrees(NUMERIC arg)
2026-02-16 09:48:18.200 [main] DEBUG org.hibernate.HQL_FUNCTIONS - Boolean every(BOOLEAN arg)
2026-02-16 09:48:18.200 [main] DEBUG org.hibernate.HQL_FUNCTIONS - Double exp(NUMERIC arg)
2026-02-16 09:48:18.200 [main] DEBUG org.hibernate.HQL_FUNCTIONS - extract(TEMPORAL_UNIT field from TEMPORAL arg)
2026-02-16 09:48:18.200 [main] DEBUG org.hibernate.HQL_FUNCTIONS - first_valueANY value
2026-02-16 09:48:18.200 [main] DEBUG org.hibernate.HQL_FUNCTIONS - floor(NUMERIC arg)
2026-02-16 09:48:18.200 [main] DEBUG org.hibernate.HQL_FUNCTIONS - String format(TEMPORAL datetime as STRING pattern)
2026-02-16 09:48:18.200 [main] DEBUG org.hibernate.HQL_FUNCTIONS - greatest(COMPARABLE arg0, COMPARABLE arg1[, arg2[, ...]])
2026-02-16 09:48:18.200 [main] DEBUG org.hibernate.HQL_FUNCTIONS - Integer hour(TIME arg)
2026-02-16 09:48:18.200 [main] DEBUG org.hibernate.HQL_FUNCTIONS - ifnull(arg0, arg1)
2026-02-16 09:48:18.200 [main] DEBUG org.hibernate.HQL_FUNCTIONS - String insert(STRING string, INTEGER start, INTEGER length, STRING replacement)
2026-02-16 09:48:18.200 [main] DEBUG org.hibernate.HQL_FUNCTIONS - Instant instant
2026-02-16 09:48:18.200 [main] DEBUG org.hibernate.HQL_FUNCTIONS - Integer instr(STRING string, STRING pattern[, INTEGER start[, INTEGER occurrence]])
2026-02-16 09:48:18.200 [main] DEBUG org.hibernate.HQL_FUNCTIONS - lagANY value[, INTEGER offset[, ANY default]]
2026-02-16 09:48:18.200 [main] DEBUG org.hibernate.HQL_FUNCTIONS - Date last_day(DATE arg)
2026-02-16 09:48:18.200 [main] DEBUG org.hibernate.HQL_FUNCTIONS - last_valueANY value
2026-02-16 09:48:18.200 [main] DEBUG org.hibernate.HQL_FUNCTIONS - leadANY value[, INTEGER offset[, ANY default]]
2026-02-16 09:48:18.200 [main] DEBUG org.hibernate.HQL_FUNCTIONS - least(COMPARABLE arg0, COMPARABLE arg1[, arg2[, ...]])
2026-02-16 09:48:18.200 [main] DEBUG org.hibernate.HQL_FUNCTIONS - String left(STRING string, INTEGER length)
2026-02-16 09:48:18.200 [main] DEBUG org.hibernate.HQL_FUNCTIONS - String listagg(STRING arg0, STRING arg1)
2026-02-16 09:48:18.200 [main] DEBUG org.hibernate.HQL_FUNCTIONS - Double ln(NUMERIC arg)
2026-02-16 09:48:18.200 [main] DEBUG org.hibernate.HQL_FUNCTIONS - LocalDate local_date
2026-02-16 09:48:18.200 [main] DEBUG org.hibernate.HQL_FUNCTIONS - LocalDateTime local_datetime
2026-02-16 09:48:18.200 [main] DEBUG org.hibernate.HQL_FUNCTIONS - LocalTime local_time
2026-02-16 09:48:18.200 [main] DEBUG org.hibernate.HQL_FUNCTIONS - Timestamp localtime
2026-02-16 09:48:18.200 [main] DEBUG org.hibernate.HQL_FUNCTIONS - Timestamp localtimestamp
2026-02-16 09:48:18.200 [main] DEBUG org.hibernate.HQL_FUNCTIONS - Integer locate(STRING pattern, STRING string[, INTEGER start])
2026-02-16 09:48:18.200 [main] DEBUG org.hibernate.HQL_FUNCTIONS - Double log(NUMERIC arg0[, NUMERIC arg1])
2026-02-16 09:48:18.200 [main] DEBUG org.hibernate.HQL_FUNCTIONS - Double log10(NUMERIC arg)
2026-02-16 09:48:18.200 [main] DEBUG org.hibernate.HQL_FUNCTIONS - Double log2(NUMERIC arg)
2026-02-16 09:48:18.200 [main] DEBUG org.hibernate.HQL_FUNCTIONS - String lower(STRING string)
2026-02-16 09:48:18.200 [main] DEBUG org.hibernate.HQL_FUNCTIONS - String lpad(string, length[, padding])
2026-02-16 09:48:18.201 [main] DEBUG org.hibernate.HQL_FUNCTIONS - String ltrim(STRING string[, STRING characters])
2026-02-16 09:48:18.201 [main] DEBUG org.hibernate.HQL_FUNCTIONS - Date makedate(INTEGER year, INTEGER dayofyear)
2026-02-16 09:48:18.201 [main] DEBUG org.hibernate.HQL_FUNCTIONS - Time maketime(INTEGER hour, INTEGER min, INTEGER sec)
2026-02-16 09:48:18.201 [main] DEBUG org.hibernate.HQL_FUNCTIONS - max(COMPARABLE arg)
2026-02-16 09:48:18.201 [main] DEBUG org.hibernate.HQL_FUNCTIONS - String md5(arg)
2026-02-16 09:48:18.201 [main] DEBUG org.hibernate.HQL_FUNCTIONS - Integer microsecond(TIME arg)
2026-02-16 09:48:18.201 [main] DEBUG org.hibernate.HQL_FUNCTIONS - min(COMPARABLE arg)
2026-02-16 09:48:18.201 [main] DEBUG org.hibernate.HQL_FUNCTIONS - Integer minute(TIME arg)
2026-02-16 09:48:18.201 [main] DEBUG org.hibernate.HQL_FUNCTIONS - Integer mod(INTEGER arg0, INTEGER arg1)
2026-02-16 09:48:18.201 [main] DEBUG org.hibernate.HQL_FUNCTIONS - Integer month(DATE arg)
2026-02-16 09:48:18.201 [main] DEBUG org.hibernate.HQL_FUNCTIONS - String monthname(DATE arg)
2026-02-16 09:48:18.201 [main] DEBUG org.hibernate.HQL_FUNCTIONS - Timestamp now()
2026-02-16 09:48:18.201 [main] DEBUG org.hibernate.HQL_FUNCTIONS - nth_valueANY value, INTEGER nth
2026-02-16 09:48:18.201 [main] DEBUG org.hibernate.HQL_FUNCTIONS - nullif(arg0, arg1)
2026-02-16 09:48:18.201 [main] DEBUG org.hibernate.HQL_FUNCTIONS - Integer octet_length(STRING_OR_CLOB arg)
2026-02-16 09:48:18.201 [main] DEBUG org.hibernate.HQL_FUNCTIONS - OffsetDateTime offset_datetime
2026-02-16 09:48:18.201 [main] DEBUG org.hibernate.HQL_FUNCTIONS - String overlay(STRING string placing STRING replacement from INTEGER start[ for INTEGER length])
2026-02-16 09:48:18.201 [main] DEBUG org.hibernate.HQL_FUNCTIONS - String pad(STRING string with INTEGER length {leading|trailing}[ STRING character])
2026-02-16 09:48:18.201 [main] DEBUG org.hibernate.HQL_FUNCTIONS - Double pi()
2026-02-16 09:48:18.201 [main] DEBUG org.hibernate.HQL_FUNCTIONS - Integer position(STRING pattern in STRING string)
2026-02-16 09:48:18.201 [main] DEBUG org.hibernate.HQL_FUNCTIONS - Double power(NUMERIC arg0, NUMERIC arg1)
2026-02-16 09:48:18.201 [main] DEBUG org.hibernate.HQL_FUNCTIONS - Integer quarter(DATE arg)
2026-02-16 09:48:18.201 [main] DEBUG org.hibernate.HQL_FUNCTIONS - Double radians(NUMERIC arg)
2026-02-16 09:48:18.201 [main] DEBUG org.hibernate.HQL_FUNCTIONS - Double rand([INTEGER seed])
2026-02-16 09:48:18.201 [main] DEBUG org.hibernate.HQL_FUNCTIONS - String repeat(STRING string, INTEGER times)
2026-02-16 09:48:18.201 [main] DEBUG org.hibernate.HQL_FUNCTIONS - String replace(STRING string, STRING pattern, STRING replacement)
2026-02-16 09:48:18.201 [main] DEBUG org.hibernate.HQL_FUNCTIONS - String reverse(STRING arg)
2026-02-16 09:48:18.201 [main] DEBUG org.hibernate.HQL_FUNCTIONS - String right(STRING string, INTEGER length)
2026-02-16 09:48:18.201 [main] DEBUG org.hibernate.HQL_FUNCTIONS - round(NUMERIC arg0, INTEGER arg1)
2026-02-16 09:48:18.201 [main] DEBUG org.hibernate.HQL_FUNCTIONS - Long row_number()
2026-02-16 09:48:18.201 [main] DEBUG org.hibernate.HQL_FUNCTIONS - String rpad(string, length[, padding])
2026-02-16 09:48:18.201 [main] DEBUG org.hibernate.HQL_FUNCTIONS - String rtrim(STRING string[, STRING characters])
2026-02-16 09:48:18.202 [main] DEBUG org.hibernate.HQL_FUNCTIONS - Integer second(TIME arg)
2026-02-16 09:48:18.202 [main] DEBUG org.hibernate.HQL_FUNCTIONS - String sha(arg)
2026-02-16 09:48:18.202 [main] DEBUG org.hibernate.HQL_FUNCTIONS - String sha1(arg)
2026-02-16 09:48:18.202 [main] DEBUG org.hibernate.HQL_FUNCTIONS - String sha2(arg0, arg1)
2026-02-16 09:48:18.202 [main] DEBUG org.hibernate.HQL_FUNCTIONS - Integer sign(NUMERIC arg)
2026-02-16 09:48:18.202 [main] DEBUG org.hibernate.HQL_FUNCTIONS - Double sin(NUMERIC arg)
2026-02-16 09:48:18.202 [main] DEBUG org.hibernate.HQL_FUNCTIONS - String soundex(arg)
2026-02-16 09:48:18.202 [main] DEBUG org.hibernate.HQL_FUNCTIONS - String space(INTEGER arg)
2026-02-16 09:48:18.202 [main] DEBUG org.hibernate.HQL_FUNCTIONS - Object sql
2026-02-16 09:48:18.202 [main] DEBUG org.hibernate.HQL_FUNCTIONS - Double sqrt(NUMERIC arg)
2026-02-16 09:48:18.202 [main] DEBUG org.hibernate.HQL_FUNCTIONS - Double stddev(NUMERIC arg)
2026-02-16 09:48:18.202 [main] DEBUG org.hibernate.HQL_FUNCTIONS - Double stddev_pop(NUMERIC arg)
2026-02-16 09:48:18.202 [main] DEBUG org.hibernate.HQL_FUNCTIONS - Double stddev_samp(NUMERIC arg)
2026-02-16 09:48:18.202 [main] DEBUG org.hibernate.HQL_FUNCTIONS - String str(arg)
2026-02-16 09:48:18.202 [main] DEBUG org.hibernate.HQL_FUNCTIONS - subdate(DATE datetime, INTEGER days)
2026-02-16 09:48:18.202 [main] DEBUG org.hibernate.HQL_FUNCTIONS - String substr(STRING string, INTEGER start[, INTEGER length])
2026-02-16 09:48:18.202 [main] DEBUG org.hibernate.HQL_FUNCTIONS - String substring(STRING string{ from|,} INTEGER start[{ for|,} INTEGER length])
2026-02-16 09:48:18.202 [main] DEBUG org.hibernate.HQL_FUNCTIONS - subtime(TIME datetime, TIME time)
2026-02-16 09:48:18.202 [main] DEBUG org.hibernate.HQL_FUNCTIONS - sum(arg)
2026-02-16 09:48:18.202 [main] DEBUG org.hibernate.HQL_FUNCTIONS - Timestamp sysdate()
2026-02-16 09:48:18.202 [main] DEBUG org.hibernate.HQL_FUNCTIONS - Double tan(NUMERIC arg)
2026-02-16 09:48:18.202 [main] DEBUG org.hibernate.HQL_FUNCTIONS - String time(arg)
2026-02-16 09:48:18.202 [main] DEBUG org.hibernate.HQL_FUNCTIONS - Timestamp timestamp(arg0[, arg1])
2026-02-16 09:48:18.202 [main] DEBUG org.hibernate.HQL_FUNCTIONS - timestampadd(TEMPORAL_UNIT field, INTEGER magnitude, TEMPORAL datetime)
2026-02-16 09:48:18.202 [main] DEBUG org.hibernate.HQL_FUNCTIONS - basicType@6(java.lang.Long,-5)|basicType@15(java.lang.Double,6) timestampdiff(TEMPORAL_UNIT field, TEMPORAL start, TEMPORAL end)
2026-02-16 09:48:18.202 [main] DEBUG org.hibernate.HQL_FUNCTIONS - String trim([[{leading|trailing|both} ][STRING arg0 ]from] STRING arg1)
2026-02-16 09:48:18.202 [main] DEBUG org.hibernate.HQL_FUNCTIONS - Double truncate(NUMERIC number, INTEGER places)
2026-02-16 09:48:18.202 [main] DEBUG org.hibernate.HQL_FUNCTIONS - String upper(STRING string)
2026-02-16 09:48:18.202 [main] DEBUG org.hibernate.HQL_FUNCTIONS - Date utc_date
2026-02-16 09:48:18.202 [main] DEBUG org.hibernate.HQL_FUNCTIONS - Time utc_time
2026-02-16 09:48:18.202 [main] DEBUG org.hibernate.HQL_FUNCTIONS - Timestamp utc_timestamp
2026-02-16 09:48:18.202 [main] DEBUG org.hibernate.HQL_FUNCTIONS - Double var_pop(NUMERIC arg)
2026-02-16 09:48:18.202 [main] DEBUG org.hibernate.HQL_FUNCTIONS - Double var_samp(NUMERIC arg)
2026-02-16 09:48:18.203 [main] DEBUG org.hibernate.HQL_FUNCTIONS - Double variance(NUMERIC arg)
2026-02-16 09:48:18.203 [main] DEBUG org.hibernate.HQL_FUNCTIONS - Integer week(DATE arg)
2026-02-16 09:48:18.203 [main] DEBUG org.hibernate.HQL_FUNCTIONS - Integer year(DATE arg)
2026-02-16 09:48:18.203 [main] DEBUG org.hibernate.HQL_FUNCTIONS - Character chr(INTEGER arg)
2026-02-16 09:48:18.203 [main] DEBUG org.hibernate.HQL_FUNCTIONS - Date current date
2026-02-16 09:48:18.203 [main] DEBUG org.hibernate.HQL_FUNCTIONS - Time current time
2026-02-16 09:48:18.203 [main] DEBUG org.hibernate.HQL_FUNCTIONS - Timestamp current timestamp
2026-02-16 09:48:18.203 [main] DEBUG org.hibernate.HQL_FUNCTIONS - Instant current_instant
2026-02-16 09:48:18.203 [main] DEBUG org.hibernate.HQL_FUNCTIONS - dateadd(TEMPORAL_UNIT field, INTEGER magnitude, TEMPORAL datetime)
2026-02-16 09:48:18.203 [main] DEBUG org.hibernate.HQL_FUNCTIONS - Integer day(DATE arg)
2026-02-16 09:48:18.203 [main] DEBUG org.hibernate.HQL_FUNCTIONS - Integer length(STRING_OR_CLOB arg)
2026-02-16 09:48:18.203 [main] DEBUG org.hibernate.HQL_FUNCTIONS - LocalDate local date
2026-02-16 09:48:18.203 [main] DEBUG org.hibernate.HQL_FUNCTIONS - LocalDateTime local datetime
2026-02-16 09:48:18.204 [main] DEBUG org.hibernate.HQL_FUNCTIONS - LocalTime local time
2026-02-16 09:48:18.204 [main] DEBUG org.hibernate.HQL_FUNCTIONS - OffsetDateTime offset datetime
2026-02-16 09:48:18.205 [main] DEBUG org.hibernate.type.spi.TypeConfiguration$Scope - Scoping TypeConfiguration [org.hibernate.type.spi.TypeConfiguration@dc79225] to SessionFactoryImplementor [org.hibernate.internal.SessionFactoryImpl@4ed15347]
2026-02-16 09:48:18.286 [main] DEBUG org.hibernate.boot.internal.ClassLoaderAccessImpl - Not known whether passed class name [modelos.Ubicacion] is safe
2026-02-16 09:48:18.286 [main] DEBUG org.hibernate.boot.internal.ClassLoaderAccessImpl - No temp ClassLoader provided; using live ClassLoader for loading potentially unsafe class : modelos.Ubicacion
2026-02-16 09:48:18.462 [main] DEBUG org.hibernate.boot.internal.ClassLoaderAccessImpl - Not known whether passed class name [modelos.Participante] is safe
2026-02-16 09:48:18.462 [main] DEBUG org.hibernate.boot.internal.ClassLoaderAccessImpl - No temp ClassLoader provided; using live ClassLoader for loading potentially unsafe class : modelos.Participante
2026-02-16 09:48:18.474 [main] DEBUG org.hibernate.ormbytecode.interceptor - To-one property `modelos.Evento#ubicacion` was mapped with LAZY + NO_PROXY but the class was not enhanced
2026-02-16 09:48:18.474 [main] DEBUG org.hibernate.ormbytecode.interceptor - To-one property `modelos.Evento#ubicacion` was mapped with LAZY + NO_PROXY but the class was not enhanced
2026-02-16 09:48:18.474 [main] DEBUG org.hibernate.boot.internal.ClassLoaderAccessImpl - Not known whether passed class name [modelos.Evento] is safe
2026-02-16 09:48:18.474 [main] DEBUG org.hibernate.boot.internal.ClassLoaderAccessImpl - No temp ClassLoader provided; using live ClassLoader for loading potentially unsafe class : modelos.Evento
2026-02-16 09:48:18.483 [main] DEBUG org.hibernate.ormbytecode.interceptor - To-one property `modelos.Evento#ubicacion` was mapped with LAZY + NO_PROXY but the class was not enhanced
2026-02-16 09:48:18.494 [main] DEBUG org.hibernate.persister.collection.AbstractCollectionPersister - Static SQL for collection: modelos.Participante.eventos
2026-02-16 09:48:18.494 [main] DEBUG org.hibernate.persister.collection.AbstractCollectionPersister -  Row insert: /* insert collection row modelos.Participante.eventos */ insert into evento_participante (participantes_dni, eventos_idEvento) values (?, ?)
2026-02-16 09:48:18.494 [main] DEBUG org.hibernate.persister.collection.AbstractCollectionPersister -  Row update: /* update collection row modelos.Participante.eventos */ update evento_participante set eventos_idEvento=? where participantes_dni=? and eventos_idEvento=?
2026-02-16 09:48:18.494 [main] DEBUG org.hibernate.persister.collection.AbstractCollectionPersister -  Row delete: /* delete collection row modelos.Participante.eventos */ delete from evento_participante where participantes_dni=? and eventos_idEvento=?
2026-02-16 09:48:18.494 [main] DEBUG org.hibernate.persister.collection.AbstractCollectionPersister -  One-shot delete: /* delete collection modelos.Participante.eventos */ delete from evento_participante where participantes_dni=?
2026-02-16 09:48:18.495 [main] DEBUG org.hibernate.persister.collection.AbstractCollectionPersister - Static SQL for collection: modelos.Evento.participantes
2026-02-16 09:48:18.495 [main] DEBUG org.hibernate.persister.collection.AbstractCollectionPersister -  Row insert: /* insert collection row modelos.Evento.participantes */ insert into evento_participante (eventos_idEvento, participantes_dni) values (?, ?)
2026-02-16 09:48:18.495 [main] DEBUG org.hibernate.persister.collection.AbstractCollectionPersister -  Row update: /* update collection row modelos.Evento.participantes */ update evento_participante set participantes_dni=? where eventos_idEvento=? and participantes_dni=?
2026-02-16 09:48:18.495 [main] DEBUG org.hibernate.persister.collection.AbstractCollectionPersister -  Row delete: /* delete collection row modelos.Evento.participantes */ delete from evento_participante where eventos_idEvento=? and participantes_dni=?
2026-02-16 09:48:18.495 [main] DEBUG org.hibernate.persister.collection.AbstractCollectionPersister -  One-shot delete: /* delete collection modelos.Evento.participantes */ delete from evento_participante where eventos_idEvento=?
2026-02-16 09:48:18.496 [main] DEBUG org.hibernate.persister.collection.AbstractCollectionPersister - Static SQL for collection: modelos.Ubicacion.eventos
2026-02-16 09:48:18.496 [main] DEBUG org.hibernate.persister.collection.AbstractCollectionPersister -  Row insert: /* create one-to-many row modelos.Ubicacion.eventos */ update evento set idUbicacion=? where idEvento=?
2026-02-16 09:48:18.496 [main] DEBUG org.hibernate.persister.collection.AbstractCollectionPersister -  Row update: update evento set  where idEvento=?
2026-02-16 09:48:18.496 [main] DEBUG org.hibernate.persister.collection.AbstractCollectionPersister -  Row delete: /* delete one-to-many row modelos.Ubicacion.eventos */ update evento set idUbicacion=null where idUbicacion=? and idEvento=?
2026-02-16 09:48:18.496 [main] DEBUG org.hibernate.persister.collection.AbstractCollectionPersister -  One-shot delete: /* delete one-to-many modelos.Ubicacion.eventos */ update evento set idUbicacion=null where idUbicacion=?
2026-02-16 09:48:18.512 [main] DEBUG org.hibernate.orm.model.mapping.creation - Starting post-init callbacks
2026-02-16 09:48:18.513 [main] DEBUG org.hibernate.orm.model.mapping.creation - Starting PostInitCallbackEntry : PluralAttributeMapping( NavigableRole[modelos.Ubicacion.eventos#{element}]) - index descriptor
2026-02-16 09:48:18.513 [main] DEBUG org.hibernate.orm.model.mapping.creation - Mapping-model creation encountered (possibly) transient error : java.lang.IllegalStateException: Not yet ready: ToOneAttributeMapping(NavigableRole[modelos.Evento.ubicacion])@581359452
2026-02-16 09:48:18.513 [main] DEBUG org.hibernate.orm.model.mapping.creation - Starting PostInitCallbackEntry : PluralAttributeMapping(modelos.Ubicacion.eventos)#finishInitialization
2026-02-16 09:48:18.513 [main] DEBUG org.hibernate.orm.model.mapping.creation - Starting PostInitCallbackEntry : PluralAttributeMapping(modelos.Ubicacion.eventos) - key descriptor
2026-02-16 09:48:18.516 [main] DEBUG org.hibernate.orm.model.mapping.creation - Starting PostInitCallbackEntry : Entity(modelos.Ubicacion) `staticFetchableList` generator
2026-02-16 09:48:18.516 [main] DEBUG org.hibernate.orm.model.mapping.creation - Starting PostInitCallbackEntry : Entity(modelos.Ubicacion) `sqmMultiTableInsertStrategy` interpretation
2026-02-16 09:48:18.521 [main] DEBUG org.hibernate.orm.model.mapping.creation - Starting PostInitCallbackEntry : PluralAttributeMapping( NavigableRole[modelos.Participante.eventos#{element}]) - index descriptor
2026-02-16 09:48:18.521 [main] DEBUG org.hibernate.orm.model.mapping.creation - Starting PostInitCallbackEntry : PluralAttributeMapping(modelos.Participante.eventos)#finishInitialization
2026-02-16 09:48:18.522 [main] DEBUG org.hibernate.orm.model.mapping.creation - Starting PostInitCallbackEntry : PluralAttributeMapping(modelos.Participante.eventos) - key descriptor
2026-02-16 09:48:18.522 [main] DEBUG org.hibernate.orm.model.mapping.creation - Starting PostInitCallbackEntry : Entity(modelos.Participante) `staticFetchableList` generator
2026-02-16 09:48:18.522 [main] DEBUG org.hibernate.orm.model.mapping.creation - Starting PostInitCallbackEntry : PluralAttributeMapping( NavigableRole[modelos.Evento.participantes#{element}]) - index descriptor
2026-02-16 09:48:18.522 [main] DEBUG org.hibernate.orm.model.mapping.creation - Starting PostInitCallbackEntry : PluralAttributeMapping(modelos.Evento.participantes)#finishInitialization
2026-02-16 09:48:18.522 [main] DEBUG org.hibernate.orm.model.mapping.creation - Starting PostInitCallbackEntry : PluralAttributeMapping(modelos.Evento.participantes) - key descriptor
2026-02-16 09:48:18.522 [main] DEBUG org.hibernate.orm.model.mapping.creation - Starting PostInitCallbackEntry : To-one key - NavigableRole[modelos.Evento.ubicacion]
2026-02-16 09:48:18.522 [main] DEBUG org.hibernate.orm.model.mapping.creation - Starting PostInitCallbackEntry : Entity(modelos.Evento) `staticFetchableList` generator
2026-02-16 09:48:18.522 [main] DEBUG org.hibernate.orm.model.mapping.creation - Starting PostInitCallbackEntry : Entity(modelos.Evento) `sqmMultiTableInsertStrategy` interpretation
2026-02-16 09:48:18.522 [main] DEBUG org.hibernate.orm.model.mapping.creation - Starting PostInitCallbackEntry : PluralAttributeMapping( NavigableRole[modelos.Ubicacion.eventos#{element}]) - index descriptor
2026-02-16 09:48:18.522 [main] DEBUG org.hibernate.persister.entity.AbstractEntityPersister - Static SQL for entity: modelos.Ubicacion
2026-02-16 09:48:18.522 [main] DEBUG org.hibernate.persister.entity.AbstractEntityPersister -  Version select: /* get version modelos.Ubicacion */ select idUbicacion from ubicacion where idUbicacion =?
2026-02-16 09:48:18.522 [main] DEBUG org.hibernate.persister.entity.AbstractEntityPersister -  Insert 0: /* insert modelos.Ubicacion */ insert into ubicacion (capacidadMaxima, direccion, nombre, idUbicacion) values (?, ?, ?, ?)
2026-02-16 09:48:18.522 [main] DEBUG org.hibernate.persister.entity.AbstractEntityPersister -  Update 0: /* update modelos.Ubicacion */ update ubicacion set capacidadMaxima=?, direccion=?, nombre=? where idUbicacion=?
2026-02-16 09:48:18.522 [main] DEBUG org.hibernate.persister.entity.AbstractEntityPersister -  Delete 0: /* delete modelos.Ubicacion */ delete from ubicacion where idUbicacion=?
2026-02-16 09:48:18.533 [main] DEBUG org.hibernate.orm.sql.ast.create - Created new SQL alias : u1_0
2026-02-16 09:48:18.535 [main] DEBUG org.hibernate.orm.sql.ast.create - Registration of TableGroup [StandardTableGroup(modelos.Ubicacion)] with identifierForTableGroup [modelos.Ubicacion] for NavigablePath [modelos.Ubicacion] 
2026-02-16 09:48:18.553 [main] DEBUG org.hibernate.orm.results.graph.AST - DomainResult Graph:
 \-EntityResultImpl [modelos.Ubicacion]
 |  +-BasicFetch [modelos.Ubicacion.capacidadMaxima]
 |  +-BasicFetch [modelos.Ubicacion.direccion]
 |  +-DelayedCollectionFetch [modelos.Ubicacion.eventos]
 |  \-BasicFetch [modelos.Ubicacion.nombre]

2026-02-16 09:48:18.555 [main] DEBUG org.hibernate.orm.sql.ast.tree - SQL AST Tree:
    SelectStatement {
      FromClause {
        StandardTableGroup (u1 : modelos.Ubicacion) {
          primaryTableReference : ubicacion as u1_0
        }
      }
    }

2026-02-16 09:48:18.558 [main] DEBUG org.hibernate.persister.entity.AbstractEntityPersister - Static SQL for entity: modelos.Participante
2026-02-16 09:48:18.558 [main] DEBUG org.hibernate.persister.entity.AbstractEntityPersister -  Version select: /* get version modelos.Participante */ select dni from participante where dni =?
2026-02-16 09:48:18.558 [main] DEBUG org.hibernate.persister.entity.AbstractEntityPersister -  Insert 0: /* insert modelos.Participante */ insert into participante (apellidos, email, nombre, dni) values (?, ?, ?, ?)
2026-02-16 09:48:18.559 [main] DEBUG org.hibernate.persister.entity.AbstractEntityPersister -  Update 0: /* update modelos.Participante */ update participante set apellidos=?, email=?, nombre=? where dni=?
2026-02-16 09:48:18.559 [main] DEBUG org.hibernate.persister.entity.AbstractEntityPersister -  Delete 0: /* delete modelos.Participante */ delete from participante where dni=?
2026-02-16 09:48:18.559 [main] DEBUG org.hibernate.orm.sql.ast.create - Created new SQL alias : p1_0
2026-02-16 09:48:18.559 [main] DEBUG org.hibernate.orm.sql.ast.create - Registration of TableGroup [StandardTableGroup(modelos.Participante)] with identifierForTableGroup [modelos.Participante] for NavigablePath [modelos.Participante] 
2026-02-16 09:48:18.559 [main] DEBUG org.hibernate.orm.results.graph.AST - DomainResult Graph:
 \-EntityResultImpl [modelos.Participante]
 |  +-BasicFetch [modelos.Participante.apellidos]
 |  +-BasicFetch [modelos.Participante.email]
 |  +-DelayedCollectionFetch [modelos.Participante.eventos]
 |  \-BasicFetch [modelos.Participante.nombre]

2026-02-16 09:48:18.559 [main] DEBUG org.hibernate.orm.sql.ast.tree - SQL AST Tree:
    SelectStatement {
      FromClause {
        StandardTableGroup (p1 : modelos.Participante) {
          primaryTableReference : participante as p1_0
        }
      }
    }

2026-02-16 09:48:18.559 [main] DEBUG org.hibernate.persister.entity.AbstractEntityPersister - Static SQL for entity: modelos.Evento
2026-02-16 09:48:18.559 [main] DEBUG org.hibernate.persister.entity.AbstractEntityPersister -  Version select: /* get version modelos.Evento */ select idEvento from evento where idEvento =?
2026-02-16 09:48:18.559 [main] DEBUG org.hibernate.persister.entity.AbstractEntityPersister -  Insert 0: /* insert modelos.Evento */ insert into evento (duracion, fecha, nombre, tipoEvento, idUbicacion, idEvento) values (?, ?, ?, ?, ?, ?)
2026-02-16 09:48:18.559 [main] DEBUG org.hibernate.persister.entity.AbstractEntityPersister -  Update 0: /* update modelos.Evento */ update evento set duracion=?, fecha=?, nombre=?, tipoEvento=?, idUbicacion=? where idEvento=?
2026-02-16 09:48:18.559 [main] DEBUG org.hibernate.persister.entity.AbstractEntityPersister -  Delete 0: /* delete modelos.Evento */ delete from evento where idEvento=?
2026-02-16 09:48:18.559 [main] DEBUG org.hibernate.orm.sql.ast.create - Created new SQL alias : e1_0
2026-02-16 09:48:18.559 [main] DEBUG org.hibernate.orm.sql.ast.create - Registration of TableGroup [StandardTableGroup(modelos.Evento)] with identifierForTableGroup [modelos.Evento] for NavigablePath [modelos.Evento] 
2026-02-16 09:48:18.562 [main] DEBUG org.hibernate.orm.sql.ast.create - Registration of TableGroup [org.hibernate.sql.ast.tree.from.LazyTableGroup@527937d0] with identifierForTableGroup [modelos.Evento.ubicacion] for NavigablePath [modelos.Evento.ubicacion] 
2026-02-16 09:48:18.563 [main] DEBUG org.hibernate.orm.sql.ast.create - Created new SQL alias : u1_0
2026-02-16 09:48:18.564 [main] DEBUG org.hibernate.orm.results.graph.AST - DomainResult Graph:
 \-EntityResultImpl [modelos.Evento]
 |  +-BasicFetch [modelos.Evento.duracion]
 |  +-BasicFetch [modelos.Evento.fecha]
 |  +-BasicFetch [modelos.Evento.nombre]
 |  +-DelayedCollectionFetch [modelos.Evento.participantes]
 |  +-BasicFetch [modelos.Evento.tipoEvento]
 |  \-EntityFetchJoinedImpl [modelos.Evento.ubicacion]

2026-02-16 09:48:18.565 [main] DEBUG org.hibernate.orm.sql.ast.tree - SQL AST Tree:
    SelectStatement {
      FromClause {
        StandardTableGroup (e1 : modelos.Evento) {
          primaryTableReference : evento as e1_0
          TableGroupJoins {
            left  join LazyTableGroup (u1 : modelos.Evento.ubicacion) {
              primaryTableReference : ubicacion as u1_0
            }
          }
        }
      }
    }

2026-02-16 09:48:18.566 [main] DEBUG org.hibernate.orm.sql.ast.create - Created new SQL alias : e1_0
2026-02-16 09:48:18.568 [main] DEBUG org.hibernate.orm.sql.ast.create - Registration of TableGroup [CollectionTableGroup(modelos.Participante.eventos)] with identifierForTableGroup [modelos.Participante.eventos] for NavigablePath [modelos.Participante.eventos] 
2026-02-16 09:48:18.568 [main] DEBUG org.hibernate.orm.sql.ast.create - Registration of TableGroup [org.hibernate.sql.ast.tree.from.LazyTableGroup@4f3c7808] with identifierForTableGroup [modelos.Participante.eventos.{element}] for NavigablePath [modelos.Participante.eventos.{element}] 
2026-02-16 09:48:18.571 [main] DEBUG org.hibernate.orm.sql.ast.create - Created new SQL alias : e1_1
2026-02-16 09:48:18.571 [main] DEBUG org.hibernate.orm.sql.ast.create - Registration of TableGroup [org.hibernate.sql.ast.tree.from.LazyTableGroup@482f7af0] with identifierForTableGroup [modelos.Participante.eventos.{element}.ubicacion] for NavigablePath [modelos.Participante.eventos.{element}.ubicacion] 
2026-02-16 09:48:18.571 [main] DEBUG org.hibernate.orm.sql.ast.create - Created new SQL alias : u1_0
2026-02-16 09:48:18.572 [main] DEBUG org.hibernate.orm.sql.ast.create - Created new SQL alias : p1_0
2026-02-16 09:48:18.572 [main] DEBUG org.hibernate.orm.sql.ast.create - Registration of TableGroup [CollectionTableGroup(modelos.Evento.participantes)] with identifierForTableGroup [modelos.Evento.participantes] for NavigablePath [modelos.Evento.participantes] 
2026-02-16 09:48:18.572 [main] DEBUG org.hibernate.orm.sql.ast.create - Registration of TableGroup [org.hibernate.sql.ast.tree.from.LazyTableGroup@2fde9469] with identifierForTableGroup [modelos.Evento.participantes.{element}] for NavigablePath [modelos.Evento.participantes.{element}] 
2026-02-16 09:48:18.572 [main] DEBUG org.hibernate.orm.sql.ast.create - Created new SQL alias : p1_1
2026-02-16 09:48:18.572 [main] DEBUG org.hibernate.orm.sql.ast.create - Created new SQL alias : e1_0
2026-02-16 09:48:18.573 [main] DEBUG org.hibernate.orm.sql.ast.create - Registration of TableGroup [org.hibernate.sql.ast.tree.from.OneToManyTableGroup@20cff21e] with identifierForTableGroup [modelos.Ubicacion.eventos] for NavigablePath [modelos.Ubicacion.eventos] 
2026-02-16 09:48:18.573 [main] DEBUG org.hibernate.orm.sql.ast.create - Registration of TableGroup [StandardTableGroup(modelos.Ubicacion.eventos.{element})] with identifierForTableGroup [modelos.Ubicacion.eventos.{element}] for NavigablePath [modelos.Ubicacion.eventos.{element}] 
2026-02-16 09:48:18.590 [main] DEBUG org.hibernate.query.named.NamedObjectRepository - Checking 0 named HQL queries
2026-02-16 09:48:18.590 [main] DEBUG org.hibernate.query.named.NamedObjectRepository - Checking 0 named SQL queries
2026-02-16 09:48:18.601 [main] DEBUG org.hibernate.SQL - alter table evento drop foreign key FKi1wgd5d4et7ay72fuaacsq9m9
2026-02-16 09:48:18.604 [main] INFO  org.hibernate.orm.connections.access - HHH10001501: Connection obtained from JdbcConnectionAccess [org.hibernate.engine.jdbc.env.internal.JdbcEnvironmentInitiator$ConnectionProviderJdbcConnectionAccess@7a358613] for (non-JTA) DDL execution was not in auto-commit mode; the Connection 'local transaction' will be committed and the Connection will be set into auto-commit mode.
2026-02-16 09:48:18.671 [main] DEBUG org.hibernate.SQL - alter table evento_participante drop foreign key FKayrol74rby0uq7n43m079dv2u
2026-02-16 09:48:18.684 [main] DEBUG org.hibernate.SQL - alter table evento_participante drop foreign key FK4xrnuymaok3jlxwj045nc0vxs
2026-02-16 09:48:18.696 [main] DEBUG org.hibernate.SQL - drop table if exists evento
2026-02-16 09:48:18.718 [main] DEBUG org.hibernate.SQL - drop table if exists evento_participante
2026-02-16 09:48:18.752 [main] DEBUG org.hibernate.SQL - drop table if exists evento_SEQ
2026-02-16 09:48:18.770 [main] DEBUG org.hibernate.SQL - drop table if exists participante
2026-02-16 09:48:18.788 [main] DEBUG org.hibernate.SQL - drop table if exists ubicacion
2026-02-16 09:48:18.824 [main] DEBUG org.hibernate.SQL - drop table if exists ubicacion_SEQ
2026-02-16 09:48:18.842 [main] DEBUG org.hibernate.SQL - create table evento (idEvento integer not null, duracion integer not null, fecha datetime(6), nombre varchar(255) not null, tipoEvento varchar(255), idUbicacion integer, primary key (idEvento)) engine=InnoDB
2026-02-16 09:48:18.843 [main] INFO  org.hibernate.orm.connections.access - HHH10001501: Connection obtained from JdbcConnectionAccess [org.hibernate.engine.jdbc.env.internal.JdbcEnvironmentInitiator$ConnectionProviderJdbcConnectionAccess@1abcd059] for (non-JTA) DDL execution was not in auto-commit mode; the Connection 'local transaction' will be committed and the Connection will be set into auto-commit mode.
2026-02-16 09:48:18.867 [main] DEBUG org.hibernate.SQL - create table evento_participante (eventos_idEvento integer not null, participantes_dni varchar(255) not null, primary key (eventos_idEvento, participantes_dni)) engine=InnoDB
2026-02-16 09:48:18.893 [main] DEBUG org.hibernate.SQL - create table evento_SEQ (next_val bigint) engine=InnoDB
2026-02-16 09:48:18.935 [main] DEBUG org.hibernate.SQL - insert into evento_SEQ values ( 1 )
2026-02-16 09:48:18.940 [main] DEBUG org.hibernate.SQL - create table participante (dni varchar(255) not null, apellidos varchar(255), email varchar(255), nombre varchar(255), primary key (dni)) engine=InnoDB
2026-02-16 09:48:18.964 [main] DEBUG org.hibernate.SQL - create table ubicacion (idUbicacion integer not null, capacidadMaxima integer not null, direccion varchar(255), nombre varchar(255), primary key (idUbicacion)) engine=InnoDB
2026-02-16 09:48:18.987 [main] DEBUG org.hibernate.SQL - create table ubicacion_SEQ (next_val bigint) engine=InnoDB
2026-02-16 09:48:19.010 [main] DEBUG org.hibernate.SQL - insert into ubicacion_SEQ values ( 1 )
2026-02-16 09:48:19.016 [main] DEBUG org.hibernate.SQL - alter table evento add constraint FKi1wgd5d4et7ay72fuaacsq9m9 foreign key (idUbicacion) references ubicacion (idUbicacion)
2026-02-16 09:48:19.124 [main] DEBUG org.hibernate.SQL - alter table evento_participante add constraint FKayrol74rby0uq7n43m079dv2u foreign key (participantes_dni) references participante (dni)
2026-02-16 09:48:19.212 [main] DEBUG org.hibernate.SQL - alter table evento_participante add constraint FK4xrnuymaok3jlxwj045nc0vxs foreign key (eventos_idEvento) references evento (idEvento)
2026-02-16 09:48:19.294 [main] DEBUG org.hibernate.engine.transaction.jta.platform.internal.JtaPlatformInitiator - No JtaPlatform was specified, checking resolver
2026-02-16 09:48:19.295 [main] DEBUG org.hibernate.engine.transaction.jta.platform.internal.JtaPlatformResolverInitiator - No JtaPlatformResolver was specified, using default [org.hibernate.engine.transaction.jta.platform.internal.StandardJtaPlatformResolver]
2026-02-16 09:48:19.298 [main] DEBUG org.hibernate.engine.transaction.jta.platform.internal.StandardJtaPlatformResolver - Could not resolve JtaPlatform, using default [org.hibernate.engine.transaction.jta.platform.internal.NoJtaPlatform]
2026-02-16 09:48:19.298 [main] INFO  org.hibernate.engine.transaction.jta.platform.internal.JtaPlatformInitiator - HHH000490: Using JtaPlatform implementation: [org.hibernate.engine.transaction.jta.platform.internal.NoJtaPlatform]
2026-02-16 09:48:19.302 [main] DEBUG org.hibernate.service.internal.SessionFactoryServiceRegistryImpl - EventListenerRegistry access via ServiceRegistry is deprecated.  Use `sessionFactory.getEventEngine().getListenerRegistry()` instead
2026-02-16 09:48:19.302 [main] DEBUG org.hibernate.event.internal.EntityCopyObserverFactoryInitiator - Configured EntityCopyObserver strategy: disallow
2026-02-16 09:48:19.306 [main] DEBUG org.hibernate.internal.SessionFactoryRegistry - Initializing SessionFactoryRegistry : org.hibernate.internal.SessionFactoryRegistry@2ad7bd26
2026-02-16 09:48:19.307 [main] DEBUG org.hibernate.internal.SessionFactoryRegistry - Registering SessionFactory: 5b4cc78e-edba-436b-8e74-66a9f49bffe3 (<unnamed>)
2026-02-16 09:48:19.307 [main] DEBUG org.hibernate.internal.SessionFactoryRegistry - Not binding SessionFactory to JNDI, no JNDI name configured
2026-02-16 09:48:19.338 [main] DEBUG org.hibernate.stat.internal.StatisticsInitiator - Statistics initialized [enabled=false]
2026-02-16 09:48:19.341 [main] DEBUG org.hibernate.engine.transaction.internal.TransactionImpl - On TransactionImpl creation, JpaCompliance#isJpaTransactionComplianceEnabled == false
2026-02-16 09:48:19.341 [main] DEBUG org.hibernate.engine.transaction.internal.TransactionImpl - begin
2026-02-16 09:48:19.348 [main] DEBUG org.hibernate.event.internal.AbstractSaveEventListener - Generated identifier: 12345678C, using strategy: org.hibernate.id.Assigned
2026-02-16 09:48:19.362 [main] DEBUG org.hibernate.engine.transaction.internal.TransactionImpl - committing
2026-02-16 09:48:19.363 [main] DEBUG org.hibernate.event.internal.AbstractFlushingEventListener - Processing flush-time cascades
2026-02-16 09:48:19.363 [main] DEBUG org.hibernate.event.internal.AbstractFlushingEventListener - Dirty checking collections
2026-02-16 09:48:19.366 [main] DEBUG org.hibernate.engine.internal.Collections - Collection found: [modelos.Participante.eventos#12345678C], was: [<unreferenced>] (initialized)
2026-02-16 09:48:19.368 [main] DEBUG org.hibernate.event.internal.AbstractFlushingEventListener - Flushed: 1 insertions, 0 updates, 0 deletions to 1 objects
2026-02-16 09:48:19.368 [main] DEBUG org.hibernate.event.internal.AbstractFlushingEventListener - Flushed: 1 (re)creations, 0 updates, 0 removals to 1 collections
2026-02-16 09:48:19.368 [main] DEBUG org.hibernate.internal.util.EntityPrinter - Listing entities:
2026-02-16 09:48:19.368 [main] DEBUG org.hibernate.internal.util.EntityPrinter - modelos.Participante{apellidos=Flores, eventos=[], nombre=Pepa, dni=12345678C, email=flores@gmail.com}
2026-02-16 09:48:19.371 [main] DEBUG org.hibernate.SQL - /* insert modelos.Participante */ insert into participante (apellidos, email, nombre, dni) values (?, ?, ?, ?)
2026-02-16 09:48:19.388 [main] DEBUG org.hibernate.resource.jdbc.internal.LogicalConnectionManagedImpl - Initiating JDBC connection release from afterTransaction
2026-02-16 09:48:19.389 [main] DEBUG org.hibernate.resource.jdbc.internal.LogicalConnectionManagedImpl - Initiating JDBC connection release from afterTransaction
2026-02-16 09:48:19.390 [main] DEBUG org.hibernate.engine.transaction.internal.TransactionImpl - On TransactionImpl creation, JpaCompliance#isJpaTransactionComplianceEnabled == false
2026-02-16 09:48:19.390 [main] DEBUG org.hibernate.engine.transaction.internal.TransactionImpl - begin
2026-02-16 09:48:19.392 [main] DEBUG org.hibernate.event.internal.AbstractSaveEventListener - Generated identifier: 55345678C, using strategy: org.hibernate.id.Assigned
2026-02-16 09:48:19.392 [main] DEBUG org.hibernate.engine.transaction.internal.TransactionImpl - committing
2026-02-16 09:48:19.392 [main] DEBUG org.hibernate.event.internal.AbstractFlushingEventListener - Processing flush-time cascades
2026-02-16 09:48:19.392 [main] DEBUG org.hibernate.event.internal.AbstractFlushingEventListener - Dirty checking collections
2026-02-16 09:48:19.392 [main] DEBUG org.hibernate.engine.internal.Collections - Collection found: [modelos.Participante.eventos#55345678C], was: [<unreferenced>] (initialized)
2026-02-16 09:48:19.392 [main] DEBUG org.hibernate.event.internal.AbstractFlushingEventListener - Flushed: 1 insertions, 0 updates, 0 deletions to 1 objects
2026-02-16 09:48:19.392 [main] DEBUG org.hibernate.event.internal.AbstractFlushingEventListener - Flushed: 1 (re)creations, 0 updates, 0 removals to 1 collections
2026-02-16 09:48:19.392 [main] DEBUG org.hibernate.internal.util.EntityPrinter - Listing entities:
2026-02-16 09:48:19.392 [main] DEBUG org.hibernate.internal.util.EntityPrinter - modelos.Participante{apellidos=Renato, eventos=[], nombre=Rodolfo, dni=55345678C, email=rodolfoReno@gmail.com}
2026-02-16 09:48:19.392 [main] DEBUG org.hibernate.SQL - /* insert modelos.Participante */ insert into participante (apellidos, email, nombre, dni) values (?, ?, ?, ?)
2026-02-16 09:48:19.398 [main] DEBUG org.hibernate.resource.jdbc.internal.LogicalConnectionManagedImpl - Initiating JDBC connection release from afterTransaction
2026-02-16 09:48:19.399 [main] DEBUG org.hibernate.resource.jdbc.internal.LogicalConnectionManagedImpl - Initiating JDBC connection release from afterTransaction
2026-02-16 09:48:19.400 [main] DEBUG org.hibernate.engine.transaction.internal.TransactionImpl - On TransactionImpl creation, JpaCompliance#isJpaTransactionComplianceEnabled == false
2026-02-16 09:48:19.400 [main] DEBUG org.hibernate.engine.transaction.internal.TransactionImpl - begin
2026-02-16 09:48:19.401 [main] DEBUG org.hibernate.event.internal.AbstractSaveEventListener - Generated identifier: 56745678C, using strategy: org.hibernate.id.Assigned
2026-02-16 09:48:19.402 [main] DEBUG org.hibernate.engine.transaction.internal.TransactionImpl - committing
2026-02-16 09:48:19.402 [main] DEBUG org.hibernate.event.internal.AbstractFlushingEventListener - Processing flush-time cascades
2026-02-16 09:48:19.402 [main] DEBUG org.hibernate.event.internal.AbstractFlushingEventListener - Dirty checking collections
2026-02-16 09:48:19.402 [main] DEBUG org.hibernate.engine.internal.Collections - Collection found: [modelos.Participante.eventos#56745678C], was: [<unreferenced>] (initialized)
2026-02-16 09:48:19.402 [main] DEBUG org.hibernate.event.internal.AbstractFlushingEventListener - Flushed: 1 insertions, 0 updates, 0 deletions to 1 objects
2026-02-16 09:48:19.402 [main] DEBUG org.hibernate.event.internal.AbstractFlushingEventListener - Flushed: 1 (re)creations, 0 updates, 0 removals to 1 collections
2026-02-16 09:48:19.402 [main] DEBUG org.hibernate.internal.util.EntityPrinter - Listing entities:
2026-02-16 09:48:19.402 [main] DEBUG org.hibernate.internal.util.EntityPrinter - modelos.Participante{apellidos=Candelario, eventos=[], nombre=Beatriz, dni=56745678C, email=bCandelario@gmail.com}
2026-02-16 09:48:19.402 [main] DEBUG org.hibernate.SQL - /* insert modelos.Participante */ insert into participante (apellidos, email, nombre, dni) values (?, ?, ?, ?)
2026-02-16 09:48:19.408 [main] DEBUG org.hibernate.resource.jdbc.internal.LogicalConnectionManagedImpl - Initiating JDBC connection release from afterTransaction
2026-02-16 09:48:19.409 [main] DEBUG org.hibernate.resource.jdbc.internal.LogicalConnectionManagedImpl - Initiating JDBC connection release from afterTransaction
2026-02-16 09:48:19.409 [main] DEBUG org.hibernate.engine.transaction.internal.TransactionImpl - On TransactionImpl creation, JpaCompliance#isJpaTransactionComplianceEnabled == false
2026-02-16 09:48:19.410 [main] DEBUG org.hibernate.engine.transaction.internal.TransactionImpl - begin
2026-02-16 09:48:19.411 [main] DEBUG org.hibernate.event.internal.AbstractSaveEventListener - Generated identifier: 55775678C, using strategy: org.hibernate.id.Assigned
2026-02-16 09:48:19.411 [main] DEBUG org.hibernate.engine.transaction.internal.TransactionImpl - committing
2026-02-16 09:48:19.411 [main] DEBUG org.hibernate.event.internal.AbstractFlushingEventListener - Processing flush-time cascades
2026-02-16 09:48:19.412 [main] DEBUG org.hibernate.event.internal.AbstractFlushingEventListener - Dirty checking collections
2026-02-16 09:48:19.412 [main] DEBUG org.hibernate.engine.internal.Collections - Collection found: [modelos.Participante.eventos#55775678C], was: [<unreferenced>] (initialized)
2026-02-16 09:48:19.412 [main] DEBUG org.hibernate.event.internal.AbstractFlushingEventListener - Flushed: 1 insertions, 0 updates, 0 deletions to 1 objects
2026-02-16 09:48:19.412 [main] DEBUG org.hibernate.event.internal.AbstractFlushingEventListener - Flushed: 1 (re)creations, 0 updates, 0 removals to 1 collections
2026-02-16 09:48:19.412 [main] DEBUG org.hibernate.internal.util.EntityPrinter - Listing entities:
2026-02-16 09:48:19.412 [main] DEBUG org.hibernate.internal.util.EntityPrinter - modelos.Participante{apellidos=Ramposo, eventos=[], nombre=Rodolfo, dni=55775678C, email=rRamposo@gmail.com}
2026-02-16 09:48:19.412 [main] DEBUG org.hibernate.SQL - /* insert modelos.Participante */ insert into participante (apellidos, email, nombre, dni) values (?, ?, ?, ?)
2026-02-16 09:48:19.417 [main] DEBUG org.hibernate.resource.jdbc.internal.LogicalConnectionManagedImpl - Initiating JDBC connection release from afterTransaction
2026-02-16 09:48:19.418 [main] DEBUG org.hibernate.resource.jdbc.internal.LogicalConnectionManagedImpl - Initiating JDBC connection release from afterTransaction
2026-02-16 09:48:19.419 [main] DEBUG org.hibernate.engine.transaction.internal.TransactionImpl - On TransactionImpl creation, JpaCompliance#isJpaTransactionComplianceEnabled == false
2026-02-16 09:48:19.419 [main] DEBUG org.hibernate.engine.transaction.internal.TransactionImpl - begin
2026-02-16 09:48:19.421 [main] DEBUG org.hibernate.event.internal.AbstractSaveEventListener - Generated identifier: 56712378C, using strategy: org.hibernate.id.Assigned
2026-02-16 09:48:19.421 [main] DEBUG org.hibernate.engine.transaction.internal.TransactionImpl - committing
2026-02-16 09:48:19.421 [main] DEBUG org.hibernate.event.internal.AbstractFlushingEventListener - Processing flush-time cascades
2026-02-16 09:48:19.421 [main] DEBUG org.hibernate.event.internal.AbstractFlushingEventListener - Dirty checking collections
2026-02-16 09:48:19.421 [main] DEBUG org.hibernate.engine.internal.Collections - Collection found: [modelos.Participante.eventos#56712378C], was: [<unreferenced>] (initialized)
2026-02-16 09:48:19.421 [main] DEBUG org.hibernate.event.internal.AbstractFlushingEventListener - Flushed: 1 insertions, 0 updates, 0 deletions to 1 objects
2026-02-16 09:48:19.421 [main] DEBUG org.hibernate.event.internal.AbstractFlushingEventListener - Flushed: 1 (re)creations, 0 updates, 0 removals to 1 collections
2026-02-16 09:48:19.421 [main] DEBUG org.hibernate.internal.util.EntityPrinter - Listing entities:
2026-02-16 09:48:19.421 [main] DEBUG org.hibernate.internal.util.EntityPrinter - modelos.Participante{apellidos=Luengo, eventos=[], nombre=Beatriz, dni=56712378C, email=bLuengo@gmail.com}
2026-02-16 09:48:19.421 [main] DEBUG org.hibernate.SQL - /* insert modelos.Participante */ insert into participante (apellidos, email, nombre, dni) values (?, ?, ?, ?)
2026-02-16 09:48:19.427 [main] DEBUG org.hibernate.resource.jdbc.internal.LogicalConnectionManagedImpl - Initiating JDBC connection release from afterTransaction
2026-02-16 09:48:19.428 [main] DEBUG org.hibernate.resource.jdbc.internal.LogicalConnectionManagedImpl - Initiating JDBC connection release from afterTransaction
2026-02-16 09:48:19.428 [main] DEBUG org.hibernate.engine.transaction.internal.TransactionImpl - On TransactionImpl creation, JpaCompliance#isJpaTransactionComplianceEnabled == false
2026-02-16 09:48:19.428 [main] DEBUG org.hibernate.engine.transaction.internal.TransactionImpl - begin
2026-02-16 09:48:19.430 [main] DEBUG org.hibernate.event.internal.AbstractSaveEventListener - Generated identifier: 512345678C, using strategy: org.hibernate.id.Assigned
2026-02-16 09:48:19.430 [main] DEBUG org.hibernate.engine.transaction.internal.TransactionImpl - committing
2026-02-16 09:48:19.430 [main] DEBUG org.hibernate.event.internal.AbstractFlushingEventListener - Processing flush-time cascades
2026-02-16 09:48:19.430 [main] DEBUG org.hibernate.event.internal.AbstractFlushingEventListener - Dirty checking collections
2026-02-16 09:48:19.430 [main] DEBUG org.hibernate.engine.internal.Collections - Collection found: [modelos.Participante.eventos#512345678C], was: [<unreferenced>] (initialized)
2026-02-16 09:48:19.430 [main] DEBUG org.hibernate.event.internal.AbstractFlushingEventListener - Flushed: 1 insertions, 0 updates, 0 deletions to 1 objects
2026-02-16 09:48:19.430 [main] DEBUG org.hibernate.event.internal.AbstractFlushingEventListener - Flushed: 1 (re)creations, 0 updates, 0 removals to 1 collections
2026-02-16 09:48:19.430 [main] DEBUG org.hibernate.internal.util.EntityPrinter - Listing entities:
2026-02-16 09:48:19.430 [main] DEBUG org.hibernate.internal.util.EntityPrinter - modelos.Participante{apellidos=Ramposo, eventos=[], nombre=Carmelo, dni=512345678C, email=cRamposo@gmail.com}
2026-02-16 09:48:19.430 [main] DEBUG org.hibernate.SQL - /* insert modelos.Participante */ insert into participante (apellidos, email, nombre, dni) values (?, ?, ?, ?)
2026-02-16 09:48:19.436 [main] DEBUG org.hibernate.resource.jdbc.internal.LogicalConnectionManagedImpl - Initiating JDBC connection release from afterTransaction
2026-02-16 09:48:19.437 [main] DEBUG org.hibernate.resource.jdbc.internal.LogicalConnectionManagedImpl - Initiating JDBC connection release from afterTransaction
2026-02-16 09:48:19.441 [main] DEBUG org.hibernate.engine.transaction.internal.TransactionImpl - On TransactionImpl creation, JpaCompliance#isJpaTransactionComplianceEnabled == false
2026-02-16 09:48:19.441 [main] DEBUG org.hibernate.engine.transaction.internal.TransactionImpl - begin
2026-02-16 09:48:19.468 [main] DEBUG org.hibernate.SQL - select next_val as id_val from evento_SEQ for update
2026-02-16 09:48:19.469 [main] DEBUG org.hibernate.SQL - update evento_SEQ set next_val= ? where next_val=?
2026-02-16 09:48:19.476 [main] DEBUG org.hibernate.event.internal.AbstractSaveEventListener - Generated identifier: 1, using strategy: org.hibernate.id.enhanced.SequenceStyleGenerator
2026-02-16 09:48:19.476 [main] DEBUG org.hibernate.engine.transaction.internal.TransactionImpl - committing
2026-02-16 09:48:19.476 [main] DEBUG org.hibernate.event.internal.AbstractFlushingEventListener - Processing flush-time cascades
2026-02-16 09:48:19.476 [main] DEBUG org.hibernate.event.internal.AbstractFlushingEventListener - Dirty checking collections
2026-02-16 09:48:19.477 [main] DEBUG org.hibernate.engine.internal.Collections - Collection found: [modelos.Evento.participantes#1], was: [<unreferenced>] (initialized)
2026-02-16 09:48:19.477 [main] DEBUG org.hibernate.event.internal.AbstractFlushingEventListener - Flushed: 1 insertions, 0 updates, 0 deletions to 1 objects
2026-02-16 09:48:19.477 [main] DEBUG org.hibernate.event.internal.AbstractFlushingEventListener - Flushed: 1 (re)creations, 0 updates, 0 removals to 1 collections
2026-02-16 09:48:19.477 [main] DEBUG org.hibernate.internal.util.EntityPrinter - Listing entities:
2026-02-16 09:48:19.477 [main] DEBUG org.hibernate.internal.util.EntityPrinter - modelos.Evento{fecha=2026-02-26T09:48:19.440844900, ubicacion=null, tipoEvento=taller, idEvento=1, duracion=120, nombre=Herramientas de programación con IA, participantes=[modelos.Participante#56712378C, modelos.Participante#56745678C, modelos.Participante#12345678C, modelos.Participante#512345678C]}
2026-02-16 09:48:19.477 [main] DEBUG org.hibernate.SQL - /* insert modelos.Evento */ insert into evento (duracion, fecha, nombre, tipoEvento, idUbicacion, idEvento) values (?, ?, ?, ?, ?, ?)
2026-02-16 09:48:19.484 [main] DEBUG org.hibernate.persister.collection.AbstractCollectionPersister - Inserting collection: [modelos.Evento.participantes#1]
2026-02-16 09:48:19.486 [main] DEBUG org.hibernate.SQL - /* insert collection row modelos.Evento.participantes */ insert into evento_participante (eventos_idEvento, participantes_dni) values (?, ?)
2026-02-16 09:48:19.488 [main] DEBUG org.hibernate.SQL - /* insert collection row modelos.Evento.participantes */ insert into evento_participante (eventos_idEvento, participantes_dni) values (?, ?)
2026-02-16 09:48:19.489 [main] DEBUG org.hibernate.SQL - /* insert collection row modelos.Evento.participantes */ insert into evento_participante (eventos_idEvento, participantes_dni) values (?, ?)
2026-02-16 09:48:19.491 [main] DEBUG org.hibernate.SQL - /* insert collection row modelos.Evento.participantes */ insert into evento_participante (eventos_idEvento, participantes_dni) values (?, ?)
2026-02-16 09:48:19.492 [main] DEBUG org.hibernate.persister.collection.AbstractCollectionPersister - Done inserting collection: 4 rows inserted
2026-02-16 09:48:19.497 [main] DEBUG org.hibernate.resource.jdbc.internal.LogicalConnectionManagedImpl - Initiating JDBC connection release from afterTransaction
2026-02-16 09:48:19.498 [main] DEBUG org.hibernate.resource.jdbc.internal.LogicalConnectionManagedImpl - Initiating JDBC connection release from afterTransaction
2026-02-16 09:48:19.498 [main] DEBUG org.hibernate.engine.jdbc.internal.JdbcCoordinatorImpl - HHH000420: Closing un-released batch
2026-02-16 09:48:19.498 [main] DEBUG org.hibernate.engine.transaction.internal.TransactionImpl - On TransactionImpl creation, JpaCompliance#isJpaTransactionComplianceEnabled == false
2026-02-16 09:48:19.498 [main] DEBUG org.hibernate.engine.transaction.internal.TransactionImpl - begin
2026-02-16 09:48:19.501 [main] DEBUG org.hibernate.SQL - select next_val as id_val from evento_SEQ for update
2026-02-16 09:48:19.502 [main] DEBUG org.hibernate.SQL - update evento_SEQ set next_val= ? where next_val=?
2026-02-16 09:48:19.509 [main] DEBUG org.hibernate.event.internal.AbstractSaveEventListener - Generated identifier: 2, using strategy: org.hibernate.id.enhanced.SequenceStyleGenerator
2026-02-16 09:48:19.509 [main] DEBUG org.hibernate.engine.transaction.internal.TransactionImpl - committing
2026-02-16 09:48:19.509 [main] DEBUG org.hibernate.event.internal.AbstractFlushingEventListener - Processing flush-time cascades
2026-02-16 09:48:19.509 [main] DEBUG org.hibernate.event.internal.AbstractFlushingEventListener - Dirty checking collections
2026-02-16 09:48:19.509 [main] DEBUG org.hibernate.engine.internal.Collections - Collection found: [modelos.Evento.participantes#2], was: [<unreferenced>] (initialized)
2026-02-16 09:48:19.509 [main] DEBUG org.hibernate.event.internal.AbstractFlushingEventListener - Flushed: 1 insertions, 0 updates, 0 deletions to 1 objects
2026-02-16 09:48:19.509 [main] DEBUG org.hibernate.event.internal.AbstractFlushingEventListener - Flushed: 1 (re)creations, 0 updates, 0 removals to 1 collections
2026-02-16 09:48:19.509 [main] DEBUG org.hibernate.internal.util.EntityPrinter - Listing entities:
2026-02-16 09:48:19.509 [main] DEBUG org.hibernate.internal.util.EntityPrinter - modelos.Evento{fecha=2026-02-26T09:48:19.441850400, ubicacion=null, tipoEvento=conferencia, idEvento=2, duracion=120, nombre=Análisis de datos mediante inteligencia artificial, participantes=[modelos.Participante#56712378C, modelos.Participante#12345678C, modelos.Participante#55775678C, modelos.Participante#512345678C]}
2026-02-16 09:48:19.509 [main] DEBUG org.hibernate.SQL - /* insert modelos.Evento */ insert into evento (duracion, fecha, nombre, tipoEvento, idUbicacion, idEvento) values (?, ?, ?, ?, ?, ?)
2026-02-16 09:48:19.511 [main] DEBUG org.hibernate.persister.collection.AbstractCollectionPersister - Inserting collection: [modelos.Evento.participantes#2]
2026-02-16 09:48:19.511 [main] DEBUG org.hibernate.SQL - /* insert collection row modelos.Evento.participantes */ insert into evento_participante (eventos_idEvento, participantes_dni) values (?, ?)
2026-02-16 09:48:19.513 [main] DEBUG org.hibernate.SQL - /* insert collection row modelos.Evento.participantes */ insert into evento_participante (eventos_idEvento, participantes_dni) values (?, ?)
2026-02-16 09:48:19.513 [main] DEBUG org.hibernate.SQL - /* insert collection row modelos.Evento.participantes */ insert into evento_participante (eventos_idEvento, participantes_dni) values (?, ?)
2026-02-16 09:48:19.516 [main] DEBUG org.hibernate.SQL - /* insert collection row modelos.Evento.participantes */ insert into evento_participante (eventos_idEvento, participantes_dni) values (?, ?)
2026-02-16 09:48:19.518 [main] DEBUG org.hibernate.persister.collection.AbstractCollectionPersister - Done inserting collection: 4 rows inserted
2026-02-16 09:48:19.524 [main] DEBUG org.hibernate.resource.jdbc.internal.LogicalConnectionManagedImpl - Initiating JDBC connection release from afterTransaction
2026-02-16 09:48:19.525 [main] DEBUG org.hibernate.resource.jdbc.internal.LogicalConnectionManagedImpl - Initiating JDBC connection release from afterTransaction
2026-02-16 09:48:19.525 [main] DEBUG org.hibernate.engine.jdbc.internal.JdbcCoordinatorImpl - HHH000420: Closing un-released batch
2026-02-16 09:48:19.525 [main] DEBUG org.hibernate.engine.transaction.internal.TransactionImpl - On TransactionImpl creation, JpaCompliance#isJpaTransactionComplianceEnabled == false
2026-02-16 09:48:19.525 [main] DEBUG org.hibernate.engine.transaction.internal.TransactionImpl - begin
2026-02-16 09:48:19.527 [main] DEBUG org.hibernate.event.internal.AbstractSaveEventListener - Generated identifier: 3, using strategy: org.hibernate.id.enhanced.SequenceStyleGenerator
2026-02-16 09:48:19.527 [main] DEBUG org.hibernate.engine.transaction.internal.TransactionImpl - committing
2026-02-16 09:48:19.527 [main] DEBUG org.hibernate.event.internal.AbstractFlushingEventListener - Processing flush-time cascades
2026-02-16 09:48:19.527 [main] DEBUG org.hibernate.event.internal.AbstractFlushingEventListener - Dirty checking collections
2026-02-16 09:48:19.527 [main] DEBUG org.hibernate.engine.internal.Collections - Collection found: [modelos.Evento.participantes#3], was: [<unreferenced>] (initialized)
2026-02-16 09:48:19.527 [main] DEBUG org.hibernate.event.internal.AbstractFlushingEventListener - Flushed: 1 insertions, 0 updates, 0 deletions to 1 objects
2026-02-16 09:48:19.527 [main] DEBUG org.hibernate.event.internal.AbstractFlushingEventListener - Flushed: 1 (re)creations, 0 updates, 0 removals to 1 collections
2026-02-16 09:48:19.527 [main] DEBUG org.hibernate.internal.util.EntityPrinter - Listing entities:
2026-02-16 09:48:19.527 [main] DEBUG org.hibernate.internal.util.EntityPrinter - modelos.Evento{fecha=2026-02-27T09:48:19.441850400, ubicacion=null, tipoEvento=conferencia, idEvento=3, duracion=90, nombre=Confiar en la IA, participantes=[modelos.Participante#56712378C, modelos.Participante#56745678C, modelos.Participante#55345678C, modelos.Participante#512345678C]}
2026-02-16 09:48:19.527 [main] DEBUG org.hibernate.SQL - /* insert modelos.Evento */ insert into evento (duracion, fecha, nombre, tipoEvento, idUbicacion, idEvento) values (?, ?, ?, ?, ?, ?)
2026-02-16 09:48:19.529 [main] DEBUG org.hibernate.persister.collection.AbstractCollectionPersister - Inserting collection: [modelos.Evento.participantes#3]
2026-02-16 09:48:19.529 [main] DEBUG org.hibernate.SQL - /* insert collection row modelos.Evento.participantes */ insert into evento_participante (eventos_idEvento, participantes_dni) values (?, ?)
2026-02-16 09:48:19.531 [main] DEBUG org.hibernate.SQL - /* insert collection row modelos.Evento.participantes */ insert into evento_participante (eventos_idEvento, participantes_dni) values (?, ?)
2026-02-16 09:48:19.532 [main] DEBUG org.hibernate.SQL - /* insert collection row modelos.Evento.participantes */ insert into evento_participante (eventos_idEvento, participantes_dni) values (?, ?)
2026-02-16 09:48:19.533 [main] DEBUG org.hibernate.SQL - /* insert collection row modelos.Evento.participantes */ insert into evento_participante (eventos_idEvento, participantes_dni) values (?, ?)
2026-02-16 09:48:19.534 [main] DEBUG org.hibernate.persister.collection.AbstractCollectionPersister - Done inserting collection: 4 rows inserted
2026-02-16 09:48:19.555 [main] DEBUG org.hibernate.resource.jdbc.internal.LogicalConnectionManagedImpl - Initiating JDBC connection release from afterTransaction
2026-02-16 09:48:19.557 [main] DEBUG org.hibernate.resource.jdbc.internal.LogicalConnectionManagedImpl - Initiating JDBC connection release from afterTransaction
2026-02-16 09:48:19.557 [main] DEBUG org.hibernate.engine.jdbc.internal.JdbcCoordinatorImpl - HHH000420: Closing un-released batch
2026-02-16 09:48:19.557 [main] DEBUG org.hibernate.engine.transaction.internal.TransactionImpl - On TransactionImpl creation, JpaCompliance#isJpaTransactionComplianceEnabled == false
2026-02-16 09:48:19.557 [main] DEBUG org.hibernate.engine.transaction.internal.TransactionImpl - begin
2026-02-16 09:48:19.559 [main] DEBUG org.hibernate.event.internal.AbstractSaveEventListener - Generated identifier: 4, using strategy: org.hibernate.id.enhanced.SequenceStyleGenerator
2026-02-16 09:48:19.559 [main] DEBUG org.hibernate.engine.transaction.internal.TransactionImpl - committing
2026-02-16 09:48:19.559 [main] DEBUG org.hibernate.event.internal.AbstractFlushingEventListener - Processing flush-time cascades
2026-02-16 09:48:19.559 [main] DEBUG org.hibernate.event.internal.AbstractFlushingEventListener - Dirty checking collections
2026-02-16 09:48:19.559 [main] DEBUG org.hibernate.engine.internal.Collections - Collection found: [modelos.Evento.participantes#4], was: [<unreferenced>] (initialized)
2026-02-16 09:48:19.559 [main] DEBUG org.hibernate.event.internal.AbstractFlushingEventListener - Flushed: 1 insertions, 0 updates, 0 deletions to 1 objects
2026-02-16 09:48:19.559 [main] DEBUG org.hibernate.event.internal.AbstractFlushingEventListener - Flushed: 1 (re)creations, 0 updates, 0 removals to 1 collections
2026-02-16 09:48:19.559 [main] DEBUG org.hibernate.internal.util.EntityPrinter - Listing entities:
2026-02-16 09:48:19.559 [main] DEBUG org.hibernate.internal.util.EntityPrinter - modelos.Evento{fecha=2026-02-27T09:48:19.441850400, ubicacion=null, tipoEvento=taller, idEvento=4, duracion=120, nombre=Taller uso de la IA en el análisis de datos, participantes=[modelos.Participante#55345678C, modelos.Participante#55775678C, modelos.Participante#512345678C]}
2026-02-16 09:48:19.559 [main] DEBUG org.hibernate.SQL - /* insert modelos.Evento */ insert into evento (duracion, fecha, nombre, tipoEvento, idUbicacion, idEvento) values (?, ?, ?, ?, ?, ?)
2026-02-16 09:48:19.561 [main] DEBUG org.hibernate.persister.collection.AbstractCollectionPersister - Inserting collection: [modelos.Evento.participantes#4]
2026-02-16 09:48:19.561 [main] DEBUG org.hibernate.SQL - /* insert collection row modelos.Evento.participantes */ insert into evento_participante (eventos_idEvento, participantes_dni) values (?, ?)
2026-02-16 09:48:19.562 [main] DEBUG org.hibernate.SQL - /* insert collection row modelos.Evento.participantes */ insert into evento_participante (eventos_idEvento, participantes_dni) values (?, ?)
2026-02-16 09:48:19.563 [main] DEBUG org.hibernate.SQL - /* insert collection row modelos.Evento.participantes */ insert into evento_participante (eventos_idEvento, participantes_dni) values (?, ?)
2026-02-16 09:48:19.564 [main] DEBUG org.hibernate.persister.collection.AbstractCollectionPersister - Done inserting collection: 3 rows inserted
2026-02-16 09:48:19.568 [main] DEBUG org.hibernate.resource.jdbc.internal.LogicalConnectionManagedImpl - Initiating JDBC connection release from afterTransaction
2026-02-16 09:48:19.569 [main] DEBUG org.hibernate.resource.jdbc.internal.LogicalConnectionManagedImpl - Initiating JDBC connection release from afterTransaction
2026-02-16 09:48:19.569 [main] DEBUG org.hibernate.engine.jdbc.internal.JdbcCoordinatorImpl - HHH000420: Closing un-released batch
2026-02-16 09:48:19.569 [main] DEBUG org.hibernate.engine.transaction.internal.TransactionImpl - On TransactionImpl creation, JpaCompliance#isJpaTransactionComplianceEnabled == false
2026-02-16 09:48:19.569 [main] DEBUG org.hibernate.engine.transaction.internal.TransactionImpl - begin
2026-02-16 09:48:19.571 [main] DEBUG org.hibernate.SQL - select next_val as id_val from ubicacion_SEQ for update
2026-02-16 09:48:19.572 [main] DEBUG org.hibernate.SQL - update ubicacion_SEQ set next_val= ? where next_val=?
2026-02-16 09:48:19.578 [main] DEBUG org.hibernate.event.internal.AbstractSaveEventListener - Generated identifier: 1, using strategy: org.hibernate.id.enhanced.SequenceStyleGenerator
2026-02-16 09:48:19.579 [main] DEBUG org.hibernate.engine.transaction.internal.TransactionImpl - committing
2026-02-16 09:48:19.579 [main] DEBUG org.hibernate.event.internal.AbstractFlushingEventListener - Processing flush-time cascades
2026-02-16 09:48:19.579 [main] DEBUG org.hibernate.event.internal.AbstractFlushingEventListener - Dirty checking collections
2026-02-16 09:48:19.579 [main] DEBUG org.hibernate.engine.internal.Collections - Collection found: [modelos.Ubicacion.eventos#1], was: [<unreferenced>] (initialized)
2026-02-16 09:48:19.579 [main] DEBUG org.hibernate.event.internal.AbstractFlushingEventListener - Flushed: 1 insertions, 0 updates, 0 deletions to 1 objects
2026-02-16 09:48:19.579 [main] DEBUG org.hibernate.event.internal.AbstractFlushingEventListener - Flushed: 1 (re)creations, 0 updates, 0 removals to 1 collections
2026-02-16 09:48:19.579 [main] DEBUG org.hibernate.internal.util.EntityPrinter - Listing entities:
2026-02-16 09:48:19.579 [main] DEBUG org.hibernate.internal.util.EntityPrinter - modelos.Ubicacion{direccion=Calle Sin Salida 1, idUbicacion=1, eventos=[], capacidadMaxima=30, nombre=Salon de actos}
2026-02-16 09:48:19.579 [main] DEBUG org.hibernate.SQL - /* insert modelos.Ubicacion */ insert into ubicacion (capacidadMaxima, direccion, nombre, idUbicacion) values (?, ?, ?, ?)
2026-02-16 09:48:19.586 [main] DEBUG org.hibernate.resource.jdbc.internal.LogicalConnectionManagedImpl - Initiating JDBC connection release from afterTransaction
2026-02-16 09:48:19.587 [main] DEBUG org.hibernate.resource.jdbc.internal.LogicalConnectionManagedImpl - Initiating JDBC connection release from afterTransaction
2026-02-16 09:48:19.587 [main] DEBUG org.hibernate.engine.transaction.internal.TransactionImpl - On TransactionImpl creation, JpaCompliance#isJpaTransactionComplianceEnabled == false
2026-02-16 09:48:19.587 [main] DEBUG org.hibernate.engine.transaction.internal.TransactionImpl - begin
2026-02-16 09:48:19.590 [main] DEBUG org.hibernate.SQL - select next_val as id_val from ubicacion_SEQ for update
2026-02-16 09:48:19.591 [main] DEBUG org.hibernate.SQL - update ubicacion_SEQ set next_val= ? where next_val=?
2026-02-16 09:48:19.597 [main] DEBUG org.hibernate.event.internal.AbstractSaveEventListener - Generated identifier: 2, using strategy: org.hibernate.id.enhanced.SequenceStyleGenerator
2026-02-16 09:48:19.597 [main] DEBUG org.hibernate.engine.transaction.internal.TransactionImpl - committing
2026-02-16 09:48:19.597 [main] DEBUG org.hibernate.event.internal.AbstractFlushingEventListener - Processing flush-time cascades
2026-02-16 09:48:19.597 [main] DEBUG org.hibernate.event.internal.AbstractFlushingEventListener - Dirty checking collections
2026-02-16 09:48:19.598 [main] DEBUG org.hibernate.engine.internal.Collections - Collection found: [modelos.Ubicacion.eventos#2], was: [<unreferenced>] (initialized)
2026-02-16 09:48:19.598 [main] DEBUG org.hibernate.event.internal.AbstractFlushingEventListener - Flushed: 1 insertions, 0 updates, 0 deletions to 1 objects
2026-02-16 09:48:19.598 [main] DEBUG org.hibernate.event.internal.AbstractFlushingEventListener - Flushed: 1 (re)creations, 0 updates, 0 removals to 1 collections
2026-02-16 09:48:19.598 [main] DEBUG org.hibernate.internal.util.EntityPrinter - Listing entities:
2026-02-16 09:48:19.598 [main] DEBUG org.hibernate.internal.util.EntityPrinter - modelos.Ubicacion{direccion=IES Torre Guzmanes aula 55A, idUbicacion=2, eventos=[], capacidadMaxima=30, nombre=Sala laboratorio}
2026-02-16 09:48:19.598 [main] DEBUG org.hibernate.SQL - /* insert modelos.Ubicacion */ insert into ubicacion (capacidadMaxima, direccion, nombre, idUbicacion) values (?, ?, ?, ?)
2026-02-16 09:48:19.603 [main] DEBUG org.hibernate.resource.jdbc.internal.LogicalConnectionManagedImpl - Initiating JDBC connection release from afterTransaction
2026-02-16 09:48:19.604 [main] DEBUG org.hibernate.resource.jdbc.internal.LogicalConnectionManagedImpl - Initiating JDBC connection release from afterTransaction
2026-02-16 09:48:19.629 [main] DEBUG org.hibernate.orm.sql.exec - Skipping reading Query result cache data: cache-enabled = false, cache-mode = IGNORE
2026-02-16 09:48:19.637 [main] DEBUG org.hibernate.orm.results - Initializer list
2026-02-16 09:48:19.638 [main] DEBUG org.hibernate.orm.results -     modelos.Evento.participantes -> DelayedCollectionInitializer(modelos.Evento.participantes)@277549599 (PluralAttribute(modelos.Evento.participantes))
2026-02-16 09:48:19.638 [main] DEBUG org.hibernate.orm.results -     modelos.Evento.ubicacion.eventos -> DelayedCollectionInitializer(modelos.Evento.ubicacion.eventos)@1124131392 (PluralAttribute(modelos.Ubicacion.eventos))
2026-02-16 09:48:19.638 [main] DEBUG org.hibernate.orm.results -     modelos.Evento.ubicacion -> EntityJoinedFetchInitializer(modelos.Evento.ubicacion)@1598068850 (ToOneAttributeMapping(NavigableRole[modelos.Evento.ubicacion])@581359452)
2026-02-16 09:48:19.638 [main] DEBUG org.hibernate.orm.results -     modelos.Evento -> EntityResultInitializer(modelos.Evento)@1417325106 (SingleTableEntityPersister(modelos.Evento))
2026-02-16 09:48:19.640 [main] DEBUG org.hibernate.SQL - select e1_0.idEvento,e1_0.duracion,e1_0.fecha,e1_0.nombre,e1_0.tipoEvento,u1_0.idUbicacion,u1_0.capacidadMaxima,u1_0.direccion,u1_0.nombre from evento e1_0 left join ubicacion u1_0 on u1_0.idUbicacion=e1_0.idUbicacion where e1_0.idEvento=?
2026-02-16 09:48:19.645 [main] DEBUG org.hibernate.orm.results - Extracted JDBC value [5] - [null]
2026-02-16 09:48:19.645 [main] DEBUG org.hibernate.orm.results.loading.entity - (EntityJoinedFetchInitializer) EntityKey (modelos.Evento.ubicacion) is null
2026-02-16 09:48:19.645 [main] DEBUG org.hibernate.orm.results.loading.entity - (EntityResultInitializer) Hydrated EntityKey (modelos.Evento): 1
2026-02-16 09:48:19.645 [main] DEBUG org.hibernate.orm.results - Extracted JDBC value [0] - [1]
2026-02-16 09:48:19.646 [main] DEBUG org.hibernate.orm.results.loading.org.hibernate.orm.results.loading.collection - (DelayedCollectionInitializer) Current row collection key : modelos.Evento.participantes#1
2026-02-16 09:48:19.646 [main] DEBUG org.hibernate.orm.results - Extracted JDBC value [5] - [null]
2026-02-16 09:48:19.647 [main] DEBUG org.hibernate.orm.results.loading.entity - (EntityResultInitializer) Created new entity instance [modelos.Evento#1] : Evento [idEvento=1, nombre=null, tipoEvento=null, fecha=null, duracion=0]
2026-02-16 09:48:19.647 [main] DEBUG org.hibernate.orm.results - Extracted JDBC value [1] - [120]
2026-02-16 09:48:19.647 [main] DEBUG org.hibernate.orm.results - Extracted JDBC value [2] - [2026-02-26T09:48:19.440845]
2026-02-16 09:48:19.647 [main] DEBUG org.hibernate.orm.results - Extracted JDBC value [3] - [Herramientas de programación con IA]
2026-02-16 09:48:19.648 [main] DEBUG org.hibernate.orm.results - Extracted JDBC value [4] - [taller]
2026-02-16 09:48:19.652 [main] DEBUG org.hibernate.orm.results.loading.entity - (EntityResultInitializer) Done materializing entityInstance : modelos.Evento#1
2026-02-16 09:48:19.652 [main] DEBUG org.hibernate.orm.results.loading - Calling top-level assembler (0 / 1) : org.hibernate.sql.results.graph.entity.internal.EntityAssembler@8432469
2026-02-16 09:48:19.653 [main] DEBUG org.hibernate.resource.jdbc.internal.LogicalConnectionManagedImpl - Initiating JDBC connection release from afterTransaction
2026-02-16 09:48:19.654 [main] DEBUG org.hibernate.orm.sql.exec - Skipping reading Query result cache data: cache-enabled = false, cache-mode = IGNORE
2026-02-16 09:48:19.655 [main] DEBUG org.hibernate.orm.results - Initializer list
2026-02-16 09:48:19.655 [main] DEBUG org.hibernate.orm.results -     modelos.Evento.participantes -> DelayedCollectionInitializer(modelos.Evento.participantes)@1282128509 (PluralAttribute(modelos.Evento.participantes))
2026-02-16 09:48:19.655 [main] DEBUG org.hibernate.orm.results -     modelos.Evento.ubicacion.eventos -> DelayedCollectionInitializer(modelos.Evento.ubicacion.eventos)@1105778967 (PluralAttribute(modelos.Ubicacion.eventos))
2026-02-16 09:48:19.655 [main] DEBUG org.hibernate.orm.results -     modelos.Evento.ubicacion -> EntityJoinedFetchInitializer(modelos.Evento.ubicacion)@719699252 (ToOneAttributeMapping(NavigableRole[modelos.Evento.ubicacion])@581359452)
2026-02-16 09:48:19.655 [main] DEBUG org.hibernate.orm.results -     modelos.Evento -> EntityResultInitializer(modelos.Evento)@725579524 (SingleTableEntityPersister(modelos.Evento))
2026-02-16 09:48:19.655 [main] DEBUG org.hibernate.SQL - select e1_0.idEvento,e1_0.duracion,e1_0.fecha,e1_0.nombre,e1_0.tipoEvento,u1_0.idUbicacion,u1_0.capacidadMaxima,u1_0.direccion,u1_0.nombre from evento e1_0 left join ubicacion u1_0 on u1_0.idUbicacion=e1_0.idUbicacion where e1_0.idEvento=?
2026-02-16 09:48:19.658 [main] DEBUG org.hibernate.orm.results - Extracted JDBC value [5] - [null]
2026-02-16 09:48:19.658 [main] DEBUG org.hibernate.orm.results.loading.entity - (EntityJoinedFetchInitializer) EntityKey (modelos.Evento.ubicacion) is null
2026-02-16 09:48:19.658 [main] DEBUG org.hibernate.orm.results.loading.entity - (EntityResultInitializer) Hydrated EntityKey (modelos.Evento): 2
2026-02-16 09:48:19.658 [main] DEBUG org.hibernate.orm.results - Extracted JDBC value [0] - [2]
2026-02-16 09:48:19.658 [main] DEBUG org.hibernate.orm.results.loading.org.hibernate.orm.results.loading.collection - (DelayedCollectionInitializer) Current row collection key : modelos.Evento.participantes#2
2026-02-16 09:48:19.658 [main] DEBUG org.hibernate.orm.results - Extracted JDBC value [5] - [null]
2026-02-16 09:48:19.658 [main] DEBUG org.hibernate.orm.results.loading.entity - (EntityResultInitializer) Created new entity instance [modelos.Evento#2] : Evento [idEvento=2, nombre=null, tipoEvento=null, fecha=null, duracion=0]
2026-02-16 09:48:19.658 [main] DEBUG org.hibernate.orm.results - Extracted JDBC value [1] - [120]
2026-02-16 09:48:19.658 [main] DEBUG org.hibernate.orm.results - Extracted JDBC value [2] - [2026-02-26T09:48:19.441850]
2026-02-16 09:48:19.658 [main] DEBUG org.hibernate.orm.results - Extracted JDBC value [3] - [Análisis de datos mediante inteligencia artificial]
2026-02-16 09:48:19.658 [main] DEBUG org.hibernate.orm.results - Extracted JDBC value [4] - [conferencia]
2026-02-16 09:48:19.658 [main] DEBUG org.hibernate.orm.results.loading.entity - (EntityResultInitializer) Done materializing entityInstance : modelos.Evento#2
2026-02-16 09:48:19.658 [main] DEBUG org.hibernate.orm.results.loading - Calling top-level assembler (0 / 1) : org.hibernate.sql.results.graph.entity.internal.EntityAssembler@64b73e0a
2026-02-16 09:48:19.658 [main] DEBUG org.hibernate.resource.jdbc.internal.LogicalConnectionManagedImpl - Initiating JDBC connection release from afterTransaction
2026-02-16 09:48:19.659 [main] DEBUG org.hibernate.orm.sql.exec - Skipping reading Query result cache data: cache-enabled = false, cache-mode = IGNORE
2026-02-16 09:48:19.659 [main] DEBUG org.hibernate.orm.results - Initializer list
2026-02-16 09:48:19.659 [main] DEBUG org.hibernate.orm.results -     modelos.Evento.participantes -> DelayedCollectionInitializer(modelos.Evento.participantes)@1472659178 (PluralAttribute(modelos.Evento.participantes))
2026-02-16 09:48:19.659 [main] DEBUG org.hibernate.orm.results -     modelos.Evento.ubicacion.eventos -> DelayedCollectionInitializer(modelos.Evento.ubicacion.eventos)@995621141 (PluralAttribute(modelos.Ubicacion.eventos))
2026-02-16 09:48:19.659 [main] DEBUG org.hibernate.orm.results -     modelos.Evento.ubicacion -> EntityJoinedFetchInitializer(modelos.Evento.ubicacion)@969407243 (ToOneAttributeMapping(NavigableRole[modelos.Evento.ubicacion])@581359452)
2026-02-16 09:48:19.660 [main] DEBUG org.hibernate.orm.results -     modelos.Evento -> EntityResultInitializer(modelos.Evento)@1683866967 (SingleTableEntityPersister(modelos.Evento))
2026-02-16 09:48:19.660 [main] DEBUG org.hibernate.SQL - select e1_0.idEvento,e1_0.duracion,e1_0.fecha,e1_0.nombre,e1_0.tipoEvento,u1_0.idUbicacion,u1_0.capacidadMaxima,u1_0.direccion,u1_0.nombre from evento e1_0 left join ubicacion u1_0 on u1_0.idUbicacion=e1_0.idUbicacion where e1_0.idEvento=?
2026-02-16 09:48:19.662 [main] DEBUG org.hibernate.orm.results - Extracted JDBC value [5] - [null]
2026-02-16 09:48:19.662 [main] DEBUG org.hibernate.orm.results.loading.entity - (EntityJoinedFetchInitializer) EntityKey (modelos.Evento.ubicacion) is null
2026-02-16 09:48:19.662 [main] DEBUG org.hibernate.orm.results.loading.entity - (EntityResultInitializer) Hydrated EntityKey (modelos.Evento): 3
2026-02-16 09:48:19.662 [main] DEBUG org.hibernate.orm.results - Extracted JDBC value [0] - [3]
2026-02-16 09:48:19.662 [main] DEBUG org.hibernate.orm.results.loading.org.hibernate.orm.results.loading.collection - (DelayedCollectionInitializer) Current row collection key : modelos.Evento.participantes#3
2026-02-16 09:48:19.662 [main] DEBUG org.hibernate.orm.results - Extracted JDBC value [5] - [null]
2026-02-16 09:48:19.662 [main] DEBUG org.hibernate.orm.results.loading.entity - (EntityResultInitializer) Created new entity instance [modelos.Evento#3] : Evento [idEvento=3, nombre=null, tipoEvento=null, fecha=null, duracion=0]
2026-02-16 09:48:19.662 [main] DEBUG org.hibernate.orm.results - Extracted JDBC value [1] - [90]
2026-02-16 09:48:19.662 [main] DEBUG org.hibernate.orm.results - Extracted JDBC value [2] - [2026-02-27T09:48:19.441850]
2026-02-16 09:48:19.662 [main] DEBUG org.hibernate.orm.results - Extracted JDBC value [3] - [Confiar en la IA]
2026-02-16 09:48:19.662 [main] DEBUG org.hibernate.orm.results - Extracted JDBC value [4] - [conferencia]
2026-02-16 09:48:19.662 [main] DEBUG org.hibernate.orm.results.loading.entity - (EntityResultInitializer) Done materializing entityInstance : modelos.Evento#3
2026-02-16 09:48:19.662 [main] DEBUG org.hibernate.orm.results.loading - Calling top-level assembler (0 / 1) : org.hibernate.sql.results.graph.entity.internal.EntityAssembler@6aad919c
2026-02-16 09:48:19.663 [main] DEBUG org.hibernate.resource.jdbc.internal.LogicalConnectionManagedImpl - Initiating JDBC connection release from afterTransaction
2026-02-16 09:48:19.664 [main] DEBUG org.hibernate.orm.sql.exec - Skipping reading Query result cache data: cache-enabled = false, cache-mode = IGNORE
2026-02-16 09:48:19.664 [main] DEBUG org.hibernate.orm.results - Initializer list
2026-02-16 09:48:19.664 [main] DEBUG org.hibernate.orm.results -     modelos.Evento.participantes -> DelayedCollectionInitializer(modelos.Evento.participantes)@1455696228 (PluralAttribute(modelos.Evento.participantes))
2026-02-16 09:48:19.664 [main] DEBUG org.hibernate.orm.results -     modelos.Evento.ubicacion.eventos -> DelayedCollectionInitializer(modelos.Evento.ubicacion.eventos)@555390535 (PluralAttribute(modelos.Ubicacion.eventos))
2026-02-16 09:48:19.664 [main] DEBUG org.hibernate.orm.results -     modelos.Evento.ubicacion -> EntityJoinedFetchInitializer(modelos.Evento.ubicacion)@873226166 (ToOneAttributeMapping(NavigableRole[modelos.Evento.ubicacion])@581359452)
2026-02-16 09:48:19.664 [main] DEBUG org.hibernate.orm.results -     modelos.Evento -> EntityResultInitializer(modelos.Evento)@841681370 (SingleTableEntityPersister(modelos.Evento))
2026-02-16 09:48:19.665 [main] DEBUG org.hibernate.SQL - select e1_0.idEvento,e1_0.duracion,e1_0.fecha,e1_0.nombre,e1_0.tipoEvento,u1_0.idUbicacion,u1_0.capacidadMaxima,u1_0.direccion,u1_0.nombre from evento e1_0 left join ubicacion u1_0 on u1_0.idUbicacion=e1_0.idUbicacion where e1_0.idEvento=?
2026-02-16 09:48:19.667 [main] DEBUG org.hibernate.orm.results - Extracted JDBC value [5] - [null]
2026-02-16 09:48:19.667 [main] DEBUG org.hibernate.orm.results.loading.entity - (EntityJoinedFetchInitializer) EntityKey (modelos.Evento.ubicacion) is null
2026-02-16 09:48:19.667 [main] DEBUG org.hibernate.orm.results.loading.entity - (EntityResultInitializer) Hydrated EntityKey (modelos.Evento): 4
2026-02-16 09:48:19.667 [main] DEBUG org.hibernate.orm.results - Extracted JDBC value [0] - [4]
2026-02-16 09:48:19.667 [main] DEBUG org.hibernate.orm.results.loading.org.hibernate.orm.results.loading.collection - (DelayedCollectionInitializer) Current row collection key : modelos.Evento.participantes#4
2026-02-16 09:48:19.667 [main] DEBUG org.hibernate.orm.results - Extracted JDBC value [5] - [null]
2026-02-16 09:48:19.667 [main] DEBUG org.hibernate.orm.results.loading.entity - (EntityResultInitializer) Created new entity instance [modelos.Evento#4] : Evento [idEvento=4, nombre=null, tipoEvento=null, fecha=null, duracion=0]
2026-02-16 09:48:19.667 [main] DEBUG org.hibernate.orm.results - Extracted JDBC value [1] - [120]
2026-02-16 09:48:19.667 [main] DEBUG org.hibernate.orm.results - Extracted JDBC value [2] - [2026-02-27T09:48:19.441850]
2026-02-16 09:48:19.667 [main] DEBUG org.hibernate.orm.results - Extracted JDBC value [3] - [Taller uso de la IA en el análisis de datos]
2026-02-16 09:48:19.667 [main] DEBUG org.hibernate.orm.results - Extracted JDBC value [4] - [taller]
2026-02-16 09:48:19.667 [main] DEBUG org.hibernate.orm.results.loading.entity - (EntityResultInitializer) Done materializing entityInstance : modelos.Evento#4
2026-02-16 09:48:19.667 [main] DEBUG org.hibernate.orm.results.loading - Calling top-level assembler (0 / 1) : org.hibernate.sql.results.graph.entity.internal.EntityAssembler@5563bb40
2026-02-16 09:48:19.667 [main] DEBUG org.hibernate.resource.jdbc.internal.LogicalConnectionManagedImpl - Initiating JDBC connection release from afterTransaction
2026-02-16 09:48:19.668 [main] DEBUG org.hibernate.engine.transaction.internal.TransactionImpl - On TransactionImpl creation, JpaCompliance#isJpaTransactionComplianceEnabled == false
2026-02-16 09:48:19.668 [main] DEBUG org.hibernate.engine.transaction.internal.TransactionImpl - begin
2026-02-16 09:48:19.671 [main] DEBUG org.hibernate.orm.sql.ast.create - Created new SQL alias : u1_0
2026-02-16 09:48:19.671 [main] DEBUG org.hibernate.orm.sql.ast.create - Registration of TableGroup [StandardTableGroup(modelos.Ubicacion)] with identifierForTableGroup [modelos.Ubicacion] for NavigablePath [modelos.Ubicacion] 
2026-02-16 09:48:19.672 [main] DEBUG org.hibernate.orm.sql.ast.create - Created new SQL alias : e1_0
2026-02-16 09:48:19.672 [main] DEBUG org.hibernate.orm.sql.ast.create - Registration of TableGroup [org.hibernate.sql.ast.tree.from.OneToManyTableGroup@39ace1a7] with identifierForTableGroup [modelos.Ubicacion.eventos] for NavigablePath [modelos.Ubicacion.eventos] 
2026-02-16 09:48:19.674 [main] DEBUG org.hibernate.orm.sql.ast.create - Registration of TableGroup [StandardTableGroup(modelos.Ubicacion.eventos.{element})] with identifierForTableGroup [modelos.Ubicacion.eventos.{element}] for NavigablePath [modelos.Ubicacion.eventos.{element}] 
2026-02-16 09:48:19.675 [main] DEBUG org.hibernate.orm.results.graph.AST - DomainResult Graph:
 \-EntityResultImpl [modelos.Ubicacion]
 |  +-BasicFetch [modelos.Ubicacion.capacidadMaxima]
 |  +-BasicFetch [modelos.Ubicacion.direccion]
 |  +-EagerCollectionFetch [modelos.Ubicacion.eventos]
 |  |  \-EntityFetchJoinedImpl [modelos.Ubicacion.eventos.{element}]
 |  \-BasicFetch [modelos.Ubicacion.nombre]

2026-02-16 09:48:19.675 [main] DEBUG org.hibernate.orm.sql.ast.tree - SQL AST Tree:
    SelectStatement {
      FromClause {
        StandardTableGroup (u1 : modelos.Ubicacion) {
          primaryTableReference : ubicacion as u1_0
          TableGroupJoins {
            left  join OneToManyTableGroup (e1 : modelos.Ubicacion.eventos) {
              primaryTableReference : evento as e1_0
            }
          }
        }
      }
    }

2026-02-16 09:48:19.675 [main] DEBUG org.hibernate.orm.sql.exec - Skipping reading Query result cache data: cache-enabled = false, cache-mode = IGNORE
2026-02-16 09:48:19.676 [main] DEBUG org.hibernate.orm.results - Initializer list
2026-02-16 09:48:19.676 [main] DEBUG org.hibernate.orm.results -     modelos.Ubicacion.eventos.{element}.participantes -> DelayedCollectionInitializer(modelos.Ubicacion.eventos.{element}.participantes)@591589887 (PluralAttribute(modelos.Evento.participantes))
2026-02-16 09:48:19.676 [main] DEBUG org.hibernate.orm.results -     modelos.Ubicacion.eventos.{element} -> EntityJoinedFetchInitializer(modelos.Ubicacion.eventos.{element})@855894174 (EntityCollectionPart(NavigableRole[modelos.Ubicacion.eventos#{element}])@216815884)
2026-02-16 09:48:19.676 [main] DEBUG org.hibernate.orm.results -     modelos.Ubicacion.eventos -> SetInitializer(modelos.Ubicacion.eventos)@359713488 (PluralAttribute(modelos.Ubicacion.eventos))
2026-02-16 09:48:19.676 [main] DEBUG org.hibernate.orm.results -     modelos.Ubicacion -> EntityResultInitializer(modelos.Ubicacion)@554241160 (SingleTableEntityPersister(modelos.Ubicacion))
2026-02-16 09:48:19.676 [main] DEBUG org.hibernate.SQL - select u1_0.idUbicacion,u1_0.capacidadMaxima,u1_0.direccion,e1_0.idUbicacion,e1_0.idEvento,e1_0.duracion,e1_0.fecha,e1_0.nombre,e1_0.tipoEvento,u1_0.nombre from ubicacion u1_0 left join evento e1_0 on u1_0.idUbicacion=e1_0.idUbicacion where u1_0.idUbicacion=?
2026-02-16 09:48:19.678 [main] DEBUG org.hibernate.orm.results - Extracted JDBC value [4] - [null]
2026-02-16 09:48:19.678 [main] DEBUG org.hibernate.orm.results.loading.entity - (EntityJoinedFetchInitializer) EntityKey (modelos.Ubicacion.eventos.{element}) is null
2026-02-16 09:48:19.678 [main] DEBUG org.hibernate.orm.results.loading.entity - (EntityResultInitializer) Hydrated EntityKey (modelos.Ubicacion): 1
2026-02-16 09:48:19.678 [main] DEBUG org.hibernate.orm.results - Extracted JDBC value [4] - [null]
2026-02-16 09:48:19.678 [main] DEBUG org.hibernate.orm.results - Extracted JDBC value [0] - [1]
2026-02-16 09:48:19.679 [main] DEBUG org.hibernate.orm.results.loading.org.hibernate.orm.results.loading.collection - (DelayedCollectionInitializer) Current row collection key : modelos.Ubicacion.eventos#1
2026-02-16 09:48:19.679 [main] DEBUG org.hibernate.orm.results - Extracted JDBC value [3] - [null]
2026-02-16 09:48:19.679 [main] DEBUG org.hibernate.orm.results.loading.org.hibernate.orm.results.loading.collection - (SetInitializer) Created new collection wrapper [modelos.Ubicacion.eventos#1] : org.hibernate.collection.spi.PersistentSet@1880959833
2026-02-16 09:48:19.679 [main] DEBUG org.hibernate.orm.results.loading.org.hibernate.orm.results.loading.collection - (SetInitializer) Responsible for loading collection [modelos.Ubicacion.eventos#1] : org.hibernate.collection.spi.PersistentSet@1880959833
2026-02-16 09:48:19.680 [main] DEBUG org.hibernate.orm.results.loading.entity - (EntityResultInitializer) Created new entity instance [modelos.Ubicacion#1] : Ubicacion [idUbicacion=1, nombre=null, direccion=null, capacidadMaxima=0]
2026-02-16 09:48:19.680 [main] DEBUG org.hibernate.orm.results - Extracted JDBC value [1] - [30]
2026-02-16 09:48:19.680 [main] DEBUG org.hibernate.orm.results - Extracted JDBC value [2] - [Calle Sin Salida 1]
2026-02-16 09:48:19.680 [main] DEBUG org.hibernate.orm.results - Extracted JDBC value [9] - [Salon de actos]
2026-02-16 09:48:19.680 [main] DEBUG org.hibernate.orm.results.loading.entity - (EntityResultInitializer) Done materializing entityInstance : modelos.Ubicacion#1
2026-02-16 09:48:19.680 [main] DEBUG org.hibernate.orm.results.loading - Calling top-level assembler (0 / 1) : org.hibernate.sql.results.graph.entity.internal.EntityAssembler@6ea66c33
2026-02-16 09:48:19.680 [main] DEBUG org.hibernate.sql.results.internal.ResultsHelper - Collection fully initialized: [modelos.Ubicacion.eventos#1]
2026-02-16 09:48:19.681 [main] DEBUG org.hibernate.orm.sql.ast.create - Created new SQL alias : e1_0
2026-02-16 09:48:19.681 [main] DEBUG org.hibernate.orm.sql.ast.create - Registration of TableGroup [StandardTableGroup(modelos.Evento)] with identifierForTableGroup [modelos.Evento] for NavigablePath [modelos.Evento] 
2026-02-16 09:48:19.681 [main] DEBUG org.hibernate.orm.sql.ast.create - Registration of TableGroup [org.hibernate.sql.ast.tree.from.LazyTableGroup@579846cc] with identifierForTableGroup [modelos.Evento.ubicacion] for NavigablePath [modelos.Evento.ubicacion] 
2026-02-16 09:48:19.681 [main] DEBUG org.hibernate.orm.sql.ast.create - Created new SQL alias : u1_0
2026-02-16 09:48:19.681 [main] DEBUG org.hibernate.orm.results.graph.AST - DomainResult Graph:
 \-EntityResultImpl [modelos.Evento]
 |  +-BasicFetch [modelos.Evento.duracion]
 |  +-BasicFetch [modelos.Evento.fecha]
 |  +-BasicFetch [modelos.Evento.nombre]
 |  +-DelayedCollectionFetch [modelos.Evento.participantes]
 |  +-BasicFetch [modelos.Evento.tipoEvento]
 |  \-EntityFetchJoinedImpl [modelos.Evento.ubicacion]

2026-02-16 09:48:19.681 [main] DEBUG org.hibernate.orm.sql.ast.tree - SQL AST Tree:
    SelectStatement {
      FromClause {
        StandardTableGroup (e1 : modelos.Evento) {
          primaryTableReference : evento as e1_0
          TableGroupJoins {
            left  join LazyTableGroup (u1 : modelos.Evento.ubicacion) {
              primaryTableReference : ubicacion as u1_0
            }
          }
        }
      }
    }

2026-02-16 09:48:19.681 [main] DEBUG org.hibernate.orm.sql.exec - Skipping reading Query result cache data: cache-enabled = false, cache-mode = IGNORE
2026-02-16 09:48:19.682 [main] DEBUG org.hibernate.orm.results - Initializer list
2026-02-16 09:48:19.682 [main] DEBUG org.hibernate.orm.results -     modelos.Evento.participantes -> DelayedCollectionInitializer(modelos.Evento.participantes)@483248042 (PluralAttribute(modelos.Evento.participantes))
2026-02-16 09:48:19.682 [main] DEBUG org.hibernate.orm.results -     modelos.Evento.ubicacion.eventos -> SelectEagerCollectionInitializer(modelos.Evento.ubicacion.eventos)@441672036 (PluralAttribute(modelos.Ubicacion.eventos))
2026-02-16 09:48:19.682 [main] DEBUG org.hibernate.orm.results -     modelos.Evento.ubicacion -> EntityJoinedFetchInitializer(modelos.Evento.ubicacion)@374845463 (ToOneAttributeMapping(NavigableRole[modelos.Evento.ubicacion])@581359452)
2026-02-16 09:48:19.682 [main] DEBUG org.hibernate.orm.results -     modelos.Evento -> EntityResultInitializer(modelos.Evento)@914629851 (SingleTableEntityPersister(modelos.Evento))
2026-02-16 09:48:19.682 [main] DEBUG org.hibernate.SQL - select e1_0.idEvento,e1_0.duracion,e1_0.fecha,e1_0.nombre,e1_0.tipoEvento,u1_0.idUbicacion,u1_0.capacidadMaxima,u1_0.direccion,u1_0.nombre from evento e1_0 left join ubicacion u1_0 on u1_0.idUbicacion=e1_0.idUbicacion where e1_0.idEvento=?
2026-02-16 09:48:19.684 [main] DEBUG org.hibernate.orm.results - Extracted JDBC value [5] - [null]
2026-02-16 09:48:19.684 [main] DEBUG org.hibernate.orm.results.loading.entity - (EntityJoinedFetchInitializer) EntityKey (modelos.Evento.ubicacion) is null
2026-02-16 09:48:19.684 [main] DEBUG org.hibernate.orm.results.loading.entity - (EntityResultInitializer) Hydrated EntityKey (modelos.Evento): 1
2026-02-16 09:48:19.684 [main] DEBUG org.hibernate.orm.results - Extracted JDBC value [0] - [1]
2026-02-16 09:48:19.684 [main] DEBUG org.hibernate.orm.results.loading.org.hibernate.orm.results.loading.collection - (DelayedCollectionInitializer) Current row collection key : modelos.Evento.participantes#1
2026-02-16 09:48:19.685 [main] DEBUG org.hibernate.orm.results.loading.entity - (EntityResultInitializer) Created new entity instance [modelos.Evento#1] : Evento [idEvento=1, nombre=null, tipoEvento=null, fecha=null, duracion=0]
2026-02-16 09:48:19.685 [main] DEBUG org.hibernate.orm.results - Extracted JDBC value [1] - [120]
2026-02-16 09:48:19.685 [main] DEBUG org.hibernate.orm.results - Extracted JDBC value [2] - [2026-02-26T09:48:19.440845]
2026-02-16 09:48:19.685 [main] DEBUG org.hibernate.orm.results - Extracted JDBC value [3] - [Herramientas de programación con IA]
2026-02-16 09:48:19.685 [main] DEBUG org.hibernate.orm.results - Extracted JDBC value [4] - [taller]
2026-02-16 09:48:19.685 [main] DEBUG org.hibernate.orm.results.loading.entity - (EntityResultInitializer) Done materializing entityInstance : modelos.Evento#1
2026-02-16 09:48:19.685 [main] DEBUG org.hibernate.orm.results.loading - Calling top-level assembler (0 / 1) : org.hibernate.sql.results.graph.entity.internal.EntityAssembler@fcf9525
2026-02-16 09:48:19.685 [main] DEBUG org.hibernate.orm.sql.exec - Skipping reading Query result cache data: cache-enabled = false, cache-mode = IGNORE
2026-02-16 09:48:19.685 [main] DEBUG org.hibernate.orm.results - Initializer list
2026-02-16 09:48:19.685 [main] DEBUG org.hibernate.orm.results -     modelos.Evento.participantes -> DelayedCollectionInitializer(modelos.Evento.participantes)@806073091 (PluralAttribute(modelos.Evento.participantes))
2026-02-16 09:48:19.685 [main] DEBUG org.hibernate.orm.results -     modelos.Evento.ubicacion.eventos -> SelectEagerCollectionInitializer(modelos.Evento.ubicacion.eventos)@1111700510 (PluralAttribute(modelos.Ubicacion.eventos))
2026-02-16 09:48:19.685 [main] DEBUG org.hibernate.orm.results -     modelos.Evento.ubicacion -> EntityJoinedFetchInitializer(modelos.Evento.ubicacion)@219962610 (ToOneAttributeMapping(NavigableRole[modelos.Evento.ubicacion])@581359452)
2026-02-16 09:48:19.685 [main] DEBUG org.hibernate.orm.results -     modelos.Evento -> EntityResultInitializer(modelos.Evento)@2114553545 (SingleTableEntityPersister(modelos.Evento))
2026-02-16 09:48:19.685 [main] DEBUG org.hibernate.SQL - select e1_0.idEvento,e1_0.duracion,e1_0.fecha,e1_0.nombre,e1_0.tipoEvento,u1_0.idUbicacion,u1_0.capacidadMaxima,u1_0.direccion,u1_0.nombre from evento e1_0 left join ubicacion u1_0 on u1_0.idUbicacion=e1_0.idUbicacion where e1_0.idEvento=?
2026-02-16 09:48:19.687 [main] DEBUG org.hibernate.orm.results - Extracted JDBC value [5] - [null]
2026-02-16 09:48:19.687 [main] DEBUG org.hibernate.orm.results.loading.entity - (EntityJoinedFetchInitializer) EntityKey (modelos.Evento.ubicacion) is null
2026-02-16 09:48:19.687 [main] DEBUG org.hibernate.orm.results.loading.entity - (EntityResultInitializer) Hydrated EntityKey (modelos.Evento): 2
2026-02-16 09:48:19.687 [main] DEBUG org.hibernate.orm.results - Extracted JDBC value [0] - [2]
2026-02-16 09:48:19.687 [main] DEBUG org.hibernate.orm.results.loading.org.hibernate.orm.results.loading.collection - (DelayedCollectionInitializer) Current row collection key : modelos.Evento.participantes#2
2026-02-16 09:48:19.687 [main] DEBUG org.hibernate.orm.results.loading.entity - (EntityResultInitializer) Created new entity instance [modelos.Evento#2] : Evento [idEvento=2, nombre=null, tipoEvento=null, fecha=null, duracion=0]
2026-02-16 09:48:19.687 [main] DEBUG org.hibernate.orm.results - Extracted JDBC value [1] - [120]
2026-02-16 09:48:19.687 [main] DEBUG org.hibernate.orm.results - Extracted JDBC value [2] - [2026-02-26T09:48:19.441850]
2026-02-16 09:48:19.687 [main] DEBUG org.hibernate.orm.results - Extracted JDBC value [3] - [Análisis de datos mediante inteligencia artificial]
2026-02-16 09:48:19.687 [main] DEBUG org.hibernate.orm.results - Extracted JDBC value [4] - [conferencia]
2026-02-16 09:48:19.688 [main] DEBUG org.hibernate.orm.results.loading.entity - (EntityResultInitializer) Done materializing entityInstance : modelos.Evento#2
2026-02-16 09:48:19.688 [main] DEBUG org.hibernate.orm.results.loading - Calling top-level assembler (0 / 1) : org.hibernate.sql.results.graph.entity.internal.EntityAssembler@3b021664
2026-02-16 09:48:19.688 [main] DEBUG org.hibernate.engine.spi.CollectionEntry - Reset storedSnapshot to {} for CollectionEntry[modelos.Ubicacion.eventos#1]
2026-02-16 09:48:19.688 [main] DEBUG org.hibernate.engine.transaction.internal.TransactionImpl - committing
2026-02-16 09:48:19.688 [main] DEBUG org.hibernate.event.internal.AbstractFlushingEventListener - Processing flush-time cascades
2026-02-16 09:48:19.689 [main] DEBUG org.hibernate.event.internal.AbstractFlushingEventListener - Dirty checking collections
2026-02-16 09:48:19.689 [main] DEBUG org.hibernate.engine.spi.CollectionEntry - Collection dirty: [modelos.Ubicacion.eventos#1]
2026-02-16 09:48:19.689 [main] DEBUG org.hibernate.engine.internal.Collections - Collection found: [modelos.Ubicacion.eventos#1], was: [modelos.Ubicacion.eventos#1] (initialized)
2026-02-16 09:48:19.690 [main] DEBUG org.hibernate.engine.internal.Collections - Collection found: [modelos.Evento.participantes#1], was: [modelos.Evento.participantes#1] (uninitialized)
2026-02-16 09:48:19.690 [main] DEBUG org.hibernate.engine.internal.Collections - Collection found: [modelos.Evento.participantes#2], was: [modelos.Evento.participantes#2] (uninitialized)
2026-02-16 09:48:19.690 [main] DEBUG org.hibernate.event.internal.AbstractFlushingEventListener - Flushed: 0 insertions, 2 updates, 0 deletions to 3 objects
2026-02-16 09:48:19.690 [main] DEBUG org.hibernate.event.internal.AbstractFlushingEventListener - Flushed: 0 (re)creations, 1 updates, 0 removals to 3 collections
2026-02-16 09:48:19.690 [main] DEBUG org.hibernate.internal.util.EntityPrinter - Listing entities:
2026-02-16 09:48:19.690 [main] DEBUG org.hibernate.internal.util.EntityPrinter - modelos.Ubicacion{direccion=Calle Sin Salida 1, idUbicacion=1, eventos=[modelos.Evento#1, modelos.Evento#2], capacidadMaxima=30, nombre=Salon de actos}
2026-02-16 09:48:19.690 [main] DEBUG org.hibernate.internal.util.EntityPrinter - modelos.Evento{fecha=2026-02-26T09:48:19.441850, ubicacion=modelos.Ubicacion#1, tipoEvento=conferencia, idEvento=2, duracion=120, nombre=Análisis de datos mediante inteligencia artificial, participantes=<uninitialized>}
2026-02-16 09:48:19.690 [main] DEBUG org.hibernate.internal.util.EntityPrinter - modelos.Evento{fecha=2026-02-26T09:48:19.440845, ubicacion=modelos.Ubicacion#1, tipoEvento=taller, idEvento=1, duracion=120, nombre=Herramientas de programación con IA, participantes=<uninitialized>}
2026-02-16 09:48:19.690 [main] DEBUG org.hibernate.SQL - /* update modelos.Evento */ update evento set duracion=?, fecha=?, nombre=?, tipoEvento=?, idUbicacion=? where idEvento=?
2026-02-16 09:48:19.692 [main] DEBUG org.hibernate.SQL - /* update modelos.Evento */ update evento set duracion=?, fecha=?, nombre=?, tipoEvento=?, idUbicacion=? where idEvento=?
2026-02-16 09:48:19.699 [main] DEBUG org.hibernate.resource.jdbc.internal.LogicalConnectionManagedImpl - Initiating JDBC connection release from afterTransaction
2026-02-16 09:48:19.700 [main] DEBUG org.hibernate.resource.jdbc.internal.LogicalConnectionManagedImpl - Initiating JDBC connection release from afterTransaction
2026-02-16 09:48:19.700 [main] DEBUG org.hibernate.engine.transaction.internal.TransactionImpl - On TransactionImpl creation, JpaCompliance#isJpaTransactionComplianceEnabled == false
2026-02-16 09:48:19.700 [main] DEBUG org.hibernate.engine.transaction.internal.TransactionImpl - begin
2026-02-16 09:48:19.702 [main] DEBUG org.hibernate.orm.sql.exec - Skipping reading Query result cache data: cache-enabled = false, cache-mode = IGNORE
2026-02-16 09:48:19.702 [main] DEBUG org.hibernate.orm.results - Initializer list
2026-02-16 09:48:19.702 [main] DEBUG org.hibernate.orm.results -     modelos.Ubicacion.eventos.{element}.participantes -> DelayedCollectionInitializer(modelos.Ubicacion.eventos.{element}.participantes)@712949255 (PluralAttribute(modelos.Evento.participantes))
2026-02-16 09:48:19.703 [main] DEBUG org.hibernate.orm.results -     modelos.Ubicacion.eventos.{element} -> EntityJoinedFetchInitializer(modelos.Ubicacion.eventos.{element})@1855172839 (EntityCollectionPart(NavigableRole[modelos.Ubicacion.eventos#{element}])@216815884)
2026-02-16 09:48:19.703 [main] DEBUG org.hibernate.orm.results -     modelos.Ubicacion.eventos -> SetInitializer(modelos.Ubicacion.eventos)@1592713508 (PluralAttribute(modelos.Ubicacion.eventos))
2026-02-16 09:48:19.703 [main] DEBUG org.hibernate.orm.results -     modelos.Ubicacion -> EntityResultInitializer(modelos.Ubicacion)@1657624109 (SingleTableEntityPersister(modelos.Ubicacion))
2026-02-16 09:48:19.703 [main] DEBUG org.hibernate.SQL - select u1_0.idUbicacion,u1_0.capacidadMaxima,u1_0.direccion,e1_0.idUbicacion,e1_0.idEvento,e1_0.duracion,e1_0.fecha,e1_0.nombre,e1_0.tipoEvento,u1_0.nombre from ubicacion u1_0 left join evento e1_0 on u1_0.idUbicacion=e1_0.idUbicacion where u1_0.idUbicacion=?
2026-02-16 09:48:19.704 [main] DEBUG org.hibernate.orm.results - Extracted JDBC value [4] - [null]
2026-02-16 09:48:19.704 [main] DEBUG org.hibernate.orm.results.loading.entity - (EntityJoinedFetchInitializer) EntityKey (modelos.Ubicacion.eventos.{element}) is null
2026-02-16 09:48:19.704 [main] DEBUG org.hibernate.orm.results.loading.entity - (EntityResultInitializer) Hydrated EntityKey (modelos.Ubicacion): 2
2026-02-16 09:48:19.704 [main] DEBUG org.hibernate.orm.results - Extracted JDBC value [4] - [null]
2026-02-16 09:48:19.704 [main] DEBUG org.hibernate.orm.results - Extracted JDBC value [0] - [2]
2026-02-16 09:48:19.704 [main] DEBUG org.hibernate.orm.results.loading.org.hibernate.orm.results.loading.collection - (DelayedCollectionInitializer) Current row collection key : modelos.Ubicacion.eventos#2
2026-02-16 09:48:19.704 [main] DEBUG org.hibernate.orm.results - Extracted JDBC value [3] - [null]
2026-02-16 09:48:19.704 [main] DEBUG org.hibernate.orm.results.loading.org.hibernate.orm.results.loading.collection - (SetInitializer) Created new collection wrapper [modelos.Ubicacion.eventos#2] : org.hibernate.collection.spi.PersistentSet@1739974163
2026-02-16 09:48:19.704 [main] DEBUG org.hibernate.orm.results.loading.org.hibernate.orm.results.loading.collection - (SetInitializer) Responsible for loading collection [modelos.Ubicacion.eventos#2] : org.hibernate.collection.spi.PersistentSet@1739974163
2026-02-16 09:48:19.704 [main] DEBUG org.hibernate.orm.results.loading.entity - (EntityResultInitializer) Created new entity instance [modelos.Ubicacion#2] : Ubicacion [idUbicacion=2, nombre=null, direccion=null, capacidadMaxima=0]
2026-02-16 09:48:19.704 [main] DEBUG org.hibernate.orm.results - Extracted JDBC value [1] - [30]
2026-02-16 09:48:19.704 [main] DEBUG org.hibernate.orm.results - Extracted JDBC value [2] - [IES Torre Guzmanes aula 55A]
2026-02-16 09:48:19.704 [main] DEBUG org.hibernate.orm.results - Extracted JDBC value [9] - [Sala laboratorio]
2026-02-16 09:48:19.705 [main] DEBUG org.hibernate.orm.results.loading.entity - (EntityResultInitializer) Done materializing entityInstance : modelos.Ubicacion#2
2026-02-16 09:48:19.705 [main] DEBUG org.hibernate.orm.results.loading - Calling top-level assembler (0 / 1) : org.hibernate.sql.results.graph.entity.internal.EntityAssembler@3095d401
2026-02-16 09:48:19.705 [main] DEBUG org.hibernate.sql.results.internal.ResultsHelper - Collection fully initialized: [modelos.Ubicacion.eventos#2]
2026-02-16 09:48:19.705 [main] DEBUG org.hibernate.orm.sql.exec - Skipping reading Query result cache data: cache-enabled = false, cache-mode = IGNORE
2026-02-16 09:48:19.705 [main] DEBUG org.hibernate.orm.results - Initializer list
2026-02-16 09:48:19.705 [main] DEBUG org.hibernate.orm.results -     modelos.Evento.participantes -> DelayedCollectionInitializer(modelos.Evento.participantes)@540537131 (PluralAttribute(modelos.Evento.participantes))
2026-02-16 09:48:19.705 [main] DEBUG org.hibernate.orm.results -     modelos.Evento.ubicacion.eventos -> SelectEagerCollectionInitializer(modelos.Evento.ubicacion.eventos)@1752829504 (PluralAttribute(modelos.Ubicacion.eventos))
2026-02-16 09:48:19.705 [main] DEBUG org.hibernate.orm.results -     modelos.Evento.ubicacion -> EntityJoinedFetchInitializer(modelos.Evento.ubicacion)@178163105 (ToOneAttributeMapping(NavigableRole[modelos.Evento.ubicacion])@581359452)
2026-02-16 09:48:19.705 [main] DEBUG org.hibernate.orm.results -     modelos.Evento -> EntityResultInitializer(modelos.Evento)@347436335 (SingleTableEntityPersister(modelos.Evento))
2026-02-16 09:48:19.705 [main] DEBUG org.hibernate.SQL - select e1_0.idEvento,e1_0.duracion,e1_0.fecha,e1_0.nombre,e1_0.tipoEvento,u1_0.idUbicacion,u1_0.capacidadMaxima,u1_0.direccion,u1_0.nombre from evento e1_0 left join ubicacion u1_0 on u1_0.idUbicacion=e1_0.idUbicacion where e1_0.idEvento=?
2026-02-16 09:48:19.706 [main] DEBUG org.hibernate.orm.results - Extracted JDBC value [5] - [null]
2026-02-16 09:48:19.706 [main] DEBUG org.hibernate.orm.results.loading.entity - (EntityJoinedFetchInitializer) EntityKey (modelos.Evento.ubicacion) is null
2026-02-16 09:48:19.706 [main] DEBUG org.hibernate.orm.results.loading.entity - (EntityResultInitializer) Hydrated EntityKey (modelos.Evento): 3
2026-02-16 09:48:19.706 [main] DEBUG org.hibernate.orm.results - Extracted JDBC value [0] - [3]
2026-02-16 09:48:19.706 [main] DEBUG org.hibernate.orm.results.loading.org.hibernate.orm.results.loading.collection - (DelayedCollectionInitializer) Current row collection key : modelos.Evento.participantes#3
2026-02-16 09:48:19.706 [main] DEBUG org.hibernate.orm.results.loading.entity - (EntityResultInitializer) Created new entity instance [modelos.Evento#3] : Evento [idEvento=3, nombre=null, tipoEvento=null, fecha=null, duracion=0]
2026-02-16 09:48:19.706 [main] DEBUG org.hibernate.orm.results - Extracted JDBC value [1] - [90]
2026-02-16 09:48:19.706 [main] DEBUG org.hibernate.orm.results - Extracted JDBC value [2] - [2026-02-27T09:48:19.441850]
2026-02-16 09:48:19.706 [main] DEBUG org.hibernate.orm.results - Extracted JDBC value [3] - [Confiar en la IA]
2026-02-16 09:48:19.706 [main] DEBUG org.hibernate.orm.results - Extracted JDBC value [4] - [conferencia]
2026-02-16 09:48:19.707 [main] DEBUG org.hibernate.orm.results.loading.entity - (EntityResultInitializer) Done materializing entityInstance : modelos.Evento#3
2026-02-16 09:48:19.707 [main] DEBUG org.hibernate.orm.results.loading - Calling top-level assembler (0 / 1) : org.hibernate.sql.results.graph.entity.internal.EntityAssembler@5ab7ac02
2026-02-16 09:48:19.707 [main] DEBUG org.hibernate.orm.sql.exec - Skipping reading Query result cache data: cache-enabled = false, cache-mode = IGNORE
2026-02-16 09:48:19.707 [main] DEBUG org.hibernate.orm.results - Initializer list
2026-02-16 09:48:19.707 [main] DEBUG org.hibernate.orm.results -     modelos.Evento.participantes -> DelayedCollectionInitializer(modelos.Evento.participantes)@1253827612 (PluralAttribute(modelos.Evento.participantes))
2026-02-16 09:48:19.707 [main] DEBUG org.hibernate.orm.results -     modelos.Evento.ubicacion.eventos -> SelectEagerCollectionInitializer(modelos.Evento.ubicacion.eventos)@1336758691 (PluralAttribute(modelos.Ubicacion.eventos))
2026-02-16 09:48:19.707 [main] DEBUG org.hibernate.orm.results -     modelos.Evento.ubicacion -> EntityJoinedFetchInitializer(modelos.Evento.ubicacion)@1836786457 (ToOneAttributeMapping(NavigableRole[modelos.Evento.ubicacion])@581359452)
2026-02-16 09:48:19.707 [main] DEBUG org.hibernate.orm.results -     modelos.Evento -> EntityResultInitializer(modelos.Evento)@181097736 (SingleTableEntityPersister(modelos.Evento))
2026-02-16 09:48:19.707 [main] DEBUG org.hibernate.SQL - select e1_0.idEvento,e1_0.duracion,e1_0.fecha,e1_0.nombre,e1_0.tipoEvento,u1_0.idUbicacion,u1_0.capacidadMaxima,u1_0.direccion,u1_0.nombre from evento e1_0 left join ubicacion u1_0 on u1_0.idUbicacion=e1_0.idUbicacion where e1_0.idEvento=?
2026-02-16 09:48:19.709 [main] DEBUG org.hibernate.orm.results - Extracted JDBC value [5] - [null]
2026-02-16 09:48:19.709 [main] DEBUG org.hibernate.orm.results.loading.entity - (EntityJoinedFetchInitializer) EntityKey (modelos.Evento.ubicacion) is null
2026-02-16 09:48:19.709 [main] DEBUG org.hibernate.orm.results.loading.entity - (EntityResultInitializer) Hydrated EntityKey (modelos.Evento): 4
2026-02-16 09:48:19.709 [main] DEBUG org.hibernate.orm.results - Extracted JDBC value [0] - [4]
2026-02-16 09:48:19.709 [main] DEBUG org.hibernate.orm.results.loading.org.hibernate.orm.results.loading.collection - (DelayedCollectionInitializer) Current row collection key : modelos.Evento.participantes#4
2026-02-16 09:48:19.709 [main] DEBUG org.hibernate.orm.results.loading.entity - (EntityResultInitializer) Created new entity instance [modelos.Evento#4] : Evento [idEvento=4, nombre=null, tipoEvento=null, fecha=null, duracion=0]
2026-02-16 09:48:19.709 [main] DEBUG org.hibernate.orm.results - Extracted JDBC value [1] - [120]
2026-02-16 09:48:19.709 [main] DEBUG org.hibernate.orm.results - Extracted JDBC value [2] - [2026-02-27T09:48:19.441850]
2026-02-16 09:48:19.709 [main] DEBUG org.hibernate.orm.results - Extracted JDBC value [3] - [Taller uso de la IA en el análisis de datos]
2026-02-16 09:48:19.709 [main] DEBUG org.hibernate.orm.results - Extracted JDBC value [4] - [taller]
2026-02-16 09:48:19.710 [main] DEBUG org.hibernate.orm.results.loading.entity - (EntityResultInitializer) Done materializing entityInstance : modelos.Evento#4
2026-02-16 09:48:19.710 [main] DEBUG org.hibernate.orm.results.loading - Calling top-level assembler (0 / 1) : org.hibernate.sql.results.graph.entity.internal.EntityAssembler@6f0a4e30
2026-02-16 09:48:19.710 [main] DEBUG org.hibernate.engine.spi.CollectionEntry - Reset storedSnapshot to {} for CollectionEntry[modelos.Ubicacion.eventos#2]
2026-02-16 09:48:19.710 [main] DEBUG org.hibernate.engine.transaction.internal.TransactionImpl - committing
2026-02-16 09:48:19.710 [main] DEBUG org.hibernate.event.internal.AbstractFlushingEventListener - Processing flush-time cascades
2026-02-16 09:48:19.710 [main] DEBUG org.hibernate.event.internal.AbstractFlushingEventListener - Dirty checking collections
2026-02-16 09:48:19.710 [main] DEBUG org.hibernate.engine.spi.CollectionEntry - Collection dirty: [modelos.Ubicacion.eventos#2]
2026-02-16 09:48:19.710 [main] DEBUG org.hibernate.engine.internal.Collections - Collection found: [modelos.Ubicacion.eventos#2], was: [modelos.Ubicacion.eventos#2] (initialized)
2026-02-16 09:48:19.710 [main] DEBUG org.hibernate.engine.internal.Collections - Collection found: [modelos.Evento.participantes#3], was: [modelos.Evento.participantes#3] (uninitialized)
2026-02-16 09:48:19.710 [main] DEBUG org.hibernate.engine.internal.Collections - Collection found: [modelos.Evento.participantes#4], was: [modelos.Evento.participantes#4] (uninitialized)
2026-02-16 09:48:19.710 [main] DEBUG org.hibernate.event.internal.AbstractFlushingEventListener - Flushed: 0 insertions, 2 updates, 0 deletions to 3 objects
2026-02-16 09:48:19.710 [main] DEBUG org.hibernate.event.internal.AbstractFlushingEventListener - Flushed: 0 (re)creations, 1 updates, 0 removals to 3 collections
2026-02-16 09:48:19.710 [main] DEBUG org.hibernate.internal.util.EntityPrinter - Listing entities:
2026-02-16 09:48:19.710 [main] DEBUG org.hibernate.internal.util.EntityPrinter - modelos.Ubicacion{direccion=IES Torre Guzmanes aula 55A, idUbicacion=2, eventos=[modelos.Evento#3, modelos.Evento#4], capacidadMaxima=30, nombre=Sala laboratorio}
2026-02-16 09:48:19.711 [main] DEBUG org.hibernate.internal.util.EntityPrinter - modelos.Evento{fecha=2026-02-27T09:48:19.441850, ubicacion=modelos.Ubicacion#2, tipoEvento=taller, idEvento=4, duracion=120, nombre=Taller uso de la IA en el análisis de datos, participantes=<uninitialized>}
2026-02-16 09:48:19.711 [main] DEBUG org.hibernate.internal.util.EntityPrinter - modelos.Evento{fecha=2026-02-27T09:48:19.441850, ubicacion=modelos.Ubicacion#2, tipoEvento=conferencia, idEvento=3, duracion=90, nombre=Confiar en la IA, participantes=<uninitialized>}
2026-02-16 09:48:19.711 [main] DEBUG org.hibernate.SQL - /* update modelos.Evento */ update evento set duracion=?, fecha=?, nombre=?, tipoEvento=?, idUbicacion=? where idEvento=?
2026-02-16 09:48:19.712 [main] DEBUG org.hibernate.SQL - /* update modelos.Evento */ update evento set duracion=?, fecha=?, nombre=?, tipoEvento=?, idUbicacion=? where idEvento=?
2026-02-16 09:48:19.718 [main] DEBUG org.hibernate.resource.jdbc.internal.LogicalConnectionManagedImpl - Initiating JDBC connection release from afterTransaction
2026-02-16 09:48:19.720 [main] DEBUG org.hibernate.resource.jdbc.internal.LogicalConnectionManagedImpl - Initiating JDBC connection release from afterTransaction
2026-02-16 09:48:19.730 [main] DEBUG org.hibernate.orm.query.hql - HQL : FROM modelos.Evento
2026-02-16 09:48:19.864 [main] DEBUG org.hibernate.query.hql.internal.SemanticQueryBuilder - Handling root path - modelos.Evento
2026-02-16 09:48:19.870 [main] DEBUG org.hibernate.query.hql.internal.SemanticQueryBuilder - Encountered implicit select clause : FROMmodelos.Evento
2026-02-16 09:48:19.880 [main] DEBUG org.hibernate.orm.query.sqm.ast - SqmStatement Tree :
    -> [select]
      -> [query-spec]
        -> [select]
          -> [selection]
            -> [root] - `modelos.Evento(6274566990900)`
            <- [root] - `modelos.Evento(6274566990900)`
          <- [selection]
        <- [select]
        -> [from]
          -> [root] - `modelos.Evento(6274566990900)`
          <- [root] - `modelos.Evento(6274566990900)`
        <- [from]
      <- [query-spec]
    <- [select]

2026-02-16 09:48:19.898 [main] DEBUG org.hibernate.orm.sql.ast.create - Created new SQL alias : e1_0
2026-02-16 09:48:19.898 [main] DEBUG org.hibernate.orm.sql.ast.create - Registration of TableGroup [StandardTableGroup(modelos.Evento(6274566990900))] with identifierForTableGroup [modelos.Evento] for NavigablePath [modelos.Evento] 
2026-02-16 09:48:19.902 [main] DEBUG org.hibernate.orm.results.graph.AST - DomainResult Graph:
 \-EntityResultImpl [modelos.Evento(6274566990900)]
 |  +-BasicFetch [modelos.Evento(6274566990900).duracion]
 |  +-BasicFetch [modelos.Evento(6274566990900).fecha]
 |  +-BasicFetch [modelos.Evento(6274566990900).nombre]
 |  +-DelayedCollectionFetch [modelos.Evento(6274566990900).participantes]
 |  +-BasicFetch [modelos.Evento(6274566990900).tipoEvento]
 |  \-CircularFetchImpl [modelos.Evento(6274566990900).ubicacion]

2026-02-16 09:48:19.902 [main] DEBUG org.hibernate.orm.sql.ast.tree - SQL AST Tree:
    SelectStatement {
      FromClause {
        StandardTableGroup (e1 : modelos.Evento(6274566990900)) {
          primaryTableReference : evento as e1_0
        }
      }
    }

2026-02-16 09:48:19.904 [main] DEBUG org.hibernate.orm.sql.exec - Skipping reading Query result cache data: cache-enabled = false, cache-mode = NORMAL
2026-02-16 09:48:19.905 [main] DEBUG org.hibernate.orm.results - Initializer list
2026-02-16 09:48:19.905 [main] DEBUG org.hibernate.orm.results -     modelos.Evento(6274566990900).participantes -> DelayedCollectionInitializer(modelos.Evento(6274566990900).participantes)@408012754 (PluralAttribute(modelos.Evento.participantes))
2026-02-16 09:48:19.905 [main] DEBUG org.hibernate.orm.results -     modelos.Evento(6274566990900).ubicacion -> EntitySelectFetchInitializer(modelos.Evento(6274566990900).ubicacion)@38840646 (ToOneAttributeMapping(NavigableRole[modelos.Evento.ubicacion])@581359452)
2026-02-16 09:48:19.905 [main] DEBUG org.hibernate.orm.results -     modelos.Evento(6274566990900) -> EntityResultInitializer(modelos.Evento(6274566990900))@1608894091 (SingleTableEntityPersister(modelos.Evento))
2026-02-16 09:48:19.905 [main] DEBUG org.hibernate.SQL - /* FROM modelos.Evento */ select e1_0.idEvento,e1_0.duracion,e1_0.fecha,e1_0.nombre,e1_0.tipoEvento,e1_0.idUbicacion from evento e1_0
2026-02-16 09:48:19.909 [main] DEBUG org.hibernate.orm.results - Extracted JDBC value [0] - [1]
2026-02-16 09:48:19.909 [main] DEBUG org.hibernate.orm.results.loading.entity - (EntityResultInitializer) Hydrated EntityKey (modelos.Evento(6274566990900)): 1
2026-02-16 09:48:19.909 [main] DEBUG org.hibernate.orm.results - Extracted JDBC value [0] - [1]
2026-02-16 09:48:19.909 [main] DEBUG org.hibernate.orm.results.loading.org.hibernate.orm.results.loading.collection - (DelayedCollectionInitializer) Current row collection key : modelos.Evento(6274566990900).participantes#1
2026-02-16 09:48:19.909 [main] DEBUG org.hibernate.orm.results.loading.entity - (EntityResultInitializer) Created new entity instance [modelos.Evento(6274566990900)#1] : Evento [idEvento=1, nombre=null, tipoEvento=null, fecha=null, duracion=0]
2026-02-16 09:48:19.909 [main] DEBUG org.hibernate.orm.results - Extracted JDBC value [5] - [1]
2026-02-16 09:48:19.910 [main] DEBUG org.hibernate.orm.results.loading.entity - (EntitySelectFetchInitializer) Invoking session#internalLoad for entity (modelos.Evento(6274566990900).ubicacion#1) : 1
2026-02-16 09:48:19.910 [main] DEBUG org.hibernate.orm.sql.exec - Skipping reading Query result cache data: cache-enabled = false, cache-mode = IGNORE
2026-02-16 09:48:19.910 [main] DEBUG org.hibernate.orm.results - Initializer list
2026-02-16 09:48:19.910 [main] DEBUG org.hibernate.orm.results -     modelos.Ubicacion.eventos -> DelayedCollectionInitializer(modelos.Ubicacion.eventos)@1329589315 (PluralAttribute(modelos.Ubicacion.eventos))
2026-02-16 09:48:19.910 [main] DEBUG org.hibernate.orm.results -     modelos.Ubicacion -> EntityResultInitializer(modelos.Ubicacion)@953936697 (SingleTableEntityPersister(modelos.Ubicacion))
2026-02-16 09:48:19.910 [main] DEBUG org.hibernate.SQL - select u1_0.idUbicacion,u1_0.capacidadMaxima,u1_0.direccion,u1_0.nombre from ubicacion u1_0 where u1_0.idUbicacion=?
2026-02-16 09:48:19.911 [main] DEBUG org.hibernate.orm.results.loading.entity - (EntityResultInitializer) Hydrated EntityKey (modelos.Ubicacion): 1
2026-02-16 09:48:19.912 [main] DEBUG org.hibernate.orm.results - Extracted JDBC value [0] - [1]
2026-02-16 09:48:19.912 [main] DEBUG org.hibernate.orm.results.loading.org.hibernate.orm.results.loading.collection - (DelayedCollectionInitializer) Current row collection key : modelos.Ubicacion.eventos#1
2026-02-16 09:48:19.912 [main] DEBUG org.hibernate.orm.results.loading.entity - (EntityResultInitializer) Created new entity instance [modelos.Ubicacion#1] : Ubicacion [idUbicacion=1, nombre=null, direccion=null, capacidadMaxima=0]
2026-02-16 09:48:19.912 [main] DEBUG org.hibernate.orm.results - Extracted JDBC value [1] - [30]
2026-02-16 09:48:19.912 [main] DEBUG org.hibernate.orm.results - Extracted JDBC value [2] - [Calle Sin Salida 1]
2026-02-16 09:48:19.912 [main] DEBUG org.hibernate.orm.results - Extracted JDBC value [3] - [Salon de actos]
2026-02-16 09:48:19.912 [main] DEBUG org.hibernate.orm.results.loading.entity - (EntityResultInitializer) Done materializing entityInstance : modelos.Ubicacion#1
2026-02-16 09:48:19.912 [main] DEBUG org.hibernate.orm.results.loading - Calling top-level assembler (0 / 1) : org.hibernate.sql.results.graph.entity.internal.EntityAssembler@419f0ea
2026-02-16 09:48:19.912 [main] DEBUG org.hibernate.orm.results.loading.entity - (EntitySelectFetchInitializer) Entity [modelos.Evento(6274566990900).ubicacion#1] : 1 has being loaded by session.internalLoad.
2026-02-16 09:48:19.912 [main] DEBUG org.hibernate.orm.results - Extracted JDBC value [1] - [120]
2026-02-16 09:48:19.912 [main] DEBUG org.hibernate.orm.results - Extracted JDBC value [2] - [2026-02-26T09:48:19.440845]
2026-02-16 09:48:19.912 [main] DEBUG org.hibernate.orm.results - Extracted JDBC value [3] - [Herramientas de programación con IA]
2026-02-16 09:48:19.912 [main] DEBUG org.hibernate.orm.results - Extracted JDBC value [4] - [taller]
2026-02-16 09:48:19.912 [main] DEBUG org.hibernate.orm.results.loading.entity - (EntityResultInitializer) Done materializing entityInstance : modelos.Evento(6274566990900)#1
2026-02-16 09:48:19.912 [main] DEBUG org.hibernate.orm.results.loading - Calling top-level assembler (0 / 1) : org.hibernate.sql.results.graph.entity.internal.EntityAssembler@59371066
2026-02-16 09:48:19.912 [main] DEBUG org.hibernate.orm.results - Extracted JDBC value [0] - [2]
2026-02-16 09:48:19.912 [main] DEBUG org.hibernate.orm.results.loading.entity - (EntityResultInitializer) Hydrated EntityKey (modelos.Evento(6274566990900)): 2
2026-02-16 09:48:19.912 [main] DEBUG org.hibernate.orm.results - Extracted JDBC value [0] - [2]
2026-02-16 09:48:19.913 [main] DEBUG org.hibernate.orm.results.loading.org.hibernate.orm.results.loading.collection - (DelayedCollectionInitializer) Current row collection key : modelos.Evento(6274566990900).participantes#2
2026-02-16 09:48:19.913 [main] DEBUG org.hibernate.orm.results.loading.entity - (EntityResultInitializer) Created new entity instance [modelos.Evento(6274566990900)#2] : Evento [idEvento=2, nombre=null, tipoEvento=null, fecha=null, duracion=0]
2026-02-16 09:48:19.913 [main] DEBUG org.hibernate.orm.results - Extracted JDBC value [5] - [1]
2026-02-16 09:48:19.913 [main] DEBUG org.hibernate.orm.results - Extracted JDBC value [1] - [120]
2026-02-16 09:48:19.913 [main] DEBUG org.hibernate.orm.results - Extracted JDBC value [2] - [2026-02-26T09:48:19.441850]
2026-02-16 09:48:19.913 [main] DEBUG org.hibernate.orm.results - Extracted JDBC value [3] - [Análisis de datos mediante inteligencia artificial]
2026-02-16 09:48:19.913 [main] DEBUG org.hibernate.orm.results - Extracted JDBC value [4] - [conferencia]
2026-02-16 09:48:19.913 [main] DEBUG org.hibernate.orm.results.loading.entity - (EntityResultInitializer) Done materializing entityInstance : modelos.Evento(6274566990900)#2
2026-02-16 09:48:19.913 [main] DEBUG org.hibernate.orm.results.loading - Calling top-level assembler (0 / 1) : org.hibernate.sql.results.graph.entity.internal.EntityAssembler@59371066
2026-02-16 09:48:19.913 [main] DEBUG org.hibernate.orm.results - Extracted JDBC value [0] - [3]
2026-02-16 09:48:19.913 [main] DEBUG org.hibernate.orm.results.loading.entity - (EntityResultInitializer) Hydrated EntityKey (modelos.Evento(6274566990900)): 3
2026-02-16 09:48:19.913 [main] DEBUG org.hibernate.orm.results - Extracted JDBC value [0] - [3]
2026-02-16 09:48:19.913 [main] DEBUG org.hibernate.orm.results.loading.org.hibernate.orm.results.loading.collection - (DelayedCollectionInitializer) Current row collection key : modelos.Evento(6274566990900).participantes#3
2026-02-16 09:48:19.913 [main] DEBUG org.hibernate.orm.results.loading.entity - (EntityResultInitializer) Created new entity instance [modelos.Evento(6274566990900)#3] : Evento [idEvento=3, nombre=null, tipoEvento=null, fecha=null, duracion=0]
2026-02-16 09:48:19.913 [main] DEBUG org.hibernate.orm.results - Extracted JDBC value [5] - [2]
2026-02-16 09:48:19.913 [main] DEBUG org.hibernate.orm.results.loading.entity - (EntitySelectFetchInitializer) Invoking session#internalLoad for entity (modelos.Evento(6274566990900).ubicacion#2) : 2
2026-02-16 09:48:19.913 [main] DEBUG org.hibernate.orm.sql.exec - Skipping reading Query result cache data: cache-enabled = false, cache-mode = IGNORE
2026-02-16 09:48:19.913 [main] DEBUG org.hibernate.orm.results - Initializer list
2026-02-16 09:48:19.913 [main] DEBUG org.hibernate.orm.results -     modelos.Ubicacion.eventos -> DelayedCollectionInitializer(modelos.Ubicacion.eventos)@1128109031 (PluralAttribute(modelos.Ubicacion.eventos))
2026-02-16 09:48:19.913 [main] DEBUG org.hibernate.orm.results -     modelos.Ubicacion -> EntityResultInitializer(modelos.Ubicacion)@142273642 (SingleTableEntityPersister(modelos.Ubicacion))
2026-02-16 09:48:19.914 [main] DEBUG org.hibernate.SQL - select u1_0.idUbicacion,u1_0.capacidadMaxima,u1_0.direccion,u1_0.nombre from ubicacion u1_0 where u1_0.idUbicacion=?
2026-02-16 09:48:19.915 [main] DEBUG org.hibernate.orm.results.loading.entity - (EntityResultInitializer) Hydrated EntityKey (modelos.Ubicacion): 2
2026-02-16 09:48:19.915 [main] DEBUG org.hibernate.orm.results - Extracted JDBC value [0] - [2]
2026-02-16 09:48:19.916 [main] DEBUG org.hibernate.orm.results.loading.org.hibernate.orm.results.loading.collection - (DelayedCollectionInitializer) Current row collection key : modelos.Ubicacion.eventos#2
2026-02-16 09:48:19.916 [main] DEBUG org.hibernate.orm.results.loading.entity - (EntityResultInitializer) Created new entity instance [modelos.Ubicacion#2] : Ubicacion [idUbicacion=2, nombre=null, direccion=null, capacidadMaxima=0]
2026-02-16 09:48:19.916 [main] DEBUG org.hibernate.orm.results - Extracted JDBC value [1] - [30]
2026-02-16 09:48:19.916 [main] DEBUG org.hibernate.orm.results - Extracted JDBC value [2] - [IES Torre Guzmanes aula 55A]
2026-02-16 09:48:19.916 [main] DEBUG org.hibernate.orm.results - Extracted JDBC value [3] - [Sala laboratorio]
2026-02-16 09:48:19.916 [main] DEBUG org.hibernate.orm.results.loading.entity - (EntityResultInitializer) Done materializing entityInstance : modelos.Ubicacion#2
2026-02-16 09:48:19.916 [main] DEBUG org.hibernate.orm.results.loading - Calling top-level assembler (0 / 1) : org.hibernate.sql.results.graph.entity.internal.EntityAssembler@126a9a3d
2026-02-16 09:48:19.916 [main] DEBUG org.hibernate.orm.results.loading.entity - (EntitySelectFetchInitializer) Entity [modelos.Evento(6274566990900).ubicacion#2] : 2 has being loaded by session.internalLoad.
2026-02-16 09:48:19.916 [main] DEBUG org.hibernate.orm.results - Extracted JDBC value [1] - [90]
2026-02-16 09:48:19.916 [main] DEBUG org.hibernate.orm.results - Extracted JDBC value [2] - [2026-02-27T09:48:19.441850]
2026-02-16 09:48:19.916 [main] DEBUG org.hibernate.orm.results - Extracted JDBC value [3] - [Confiar en la IA]
2026-02-16 09:48:19.916 [main] DEBUG org.hibernate.orm.results - Extracted JDBC value [4] - [conferencia]
2026-02-16 09:48:19.916 [main] DEBUG org.hibernate.orm.results.loading.entity - (EntityResultInitializer) Done materializing entityInstance : modelos.Evento(6274566990900)#3
2026-02-16 09:48:19.916 [main] DEBUG org.hibernate.orm.results.loading - Calling top-level assembler (0 / 1) : org.hibernate.sql.results.graph.entity.internal.EntityAssembler@59371066
2026-02-16 09:48:19.916 [main] DEBUG org.hibernate.orm.results - Extracted JDBC value [0] - [4]
2026-02-16 09:48:19.916 [main] DEBUG org.hibernate.orm.results.loading.entity - (EntityResultInitializer) Hydrated EntityKey (modelos.Evento(6274566990900)): 4
2026-02-16 09:48:19.916 [main] DEBUG org.hibernate.orm.results - Extracted JDBC value [0] - [4]
2026-02-16 09:48:19.916 [main] DEBUG org.hibernate.orm.results.loading.org.hibernate.orm.results.loading.collection - (DelayedCollectionInitializer) Current row collection key : modelos.Evento(6274566990900).participantes#4
2026-02-16 09:48:19.917 [main] DEBUG org.hibernate.orm.results.loading.entity - (EntityResultInitializer) Created new entity instance [modelos.Evento(6274566990900)#4] : Evento [idEvento=4, nombre=null, tipoEvento=null, fecha=null, duracion=0]
2026-02-16 09:48:19.917 [main] DEBUG org.hibernate.orm.results - Extracted JDBC value [5] - [2]
2026-02-16 09:48:19.917 [main] DEBUG org.hibernate.orm.results - Extracted JDBC value [1] - [120]
2026-02-16 09:48:19.917 [main] DEBUG org.hibernate.orm.results - Extracted JDBC value [2] - [2026-02-27T09:48:19.441850]
2026-02-16 09:48:19.917 [main] DEBUG org.hibernate.orm.results - Extracted JDBC value [3] - [Taller uso de la IA en el análisis de datos]
2026-02-16 09:48:19.917 [main] DEBUG org.hibernate.orm.results - Extracted JDBC value [4] - [taller]
2026-02-16 09:48:19.917 [main] DEBUG org.hibernate.orm.results.loading.entity - (EntityResultInitializer) Done materializing entityInstance : modelos.Evento(6274566990900)#4
2026-02-16 09:48:19.917 [main] DEBUG org.hibernate.orm.results.loading - Calling top-level assembler (0 / 1) : org.hibernate.sql.results.graph.entity.internal.EntityAssembler@59371066
2026-02-16 09:48:19.917 [main] DEBUG org.hibernate.resource.jdbc.internal.LogicalConnectionManagedImpl - Initiating JDBC connection release from afterTransaction
2026-02-16 09:48:19.919 [main] DEBUG org.hibernate.resource.jdbc.internal.LogicalConnectionManagedImpl - Initiating JDBC connection release from afterTransaction
2026-02-16 09:48:19.920 [main] DEBUG controladores.GestionaJornadas - Evento [idEvento=1, nombre=Herramientas de programación con IA, tipoEvento=taller, fecha=2026-02-26T09:48:19.440845, duracion=120]
2026-02-16 09:48:19.920 [main] DEBUG controladores.GestionaJornadas - Evento [idEvento=2, nombre=Análisis de datos mediante inteligencia artificial, tipoEvento=conferencia, fecha=2026-02-26T09:48:19.441850, duracion=120]
2026-02-16 09:48:19.920 [main] DEBUG controladores.GestionaJornadas - Evento [idEvento=3, nombre=Confiar en la IA, tipoEvento=conferencia, fecha=2026-02-27T09:48:19.441850, duracion=90]
2026-02-16 09:48:19.921 [main] DEBUG controladores.GestionaJornadas - Evento [idEvento=4, nombre=Taller uso de la IA en el análisis de datos, tipoEvento=taller, fecha=2026-02-27T09:48:19.441850, duracion=120]
2026-02-16 09:48:19.921 [main] DEBUG org.hibernate.orm.query.hql - HQL : FROM modelos.Ubicacion
2026-02-16 09:48:19.921 [main] DEBUG org.hibernate.query.hql.internal.SemanticQueryBuilder - Handling root path - modelos.Ubicacion
2026-02-16 09:48:19.921 [main] DEBUG org.hibernate.query.hql.internal.SemanticQueryBuilder - Encountered implicit select clause : FROMmodelos.Ubicacion
2026-02-16 09:48:19.921 [main] DEBUG org.hibernate.orm.query.sqm.ast - SqmStatement Tree :
    -> [select]
      -> [query-spec]
        -> [select]
          -> [selection]
            -> [root] - `modelos.Ubicacion(6274618343800)`
            <- [root] - `modelos.Ubicacion(6274618343800)`
          <- [selection]
        <- [select]
        -> [from]
          -> [root] - `modelos.Ubicacion(6274618343800)`
          <- [root] - `modelos.Ubicacion(6274618343800)`
        <- [from]
      <- [query-spec]
    <- [select]

2026-02-16 09:48:19.922 [main] DEBUG org.hibernate.orm.sql.ast.create - Created new SQL alias : u1_0
2026-02-16 09:48:19.922 [main] DEBUG org.hibernate.orm.sql.ast.create - Registration of TableGroup [StandardTableGroup(modelos.Ubicacion(6274618343800))] with identifierForTableGroup [modelos.Ubicacion] for NavigablePath [modelos.Ubicacion] 
2026-02-16 09:48:19.922 [main] DEBUG org.hibernate.orm.results.graph.AST - DomainResult Graph:
 \-EntityResultImpl [modelos.Ubicacion(6274618343800)]
 |  +-BasicFetch [modelos.Ubicacion(6274618343800).capacidadMaxima]
 |  +-BasicFetch [modelos.Ubicacion(6274618343800).direccion]
 |  +-DelayedCollectionFetch [modelos.Ubicacion(6274618343800).eventos]
 |  \-BasicFetch [modelos.Ubicacion(6274618343800).nombre]

2026-02-16 09:48:19.922 [main] DEBUG org.hibernate.orm.sql.ast.tree - SQL AST Tree:
    SelectStatement {
      FromClause {
        StandardTableGroup (u1 : modelos.Ubicacion(6274618343800)) {
          primaryTableReference : ubicacion as u1_0
        }
      }
    }

2026-02-16 09:48:19.922 [main] DEBUG org.hibernate.orm.sql.exec - Skipping reading Query result cache data: cache-enabled = false, cache-mode = NORMAL
2026-02-16 09:48:19.922 [main] DEBUG org.hibernate.orm.results - Initializer list
2026-02-16 09:48:19.922 [main] DEBUG org.hibernate.orm.results -     modelos.Ubicacion(6274618343800).eventos -> DelayedCollectionInitializer(modelos.Ubicacion(6274618343800).eventos)@405685093 (PluralAttribute(modelos.Ubicacion.eventos))
2026-02-16 09:48:19.922 [main] DEBUG org.hibernate.orm.results -     modelos.Ubicacion(6274618343800) -> EntityResultInitializer(modelos.Ubicacion(6274618343800))@2023610047 (SingleTableEntityPersister(modelos.Ubicacion))
2026-02-16 09:48:19.922 [main] DEBUG org.hibernate.SQL - /* FROM modelos.Ubicacion */ select u1_0.idUbicacion,u1_0.capacidadMaxima,u1_0.direccion,u1_0.nombre from ubicacion u1_0
2026-02-16 09:48:19.925 [main] DEBUG org.hibernate.orm.results - Extracted JDBC value [0] - [1]
2026-02-16 09:48:19.925 [main] DEBUG org.hibernate.orm.results.loading.entity - (EntityResultInitializer) Hydrated EntityKey (modelos.Ubicacion(6274618343800)): 1
2026-02-16 09:48:19.925 [main] DEBUG org.hibernate.orm.results - Extracted JDBC value [0] - [1]
2026-02-16 09:48:19.925 [main] DEBUG org.hibernate.orm.results.loading.org.hibernate.orm.results.loading.collection - (DelayedCollectionInitializer) Current row collection key : modelos.Ubicacion(6274618343800).eventos#1
2026-02-16 09:48:19.925 [main] DEBUG org.hibernate.orm.results.loading.entity - (EntityResultInitializer) Created new entity instance [modelos.Ubicacion(6274618343800)#1] : Ubicacion [idUbicacion=1, nombre=null, direccion=null, capacidadMaxima=0]
2026-02-16 09:48:19.925 [main] DEBUG org.hibernate.orm.results - Extracted JDBC value [1] - [30]
2026-02-16 09:48:19.926 [main] DEBUG org.hibernate.orm.results - Extracted JDBC value [2] - [Calle Sin Salida 1]
2026-02-16 09:48:19.926 [main] DEBUG org.hibernate.orm.results - Extracted JDBC value [3] - [Salon de actos]
2026-02-16 09:48:19.926 [main] DEBUG org.hibernate.orm.results.loading.entity - (EntityResultInitializer) Done materializing entityInstance : modelos.Ubicacion(6274618343800)#1
2026-02-16 09:48:19.926 [main] DEBUG org.hibernate.orm.results.loading - Calling top-level assembler (0 / 1) : org.hibernate.sql.results.graph.entity.internal.EntityAssembler@8f4b803
2026-02-16 09:48:19.926 [main] DEBUG org.hibernate.orm.results - Extracted JDBC value [0] - [2]
2026-02-16 09:48:19.926 [main] DEBUG org.hibernate.orm.results.loading.entity - (EntityResultInitializer) Hydrated EntityKey (modelos.Ubicacion(6274618343800)): 2
2026-02-16 09:48:19.926 [main] DEBUG org.hibernate.orm.results - Extracted JDBC value [0] - [2]
2026-02-16 09:48:19.926 [main] DEBUG org.hibernate.orm.results.loading.org.hibernate.orm.results.loading.collection - (DelayedCollectionInitializer) Current row collection key : modelos.Ubicacion(6274618343800).eventos#2
2026-02-16 09:48:19.926 [main] DEBUG org.hibernate.orm.results.loading.entity - (EntityResultInitializer) Created new entity instance [modelos.Ubicacion(6274618343800)#2] : Ubicacion [idUbicacion=2, nombre=null, direccion=null, capacidadMaxima=0]
2026-02-16 09:48:19.926 [main] DEBUG org.hibernate.orm.results - Extracted JDBC value [1] - [30]
2026-02-16 09:48:19.926 [main] DEBUG org.hibernate.orm.results - Extracted JDBC value [2] - [IES Torre Guzmanes aula 55A]
2026-02-16 09:48:19.926 [main] DEBUG org.hibernate.orm.results - Extracted JDBC value [3] - [Sala laboratorio]
2026-02-16 09:48:19.926 [main] DEBUG org.hibernate.orm.results.loading.entity - (EntityResultInitializer) Done materializing entityInstance : modelos.Ubicacion(6274618343800)#2
2026-02-16 09:48:19.926 [main] DEBUG org.hibernate.orm.results.loading - Calling top-level assembler (0 / 1) : org.hibernate.sql.results.graph.entity.internal.EntityAssembler@8f4b803
2026-02-16 09:48:19.926 [main] DEBUG org.hibernate.resource.jdbc.internal.LogicalConnectionManagedImpl - Initiating JDBC connection release from afterTransaction
2026-02-16 09:48:19.928 [main] DEBUG org.hibernate.resource.jdbc.internal.LogicalConnectionManagedImpl - Initiating JDBC connection release from afterTransaction
2026-02-16 09:48:19.928 [main] DEBUG controladores.GestionaJornadas - Ubicacion [idUbicacion=1, nombre=Salon de actos, direccion=Calle Sin Salida 1, capacidadMaxima=30]
2026-02-16 09:48:19.928 [main] DEBUG controladores.GestionaJornadas - Ubicacion [idUbicacion=2, nombre=Sala laboratorio, direccion=IES Torre Guzmanes aula 55A, capacidadMaxima=30]
2026-02-16 09:48:19.928 [main] DEBUG org.hibernate.orm.query.hql - HQL : SELECT p.nombre, p.apellidos, p.email FROM Participante p ORDER BY p.apellidos DESC
2026-02-16 09:48:19.974 [main] DEBUG org.hibernate.query.hql.internal.SemanticQueryBuilder - Handling root path - Participante
2026-02-16 09:48:19.991 [main] DEBUG org.hibernate.orm.query.sqm.ast - SqmStatement Tree :
    -> [select]
      -> [query-spec]
        -> [select]
          -> [selection]
            -> [basic-path] - `modelos.Participante(p).nombre`
          <- [selection]
          -> [selection]
            -> [basic-path] - `modelos.Participante(p).apellidos`
          <- [selection]
          -> [selection]
            -> [basic-path] - `modelos.Participante(p).email`
          <- [selection]
        <- [select]
        -> [from]
          -> [root] - `modelos.Participante(p)`
          <- [root] - `modelos.Participante(p)`
        <- [from]
      <- [query-spec]
    <- [select]

2026-02-16 09:48:19.993 [main] DEBUG org.hibernate.orm.sql.ast.create - Created new SQL alias : p1_0
2026-02-16 09:48:19.993 [main] DEBUG org.hibernate.orm.sql.ast.create - Registration of TableGroup [StandardTableGroup(modelos.Participante(p))] with identifierForTableGroup [modelos.Participante] for NavigablePath [modelos.Participante] 
2026-02-16 09:48:20.004 [main] DEBUG org.hibernate.orm.results.graph.AST - DomainResult Graph:
 +-BasicResult [modelos.Participante(p).nombre]
 +-BasicResult [modelos.Participante(p).apellidos]
 \-BasicResult [modelos.Participante(p).email]

2026-02-16 09:48:20.004 [main] DEBUG org.hibernate.orm.sql.ast.tree - SQL AST Tree:
    SelectStatement {
      FromClause {
        StandardTableGroup (p1 : modelos.Participante(p)) {
          primaryTableReference : participante as p1_0
        }
      }
    }

2026-02-16 09:48:20.005 [main] DEBUG org.hibernate.orm.sql.exec - Skipping reading Query result cache data: cache-enabled = false, cache-mode = NORMAL
2026-02-16 09:48:20.005 [main] DEBUG org.hibernate.orm.results - Initializer list
2026-02-16 09:48:20.005 [main] DEBUG org.hibernate.SQL - /* SELECT p.nombre, p.apellidos, p.email FROM Participante p ORDER BY p.apellidos DESC */ select p1_0.nombre,p1_0.apellidos,p1_0.email from participante p1_0 order by p1_0.apellidos desc
2026-02-16 09:48:20.009 [main] DEBUG org.hibernate.orm.results.loading - Calling top-level assembler (0 / 3) : org.hibernate.sql.results.graph.basic.BasicResultAssembler@684b26b7
2026-02-16 09:48:20.009 [main] DEBUG org.hibernate.orm.results - Extracted JDBC value [0] - [Rodolfo]
2026-02-16 09:48:20.009 [main] DEBUG org.hibernate.orm.results.loading - Calling top-level assembler (1 / 3) : org.hibernate.sql.results.graph.basic.BasicResultAssembler@2de7c84a
2026-02-16 09:48:20.009 [main] DEBUG org.hibernate.orm.results - Extracted JDBC value [1] - [Renato]
2026-02-16 09:48:20.009 [main] DEBUG org.hibernate.orm.results.loading - Calling top-level assembler (2 / 3) : org.hibernate.sql.results.graph.basic.BasicResultAssembler@4182a651
2026-02-16 09:48:20.009 [main] DEBUG org.hibernate.orm.results - Extracted JDBC value [2] - [rodolfoReno@gmail.com]
2026-02-16 09:48:20.009 [main] DEBUG org.hibernate.orm.results.loading - Calling top-level assembler (0 / 3) : org.hibernate.sql.results.graph.basic.BasicResultAssembler@684b26b7
2026-02-16 09:48:20.009 [main] DEBUG org.hibernate.orm.results - Extracted JDBC value [0] - [Carmelo]
2026-02-16 09:48:20.009 [main] DEBUG org.hibernate.orm.results.loading - Calling top-level assembler (1 / 3) : org.hibernate.sql.results.graph.basic.BasicResultAssembler@2de7c84a
2026-02-16 09:48:20.009 [main] DEBUG org.hibernate.orm.results - Extracted JDBC value [1] - [Ramposo]
2026-02-16 09:48:20.009 [main] DEBUG org.hibernate.orm.results.loading - Calling top-level assembler (2 / 3) : org.hibernate.sql.results.graph.basic.BasicResultAssembler@4182a651
2026-02-16 09:48:20.009 [main] DEBUG org.hibernate.orm.results - Extracted JDBC value [2] - [cRamposo@gmail.com]
2026-02-16 09:48:20.009 [main] DEBUG org.hibernate.orm.results.loading - Calling top-level assembler (0 / 3) : org.hibernate.sql.results.graph.basic.BasicResultAssembler@684b26b7
2026-02-16 09:48:20.009 [main] DEBUG org.hibernate.orm.results - Extracted JDBC value [0] - [Rodolfo]
2026-02-16 09:48:20.009 [main] DEBUG org.hibernate.orm.results.loading - Calling top-level assembler (1 / 3) : org.hibernate.sql.results.graph.basic.BasicResultAssembler@2de7c84a
2026-02-16 09:48:20.009 [main] DEBUG org.hibernate.orm.results - Extracted JDBC value [1] - [Ramposo]
2026-02-16 09:48:20.009 [main] DEBUG org.hibernate.orm.results.loading - Calling top-level assembler (2 / 3) : org.hibernate.sql.results.graph.basic.BasicResultAssembler@4182a651
2026-02-16 09:48:20.009 [main] DEBUG org.hibernate.orm.results - Extracted JDBC value [2] - [rRamposo@gmail.com]
2026-02-16 09:48:20.009 [main] DEBUG org.hibernate.orm.results.loading - Calling top-level assembler (0 / 3) : org.hibernate.sql.results.graph.basic.BasicResultAssembler@684b26b7
2026-02-16 09:48:20.009 [main] DEBUG org.hibernate.orm.results - Extracted JDBC value [0] - [Beatriz]
2026-02-16 09:48:20.010 [main] DEBUG org.hibernate.orm.results.loading - Calling top-level assembler (1 / 3) : org.hibernate.sql.results.graph.basic.BasicResultAssembler@2de7c84a
2026-02-16 09:48:20.010 [main] DEBUG org.hibernate.orm.results - Extracted JDBC value [1] - [Luengo]
2026-02-16 09:48:20.010 [main] DEBUG org.hibernate.orm.results.loading - Calling top-level assembler (2 / 3) : org.hibernate.sql.results.graph.basic.BasicResultAssembler@4182a651
2026-02-16 09:48:20.010 [main] DEBUG org.hibernate.orm.results - Extracted JDBC value [2] - [bLuengo@gmail.com]
2026-02-16 09:48:20.010 [main] DEBUG org.hibernate.orm.results.loading - Calling top-level assembler (0 / 3) : org.hibernate.sql.results.graph.basic.BasicResultAssembler@684b26b7
2026-02-16 09:48:20.010 [main] DEBUG org.hibernate.orm.results - Extracted JDBC value [0] - [Pepa]
2026-02-16 09:48:20.010 [main] DEBUG org.hibernate.orm.results.loading - Calling top-level assembler (1 / 3) : org.hibernate.sql.results.graph.basic.BasicResultAssembler@2de7c84a
2026-02-16 09:48:20.010 [main] DEBUG org.hibernate.orm.results - Extracted JDBC value [1] - [Flores]
2026-02-16 09:48:20.010 [main] DEBUG org.hibernate.orm.results.loading - Calling top-level assembler (2 / 3) : org.hibernate.sql.results.graph.basic.BasicResultAssembler@4182a651
2026-02-16 09:48:20.010 [main] DEBUG org.hibernate.orm.results - Extracted JDBC value [2] - [flores@gmail.com]
2026-02-16 09:48:20.010 [main] DEBUG org.hibernate.orm.results.loading - Calling top-level assembler (0 / 3) : org.hibernate.sql.results.graph.basic.BasicResultAssembler@684b26b7
2026-02-16 09:48:20.010 [main] DEBUG org.hibernate.orm.results - Extracted JDBC value [0] - [Beatriz]
2026-02-16 09:48:20.010 [main] DEBUG org.hibernate.orm.results.loading - Calling top-level assembler (1 / 3) : org.hibernate.sql.results.graph.basic.BasicResultAssembler@2de7c84a
2026-02-16 09:48:20.010 [main] DEBUG org.hibernate.orm.results - Extracted JDBC value [1] - [Candelario]
2026-02-16 09:48:20.010 [main] DEBUG org.hibernate.orm.results.loading - Calling top-level assembler (2 / 3) : org.hibernate.sql.results.graph.basic.BasicResultAssembler@4182a651
2026-02-16 09:48:20.010 [main] DEBUG org.hibernate.orm.results - Extracted JDBC value [2] - [bCandelario@gmail.com]
2026-02-16 09:48:20.010 [main] DEBUG org.hibernate.resource.jdbc.internal.LogicalConnectionManagedImpl - Initiating JDBC connection release from afterTransaction
2026-02-16 09:48:20.012 [main] DEBUG org.hibernate.resource.jdbc.internal.LogicalConnectionManagedImpl - Initiating JDBC connection release from afterTransaction
2026-02-16 09:48:20.014 [main] INFO  controladores.GestionaJornadas - Particpantes = Nombre: Rodolfo, apellidos: Renato, email: rodolfoReno@gmail.com
2026-02-16 09:48:20.014 [main] INFO  controladores.GestionaJornadas - Particpantes = Nombre: Carmelo, apellidos: Ramposo, email: cRamposo@gmail.com
2026-02-16 09:48:20.014 [main] INFO  controladores.GestionaJornadas - Particpantes = Nombre: Rodolfo, apellidos: Ramposo, email: rRamposo@gmail.com
2026-02-16 09:48:20.014 [main] INFO  controladores.GestionaJornadas - Particpantes = Nombre: Beatriz, apellidos: Luengo, email: bLuengo@gmail.com
2026-02-16 09:48:20.014 [main] INFO  controladores.GestionaJornadas - Particpantes = Nombre: Pepa, apellidos: Flores, email: flores@gmail.com
2026-02-16 09:48:20.014 [main] INFO  controladores.GestionaJornadas - Particpantes = Nombre: Beatriz, apellidos: Candelario, email: bCandelario@gmail.com
