2026-02-02 21:09:50.509 [main] DEBUG org.jboss.logging - Logging Provider: org.jboss.logging.Log4j2LoggerProvider
2026-02-02 21:09:50.520 [main] DEBUG org.hibernate.integrator.internal.IntegratorServiceImpl - Adding Integrator [org.hibernate.boot.beanvalidation.BeanValidationIntegrator].
2026-02-02 21:09:50.522 [main] DEBUG org.hibernate.integrator.internal.IntegratorServiceImpl - Adding Integrator [org.hibernate.cache.internal.CollectionCacheInvalidator].
2026-02-02 21:09:50.540 [main] INFO  org.hibernate.Version - HHH000412: Hibernate ORM core version 6.4.4.Final
2026-02-02 21:09:50.541 [main] DEBUG org.hibernate.cfg.Environment - HHH000206: 'hibernate.properties' not found
2026-02-02 21:09:50.565 [main] DEBUG org.hibernate.boot.jaxb.internal.stax.LocalXmlResourceResolver - Checking public/system identifiers `-//Hibernate/Hibernate Configuration DTD 3.0//EN`/`https://hibernate.org/dtd/hibernate-configuration-3.0.dtd` as DTD references
2026-02-02 21:09:50.570 [main] DEBUG org.hibernate.boot.cfgxml.internal.JaxbCfgProcessor - cfg.xml document did not define namespaces; wrapping in custom event reader to introduce namespace information
2026-02-02 21:09:50.725 [main] DEBUG org.hibernate.orm.idgen.factory - Ignoring CDI for resolving IdentifierGenerator instances as extended or delayed CDI support was enabled
2026-02-02 21:09:50.729 [main] DEBUG org.hibernate.orm.idgen.factory - Registering IdentifierGenerator strategy [uuid2] -> [org.hibernate.id.UUIDGenerator]
2026-02-02 21:09:50.729 [main] DEBUG org.hibernate.orm.idgen.factory - Registering IdentifierGenerator strategy [guid] -> [org.hibernate.id.GUIDGenerator]
2026-02-02 21:09:50.729 [main] DEBUG org.hibernate.orm.idgen.factory - Registering IdentifierGenerator strategy [uuid] -> [org.hibernate.id.UUIDHexGenerator]
2026-02-02 21:09:50.730 [main] DEBUG org.hibernate.orm.idgen.factory - Registering IdentifierGenerator strategy [uuid.hex] -> [org.hibernate.id.UUIDHexGenerator]
2026-02-02 21:09:50.730 [main] DEBUG org.hibernate.orm.idgen.factory - Registering IdentifierGenerator strategy [assigned] -> [org.hibernate.id.Assigned]
2026-02-02 21:09:50.731 [main] DEBUG org.hibernate.orm.idgen.factory - Registering IdentifierGenerator strategy [identity] -> [org.hibernate.id.IdentityGenerator]
2026-02-02 21:09:50.731 [main] DEBUG org.hibernate.orm.idgen.factory - Registering IdentifierGenerator strategy [select] -> [org.hibernate.id.SelectGenerator]
2026-02-02 21:09:50.732 [main] DEBUG org.hibernate.orm.idgen.factory - Registering IdentifierGenerator strategy [sequence] -> [org.hibernate.id.enhanced.SequenceStyleGenerator]
2026-02-02 21:09:50.733 [main] DEBUG org.hibernate.orm.idgen.factory - Registering IdentifierGenerator strategy [increment] -> [org.hibernate.id.IncrementGenerator]
2026-02-02 21:09:50.733 [main] DEBUG org.hibernate.orm.idgen.factory - Registering IdentifierGenerator strategy [foreign] -> [org.hibernate.id.ForeignGenerator]
2026-02-02 21:09:50.733 [main] DEBUG org.hibernate.orm.idgen.factory - Registering IdentifierGenerator strategy [enhanced-sequence] -> [org.hibernate.id.enhanced.SequenceStyleGenerator]
2026-02-02 21:09:50.735 [main] DEBUG org.hibernate.orm.idgen.factory - Registering IdentifierGenerator strategy [enhanced-table] -> [org.hibernate.id.enhanced.TableGenerator]
2026-02-02 21:09:50.740 [main] DEBUG org.hibernate.cache.internal.RegionFactoryInitiator - Cannot default RegionFactory based on registered strategies as `[]` RegionFactory strategies were registered
2026-02-02 21:09:50.741 [main] INFO  org.hibernate.cache.internal.RegionFactoryInitiator - HHH000026: Second-level cache disabled
2026-02-02 21:09:50.805 [main] DEBUG org.hibernate.type.BasicTypeRegistry - Adding type registration boolean -> org.hibernate.type.BasicTypeReference@2ca47471
2026-02-02 21:09:50.806 [main] DEBUG org.hibernate.type.BasicTypeRegistry - Adding type registration boolean -> org.hibernate.type.BasicTypeReference@2ca47471
2026-02-02 21:09:50.806 [main] DEBUG org.hibernate.type.BasicTypeRegistry - Adding type registration java.lang.Boolean -> org.hibernate.type.BasicTypeReference@2ca47471
2026-02-02 21:09:50.806 [main] DEBUG org.hibernate.type.BasicTypeRegistry - Adding type registration numeric_boolean -> org.hibernate.type.BasicTypeReference@5a021cb9
2026-02-02 21:09:50.806 [main] DEBUG org.hibernate.type.BasicTypeRegistry - Adding type registration org.hibernate.type.NumericBooleanConverter -> org.hibernate.type.BasicTypeReference@5a021cb9
2026-02-02 21:09:50.806 [main] DEBUG org.hibernate.type.BasicTypeRegistry - Adding type registration true_false -> org.hibernate.type.BasicTypeReference@51768776
2026-02-02 21:09:50.806 [main] DEBUG org.hibernate.type.BasicTypeRegistry - Adding type registration org.hibernate.type.TrueFalseConverter -> org.hibernate.type.BasicTypeReference@51768776
2026-02-02 21:09:50.806 [main] DEBUG org.hibernate.type.BasicTypeRegistry - Adding type registration yes_no -> org.hibernate.type.BasicTypeReference@f31c0c6
2026-02-02 21:09:50.806 [main] DEBUG org.hibernate.type.BasicTypeRegistry - Adding type registration org.hibernate.type.YesNoConverter -> org.hibernate.type.BasicTypeReference@f31c0c6
2026-02-02 21:09:50.806 [main] DEBUG org.hibernate.type.BasicTypeRegistry - Adding type registration byte -> org.hibernate.type.BasicTypeReference@b93aad
2026-02-02 21:09:50.807 [main] DEBUG org.hibernate.type.BasicTypeRegistry - Adding type registration byte -> org.hibernate.type.BasicTypeReference@b93aad
2026-02-02 21:09:50.807 [main] DEBUG org.hibernate.type.BasicTypeRegistry - Adding type registration java.lang.Byte -> org.hibernate.type.BasicTypeReference@b93aad
2026-02-02 21:09:50.807 [main] DEBUG org.hibernate.type.BasicTypeRegistry - Adding type registration binary -> org.hibernate.type.BasicTypeReference@4a9419d7
2026-02-02 21:09:50.807 [main] DEBUG org.hibernate.type.BasicTypeRegistry - Adding type registration byte[] -> org.hibernate.type.BasicTypeReference@4a9419d7
2026-02-02 21:09:50.807 [main] DEBUG org.hibernate.type.BasicTypeRegistry - Adding type registration [B -> org.hibernate.type.BasicTypeReference@4a9419d7
2026-02-02 21:09:50.807 [main] DEBUG org.hibernate.type.BasicTypeRegistry - Adding type registration binary_wrapper -> org.hibernate.type.BasicTypeReference@2f3c6ac4
2026-02-02 21:09:50.807 [main] DEBUG org.hibernate.type.BasicTypeRegistry - Adding type registration wrapper-binary -> org.hibernate.type.BasicTypeReference@2f3c6ac4
2026-02-02 21:09:50.807 [main] DEBUG org.hibernate.type.BasicTypeRegistry - Adding type registration image -> org.hibernate.type.BasicTypeReference@2e8ab815
2026-02-02 21:09:50.808 [main] DEBUG org.hibernate.type.BasicTypeRegistry - Adding type registration blob -> org.hibernate.type.BasicTypeReference@67af833b
2026-02-02 21:09:50.808 [main] DEBUG org.hibernate.type.BasicTypeRegistry - Adding type registration java.sql.Blob -> org.hibernate.type.BasicTypeReference@67af833b
2026-02-02 21:09:50.808 [main] DEBUG org.hibernate.type.BasicTypeRegistry - Adding type registration materialized_blob -> org.hibernate.type.BasicTypeReference@d1f74b8
2026-02-02 21:09:50.808 [main] DEBUG org.hibernate.type.BasicTypeRegistry - Adding type registration materialized_blob_wrapper -> org.hibernate.type.BasicTypeReference@41394595
2026-02-02 21:09:50.808 [main] DEBUG org.hibernate.type.BasicTypeRegistry - Adding type registration short -> org.hibernate.type.BasicTypeReference@3a0807b7
2026-02-02 21:09:50.808 [main] DEBUG org.hibernate.type.BasicTypeRegistry - Adding type registration short -> org.hibernate.type.BasicTypeReference@3a0807b7
2026-02-02 21:09:50.808 [main] DEBUG org.hibernate.type.BasicTypeRegistry - Adding type registration java.lang.Short -> org.hibernate.type.BasicTypeReference@3a0807b7
2026-02-02 21:09:50.808 [main] DEBUG org.hibernate.type.BasicTypeRegistry - Adding type registration integer -> org.hibernate.type.BasicTypeReference@21a5fd96
2026-02-02 21:09:50.809 [main] DEBUG org.hibernate.type.BasicTypeRegistry - Adding type registration int -> org.hibernate.type.BasicTypeReference@21a5fd96
2026-02-02 21:09:50.809 [main] DEBUG org.hibernate.type.BasicTypeRegistry - Adding type registration java.lang.Integer -> org.hibernate.type.BasicTypeReference@21a5fd96
2026-02-02 21:09:50.809 [main] DEBUG org.hibernate.type.BasicTypeRegistry - Adding type registration long -> org.hibernate.type.BasicTypeReference@5769e7ae
2026-02-02 21:09:50.809 [main] DEBUG org.hibernate.type.BasicTypeRegistry - Adding type registration long -> org.hibernate.type.BasicTypeReference@5769e7ae
2026-02-02 21:09:50.809 [main] DEBUG org.hibernate.type.BasicTypeRegistry - Adding type registration java.lang.Long -> org.hibernate.type.BasicTypeReference@5769e7ae
2026-02-02 21:09:50.809 [main] DEBUG org.hibernate.type.BasicTypeRegistry - Adding type registration float -> org.hibernate.type.BasicTypeReference@5c77053b
2026-02-02 21:09:50.809 [main] DEBUG org.hibernate.type.BasicTypeRegistry - Adding type registration float -> org.hibernate.type.BasicTypeReference@5c77053b
2026-02-02 21:09:50.810 [main] DEBUG org.hibernate.type.BasicTypeRegistry - Adding type registration java.lang.Float -> org.hibernate.type.BasicTypeReference@5c77053b
2026-02-02 21:09:50.810 [main] DEBUG org.hibernate.type.BasicTypeRegistry - Adding type registration double -> org.hibernate.type.BasicTypeReference@26b894bd
2026-02-02 21:09:50.810 [main] DEBUG org.hibernate.type.BasicTypeRegistry - Adding type registration double -> org.hibernate.type.BasicTypeReference@26b894bd
2026-02-02 21:09:50.810 [main] DEBUG org.hibernate.type.BasicTypeRegistry - Adding type registration java.lang.Double -> org.hibernate.type.BasicTypeReference@26b894bd
2026-02-02 21:09:50.810 [main] DEBUG org.hibernate.type.BasicTypeRegistry - Adding type registration big_integer -> org.hibernate.type.BasicTypeReference@287f94b1
2026-02-02 21:09:50.810 [main] DEBUG org.hibernate.type.BasicTypeRegistry - Adding type registration java.math.BigInteger -> org.hibernate.type.BasicTypeReference@287f94b1
2026-02-02 21:09:50.810 [main] DEBUG org.hibernate.type.BasicTypeRegistry - Adding type registration big_decimal -> org.hibernate.type.BasicTypeReference@30b34287
2026-02-02 21:09:50.810 [main] DEBUG org.hibernate.type.BasicTypeRegistry - Adding type registration java.math.BigDecimal -> org.hibernate.type.BasicTypeReference@30b34287
2026-02-02 21:09:50.811 [main] DEBUG org.hibernate.type.BasicTypeRegistry - Adding type registration character -> org.hibernate.type.BasicTypeReference@5489c777
2026-02-02 21:09:50.811 [main] DEBUG org.hibernate.type.BasicTypeRegistry - Adding type registration char -> org.hibernate.type.BasicTypeReference@5489c777
2026-02-02 21:09:50.811 [main] DEBUG org.hibernate.type.BasicTypeRegistry - Adding type registration java.lang.Character -> org.hibernate.type.BasicTypeReference@5489c777
2026-02-02 21:09:50.811 [main] DEBUG org.hibernate.type.BasicTypeRegistry - Adding type registration character_nchar -> org.hibernate.type.BasicTypeReference@3676ac27
2026-02-02 21:09:50.811 [main] DEBUG org.hibernate.type.BasicTypeRegistry - Adding type registration string -> org.hibernate.type.BasicTypeReference@62f87c44
2026-02-02 21:09:50.811 [main] DEBUG org.hibernate.type.BasicTypeRegistry - Adding type registration java.lang.String -> org.hibernate.type.BasicTypeReference@62f87c44
2026-02-02 21:09:50.811 [main] DEBUG org.hibernate.type.BasicTypeRegistry - Adding type registration nstring -> org.hibernate.type.BasicTypeReference@48f5bde6
2026-02-02 21:09:50.812 [main] DEBUG org.hibernate.type.BasicTypeRegistry - Adding type registration characters -> org.hibernate.type.BasicTypeReference@525d79f0
2026-02-02 21:09:50.812 [main] DEBUG org.hibernate.type.BasicTypeRegistry - Adding type registration char[] -> org.hibernate.type.BasicTypeReference@525d79f0
2026-02-02 21:09:50.812 [main] DEBUG org.hibernate.type.BasicTypeRegistry - Adding type registration [C -> org.hibernate.type.BasicTypeReference@525d79f0
2026-02-02 21:09:50.812 [main] DEBUG org.hibernate.type.BasicTypeRegistry - Adding type registration wrapper-characters -> org.hibernate.type.BasicTypeReference@5149f008
2026-02-02 21:09:50.812 [main] DEBUG org.hibernate.type.BasicTypeRegistry - Adding type registration text -> org.hibernate.type.BasicTypeReference@7072bc39
2026-02-02 21:09:50.812 [main] DEBUG org.hibernate.type.BasicTypeRegistry - Adding type registration ntext -> org.hibernate.type.BasicTypeReference@158d255c
2026-02-02 21:09:50.812 [main] DEBUG org.hibernate.type.BasicTypeRegistry - Adding type registration clob -> org.hibernate.type.BasicTypeReference@2ca65ce4
2026-02-02 21:09:50.812 [main] DEBUG org.hibernate.type.BasicTypeRegistry - Adding type registration java.sql.Clob -> org.hibernate.type.BasicTypeReference@2ca65ce4
2026-02-02 21:09:50.812 [main] DEBUG org.hibernate.type.BasicTypeRegistry - Adding type registration nclob -> org.hibernate.type.BasicTypeReference@327120c8
2026-02-02 21:09:50.812 [main] DEBUG org.hibernate.type.BasicTypeRegistry - Adding type registration java.sql.NClob -> org.hibernate.type.BasicTypeReference@327120c8
2026-02-02 21:09:50.812 [main] DEBUG org.hibernate.type.BasicTypeRegistry - Adding type registration materialized_clob -> org.hibernate.type.BasicTypeReference@5707c1cb
2026-02-02 21:09:50.812 [main] DEBUG org.hibernate.type.BasicTypeRegistry - Adding type registration materialized_clob_char_array -> org.hibernate.type.BasicTypeReference@2b5cb9b2
2026-02-02 21:09:50.813 [main] DEBUG org.hibernate.type.BasicTypeRegistry - Adding type registration materialized_clob_character_array -> org.hibernate.type.BasicTypeReference@35038141
2026-02-02 21:09:50.813 [main] DEBUG org.hibernate.type.BasicTypeRegistry - Adding type registration materialized_nclob -> org.hibernate.type.BasicTypeReference@ecf9049
2026-02-02 21:09:50.813 [main] DEBUG org.hibernate.type.BasicTypeRegistry - Adding type registration materialized_nclob_character_array -> org.hibernate.type.BasicTypeReference@672f11c2
2026-02-02 21:09:50.813 [main] DEBUG org.hibernate.type.BasicTypeRegistry - Adding type registration materialized_nclob_char_array -> org.hibernate.type.BasicTypeReference@2970a5bc
2026-02-02 21:09:50.813 [main] DEBUG org.hibernate.type.BasicTypeRegistry - Adding type registration Duration -> org.hibernate.type.BasicTypeReference@50305a
2026-02-02 21:09:50.813 [main] DEBUG org.hibernate.type.BasicTypeRegistry - Adding type registration java.time.Duration -> org.hibernate.type.BasicTypeReference@50305a
2026-02-02 21:09:50.813 [main] DEBUG org.hibernate.type.BasicTypeRegistry - Adding type registration LocalDateTime -> org.hibernate.type.BasicTypeReference@72efb5c1
2026-02-02 21:09:50.813 [main] DEBUG org.hibernate.type.BasicTypeRegistry - Adding type registration java.time.LocalDateTime -> org.hibernate.type.BasicTypeReference@72efb5c1
2026-02-02 21:09:50.813 [main] DEBUG org.hibernate.type.BasicTypeRegistry - Adding type registration LocalDate -> org.hibernate.type.BasicTypeReference@6d511b5f
2026-02-02 21:09:50.813 [main] DEBUG org.hibernate.type.BasicTypeRegistry - Adding type registration java.time.LocalDate -> org.hibernate.type.BasicTypeReference@6d511b5f
2026-02-02 21:09:50.813 [main] DEBUG org.hibernate.type.BasicTypeRegistry - Adding type registration LocalTime -> org.hibernate.type.BasicTypeReference@41200e0c
2026-02-02 21:09:50.813 [main] DEBUG org.hibernate.type.BasicTypeRegistry - Adding type registration java.time.LocalTime -> org.hibernate.type.BasicTypeReference@41200e0c
2026-02-02 21:09:50.815 [main] DEBUG org.hibernate.type.BasicTypeRegistry - Adding type registration OffsetDateTime -> org.hibernate.type.BasicTypeReference@40f33492
2026-02-02 21:09:50.815 [main] DEBUG org.hibernate.type.BasicTypeRegistry - Adding type registration java.time.OffsetDateTime -> org.hibernate.type.BasicTypeReference@40f33492
2026-02-02 21:09:50.815 [main] DEBUG org.hibernate.type.BasicTypeRegistry - Adding type registration OffsetDateTimeWithTimezone -> org.hibernate.type.BasicTypeReference@4fbdc0f0
2026-02-02 21:09:50.815 [main] DEBUG org.hibernate.type.BasicTypeRegistry - Adding type registration OffsetDateTimeWithoutTimezone -> org.hibernate.type.BasicTypeReference@2ad3a1bb
2026-02-02 21:09:50.815 [main] DEBUG org.hibernate.type.BasicTypeRegistry - Adding type registration OffsetTime -> org.hibernate.type.BasicTypeReference@6bc28a83
2026-02-02 21:09:50.815 [main] DEBUG org.hibernate.type.BasicTypeRegistry - Adding type registration java.time.OffsetTime -> org.hibernate.type.BasicTypeReference@6bc28a83
2026-02-02 21:09:50.815 [main] DEBUG org.hibernate.type.BasicTypeRegistry - Adding type registration OffsetTimeUtc -> org.hibernate.type.BasicTypeReference@324c64cd
2026-02-02 21:09:50.815 [main] DEBUG org.hibernate.type.BasicTypeRegistry - Adding type registration OffsetTimeWithTimezone -> org.hibernate.type.BasicTypeReference@13579834
2026-02-02 21:09:50.815 [main] DEBUG org.hibernate.type.BasicTypeRegistry - Adding type registration OffsetTimeWithoutTimezone -> org.hibernate.type.BasicTypeReference@24be2d9c
2026-02-02 21:09:50.816 [main] DEBUG org.hibernate.type.BasicTypeRegistry - Adding type registration ZonedDateTime -> org.hibernate.type.BasicTypeReference@5bd73d1a
2026-02-02 21:09:50.816 [main] DEBUG org.hibernate.type.BasicTypeRegistry - Adding type registration java.time.ZonedDateTime -> org.hibernate.type.BasicTypeReference@5bd73d1a
2026-02-02 21:09:50.816 [main] DEBUG org.hibernate.type.BasicTypeRegistry - Adding type registration ZonedDateTimeWithTimezone -> org.hibernate.type.BasicTypeReference@aec50a1
2026-02-02 21:09:50.816 [main] DEBUG org.hibernate.type.BasicTypeRegistry - Adding type registration ZonedDateTimeWithoutTimezone -> org.hibernate.type.BasicTypeReference@2555fff0
2026-02-02 21:09:50.816 [main] DEBUG org.hibernate.type.BasicTypeRegistry - Adding type registration date -> org.hibernate.type.BasicTypeReference@70d2e40b
2026-02-02 21:09:50.816 [main] DEBUG org.hibernate.type.BasicTypeRegistry - Adding type registration java.sql.Date -> org.hibernate.type.BasicTypeReference@70d2e40b
2026-02-02 21:09:50.816 [main] DEBUG org.hibernate.type.BasicTypeRegistry - Adding type registration time -> org.hibernate.type.BasicTypeReference@120f38e6
2026-02-02 21:09:50.816 [main] DEBUG org.hibernate.type.BasicTypeRegistry - Adding type registration java.sql.Time -> org.hibernate.type.BasicTypeReference@120f38e6
2026-02-02 21:09:50.816 [main] DEBUG org.hibernate.type.BasicTypeRegistry - Adding type registration timestamp -> org.hibernate.type.BasicTypeReference@7a0e1b5e
2026-02-02 21:09:50.816 [main] DEBUG org.hibernate.type.BasicTypeRegistry - Adding type registration java.sql.Timestamp -> org.hibernate.type.BasicTypeReference@7a0e1b5e
2026-02-02 21:09:50.816 [main] DEBUG org.hibernate.type.BasicTypeRegistry - Adding type registration java.util.Date -> org.hibernate.type.BasicTypeReference@7a0e1b5e
2026-02-02 21:09:50.816 [main] DEBUG org.hibernate.type.BasicTypeRegistry - Adding type registration calendar -> org.hibernate.type.BasicTypeReference@702ed190
2026-02-02 21:09:50.817 [main] DEBUG org.hibernate.type.BasicTypeRegistry - Adding type registration java.util.Calendar -> org.hibernate.type.BasicTypeReference@702ed190
2026-02-02 21:09:50.817 [main] DEBUG org.hibernate.type.BasicTypeRegistry - Adding type registration java.util.GregorianCalendar -> org.hibernate.type.BasicTypeReference@702ed190
2026-02-02 21:09:50.817 [main] DEBUG org.hibernate.type.BasicTypeRegistry - Adding type registration calendar_date -> org.hibernate.type.BasicTypeReference@173b9122
2026-02-02 21:09:50.817 [main] DEBUG org.hibernate.type.BasicTypeRegistry - Adding type registration calendar_time -> org.hibernate.type.BasicTypeReference@7c18432b
2026-02-02 21:09:50.817 [main] DEBUG org.hibernate.type.BasicTypeRegistry - Adding type registration instant -> org.hibernate.type.BasicTypeReference@7646731d
2026-02-02 21:09:50.817 [main] DEBUG org.hibernate.type.BasicTypeRegistry - Adding type registration java.time.Instant -> org.hibernate.type.BasicTypeReference@7646731d
2026-02-02 21:09:50.817 [main] DEBUG org.hibernate.type.BasicTypeRegistry - Adding type registration uuid -> org.hibernate.type.BasicTypeReference@70e29e14
2026-02-02 21:09:50.817 [main] DEBUG org.hibernate.type.BasicTypeRegistry - Adding type registration java.util.UUID -> org.hibernate.type.BasicTypeReference@70e29e14
2026-02-02 21:09:50.817 [main] DEBUG org.hibernate.type.BasicTypeRegistry - Adding type registration pg-uuid -> org.hibernate.type.BasicTypeReference@70e29e14
2026-02-02 21:09:50.817 [main] DEBUG org.hibernate.type.BasicTypeRegistry - Adding type registration uuid-binary -> org.hibernate.type.BasicTypeReference@3b1bb3ab
2026-02-02 21:09:50.817 [main] DEBUG org.hibernate.type.BasicTypeRegistry - Adding type registration uuid-char -> org.hibernate.type.BasicTypeReference@5a4bef8
2026-02-02 21:09:50.818 [main] DEBUG org.hibernate.type.BasicTypeRegistry - Adding type registration class -> org.hibernate.type.BasicTypeReference@40bffbca
2026-02-02 21:09:50.818 [main] DEBUG org.hibernate.type.BasicTypeRegistry - Adding type registration java.lang.Class -> org.hibernate.type.BasicTypeReference@40bffbca
2026-02-02 21:09:50.818 [main] DEBUG org.hibernate.type.BasicTypeRegistry - Adding type registration currency -> org.hibernate.type.BasicTypeReference@2449cff7
2026-02-02 21:09:50.818 [main] DEBUG org.hibernate.type.BasicTypeRegistry - Adding type registration Currency -> org.hibernate.type.BasicTypeReference@2449cff7
2026-02-02 21:09:50.818 [main] DEBUG org.hibernate.type.BasicTypeRegistry - Adding type registration java.util.Currency -> org.hibernate.type.BasicTypeReference@2449cff7
2026-02-02 21:09:50.818 [main] DEBUG org.hibernate.type.BasicTypeRegistry - Adding type registration locale -> org.hibernate.type.BasicTypeReference@42a9a63e
2026-02-02 21:09:50.818 [main] DEBUG org.hibernate.type.BasicTypeRegistry - Adding type registration java.util.Locale -> org.hibernate.type.BasicTypeReference@42a9a63e
2026-02-02 21:09:50.818 [main] DEBUG org.hibernate.type.BasicTypeRegistry - Adding type registration serializable -> org.hibernate.type.BasicTypeReference@62da83ed
2026-02-02 21:09:50.818 [main] DEBUG org.hibernate.type.BasicTypeRegistry - Adding type registration java.io.Serializable -> org.hibernate.type.BasicTypeReference@62da83ed
2026-02-02 21:09:50.818 [main] DEBUG org.hibernate.type.BasicTypeRegistry - Adding type registration timezone -> org.hibernate.type.BasicTypeReference@5d8445d7
2026-02-02 21:09:50.818 [main] DEBUG org.hibernate.type.BasicTypeRegistry - Adding type registration java.util.TimeZone -> org.hibernate.type.BasicTypeReference@5d8445d7
2026-02-02 21:09:50.819 [main] DEBUG org.hibernate.type.BasicTypeRegistry - Adding type registration ZoneOffset -> org.hibernate.type.BasicTypeReference@37d80fe7
2026-02-02 21:09:50.819 [main] DEBUG org.hibernate.type.BasicTypeRegistry - Adding type registration java.time.ZoneOffset -> org.hibernate.type.BasicTypeReference@37d80fe7
2026-02-02 21:09:50.819 [main] DEBUG org.hibernate.type.BasicTypeRegistry - Adding type registration url -> org.hibernate.type.BasicTypeReference@384fc774
2026-02-02 21:09:50.819 [main] DEBUG org.hibernate.type.BasicTypeRegistry - Adding type registration java.net.URL -> org.hibernate.type.BasicTypeReference@384fc774
2026-02-02 21:09:50.819 [main] DEBUG org.hibernate.type.BasicTypeRegistry - Adding type registration vector -> org.hibernate.type.BasicTypeReference@e3cee7b
2026-02-02 21:09:50.819 [main] DEBUG org.hibernate.type.BasicTypeRegistry - Adding type registration row_version -> org.hibernate.type.BasicTypeReference@71e9a896
2026-02-02 21:09:50.822 [main] DEBUG org.hibernate.type.BasicTypeRegistry - Adding type registration object -> org.hibernate.type.JavaObjectType@7dac3fd8
2026-02-02 21:09:50.822 [main] DEBUG org.hibernate.type.BasicTypeRegistry - Adding type registration java.lang.Object -> org.hibernate.type.JavaObjectType@7dac3fd8
2026-02-02 21:09:50.823 [main] DEBUG org.hibernate.type.BasicTypeRegistry - Adding type registration null -> org.hibernate.type.NullType@6e33c391
2026-02-02 21:09:50.823 [main] DEBUG org.hibernate.type.BasicTypeRegistry - Adding type registration imm_date -> org.hibernate.type.BasicTypeReference@6c451c9c
2026-02-02 21:09:50.823 [main] DEBUG org.hibernate.type.BasicTypeRegistry - Adding type registration imm_time -> org.hibernate.type.BasicTypeReference@31c269fd
2026-02-02 21:09:50.823 [main] DEBUG org.hibernate.type.BasicTypeRegistry - Adding type registration imm_timestamp -> org.hibernate.type.BasicTypeReference@372b0d86
2026-02-02 21:09:50.823 [main] DEBUG org.hibernate.type.BasicTypeRegistry - Adding type registration imm_calendar -> org.hibernate.type.BasicTypeReference@47747fb9
2026-02-02 21:09:50.823 [main] DEBUG org.hibernate.type.BasicTypeRegistry - Adding type registration imm_calendar_date -> org.hibernate.type.BasicTypeReference@3113a37
2026-02-02 21:09:50.823 [main] DEBUG org.hibernate.type.BasicTypeRegistry - Adding type registration imm_calendar_time -> org.hibernate.type.BasicTypeReference@213e3629
2026-02-02 21:09:50.823 [main] DEBUG org.hibernate.type.BasicTypeRegistry - Adding type registration imm_binary -> org.hibernate.type.BasicTypeReference@4e9658b5
2026-02-02 21:09:50.823 [main] DEBUG org.hibernate.type.BasicTypeRegistry - Adding type registration imm_serializable -> org.hibernate.type.BasicTypeReference@2a7b6f69
2026-02-02 21:09:50.846 [main] WARN  org.hibernate.orm.connections.pooling - HHH10001002: Using built-in connection pool (not intended for production use)
2026-02-02 21:09:50.849 [main] INFO  org.hibernate.orm.connections.pooling - HHH10001005: Loaded JDBC driver class: com.mysql.cj.jdbc.Driver
2026-02-02 21:09:50.849 [main] INFO  org.hibernate.orm.connections.pooling - HHH10001012: Connecting with JDBC URL [jdbc:mysql://localhost:3307/LitMind?useSSL=false&serverTimezone=UTC]
2026-02-02 21:09:50.849 [main] INFO  org.hibernate.orm.connections.pooling - HHH10001001: Connection properties: {password=angela, user=angela}
2026-02-02 21:09:50.849 [main] INFO  org.hibernate.orm.connections.pooling - HHH10001003: Autocommit mode: false
2026-02-02 21:09:50.851 [main] DEBUG org.hibernate.orm.connections.pooling - Initializing Connection pool with 1 Connections
2026-02-02 21:09:50.851 [main] INFO  org.hibernate.orm.connections.pooling - HHH10001115: Connection pool size: 20 (min=1)
2026-02-02 21:09:51.013 [main] DEBUG org.hibernate.engine.jdbc.env.internal.JdbcEnvironmentInitiator - Database ->
       name : MySQL
    version : 8.4.7
      major : 8
      minor : 4
2026-02-02 21:09:51.013 [main] DEBUG org.hibernate.engine.jdbc.env.internal.JdbcEnvironmentInitiator - Driver ->
       name : MySQL Connector/J
    version : mysql-connector-j-8.4.0 (Revision: 1c3f5c149e0bfe31c7fbeb24e2d260cd890972c4)
      major : 8
      minor : 4
2026-02-02 21:09:51.013 [main] DEBUG org.hibernate.engine.jdbc.env.internal.JdbcEnvironmentInitiator - JDBC version : 4.2
2026-02-02 21:09:51.080 [main] WARN  org.hibernate.orm.deprecation - HHH90000025: MySQLDialect does not need to be specified explicitly using 'hibernate.dialect' (remove the property setting and it will be selected by default)
2026-02-02 21:09:51.081 [main] DEBUG org.hibernate.orm.dialect - HHH035001: Using dialect: org.hibernate.dialect.MySQLDialect, version: 8.4.7
2026-02-02 21:09:51.087 [main] DEBUG org.hibernate.engine.jdbc.env.spi.IdentifierHelperBuilder - JDBC driver metadata reported database stores quoted identifiers in more than one case
2026-02-02 21:09:51.087 [main] DEBUG org.hibernate.engine.jdbc.env.spi.IdentifierHelperBuilder - IdentifierCaseStrategy for both quoted and unquoted identifiers was set to the same strategy [MIXED]; that will likely lead to problems in schema update and validation if using quoted identifiers
2026-02-02 21:09:51.102 [main] DEBUG org.hibernate.type.descriptor.sql.spi.DdlTypeRegistry - addDescriptor(12, org.hibernate.type.descriptor.sql.internal.CapacityDependentDdlType@59546cfe) replaced previous registration(org.hibernate.type.descriptor.sql.internal.CapacityDependentDdlType@29ea78b1)
2026-02-02 21:09:51.102 [main] DEBUG org.hibernate.type.descriptor.sql.spi.DdlTypeRegistry - addDescriptor(-9, org.hibernate.type.descriptor.sql.internal.CapacityDependentDdlType@2d2acd89) replaced previous registration(org.hibernate.type.descriptor.sql.internal.CapacityDependentDdlType@7baf6acf)
2026-02-02 21:09:51.102 [main] DEBUG org.hibernate.type.descriptor.sql.spi.DdlTypeRegistry - addDescriptor(-3, org.hibernate.type.descriptor.sql.internal.CapacityDependentDdlType@1e6dad8) replaced previous registration(org.hibernate.type.descriptor.sql.internal.CapacityDependentDdlType@7b3315a5)
2026-02-02 21:09:51.102 [main] DEBUG org.hibernate.type.descriptor.sql.spi.DdlTypeRegistry - addDescriptor(4003, org.hibernate.type.descriptor.sql.internal.DdlTypeImpl@8ed9cf) replaced previous registration(org.hibernate.type.descriptor.sql.internal.DdlTypeImpl@f72203)
2026-02-02 21:09:51.102 [main] DEBUG org.hibernate.type.descriptor.sql.spi.DdlTypeRegistry - addDescriptor(4001, org.hibernate.type.descriptor.sql.internal.DdlTypeImpl@377008df) replaced previous registration(org.hibernate.type.descriptor.sql.internal.DdlTypeImpl@540dbda9)
2026-02-02 21:09:51.103 [main] DEBUG org.hibernate.type.descriptor.sql.spi.DdlTypeRegistry - addDescriptor(4002, org.hibernate.type.descriptor.sql.internal.DdlTypeImpl@22bb5646) replaced previous registration(org.hibernate.type.descriptor.sql.internal.DdlTypeImpl@1be59f28)
2026-02-02 21:09:51.103 [main] DEBUG org.hibernate.type.descriptor.sql.spi.DdlTypeRegistry - addDescriptor(2004, org.hibernate.type.descriptor.sql.internal.CapacityDependentDdlType@2ce45a7b) replaced previous registration(org.hibernate.type.descriptor.sql.internal.DdlTypeImpl@153d4abb)
2026-02-02 21:09:51.103 [main] DEBUG org.hibernate.type.descriptor.sql.spi.DdlTypeRegistry - addDescriptor(2005, org.hibernate.type.descriptor.sql.internal.CapacityDependentDdlType@6d4c273c) replaced previous registration(org.hibernate.type.descriptor.sql.internal.DdlTypeImpl@5a67e962)
2026-02-02 21:09:51.104 [main] DEBUG org.hibernate.type.descriptor.sql.spi.DdlTypeRegistry - addDescriptor(2011, org.hibernate.type.descriptor.sql.internal.CapacityDependentDdlType@545e57d7) replaced previous registration(org.hibernate.type.descriptor.sql.internal.DdlTypeImpl@2bc9a775)
2026-02-02 21:09:51.105 [main] DEBUG org.hibernate.type.descriptor.jdbc.spi.JdbcTypeRegistry - addDescriptor(NCharTypeDescriptor) replaced previous registration(CharTypeDescriptor)
2026-02-02 21:09:51.105 [main] DEBUG org.hibernate.type.descriptor.jdbc.spi.JdbcTypeRegistry - addDescriptor(NVarcharTypeDescriptor) replaced previous registration(VarcharTypeDescriptor)
2026-02-02 21:09:51.105 [main] DEBUG org.hibernate.type.descriptor.jdbc.spi.JdbcTypeRegistry - addDescriptor(LongNVarcharTypeDescriptor) replaced previous registration(LongVarcharTypeDescriptor)
2026-02-02 21:09:51.107 [main] DEBUG org.hibernate.type.descriptor.jdbc.spi.JdbcTypeRegistry - addDescriptor(NClobTypeDescriptor(DEFAULT)) replaced previous registration(ClobTypeDescriptor(DEFAULT))
2026-02-02 21:09:51.107 [main] DEBUG org.hibernate.type.descriptor.jdbc.spi.JdbcTypeRegistry - addDescriptor(2005, ClobTypeDescriptor(STREAM_BINDING)) replaced previous registration(ClobTypeDescriptor(DEFAULT))
2026-02-02 21:09:51.111 [main] DEBUG org.hibernate.type.BasicTypeRegistry - Adding type registration null -> org.hibernate.type.NullType@486bc9a4
2026-02-02 21:09:51.111 [main] DEBUG org.hibernate.type.BasicTypeRegistry - Type registration key [null] overrode previous entry : `org.hibernate.type.NullType@6e33c391`
2026-02-02 21:09:51.115 [main] DEBUG org.hibernate.type.BasicTypeRegistry - Adding type registration org.hibernate.type.DurationType -> basicType@1(java.time.Duration,3015)
2026-02-02 21:09:51.115 [main] DEBUG org.hibernate.type.BasicTypeRegistry - Adding type registration Duration -> basicType@1(java.time.Duration,3015)
2026-02-02 21:09:51.115 [main] DEBUG org.hibernate.type.BasicTypeRegistry - Adding type registration java.time.Duration -> basicType@1(java.time.Duration,3015)
2026-02-02 21:09:51.121 [main] DEBUG org.hibernate.type.BasicTypeRegistry - Adding type registration org.hibernate.type.OffsetDateTimeType -> basicType@2(java.time.OffsetDateTime,3003)
2026-02-02 21:09:51.121 [main] DEBUG org.hibernate.type.BasicTypeRegistry - Adding type registration OffsetDateTime -> basicType@2(java.time.OffsetDateTime,3003)
2026-02-02 21:09:51.121 [main] DEBUG org.hibernate.type.BasicTypeRegistry - Adding type registration java.time.OffsetDateTime -> basicType@2(java.time.OffsetDateTime,3003)
2026-02-02 21:09:51.121 [main] DEBUG org.hibernate.type.BasicTypeRegistry - Adding type registration org.hibernate.type.ZonedDateTimeType -> basicType@3(java.time.ZonedDateTime,3003)
2026-02-02 21:09:51.121 [main] DEBUG org.hibernate.type.BasicTypeRegistry - Adding type registration ZonedDateTime -> basicType@3(java.time.ZonedDateTime,3003)
2026-02-02 21:09:51.122 [main] DEBUG org.hibernate.type.BasicTypeRegistry - Adding type registration java.time.ZonedDateTime -> basicType@3(java.time.ZonedDateTime,3003)
2026-02-02 21:09:51.122 [main] DEBUG org.hibernate.type.BasicTypeRegistry - Adding type registration org.hibernate.type.OffsetTimeType -> basicType@4(java.time.OffsetTime,3007)
2026-02-02 21:09:51.122 [main] DEBUG org.hibernate.type.BasicTypeRegistry - Adding type registration OffsetTime -> basicType@4(java.time.OffsetTime,3007)
2026-02-02 21:09:51.122 [main] DEBUG org.hibernate.type.BasicTypeRegistry - Adding type registration java.time.OffsetTime -> basicType@4(java.time.OffsetTime,3007)
2026-02-02 21:09:51.123 [main] DEBUG org.hibernate.type.spi.TypeConfiguration$Scope - Scoping TypeConfiguration [org.hibernate.type.spi.TypeConfiguration@66bacdbc] to MetadataBuildingContext [org.hibernate.boot.internal.MetadataBuildingContextRootImpl@2c6ee758]
2026-02-02 21:09:51.154 [main] DEBUG org.hibernate.boot.model.relational.Namespace - Created database namespace [logicalName=Name{catalog=null, schema=null}, physicalName=Name{catalog=null, schema=null}]
2026-02-02 21:09:51.176 [main] DEBUG org.hibernate.boot.model.internal.EntityBinder - Binding entity from annotated class: modelo.Usuario
2026-02-02 21:09:51.182 [main] DEBUG org.hibernate.boot.model.internal.EntityBinder - Import with entity name Usuario
2026-02-02 21:09:51.187 [main] DEBUG org.hibernate.boot.model.internal.EntityBinder - Bind entity modelo.Usuario on table usuario
2026-02-02 21:09:51.194 [main] DEBUG org.hibernate.boot.model.internal.AnnotatedColumn - Binding column: AnnotatedDiscriminatorColumn(column='DTYPE')
2026-02-02 21:09:51.212 [main] DEBUG org.hibernate.boot.model.internal.AnnotatedColumn - Binding column: AnnotatedColumn()
2026-02-02 21:09:51.212 [main] DEBUG org.hibernate.boot.internal.ClassLoaderAccessImpl - Not known whether passed class name [modelo.Usuario] is safe
2026-02-02 21:09:51.213 [main] DEBUG org.hibernate.boot.internal.ClassLoaderAccessImpl - No temp ClassLoader provided; using live ClassLoader for loading potentially unsafe class : modelo.Usuario
2026-02-02 21:09:51.215 [main] DEBUG org.hibernate.boot.model.internal.PropertyBinder - MetadataSourceProcessor property id_usuario with lazy=false
2026-02-02 21:09:51.218 [main] DEBUG org.hibernate.boot.model.internal.AbstractPropertyHolder - Attempting to locate auto-apply AttributeConverter for property [modelo.Usuario:id_usuario]
2026-02-02 21:09:51.222 [main] DEBUG org.hibernate.boot.model.internal.BasicValueBinder - building BasicValue for id_usuario
2026-02-02 21:09:51.225 [main] DEBUG org.hibernate.mapping.BasicValue - Skipping column re-registration: usuario.id_usuario
2026-02-02 21:09:51.226 [main] DEBUG org.hibernate.boot.model.internal.PropertyBinder - Building property id_usuario
2026-02-02 21:09:51.228 [main] DEBUG org.hibernate.boot.model.internal.BinderHelper - #makeIdGenerator(BasicValue([Column(id_usuario)]), id_usuario, identity, , ...)
2026-02-02 21:09:51.229 [main] DEBUG org.hibernate.boot.model.internal.AnnotatedColumn - Binding column: AnnotatedColumn()
2026-02-02 21:09:51.229 [main] DEBUG org.hibernate.boot.model.internal.PropertyBinder - MetadataSourceProcessor property edad with lazy=false
2026-02-02 21:09:51.229 [main] DEBUG org.hibernate.boot.model.internal.AbstractPropertyHolder - Attempting to locate auto-apply AttributeConverter for property [modelo.Usuario:edad]
2026-02-02 21:09:51.229 [main] DEBUG org.hibernate.boot.model.internal.BasicValueBinder - building BasicValue for edad
2026-02-02 21:09:51.229 [main] DEBUG org.hibernate.mapping.BasicValue - Skipping column re-registration: usuario.edad
2026-02-02 21:09:51.229 [main] DEBUG org.hibernate.boot.model.internal.PropertyBinder - Building property edad
2026-02-02 21:09:51.231 [main] DEBUG org.hibernate.boot.model.internal.AnnotatedColumn - Binding column: AnnotatedJoinColumn()
2026-02-02 21:09:51.232 [main] DEBUG org.hibernate.boot.model.internal.AnnotatedColumn - Binding column: AnnotatedColumn()
2026-02-02 21:09:51.235 [main] DEBUG org.hibernate.boot.model.internal.PropertyBinder - Building property estudiante
2026-02-02 21:09:51.235 [main] DEBUG org.hibernate.boot.model.internal.AnnotatedColumn - Binding column: AnnotatedColumn()
2026-02-02 21:09:51.235 [main] DEBUG org.hibernate.boot.model.internal.PropertyBinder - MetadataSourceProcessor property lecturaActiva with lazy=false
2026-02-02 21:09:51.235 [main] DEBUG org.hibernate.boot.model.internal.AbstractPropertyHolder - Attempting to locate auto-apply AttributeConverter for property [modelo.Usuario:lecturaActiva]
2026-02-02 21:09:51.235 [main] DEBUG org.hibernate.boot.model.internal.BasicValueBinder - building BasicValue for lecturaActiva
2026-02-02 21:09:51.235 [main] DEBUG org.hibernate.mapping.BasicValue - Skipping column re-registration: usuario.lecturaActiva
2026-02-02 21:09:51.235 [main] DEBUG org.hibernate.boot.model.internal.PropertyBinder - Building property lecturaActiva
2026-02-02 21:09:51.235 [main] DEBUG org.hibernate.boot.model.internal.AnnotatedColumn - Binding column: AnnotatedColumn()
2026-02-02 21:09:51.235 [main] DEBUG org.hibernate.boot.model.internal.PropertyBinder - MetadataSourceProcessor property nombreCompleto with lazy=false
2026-02-02 21:09:51.237 [main] DEBUG org.hibernate.boot.model.internal.AbstractPropertyHolder - Attempting to locate auto-apply AttributeConverter for property [modelo.Usuario:nombreCompleto]
2026-02-02 21:09:51.237 [main] DEBUG org.hibernate.boot.model.internal.BasicValueBinder - building BasicValue for nombreCompleto
2026-02-02 21:09:51.237 [main] DEBUG org.hibernate.mapping.BasicValue - Skipping column re-registration: usuario.nombreCompleto
2026-02-02 21:09:51.237 [main] DEBUG org.hibernate.boot.model.internal.PropertyBinder - Building property nombreCompleto
2026-02-02 21:09:51.237 [main] DEBUG org.hibernate.boot.model.internal.AnnotatedColumn - Binding column: AnnotatedColumn()
2026-02-02 21:09:51.237 [main] DEBUG org.hibernate.boot.model.internal.PropertyBinder - MetadataSourceProcessor property puntosPorLogro with lazy=false
2026-02-02 21:09:51.237 [main] DEBUG org.hibernate.boot.model.internal.AbstractPropertyHolder - Attempting to locate auto-apply AttributeConverter for property [modelo.Usuario:puntosPorLogro]
2026-02-02 21:09:51.237 [main] DEBUG org.hibernate.boot.model.internal.BasicValueBinder - building BasicValue for puntosPorLogro
2026-02-02 21:09:51.237 [main] DEBUG org.hibernate.mapping.BasicValue - Skipping column re-registration: usuario.puntosPorLogro
2026-02-02 21:09:51.237 [main] DEBUG org.hibernate.boot.model.internal.PropertyBinder - Building property puntosPorLogro
2026-02-02 21:09:51.238 [main] DEBUG org.hibernate.boot.model.internal.AnnotatedColumn - Binding column: AnnotatedColumn()
2026-02-02 21:09:51.238 [main] DEBUG org.hibernate.boot.model.internal.PropertyBinder - MetadataSourceProcessor property rolPrincipal with lazy=false
2026-02-02 21:09:51.238 [main] DEBUG org.hibernate.boot.model.internal.AbstractPropertyHolder - Attempting to locate auto-apply AttributeConverter for property [modelo.Usuario:rolPrincipal]
2026-02-02 21:09:51.238 [main] DEBUG org.hibernate.boot.model.internal.BasicValueBinder - building BasicValue for rolPrincipal
2026-02-02 21:09:51.238 [main] DEBUG org.hibernate.mapping.BasicValue - Skipping column re-registration: usuario.rolPrincipal
2026-02-02 21:09:51.238 [main] DEBUG org.hibernate.boot.model.internal.PropertyBinder - Building property rolPrincipal
2026-02-02 21:09:51.238 [main] DEBUG org.hibernate.boot.model.internal.AnnotatedColumn - Binding column: AnnotatedColumn()
2026-02-02 21:09:51.238 [main] DEBUG org.hibernate.boot.model.internal.PropertyBinder - MetadataSourceProcessor property tipoUsuario with lazy=false
2026-02-02 21:09:51.239 [main] DEBUG org.hibernate.boot.model.internal.AbstractPropertyHolder - Attempting to locate auto-apply AttributeConverter for property [modelo.Usuario:tipoUsuario]
2026-02-02 21:09:51.239 [main] DEBUG org.hibernate.boot.model.internal.BasicValueBinder - building BasicValue for tipoUsuario
2026-02-02 21:09:51.239 [main] DEBUG org.hibernate.mapping.BasicValue - Skipping column re-registration: usuario.tipoUsuario
2026-02-02 21:09:51.239 [main] DEBUG org.hibernate.boot.model.internal.PropertyBinder - Building property tipoUsuario
2026-02-02 21:09:51.240 [main] DEBUG org.hibernate.boot.registry.classloading.internal.ClassLoaderServiceImpl - HHH000194: Package not found or wo package-info.java: modelo
2026-02-02 21:09:51.243 [main] DEBUG org.hibernate.boot.model.internal.EntityBinder - Binding entity from annotated class: modelo.Lectura
2026-02-02 21:09:51.243 [main] DEBUG org.hibernate.boot.model.internal.EntityBinder - Import with entity name Lectura
2026-02-02 21:09:51.245 [main] DEBUG org.hibernate.boot.model.internal.EntityBinder - Bind entity modelo.Lectura on table lectura
2026-02-02 21:09:51.245 [main] DEBUG org.hibernate.boot.model.internal.AnnotatedColumn - Binding column: AnnotatedDiscriminatorColumn(column='DTYPE')
2026-02-02 21:09:51.247 [main] DEBUG org.hibernate.boot.model.internal.AnnotatedColumn - Binding column: AnnotatedColumn()
2026-02-02 21:09:51.247 [main] DEBUG org.hibernate.boot.internal.ClassLoaderAccessImpl - Not known whether passed class name [modelo.Lectura] is safe
2026-02-02 21:09:51.247 [main] DEBUG org.hibernate.boot.internal.ClassLoaderAccessImpl - No temp ClassLoader provided; using live ClassLoader for loading potentially unsafe class : modelo.Lectura
2026-02-02 21:09:51.247 [main] DEBUG org.hibernate.boot.model.internal.PropertyBinder - MetadataSourceProcessor property id_lectura with lazy=false
2026-02-02 21:09:51.247 [main] DEBUG org.hibernate.boot.model.internal.AbstractPropertyHolder - Attempting to locate auto-apply AttributeConverter for property [modelo.Lectura:id_lectura]
2026-02-02 21:09:51.247 [main] DEBUG org.hibernate.boot.model.internal.BasicValueBinder - building BasicValue for id_lectura
2026-02-02 21:09:51.248 [main] DEBUG org.hibernate.mapping.BasicValue - Skipping column re-registration: lectura.id_lectura
2026-02-02 21:09:51.248 [main] DEBUG org.hibernate.boot.model.internal.PropertyBinder - Building property id_lectura
2026-02-02 21:09:51.248 [main] DEBUG org.hibernate.boot.model.internal.BinderHelper - #makeIdGenerator(BasicValue([Column(id_lectura)]), id_lectura, identity, , ...)
2026-02-02 21:09:51.248 [main] DEBUG org.hibernate.boot.model.internal.AnnotatedColumn - Binding column: AnnotatedJoinColumn()
2026-02-02 21:09:51.248 [main] DEBUG org.hibernate.boot.model.internal.AnnotatedColumn - Binding column: AnnotatedColumn()
2026-02-02 21:09:51.256 [main] DEBUG org.hibernate.boot.model.internal.AnnotatedColumn - Binding column: IndexColumn(column='asignaciones_ORDER')
2026-02-02 21:09:51.259 [main] DEBUG org.hibernate.boot.model.internal.AnnotatedColumn - Binding column: AnnotatedColumn()
2026-02-02 21:09:51.260 [main] DEBUG org.hibernate.boot.model.internal.AnnotatedColumn - Binding column: AnnotatedColumn(column='asignaciones_KEY')
2026-02-02 21:09:51.260 [main] DEBUG org.hibernate.boot.model.internal.AnnotatedColumn - Binding column: AnnotatedJoinColumn(column='asignaciones_KEY')
2026-02-02 21:09:51.260 [main] DEBUG org.hibernate.boot.model.internal.AnnotatedColumn - Binding column: AnnotatedJoinColumn()
2026-02-02 21:09:51.261 [main] DEBUG org.hibernate.boot.model.internal.AnnotatedColumn - Binding column: AnnotatedJoinColumn()
2026-02-02 21:09:51.262 [main] DEBUG org.hibernate.boot.model.internal.CollectionBinder - Collection role: modelo.Lectura.asignaciones
2026-02-02 21:09:51.263 [main] DEBUG org.hibernate.boot.model.internal.PropertyBinder - Building property asignaciones
2026-02-02 21:09:51.263 [main] DEBUG org.hibernate.boot.model.internal.AnnotatedColumn - Binding column: AnnotatedColumn()
2026-02-02 21:09:51.263 [main] DEBUG org.hibernate.boot.model.internal.PropertyBinder - MetadataSourceProcessor property autor with lazy=false
2026-02-02 21:09:51.264 [main] DEBUG org.hibernate.boot.model.internal.AbstractPropertyHolder - Attempting to locate auto-apply AttributeConverter for property [modelo.Lectura:autor]
2026-02-02 21:09:51.264 [main] DEBUG org.hibernate.boot.model.internal.BasicValueBinder - building BasicValue for autor
2026-02-02 21:09:51.264 [main] DEBUG org.hibernate.mapping.BasicValue - Skipping column re-registration: lectura.autor
2026-02-02 21:09:51.264 [main] DEBUG org.hibernate.boot.model.internal.PropertyBinder - Building property autor
2026-02-02 21:09:51.264 [main] DEBUG org.hibernate.boot.model.internal.AnnotatedColumn - Binding column: AnnotatedColumn()
2026-02-02 21:09:51.264 [main] DEBUG org.hibernate.boot.model.internal.PropertyBinder - MetadataSourceProcessor property genero with lazy=false
2026-02-02 21:09:51.264 [main] DEBUG org.hibernate.boot.model.internal.AbstractPropertyHolder - Attempting to locate auto-apply AttributeConverter for property [modelo.Lectura:genero]
2026-02-02 21:09:51.264 [main] DEBUG org.hibernate.boot.model.internal.BasicValueBinder - building BasicValue for genero
2026-02-02 21:09:51.264 [main] DEBUG org.hibernate.mapping.BasicValue - Skipping column re-registration: lectura.genero
2026-02-02 21:09:51.264 [main] DEBUG org.hibernate.boot.model.internal.PropertyBinder - Building property genero
2026-02-02 21:09:51.265 [main] DEBUG org.hibernate.boot.model.internal.AnnotatedColumn - Binding column: AnnotatedColumn()
2026-02-02 21:09:51.265 [main] DEBUG org.hibernate.boot.model.internal.PropertyBinder - MetadataSourceProcessor property titulo with lazy=false
2026-02-02 21:09:51.265 [main] DEBUG org.hibernate.boot.model.internal.AbstractPropertyHolder - Attempting to locate auto-apply AttributeConverter for property [modelo.Lectura:titulo]
2026-02-02 21:09:51.265 [main] DEBUG org.hibernate.boot.model.internal.BasicValueBinder - building BasicValue for titulo
2026-02-02 21:09:51.265 [main] DEBUG org.hibernate.mapping.BasicValue - Skipping column re-registration: lectura.titulo
2026-02-02 21:09:51.265 [main] DEBUG org.hibernate.boot.model.internal.PropertyBinder - Building property titulo
2026-02-02 21:09:51.265 [main] DEBUG org.hibernate.boot.registry.classloading.internal.ClassLoaderServiceImpl - HHH000194: Package not found or wo package-info.java: modelo
2026-02-02 21:09:51.265 [main] DEBUG org.hibernate.boot.model.internal.EntityBinder - Binding entity from annotated class: modelo.Asignacion
2026-02-02 21:09:51.265 [main] DEBUG org.hibernate.boot.model.internal.EntityBinder - Import with entity name Asignacion
2026-02-02 21:09:51.267 [main] DEBUG org.hibernate.boot.model.internal.EntityBinder - Bind entity modelo.Asignacion on table asignacion
2026-02-02 21:09:51.267 [main] DEBUG org.hibernate.boot.model.internal.AnnotatedColumn - Binding column: AnnotatedDiscriminatorColumn(column='DTYPE')
2026-02-02 21:09:51.270 [main] DEBUG org.hibernate.boot.model.internal.AnnotatedColumn - Binding column: AnnotatedColumn()
2026-02-02 21:09:51.270 [main] DEBUG org.hibernate.boot.internal.ClassLoaderAccessImpl - Not known whether passed class name [modelo.Asignacion] is safe
2026-02-02 21:09:51.270 [main] DEBUG org.hibernate.boot.internal.ClassLoaderAccessImpl - No temp ClassLoader provided; using live ClassLoader for loading potentially unsafe class : modelo.Asignacion
2026-02-02 21:09:51.270 [main] DEBUG org.hibernate.boot.model.internal.PropertyBinder - MetadataSourceProcessor property id_asignacion with lazy=false
2026-02-02 21:09:51.270 [main] DEBUG org.hibernate.boot.model.internal.AbstractPropertyHolder - Attempting to locate auto-apply AttributeConverter for property [modelo.Asignacion:id_asignacion]
2026-02-02 21:09:51.270 [main] DEBUG org.hibernate.boot.model.internal.BasicValueBinder - building BasicValue for id_asignacion
2026-02-02 21:09:51.270 [main] DEBUG org.hibernate.mapping.BasicValue - Skipping column re-registration: asignacion.id_asignacion
2026-02-02 21:09:51.270 [main] DEBUG org.hibernate.boot.model.internal.PropertyBinder - Building property id_asignacion
2026-02-02 21:09:51.270 [main] DEBUG org.hibernate.boot.model.internal.BinderHelper - #makeIdGenerator(BasicValue([Column(id_asignacion)]), id_asignacion, identity, , ...)
2026-02-02 21:09:51.270 [main] DEBUG org.hibernate.boot.model.internal.AnnotatedColumn - Binding column: AnnotatedColumn()
2026-02-02 21:09:51.270 [main] DEBUG org.hibernate.boot.model.internal.PropertyBinder - MetadataSourceProcessor property codigoClase with lazy=false
2026-02-02 21:09:51.271 [main] DEBUG org.hibernate.boot.model.internal.AbstractPropertyHolder - Attempting to locate auto-apply AttributeConverter for property [modelo.Asignacion:codigoClase]
2026-02-02 21:09:51.271 [main] DEBUG org.hibernate.boot.model.internal.BasicValueBinder - building BasicValue for codigoClase
2026-02-02 21:09:51.271 [main] DEBUG org.hibernate.mapping.BasicValue - Skipping column re-registration: asignacion.codigoClase
2026-02-02 21:09:51.271 [main] DEBUG org.hibernate.boot.model.internal.PropertyBinder - Building property codigoClase
2026-02-02 21:09:51.272 [main] DEBUG org.hibernate.boot.model.internal.AnnotatedColumn - Binding column: AnnotatedJoinColumn(column='id_docente')
2026-02-02 21:09:51.272 [main] DEBUG org.hibernate.boot.model.internal.AnnotatedColumn - Binding column: AnnotatedColumn()
2026-02-02 21:09:51.272 [main] DEBUG org.hibernate.boot.model.internal.PropertyBinder - Building property docente
2026-02-02 21:09:51.272 [main] DEBUG org.hibernate.boot.model.internal.AnnotatedColumn - Binding column: AnnotatedColumn()
2026-02-02 21:09:51.272 [main] DEBUG org.hibernate.boot.model.internal.PropertyBinder - MetadataSourceProcessor property esObligatoria with lazy=false
2026-02-02 21:09:51.273 [main] DEBUG org.hibernate.boot.model.internal.AbstractPropertyHolder - Attempting to locate auto-apply AttributeConverter for property [modelo.Asignacion:esObligatoria]
2026-02-02 21:09:51.273 [main] DEBUG org.hibernate.boot.model.internal.BasicValueBinder - building BasicValue for esObligatoria
2026-02-02 21:09:51.273 [main] DEBUG org.hibernate.mapping.BasicValue - Skipping column re-registration: asignacion.esObligatoria
2026-02-02 21:09:51.273 [main] DEBUG org.hibernate.boot.model.internal.PropertyBinder - Building property esObligatoria
2026-02-02 21:09:51.273 [main] DEBUG org.hibernate.boot.model.internal.AnnotatedColumn - Binding column: AnnotatedJoinColumn(column='id_lectura')
2026-02-02 21:09:51.273 [main] DEBUG org.hibernate.boot.model.internal.AnnotatedColumn - Binding column: AnnotatedColumn()
2026-02-02 21:09:51.274 [main] DEBUG org.hibernate.boot.model.internal.PropertyBinder - Building property lectura
2026-02-02 21:09:51.274 [main] DEBUG org.hibernate.boot.model.internal.AnnotatedColumn - Binding column: AnnotatedColumn()
2026-02-02 21:09:51.274 [main] DEBUG org.hibernate.boot.model.internal.PropertyBinder - MetadataSourceProcessor property tituloAsignacion with lazy=false
2026-02-02 21:09:51.274 [main] DEBUG org.hibernate.boot.model.internal.AbstractPropertyHolder - Attempting to locate auto-apply AttributeConverter for property [modelo.Asignacion:tituloAsignacion]
2026-02-02 21:09:51.274 [main] DEBUG org.hibernate.boot.model.internal.BasicValueBinder - building BasicValue for tituloAsignacion
2026-02-02 21:09:51.274 [main] DEBUG org.hibernate.mapping.BasicValue - Skipping column re-registration: asignacion.tituloAsignacion
2026-02-02 21:09:51.274 [main] DEBUG org.hibernate.boot.model.internal.PropertyBinder - Building property tituloAsignacion
2026-02-02 21:09:51.274 [main] DEBUG org.hibernate.boot.model.internal.AnnotatedColumn - Binding column: AnnotatedColumn()
2026-02-02 21:09:51.274 [main] DEBUG org.hibernate.boot.model.internal.PropertyBinder - MetadataSourceProcessor property totalAlumnos with lazy=false
2026-02-02 21:09:51.274 [main] DEBUG org.hibernate.boot.model.internal.AbstractPropertyHolder - Attempting to locate auto-apply AttributeConverter for property [modelo.Asignacion:totalAlumnos]
2026-02-02 21:09:51.274 [main] DEBUG org.hibernate.boot.model.internal.BasicValueBinder - building BasicValue for totalAlumnos
2026-02-02 21:09:51.274 [main] DEBUG org.hibernate.mapping.BasicValue - Skipping column re-registration: asignacion.totalAlumnos
2026-02-02 21:09:51.274 [main] DEBUG org.hibernate.boot.model.internal.PropertyBinder - Building property totalAlumnos
2026-02-02 21:09:51.274 [main] DEBUG org.hibernate.boot.registry.classloading.internal.ClassLoaderServiceImpl - HHH000194: Package not found or wo package-info.java: modelo
2026-02-02 21:09:51.275 [main] DEBUG org.hibernate.boot.model.internal.EntityBinder - Binding entity from annotated class: modelo.Docente
2026-02-02 21:09:51.275 [main] DEBUG org.hibernate.boot.model.internal.EntityBinder - Import with entity name Docente
2026-02-02 21:09:51.275 [main] DEBUG org.hibernate.boot.model.internal.EntityBinder - Bind entity modelo.Docente on table docente
2026-02-02 21:09:51.276 [main] DEBUG org.hibernate.boot.model.internal.AnnotatedColumn - Binding column: AnnotatedDiscriminatorColumn(column='DTYPE')
2026-02-02 21:09:51.276 [main] DEBUG org.hibernate.boot.model.internal.AnnotatedColumn - Binding column: AnnotatedColumn()
2026-02-02 21:09:51.276 [main] DEBUG org.hibernate.boot.internal.ClassLoaderAccessImpl - Not known whether passed class name [modelo.Docente] is safe
2026-02-02 21:09:51.276 [main] DEBUG org.hibernate.boot.internal.ClassLoaderAccessImpl - No temp ClassLoader provided; using live ClassLoader for loading potentially unsafe class : modelo.Docente
2026-02-02 21:09:51.276 [main] DEBUG org.hibernate.boot.model.internal.PropertyBinder - MetadataSourceProcessor property id_docente with lazy=false
2026-02-02 21:09:51.276 [main] DEBUG org.hibernate.boot.model.internal.AbstractPropertyHolder - Attempting to locate auto-apply AttributeConverter for property [modelo.Docente:id_docente]
2026-02-02 21:09:51.276 [main] DEBUG org.hibernate.boot.model.internal.BasicValueBinder - building BasicValue for id_docente
2026-02-02 21:09:51.276 [main] DEBUG org.hibernate.mapping.BasicValue - Skipping column re-registration: docente.id_docente
2026-02-02 21:09:51.276 [main] DEBUG org.hibernate.boot.model.internal.PropertyBinder - Building property id_docente
2026-02-02 21:09:51.276 [main] DEBUG org.hibernate.boot.model.internal.BinderHelper - #makeIdGenerator(BasicValue([Column(id_docente)]), id_docente, identity, , ...)
2026-02-02 21:09:51.277 [main] DEBUG org.hibernate.boot.model.internal.AnnotatedColumn - Binding column: AnnotatedColumn()
2026-02-02 21:09:51.277 [main] DEBUG org.hibernate.boot.model.internal.PropertyBinder - MetadataSourceProcessor property edad with lazy=false
2026-02-02 21:09:51.277 [main] DEBUG org.hibernate.boot.model.internal.AbstractPropertyHolder - Attempting to locate auto-apply AttributeConverter for property [modelo.Docente:edad]
2026-02-02 21:09:51.277 [main] DEBUG org.hibernate.boot.model.internal.BasicValueBinder - building BasicValue for edad
2026-02-02 21:09:51.277 [main] DEBUG org.hibernate.mapping.BasicValue - Skipping column re-registration: docente.edad
2026-02-02 21:09:51.277 [main] DEBUG org.hibernate.boot.model.internal.PropertyBinder - Building property edad
2026-02-02 21:09:51.277 [main] DEBUG org.hibernate.boot.model.internal.AnnotatedColumn - Binding column: AnnotatedColumn()
2026-02-02 21:09:51.277 [main] DEBUG org.hibernate.boot.model.internal.PropertyBinder - MetadataSourceProcessor property especialidad with lazy=false
2026-02-02 21:09:51.277 [main] DEBUG org.hibernate.boot.model.internal.AbstractPropertyHolder - Attempting to locate auto-apply AttributeConverter for property [modelo.Docente:especialidad]
2026-02-02 21:09:51.277 [main] DEBUG org.hibernate.boot.model.internal.BasicValueBinder - building BasicValue for especialidad
2026-02-02 21:09:51.277 [main] DEBUG org.hibernate.mapping.BasicValue - Skipping column re-registration: docente.especialidad
2026-02-02 21:09:51.277 [main] DEBUG org.hibernate.boot.model.internal.PropertyBinder - Building property especialidad
2026-02-02 21:09:51.277 [main] DEBUG org.hibernate.boot.model.internal.AnnotatedColumn - Binding column: AnnotatedColumn()
2026-02-02 21:09:51.278 [main] DEBUG org.hibernate.boot.model.internal.PropertyBinder - MetadataSourceProcessor property nombre with lazy=false
2026-02-02 21:09:51.278 [main] DEBUG org.hibernate.boot.model.internal.AbstractPropertyHolder - Attempting to locate auto-apply AttributeConverter for property [modelo.Docente:nombre]
2026-02-02 21:09:51.278 [main] DEBUG org.hibernate.boot.model.internal.BasicValueBinder - building BasicValue for nombre
2026-02-02 21:09:51.278 [main] DEBUG org.hibernate.mapping.BasicValue - Skipping column re-registration: docente.nombre
2026-02-02 21:09:51.278 [main] DEBUG org.hibernate.boot.model.internal.PropertyBinder - Building property nombre
2026-02-02 21:09:51.278 [main] DEBUG org.hibernate.boot.registry.classloading.internal.ClassLoaderServiceImpl - HHH000194: Package not found or wo package-info.java: modelo
2026-02-02 21:09:51.278 [main] DEBUG org.hibernate.boot.model.internal.EntityBinder - Binding entity from annotated class: modelo.Logro
2026-02-02 21:09:51.278 [main] DEBUG org.hibernate.boot.model.internal.EntityBinder - Import with entity name Logro
2026-02-02 21:09:51.279 [main] DEBUG org.hibernate.boot.model.internal.EntityBinder - Bind entity modelo.Logro on table logro
2026-02-02 21:09:51.279 [main] DEBUG org.hibernate.boot.model.internal.AnnotatedColumn - Binding column: AnnotatedDiscriminatorColumn(column='DTYPE')
2026-02-02 21:09:51.280 [main] DEBUG org.hibernate.boot.model.internal.AnnotatedColumn - Binding column: AnnotatedColumn()
2026-02-02 21:09:51.280 [main] DEBUG org.hibernate.boot.internal.ClassLoaderAccessImpl - Not known whether passed class name [modelo.Logro] is safe
2026-02-02 21:09:51.280 [main] DEBUG org.hibernate.boot.internal.ClassLoaderAccessImpl - No temp ClassLoader provided; using live ClassLoader for loading potentially unsafe class : modelo.Logro
2026-02-02 21:09:51.280 [main] DEBUG org.hibernate.boot.model.internal.PropertyBinder - MetadataSourceProcessor property id_logro with lazy=false
2026-02-02 21:09:51.280 [main] DEBUG org.hibernate.boot.model.internal.AbstractPropertyHolder - Attempting to locate auto-apply AttributeConverter for property [modelo.Logro:id_logro]
2026-02-02 21:09:51.280 [main] DEBUG org.hibernate.boot.model.internal.BasicValueBinder - building BasicValue for id_logro
2026-02-02 21:09:51.280 [main] DEBUG org.hibernate.mapping.BasicValue - Skipping column re-registration: logro.id_logro
2026-02-02 21:09:51.280 [main] DEBUG org.hibernate.boot.model.internal.PropertyBinder - Building property id_logro
2026-02-02 21:09:51.281 [main] DEBUG org.hibernate.boot.model.internal.BinderHelper - #makeIdGenerator(BasicValue([Column(id_logro)]), id_logro, identity, , ...)
2026-02-02 21:09:51.281 [main] DEBUG org.hibernate.boot.model.internal.AnnotatedColumn - Binding column: AnnotatedColumn()
2026-02-02 21:09:51.281 [main] DEBUG org.hibernate.boot.model.internal.PropertyBinder - MetadataSourceProcessor property descripcion with lazy=false
2026-02-02 21:09:51.281 [main] DEBUG org.hibernate.boot.model.internal.AbstractPropertyHolder - Attempting to locate auto-apply AttributeConverter for property [modelo.Logro:descripcion]
2026-02-02 21:09:51.281 [main] DEBUG org.hibernate.boot.model.internal.BasicValueBinder - building BasicValue for descripcion
2026-02-02 21:09:51.281 [main] DEBUG org.hibernate.mapping.BasicValue - Skipping column re-registration: logro.descripcion
2026-02-02 21:09:51.281 [main] DEBUG org.hibernate.boot.model.internal.PropertyBinder - Building property descripcion
2026-02-02 21:09:51.282 [main] DEBUG org.hibernate.boot.model.internal.AnnotatedColumn - Binding column: IndexColumn(column='estudiantes_ORDER')
2026-02-02 21:09:51.282 [main] DEBUG org.hibernate.boot.model.internal.AnnotatedColumn - Binding column: AnnotatedColumn()
2026-02-02 21:09:51.282 [main] DEBUG org.hibernate.boot.model.internal.AnnotatedColumn - Binding column: AnnotatedColumn(column='estudiantes_KEY')
2026-02-02 21:09:51.282 [main] DEBUG org.hibernate.boot.model.internal.AnnotatedColumn - Binding column: AnnotatedJoinColumn(column='estudiantes_KEY')
2026-02-02 21:09:51.282 [main] DEBUG org.hibernate.boot.model.internal.AnnotatedColumn - Binding column: AnnotatedJoinColumn()
2026-02-02 21:09:51.283 [main] DEBUG org.hibernate.boot.model.internal.AnnotatedColumn - Binding column: AnnotatedJoinColumn()
2026-02-02 21:09:51.283 [main] DEBUG org.hibernate.boot.model.internal.CollectionBinder - Collection role: modelo.Logro.estudiantes
2026-02-02 21:09:51.283 [main] DEBUG org.hibernate.boot.model.internal.PropertyBinder - Building property estudiantes
2026-02-02 21:09:51.283 [main] DEBUG org.hibernate.boot.model.internal.AnnotatedColumn - Binding column: AnnotatedColumn()
2026-02-02 21:09:51.283 [main] DEBUG org.hibernate.boot.model.internal.PropertyBinder - MetadataSourceProcessor property nombreLogro with lazy=false
2026-02-02 21:09:51.283 [main] DEBUG org.hibernate.boot.model.internal.AbstractPropertyHolder - Attempting to locate auto-apply AttributeConverter for property [modelo.Logro:nombreLogro]
2026-02-02 21:09:51.283 [main] DEBUG org.hibernate.boot.model.internal.BasicValueBinder - building BasicValue for nombreLogro
2026-02-02 21:09:51.283 [main] DEBUG org.hibernate.mapping.BasicValue - Skipping column re-registration: logro.nombreLogro
2026-02-02 21:09:51.283 [main] DEBUG org.hibernate.boot.model.internal.PropertyBinder - Building property nombreLogro
2026-02-02 21:09:51.285 [main] DEBUG org.hibernate.boot.registry.classloading.internal.ClassLoaderServiceImpl - HHH000194: Package not found or wo package-info.java: modelo
2026-02-02 21:09:51.285 [main] DEBUG org.hibernate.boot.model.internal.EntityBinder - Binding entity from annotated class: modelo.Estudiante
2026-02-02 21:09:51.285 [main] DEBUG org.hibernate.boot.model.internal.EntityBinder - Import with entity name Estudiante
2026-02-02 21:09:51.285 [main] DEBUG org.hibernate.boot.model.internal.EntityBinder - Bind entity modelo.Estudiante on table estudiante
2026-02-02 21:09:51.285 [main] DEBUG org.hibernate.boot.model.internal.AnnotatedColumn - Binding column: AnnotatedDiscriminatorColumn(column='DTYPE')
2026-02-02 21:09:51.286 [main] DEBUG org.hibernate.boot.model.internal.AnnotatedColumn - Binding column: AnnotatedColumn()
2026-02-02 21:09:51.286 [main] DEBUG org.hibernate.boot.internal.ClassLoaderAccessImpl - Not known whether passed class name [modelo.Estudiante] is safe
2026-02-02 21:09:51.286 [main] DEBUG org.hibernate.boot.internal.ClassLoaderAccessImpl - No temp ClassLoader provided; using live ClassLoader for loading potentially unsafe class : modelo.Estudiante
2026-02-02 21:09:51.286 [main] DEBUG org.hibernate.boot.model.internal.PropertyBinder - MetadataSourceProcessor property id_estudiante with lazy=false
2026-02-02 21:09:51.286 [main] DEBUG org.hibernate.boot.model.internal.AbstractPropertyHolder - Attempting to locate auto-apply AttributeConverter for property [modelo.Estudiante:id_estudiante]
2026-02-02 21:09:51.286 [main] DEBUG org.hibernate.boot.model.internal.BasicValueBinder - building BasicValue for id_estudiante
2026-02-02 21:09:51.286 [main] DEBUG org.hibernate.mapping.BasicValue - Skipping column re-registration: estudiante.id_estudiante
2026-02-02 21:09:51.286 [main] DEBUG org.hibernate.boot.model.internal.PropertyBinder - Building property id_estudiante
2026-02-02 21:09:51.286 [main] DEBUG org.hibernate.boot.model.internal.BinderHelper - #makeIdGenerator(BasicValue([Column(id_estudiante)]), id_estudiante, identity, , ...)
2026-02-02 21:09:51.286 [main] DEBUG org.hibernate.boot.model.internal.AnnotatedColumn - Binding column: IndexColumn(column='logros_ORDER')
2026-02-02 21:09:51.287 [main] DEBUG org.hibernate.boot.model.internal.AnnotatedColumn - Binding column: AnnotatedColumn()
2026-02-02 21:09:51.287 [main] DEBUG org.hibernate.boot.model.internal.AnnotatedColumn - Binding column: AnnotatedColumn(column='logros_KEY')
2026-02-02 21:09:51.287 [main] DEBUG org.hibernate.boot.model.internal.AnnotatedColumn - Binding column: AnnotatedJoinColumn(column='logros_KEY')
2026-02-02 21:09:51.287 [main] DEBUG org.hibernate.boot.model.internal.AnnotatedColumn - Binding column: AnnotatedJoinColumn()
2026-02-02 21:09:51.287 [main] DEBUG org.hibernate.boot.model.internal.AnnotatedColumn - Binding column: AnnotatedJoinColumn()
2026-02-02 21:09:51.287 [main] DEBUG org.hibernate.boot.model.internal.CollectionBinder - Collection role: modelo.Estudiante.logros
2026-02-02 21:09:51.287 [main] DEBUG org.hibernate.boot.model.internal.PropertyBinder - Building property logros
2026-02-02 21:09:51.288 [main] DEBUG org.hibernate.boot.model.internal.AnnotatedColumn - Binding column: AnnotatedColumn()
2026-02-02 21:09:51.288 [main] DEBUG org.hibernate.boot.model.internal.PropertyBinder - MetadataSourceProcessor property nivelActual with lazy=false
2026-02-02 21:09:51.288 [main] DEBUG org.hibernate.boot.model.internal.AbstractPropertyHolder - Attempting to locate auto-apply AttributeConverter for property [modelo.Estudiante:nivelActual]
2026-02-02 21:09:51.288 [main] DEBUG org.hibernate.boot.model.internal.BasicValueBinder - building BasicValue for nivelActual
2026-02-02 21:09:51.288 [main] DEBUG org.hibernate.mapping.BasicValue - Skipping column re-registration: estudiante.nivelActual
2026-02-02 21:09:51.288 [main] DEBUG org.hibernate.boot.model.internal.PropertyBinder - Building property nivelActual
2026-02-02 21:09:51.288 [main] DEBUG org.hibernate.boot.model.internal.AnnotatedColumn - Binding column: AnnotatedColumn()
2026-02-02 21:09:51.288 [main] DEBUG org.hibernate.boot.model.internal.PropertyBinder - MetadataSourceProcessor property puntosXP with lazy=false
2026-02-02 21:09:51.289 [main] DEBUG org.hibernate.boot.model.internal.AbstractPropertyHolder - Attempting to locate auto-apply AttributeConverter for property [modelo.Estudiante:puntosXP]
2026-02-02 21:09:51.289 [main] DEBUG org.hibernate.boot.model.internal.BasicValueBinder - building BasicValue for puntosXP
2026-02-02 21:09:51.289 [main] DEBUG org.hibernate.mapping.BasicValue - Skipping column re-registration: estudiante.puntosXP
2026-02-02 21:09:51.289 [main] DEBUG org.hibernate.boot.model.internal.PropertyBinder - Building property puntosXP
2026-02-02 21:09:51.289 [main] DEBUG org.hibernate.boot.model.internal.AnnotatedColumn - Binding column: AnnotatedJoinColumn(column='id_usuario')
2026-02-02 21:09:51.289 [main] DEBUG org.hibernate.boot.model.internal.AnnotatedColumn - Binding column: AnnotatedColumn()
2026-02-02 21:09:51.289 [main] DEBUG org.hibernate.boot.model.internal.PropertyBinder - Building property usuario
2026-02-02 21:09:51.289 [main] DEBUG org.hibernate.boot.registry.classloading.internal.ClassLoaderServiceImpl - HHH000194: Package not found or wo package-info.java: modelo
2026-02-02 21:09:51.290 [main] DEBUG org.hibernate.boot.model.internal.BasicValueBinder - Starting `BasicValueBinder#fillSimpleValue` for id_usuario
2026-02-02 21:09:51.291 [main] DEBUG org.hibernate.boot.model.internal.BasicValueBinder - Starting `BasicValueBinder#fillSimpleValue` for edad
2026-02-02 21:09:51.291 [main] DEBUG org.hibernate.boot.model.internal.BasicValueBinder - Starting `BasicValueBinder#fillSimpleValue` for lecturaActiva
2026-02-02 21:09:51.291 [main] DEBUG org.hibernate.boot.model.internal.BasicValueBinder - Starting `BasicValueBinder#fillSimpleValue` for nombreCompleto
2026-02-02 21:09:51.291 [main] DEBUG org.hibernate.boot.model.internal.BasicValueBinder - Starting `BasicValueBinder#fillSimpleValue` for puntosPorLogro
2026-02-02 21:09:51.291 [main] DEBUG org.hibernate.boot.model.internal.BasicValueBinder - Starting `BasicValueBinder#fillSimpleValue` for rolPrincipal
2026-02-02 21:09:51.292 [main] DEBUG org.hibernate.boot.model.internal.BasicValueBinder - Starting `BasicValueBinder#fillSimpleValue` for tipoUsuario
2026-02-02 21:09:51.292 [main] DEBUG org.hibernate.boot.model.internal.BasicValueBinder - Starting `BasicValueBinder#fillSimpleValue` for id_lectura
2026-02-02 21:09:51.292 [main] DEBUG org.hibernate.boot.model.internal.BasicValueBinder - Starting `BasicValueBinder#fillSimpleValue` for autor
2026-02-02 21:09:51.292 [main] DEBUG org.hibernate.boot.model.internal.BasicValueBinder - Starting `BasicValueBinder#fillSimpleValue` for genero
2026-02-02 21:09:51.293 [main] DEBUG org.hibernate.boot.model.internal.BasicValueBinder - Starting `BasicValueBinder#fillSimpleValue` for titulo
2026-02-02 21:09:51.293 [main] DEBUG org.hibernate.boot.model.internal.BasicValueBinder - Starting `BasicValueBinder#fillSimpleValue` for id_asignacion
2026-02-02 21:09:51.293 [main] DEBUG org.hibernate.boot.model.internal.BasicValueBinder - Starting `BasicValueBinder#fillSimpleValue` for codigoClase
2026-02-02 21:09:51.293 [main] DEBUG org.hibernate.boot.model.internal.BasicValueBinder - Starting `BasicValueBinder#fillSimpleValue` for esObligatoria
2026-02-02 21:09:51.293 [main] DEBUG org.hibernate.boot.model.internal.BasicValueBinder - Starting `BasicValueBinder#fillSimpleValue` for tituloAsignacion
2026-02-02 21:09:51.293 [main] DEBUG org.hibernate.boot.model.internal.BasicValueBinder - Starting `BasicValueBinder#fillSimpleValue` for totalAlumnos
2026-02-02 21:09:51.293 [main] DEBUG org.hibernate.boot.model.internal.BasicValueBinder - Starting `BasicValueBinder#fillSimpleValue` for id_docente
2026-02-02 21:09:51.293 [main] DEBUG org.hibernate.boot.model.internal.BasicValueBinder - Starting `BasicValueBinder#fillSimpleValue` for edad
2026-02-02 21:09:51.293 [main] DEBUG org.hibernate.boot.model.internal.BasicValueBinder - Starting `BasicValueBinder#fillSimpleValue` for especialidad
2026-02-02 21:09:51.293 [main] DEBUG org.hibernate.boot.model.internal.BasicValueBinder - Starting `BasicValueBinder#fillSimpleValue` for nombre
2026-02-02 21:09:51.293 [main] DEBUG org.hibernate.boot.model.internal.BasicValueBinder - Starting `BasicValueBinder#fillSimpleValue` for id_logro
2026-02-02 21:09:51.293 [main] DEBUG org.hibernate.boot.model.internal.BasicValueBinder - Starting `BasicValueBinder#fillSimpleValue` for descripcion
2026-02-02 21:09:51.293 [main] DEBUG org.hibernate.boot.model.internal.BasicValueBinder - Starting `BasicValueBinder#fillSimpleValue` for nombreLogro
2026-02-02 21:09:51.293 [main] DEBUG org.hibernate.boot.model.internal.BasicValueBinder - Starting `BasicValueBinder#fillSimpleValue` for id_estudiante
2026-02-02 21:09:51.293 [main] DEBUG org.hibernate.boot.model.internal.BasicValueBinder - Starting `BasicValueBinder#fillSimpleValue` for nivelActual
2026-02-02 21:09:51.293 [main] DEBUG org.hibernate.boot.model.internal.BasicValueBinder - Starting `BasicValueBinder#fillSimpleValue` for puntosXP
2026-02-02 21:09:51.298 [main] DEBUG org.hibernate.mapping.PrimaryKey - Forcing column [id_usuario] to be non-null as it is part of the primary key for table [usuario]
2026-02-02 21:09:51.298 [main] DEBUG org.hibernate.mapping.PrimaryKey - Forcing column [id_lectura] to be non-null as it is part of the primary key for table [lectura]
2026-02-02 21:09:51.298 [main] DEBUG org.hibernate.mapping.PrimaryKey - Forcing column [id_asignacion] to be non-null as it is part of the primary key for table [asignacion]
2026-02-02 21:09:51.298 [main] DEBUG org.hibernate.mapping.PrimaryKey - Forcing column [id_docente] to be non-null as it is part of the primary key for table [docente]
2026-02-02 21:09:51.298 [main] DEBUG org.hibernate.mapping.PrimaryKey - Forcing column [id_logro] to be non-null as it is part of the primary key for table [logro]
2026-02-02 21:09:51.298 [main] DEBUG org.hibernate.mapping.PrimaryKey - Forcing column [id_estudiante] to be non-null as it is part of the primary key for table [estudiante]
2026-02-02 21:09:51.298 [main] DEBUG org.hibernate.boot.model.internal.CollectionSecondPass - Second pass for collection: modelo.Logro.estudiantes
2026-02-02 21:09:51.298 [main] DEBUG org.hibernate.boot.model.internal.CollectionBinder - Binding a ManyToMany: modelo.Logro.estudiantes
2026-02-02 21:09:51.301 [main] DEBUG org.hibernate.boot.registry.classloading.internal.ClassLoaderServiceImpl - HHH000194: Package not found or wo package-info.java: modelo
2026-02-02 21:09:51.305 [main] DEBUG org.hibernate.mapping.PrimaryKey - Forcing column [logro_id_logro] to be non-null as it is part of the primary key for table [logro_estudiante]
2026-02-02 21:09:51.305 [main] DEBUG org.hibernate.mapping.PrimaryKey - Forcing column [estudiantes_id_estudiante] to be non-null as it is part of the primary key for table [logro_estudiante]
2026-02-02 21:09:51.305 [main] DEBUG org.hibernate.boot.model.internal.CollectionSecondPass - Mapped collection key: Logro_id_logro, element: estudiantes_id_estudiante
2026-02-02 21:09:51.307 [main] DEBUG org.hibernate.boot.model.internal.CollectionSecondPass - Second pass for collection: modelo.Lectura.asignaciones
2026-02-02 21:09:51.307 [main] DEBUG org.hibernate.boot.model.internal.CollectionBinder - Binding a OneToMany: modelo.Lectura.asignaciones through a foreign key
2026-02-02 21:09:51.307 [main] DEBUG org.hibernate.boot.model.internal.CollectionBinder - Mapping collection: modelo.Lectura.asignaciones -> asignacion
2026-02-02 21:09:51.308 [main] DEBUG org.hibernate.boot.model.internal.TableBinder - Retrieving property modelo.Asignacion.lectura
2026-02-02 21:09:51.308 [main] DEBUG org.hibernate.boot.model.internal.CollectionSecondPass - Mapped collection key: id_lectura, one-to-many: modelo.Asignacion
2026-02-02 21:09:51.308 [main] DEBUG org.hibernate.boot.model.internal.CollectionSecondPass - Second pass for collection: modelo.Estudiante.logros
2026-02-02 21:14:20.585 [main] DEBUG org.jboss.logging - Logging Provider: org.jboss.logging.Log4j2LoggerProvider
2026-02-02 21:14:20.597 [main] DEBUG org.hibernate.integrator.internal.IntegratorServiceImpl - Adding Integrator [org.hibernate.boot.beanvalidation.BeanValidationIntegrator].
2026-02-02 21:14:20.600 [main] DEBUG org.hibernate.integrator.internal.IntegratorServiceImpl - Adding Integrator [org.hibernate.cache.internal.CollectionCacheInvalidator].
2026-02-02 21:14:20.618 [main] INFO  org.hibernate.Version - HHH000412: Hibernate ORM core version 6.4.4.Final
2026-02-02 21:14:20.619 [main] DEBUG org.hibernate.cfg.Environment - HHH000206: 'hibernate.properties' not found
2026-02-02 21:14:20.641 [main] DEBUG org.hibernate.boot.jaxb.internal.stax.LocalXmlResourceResolver - Checking public/system identifiers `-//Hibernate/Hibernate Configuration DTD 3.0//EN`/`https://hibernate.org/dtd/hibernate-configuration-3.0.dtd` as DTD references
2026-02-02 21:14:20.646 [main] DEBUG org.hibernate.boot.cfgxml.internal.JaxbCfgProcessor - cfg.xml document did not define namespaces; wrapping in custom event reader to introduce namespace information
2026-02-02 21:14:20.797 [main] DEBUG org.hibernate.orm.idgen.factory - Ignoring CDI for resolving IdentifierGenerator instances as extended or delayed CDI support was enabled
2026-02-02 21:14:20.800 [main] DEBUG org.hibernate.orm.idgen.factory - Registering IdentifierGenerator strategy [uuid2] -> [org.hibernate.id.UUIDGenerator]
2026-02-02 21:14:20.800 [main] DEBUG org.hibernate.orm.idgen.factory - Registering IdentifierGenerator strategy [guid] -> [org.hibernate.id.GUIDGenerator]
2026-02-02 21:14:20.802 [main] DEBUG org.hibernate.orm.idgen.factory - Registering IdentifierGenerator strategy [uuid] -> [org.hibernate.id.UUIDHexGenerator]
2026-02-02 21:14:20.802 [main] DEBUG org.hibernate.orm.idgen.factory - Registering IdentifierGenerator strategy [uuid.hex] -> [org.hibernate.id.UUIDHexGenerator]
2026-02-02 21:14:20.802 [main] DEBUG org.hibernate.orm.idgen.factory - Registering IdentifierGenerator strategy [assigned] -> [org.hibernate.id.Assigned]
2026-02-02 21:14:20.803 [main] DEBUG org.hibernate.orm.idgen.factory - Registering IdentifierGenerator strategy [identity] -> [org.hibernate.id.IdentityGenerator]
2026-02-02 21:14:20.803 [main] DEBUG org.hibernate.orm.idgen.factory - Registering IdentifierGenerator strategy [select] -> [org.hibernate.id.SelectGenerator]
2026-02-02 21:14:20.804 [main] DEBUG org.hibernate.orm.idgen.factory - Registering IdentifierGenerator strategy [sequence] -> [org.hibernate.id.enhanced.SequenceStyleGenerator]
2026-02-02 21:14:20.804 [main] DEBUG org.hibernate.orm.idgen.factory - Registering IdentifierGenerator strategy [increment] -> [org.hibernate.id.IncrementGenerator]
2026-02-02 21:14:20.805 [main] DEBUG org.hibernate.orm.idgen.factory - Registering IdentifierGenerator strategy [foreign] -> [org.hibernate.id.ForeignGenerator]
2026-02-02 21:14:20.805 [main] DEBUG org.hibernate.orm.idgen.factory - Registering IdentifierGenerator strategy [enhanced-sequence] -> [org.hibernate.id.enhanced.SequenceStyleGenerator]
2026-02-02 21:14:20.805 [main] DEBUG org.hibernate.orm.idgen.factory - Registering IdentifierGenerator strategy [enhanced-table] -> [org.hibernate.id.enhanced.TableGenerator]
2026-02-02 21:14:20.812 [main] DEBUG org.hibernate.cache.internal.RegionFactoryInitiator - Cannot default RegionFactory based on registered strategies as `[]` RegionFactory strategies were registered
2026-02-02 21:14:20.812 [main] INFO  org.hibernate.cache.internal.RegionFactoryInitiator - HHH000026: Second-level cache disabled
2026-02-02 21:14:20.879 [main] DEBUG org.hibernate.type.BasicTypeRegistry - Adding type registration boolean -> org.hibernate.type.BasicTypeReference@2ca47471
2026-02-02 21:14:20.879 [main] DEBUG org.hibernate.type.BasicTypeRegistry - Adding type registration boolean -> org.hibernate.type.BasicTypeReference@2ca47471
2026-02-02 21:14:20.879 [main] DEBUG org.hibernate.type.BasicTypeRegistry - Adding type registration java.lang.Boolean -> org.hibernate.type.BasicTypeReference@2ca47471
2026-02-02 21:14:20.879 [main] DEBUG org.hibernate.type.BasicTypeRegistry - Adding type registration numeric_boolean -> org.hibernate.type.BasicTypeReference@5a021cb9
2026-02-02 21:14:20.879 [main] DEBUG org.hibernate.type.BasicTypeRegistry - Adding type registration org.hibernate.type.NumericBooleanConverter -> org.hibernate.type.BasicTypeReference@5a021cb9
2026-02-02 21:14:20.879 [main] DEBUG org.hibernate.type.BasicTypeRegistry - Adding type registration true_false -> org.hibernate.type.BasicTypeReference@51768776
2026-02-02 21:14:20.879 [main] DEBUG org.hibernate.type.BasicTypeRegistry - Adding type registration org.hibernate.type.TrueFalseConverter -> org.hibernate.type.BasicTypeReference@51768776
2026-02-02 21:14:20.879 [main] DEBUG org.hibernate.type.BasicTypeRegistry - Adding type registration yes_no -> org.hibernate.type.BasicTypeReference@f31c0c6
2026-02-02 21:14:20.879 [main] DEBUG org.hibernate.type.BasicTypeRegistry - Adding type registration org.hibernate.type.YesNoConverter -> org.hibernate.type.BasicTypeReference@f31c0c6
2026-02-02 21:14:20.880 [main] DEBUG org.hibernate.type.BasicTypeRegistry - Adding type registration byte -> org.hibernate.type.BasicTypeReference@b93aad
2026-02-02 21:14:20.880 [main] DEBUG org.hibernate.type.BasicTypeRegistry - Adding type registration byte -> org.hibernate.type.BasicTypeReference@b93aad
2026-02-02 21:14:20.880 [main] DEBUG org.hibernate.type.BasicTypeRegistry - Adding type registration java.lang.Byte -> org.hibernate.type.BasicTypeReference@b93aad
2026-02-02 21:14:20.880 [main] DEBUG org.hibernate.type.BasicTypeRegistry - Adding type registration binary -> org.hibernate.type.BasicTypeReference@4a9419d7
2026-02-02 21:14:20.880 [main] DEBUG org.hibernate.type.BasicTypeRegistry - Adding type registration byte[] -> org.hibernate.type.BasicTypeReference@4a9419d7
2026-02-02 21:14:20.880 [main] DEBUG org.hibernate.type.BasicTypeRegistry - Adding type registration [B -> org.hibernate.type.BasicTypeReference@4a9419d7
2026-02-02 21:14:20.880 [main] DEBUG org.hibernate.type.BasicTypeRegistry - Adding type registration binary_wrapper -> org.hibernate.type.BasicTypeReference@2f3c6ac4
2026-02-02 21:14:20.880 [main] DEBUG org.hibernate.type.BasicTypeRegistry - Adding type registration wrapper-binary -> org.hibernate.type.BasicTypeReference@2f3c6ac4
2026-02-02 21:14:20.880 [main] DEBUG org.hibernate.type.BasicTypeRegistry - Adding type registration image -> org.hibernate.type.BasicTypeReference@2e8ab815
2026-02-02 21:14:20.880 [main] DEBUG org.hibernate.type.BasicTypeRegistry - Adding type registration blob -> org.hibernate.type.BasicTypeReference@67af833b
2026-02-02 21:14:20.880 [main] DEBUG org.hibernate.type.BasicTypeRegistry - Adding type registration java.sql.Blob -> org.hibernate.type.BasicTypeReference@67af833b
2026-02-02 21:14:20.882 [main] DEBUG org.hibernate.type.BasicTypeRegistry - Adding type registration materialized_blob -> org.hibernate.type.BasicTypeReference@d1f74b8
2026-02-02 21:14:20.882 [main] DEBUG org.hibernate.type.BasicTypeRegistry - Adding type registration materialized_blob_wrapper -> org.hibernate.type.BasicTypeReference@41394595
2026-02-02 21:14:20.882 [main] DEBUG org.hibernate.type.BasicTypeRegistry - Adding type registration short -> org.hibernate.type.BasicTypeReference@3a0807b7
2026-02-02 21:14:20.882 [main] DEBUG org.hibernate.type.BasicTypeRegistry - Adding type registration short -> org.hibernate.type.BasicTypeReference@3a0807b7
2026-02-02 21:14:20.882 [main] DEBUG org.hibernate.type.BasicTypeRegistry - Adding type registration java.lang.Short -> org.hibernate.type.BasicTypeReference@3a0807b7
2026-02-02 21:14:20.882 [main] DEBUG org.hibernate.type.BasicTypeRegistry - Adding type registration integer -> org.hibernate.type.BasicTypeReference@21a5fd96
2026-02-02 21:14:20.882 [main] DEBUG org.hibernate.type.BasicTypeRegistry - Adding type registration int -> org.hibernate.type.BasicTypeReference@21a5fd96
2026-02-02 21:14:20.882 [main] DEBUG org.hibernate.type.BasicTypeRegistry - Adding type registration java.lang.Integer -> org.hibernate.type.BasicTypeReference@21a5fd96
2026-02-02 21:14:20.883 [main] DEBUG org.hibernate.type.BasicTypeRegistry - Adding type registration long -> org.hibernate.type.BasicTypeReference@5769e7ae
2026-02-02 21:14:20.883 [main] DEBUG org.hibernate.type.BasicTypeRegistry - Adding type registration long -> org.hibernate.type.BasicTypeReference@5769e7ae
2026-02-02 21:14:20.883 [main] DEBUG org.hibernate.type.BasicTypeRegistry - Adding type registration java.lang.Long -> org.hibernate.type.BasicTypeReference@5769e7ae
2026-02-02 21:14:20.883 [main] DEBUG org.hibernate.type.BasicTypeRegistry - Adding type registration float -> org.hibernate.type.BasicTypeReference@5c77053b
2026-02-02 21:14:20.883 [main] DEBUG org.hibernate.type.BasicTypeRegistry - Adding type registration float -> org.hibernate.type.BasicTypeReference@5c77053b
2026-02-02 21:14:20.883 [main] DEBUG org.hibernate.type.BasicTypeRegistry - Adding type registration java.lang.Float -> org.hibernate.type.BasicTypeReference@5c77053b
2026-02-02 21:14:20.883 [main] DEBUG org.hibernate.type.BasicTypeRegistry - Adding type registration double -> org.hibernate.type.BasicTypeReference@26b894bd
2026-02-02 21:14:20.883 [main] DEBUG org.hibernate.type.BasicTypeRegistry - Adding type registration double -> org.hibernate.type.BasicTypeReference@26b894bd
2026-02-02 21:14:20.883 [main] DEBUG org.hibernate.type.BasicTypeRegistry - Adding type registration java.lang.Double -> org.hibernate.type.BasicTypeReference@26b894bd
2026-02-02 21:14:20.884 [main] DEBUG org.hibernate.type.BasicTypeRegistry - Adding type registration big_integer -> org.hibernate.type.BasicTypeReference@287f94b1
2026-02-02 21:14:20.884 [main] DEBUG org.hibernate.type.BasicTypeRegistry - Adding type registration java.math.BigInteger -> org.hibernate.type.BasicTypeReference@287f94b1
2026-02-02 21:14:20.884 [main] DEBUG org.hibernate.type.BasicTypeRegistry - Adding type registration big_decimal -> org.hibernate.type.BasicTypeReference@30b34287
2026-02-02 21:14:20.884 [main] DEBUG org.hibernate.type.BasicTypeRegistry - Adding type registration java.math.BigDecimal -> org.hibernate.type.BasicTypeReference@30b34287
2026-02-02 21:14:20.884 [main] DEBUG org.hibernate.type.BasicTypeRegistry - Adding type registration character -> org.hibernate.type.BasicTypeReference@5489c777
2026-02-02 21:14:20.884 [main] DEBUG org.hibernate.type.BasicTypeRegistry - Adding type registration char -> org.hibernate.type.BasicTypeReference@5489c777
2026-02-02 21:14:20.884 [main] DEBUG org.hibernate.type.BasicTypeRegistry - Adding type registration java.lang.Character -> org.hibernate.type.BasicTypeReference@5489c777
2026-02-02 21:14:20.884 [main] DEBUG org.hibernate.type.BasicTypeRegistry - Adding type registration character_nchar -> org.hibernate.type.BasicTypeReference@3676ac27
2026-02-02 21:14:20.884 [main] DEBUG org.hibernate.type.BasicTypeRegistry - Adding type registration string -> org.hibernate.type.BasicTypeReference@62f87c44
2026-02-02 21:14:20.885 [main] DEBUG org.hibernate.type.BasicTypeRegistry - Adding type registration java.lang.String -> org.hibernate.type.BasicTypeReference@62f87c44
2026-02-02 21:14:20.885 [main] DEBUG org.hibernate.type.BasicTypeRegistry - Adding type registration nstring -> org.hibernate.type.BasicTypeReference@48f5bde6
2026-02-02 21:14:20.885 [main] DEBUG org.hibernate.type.BasicTypeRegistry - Adding type registration characters -> org.hibernate.type.BasicTypeReference@525d79f0
2026-02-02 21:14:20.885 [main] DEBUG org.hibernate.type.BasicTypeRegistry - Adding type registration char[] -> org.hibernate.type.BasicTypeReference@525d79f0
2026-02-02 21:14:20.885 [main] DEBUG org.hibernate.type.BasicTypeRegistry - Adding type registration [C -> org.hibernate.type.BasicTypeReference@525d79f0
2026-02-02 21:14:20.885 [main] DEBUG org.hibernate.type.BasicTypeRegistry - Adding type registration wrapper-characters -> org.hibernate.type.BasicTypeReference@5149f008
2026-02-02 21:14:20.885 [main] DEBUG org.hibernate.type.BasicTypeRegistry - Adding type registration text -> org.hibernate.type.BasicTypeReference@7072bc39
2026-02-02 21:14:20.885 [main] DEBUG org.hibernate.type.BasicTypeRegistry - Adding type registration ntext -> org.hibernate.type.BasicTypeReference@158d255c
2026-02-02 21:14:20.885 [main] DEBUG org.hibernate.type.BasicTypeRegistry - Adding type registration clob -> org.hibernate.type.BasicTypeReference@2ca65ce4
2026-02-02 21:14:20.885 [main] DEBUG org.hibernate.type.BasicTypeRegistry - Adding type registration java.sql.Clob -> org.hibernate.type.BasicTypeReference@2ca65ce4
2026-02-02 21:14:20.885 [main] DEBUG org.hibernate.type.BasicTypeRegistry - Adding type registration nclob -> org.hibernate.type.BasicTypeReference@327120c8
2026-02-02 21:14:20.885 [main] DEBUG org.hibernate.type.BasicTypeRegistry - Adding type registration java.sql.NClob -> org.hibernate.type.BasicTypeReference@327120c8
2026-02-02 21:14:20.885 [main] DEBUG org.hibernate.type.BasicTypeRegistry - Adding type registration materialized_clob -> org.hibernate.type.BasicTypeReference@5707c1cb
2026-02-02 21:14:20.886 [main] DEBUG org.hibernate.type.BasicTypeRegistry - Adding type registration materialized_clob_char_array -> org.hibernate.type.BasicTypeReference@2b5cb9b2
2026-02-02 21:14:20.886 [main] DEBUG org.hibernate.type.BasicTypeRegistry - Adding type registration materialized_clob_character_array -> org.hibernate.type.BasicTypeReference@35038141
2026-02-02 21:14:20.886 [main] DEBUG org.hibernate.type.BasicTypeRegistry - Adding type registration materialized_nclob -> org.hibernate.type.BasicTypeReference@ecf9049
2026-02-02 21:14:20.886 [main] DEBUG org.hibernate.type.BasicTypeRegistry - Adding type registration materialized_nclob_character_array -> org.hibernate.type.BasicTypeReference@672f11c2
2026-02-02 21:14:20.886 [main] DEBUG org.hibernate.type.BasicTypeRegistry - Adding type registration materialized_nclob_char_array -> org.hibernate.type.BasicTypeReference@2970a5bc
2026-02-02 21:14:20.886 [main] DEBUG org.hibernate.type.BasicTypeRegistry - Adding type registration Duration -> org.hibernate.type.BasicTypeReference@50305a
2026-02-02 21:14:20.886 [main] DEBUG org.hibernate.type.BasicTypeRegistry - Adding type registration java.time.Duration -> org.hibernate.type.BasicTypeReference@50305a
2026-02-02 21:14:20.886 [main] DEBUG org.hibernate.type.BasicTypeRegistry - Adding type registration LocalDateTime -> org.hibernate.type.BasicTypeReference@72efb5c1
2026-02-02 21:14:20.886 [main] DEBUG org.hibernate.type.BasicTypeRegistry - Adding type registration java.time.LocalDateTime -> org.hibernate.type.BasicTypeReference@72efb5c1
2026-02-02 21:14:20.886 [main] DEBUG org.hibernate.type.BasicTypeRegistry - Adding type registration LocalDate -> org.hibernate.type.BasicTypeReference@6d511b5f
2026-02-02 21:14:20.886 [main] DEBUG org.hibernate.type.BasicTypeRegistry - Adding type registration java.time.LocalDate -> org.hibernate.type.BasicTypeReference@6d511b5f
2026-02-02 21:14:20.886 [main] DEBUG org.hibernate.type.BasicTypeRegistry - Adding type registration LocalTime -> org.hibernate.type.BasicTypeReference@41200e0c
2026-02-02 21:14:20.886 [main] DEBUG org.hibernate.type.BasicTypeRegistry - Adding type registration java.time.LocalTime -> org.hibernate.type.BasicTypeReference@41200e0c
2026-02-02 21:14:20.886 [main] DEBUG org.hibernate.type.BasicTypeRegistry - Adding type registration OffsetDateTime -> org.hibernate.type.BasicTypeReference@40f33492
2026-02-02 21:14:20.888 [main] DEBUG org.hibernate.type.BasicTypeRegistry - Adding type registration java.time.OffsetDateTime -> org.hibernate.type.BasicTypeReference@40f33492
2026-02-02 21:14:20.888 [main] DEBUG org.hibernate.type.BasicTypeRegistry - Adding type registration OffsetDateTimeWithTimezone -> org.hibernate.type.BasicTypeReference@4fbdc0f0
2026-02-02 21:14:20.888 [main] DEBUG org.hibernate.type.BasicTypeRegistry - Adding type registration OffsetDateTimeWithoutTimezone -> org.hibernate.type.BasicTypeReference@2ad3a1bb
2026-02-02 21:14:20.888 [main] DEBUG org.hibernate.type.BasicTypeRegistry - Adding type registration OffsetTime -> org.hibernate.type.BasicTypeReference@6bc28a83
2026-02-02 21:14:20.888 [main] DEBUG org.hibernate.type.BasicTypeRegistry - Adding type registration java.time.OffsetTime -> org.hibernate.type.BasicTypeReference@6bc28a83
2026-02-02 21:14:20.888 [main] DEBUG org.hibernate.type.BasicTypeRegistry - Adding type registration OffsetTimeUtc -> org.hibernate.type.BasicTypeReference@324c64cd
2026-02-02 21:14:20.888 [main] DEBUG org.hibernate.type.BasicTypeRegistry - Adding type registration OffsetTimeWithTimezone -> org.hibernate.type.BasicTypeReference@13579834
2026-02-02 21:14:20.888 [main] DEBUG org.hibernate.type.BasicTypeRegistry - Adding type registration OffsetTimeWithoutTimezone -> org.hibernate.type.BasicTypeReference@24be2d9c
2026-02-02 21:14:20.888 [main] DEBUG org.hibernate.type.BasicTypeRegistry - Adding type registration ZonedDateTime -> org.hibernate.type.BasicTypeReference@5bd73d1a
2026-02-02 21:14:20.888 [main] DEBUG org.hibernate.type.BasicTypeRegistry - Adding type registration java.time.ZonedDateTime -> org.hibernate.type.BasicTypeReference@5bd73d1a
2026-02-02 21:14:20.888 [main] DEBUG org.hibernate.type.BasicTypeRegistry - Adding type registration ZonedDateTimeWithTimezone -> org.hibernate.type.BasicTypeReference@aec50a1
2026-02-02 21:14:20.888 [main] DEBUG org.hibernate.type.BasicTypeRegistry - Adding type registration ZonedDateTimeWithoutTimezone -> org.hibernate.type.BasicTypeReference@2555fff0
2026-02-02 21:14:20.889 [main] DEBUG org.hibernate.type.BasicTypeRegistry - Adding type registration date -> org.hibernate.type.BasicTypeReference@70d2e40b
2026-02-02 21:14:20.889 [main] DEBUG org.hibernate.type.BasicTypeRegistry - Adding type registration java.sql.Date -> org.hibernate.type.BasicTypeReference@70d2e40b
2026-02-02 21:14:20.889 [main] DEBUG org.hibernate.type.BasicTypeRegistry - Adding type registration time -> org.hibernate.type.BasicTypeReference@120f38e6
2026-02-02 21:14:20.889 [main] DEBUG org.hibernate.type.BasicTypeRegistry - Adding type registration java.sql.Time -> org.hibernate.type.BasicTypeReference@120f38e6
2026-02-02 21:14:20.889 [main] DEBUG org.hibernate.type.BasicTypeRegistry - Adding type registration timestamp -> org.hibernate.type.BasicTypeReference@7a0e1b5e
2026-02-02 21:14:20.889 [main] DEBUG org.hibernate.type.BasicTypeRegistry - Adding type registration java.sql.Timestamp -> org.hibernate.type.BasicTypeReference@7a0e1b5e
2026-02-02 21:14:20.889 [main] DEBUG org.hibernate.type.BasicTypeRegistry - Adding type registration java.util.Date -> org.hibernate.type.BasicTypeReference@7a0e1b5e
2026-02-02 21:14:20.889 [main] DEBUG org.hibernate.type.BasicTypeRegistry - Adding type registration calendar -> org.hibernate.type.BasicTypeReference@702ed190
2026-02-02 21:14:20.889 [main] DEBUG org.hibernate.type.BasicTypeRegistry - Adding type registration java.util.Calendar -> org.hibernate.type.BasicTypeReference@702ed190
2026-02-02 21:14:20.889 [main] DEBUG org.hibernate.type.BasicTypeRegistry - Adding type registration java.util.GregorianCalendar -> org.hibernate.type.BasicTypeReference@702ed190
2026-02-02 21:14:20.890 [main] DEBUG org.hibernate.type.BasicTypeRegistry - Adding type registration calendar_date -> org.hibernate.type.BasicTypeReference@173b9122
2026-02-02 21:14:20.890 [main] DEBUG org.hibernate.type.BasicTypeRegistry - Adding type registration calendar_time -> org.hibernate.type.BasicTypeReference@7c18432b
2026-02-02 21:14:20.890 [main] DEBUG org.hibernate.type.BasicTypeRegistry - Adding type registration instant -> org.hibernate.type.BasicTypeReference@7646731d
2026-02-02 21:14:20.890 [main] DEBUG org.hibernate.type.BasicTypeRegistry - Adding type registration java.time.Instant -> org.hibernate.type.BasicTypeReference@7646731d
2026-02-02 21:14:20.890 [main] DEBUG org.hibernate.type.BasicTypeRegistry - Adding type registration uuid -> org.hibernate.type.BasicTypeReference@70e29e14
2026-02-02 21:14:20.890 [main] DEBUG org.hibernate.type.BasicTypeRegistry - Adding type registration java.util.UUID -> org.hibernate.type.BasicTypeReference@70e29e14
2026-02-02 21:14:20.890 [main] DEBUG org.hibernate.type.BasicTypeRegistry - Adding type registration pg-uuid -> org.hibernate.type.BasicTypeReference@70e29e14
2026-02-02 21:14:20.890 [main] DEBUG org.hibernate.type.BasicTypeRegistry - Adding type registration uuid-binary -> org.hibernate.type.BasicTypeReference@3b1bb3ab
2026-02-02 21:14:20.890 [main] DEBUG org.hibernate.type.BasicTypeRegistry - Adding type registration uuid-char -> org.hibernate.type.BasicTypeReference@5a4bef8
2026-02-02 21:14:20.890 [main] DEBUG org.hibernate.type.BasicTypeRegistry - Adding type registration class -> org.hibernate.type.BasicTypeReference@40bffbca
2026-02-02 21:14:20.890 [main] DEBUG org.hibernate.type.BasicTypeRegistry - Adding type registration java.lang.Class -> org.hibernate.type.BasicTypeReference@40bffbca
2026-02-02 21:14:20.890 [main] DEBUG org.hibernate.type.BasicTypeRegistry - Adding type registration currency -> org.hibernate.type.BasicTypeReference@2449cff7
2026-02-02 21:14:20.890 [main] DEBUG org.hibernate.type.BasicTypeRegistry - Adding type registration Currency -> org.hibernate.type.BasicTypeReference@2449cff7
2026-02-02 21:14:20.890 [main] DEBUG org.hibernate.type.BasicTypeRegistry - Adding type registration java.util.Currency -> org.hibernate.type.BasicTypeReference@2449cff7
2026-02-02 21:14:20.892 [main] DEBUG org.hibernate.type.BasicTypeRegistry - Adding type registration locale -> org.hibernate.type.BasicTypeReference@42a9a63e
2026-02-02 21:14:20.892 [main] DEBUG org.hibernate.type.BasicTypeRegistry - Adding type registration java.util.Locale -> org.hibernate.type.BasicTypeReference@42a9a63e
2026-02-02 21:14:20.892 [main] DEBUG org.hibernate.type.BasicTypeRegistry - Adding type registration serializable -> org.hibernate.type.BasicTypeReference@62da83ed
2026-02-02 21:14:20.892 [main] DEBUG org.hibernate.type.BasicTypeRegistry - Adding type registration java.io.Serializable -> org.hibernate.type.BasicTypeReference@62da83ed
2026-02-02 21:14:20.892 [main] DEBUG org.hibernate.type.BasicTypeRegistry - Adding type registration timezone -> org.hibernate.type.BasicTypeReference@5d8445d7
2026-02-02 21:14:20.892 [main] DEBUG org.hibernate.type.BasicTypeRegistry - Adding type registration java.util.TimeZone -> org.hibernate.type.BasicTypeReference@5d8445d7
2026-02-02 21:14:20.892 [main] DEBUG org.hibernate.type.BasicTypeRegistry - Adding type registration ZoneOffset -> org.hibernate.type.BasicTypeReference@37d80fe7
2026-02-02 21:14:20.892 [main] DEBUG org.hibernate.type.BasicTypeRegistry - Adding type registration java.time.ZoneOffset -> org.hibernate.type.BasicTypeReference@37d80fe7
2026-02-02 21:14:20.892 [main] DEBUG org.hibernate.type.BasicTypeRegistry - Adding type registration url -> org.hibernate.type.BasicTypeReference@384fc774
2026-02-02 21:14:20.892 [main] DEBUG org.hibernate.type.BasicTypeRegistry - Adding type registration java.net.URL -> org.hibernate.type.BasicTypeReference@384fc774
2026-02-02 21:14:20.892 [main] DEBUG org.hibernate.type.BasicTypeRegistry - Adding type registration vector -> org.hibernate.type.BasicTypeReference@e3cee7b
2026-02-02 21:14:20.892 [main] DEBUG org.hibernate.type.BasicTypeRegistry - Adding type registration row_version -> org.hibernate.type.BasicTypeReference@71e9a896
2026-02-02 21:14:20.896 [main] DEBUG org.hibernate.type.BasicTypeRegistry - Adding type registration object -> org.hibernate.type.JavaObjectType@7dac3fd8
2026-02-02 21:14:20.896 [main] DEBUG org.hibernate.type.BasicTypeRegistry - Adding type registration java.lang.Object -> org.hibernate.type.JavaObjectType@7dac3fd8
2026-02-02 21:14:20.897 [main] DEBUG org.hibernate.type.BasicTypeRegistry - Adding type registration null -> org.hibernate.type.NullType@6e33c391
2026-02-02 21:14:20.897 [main] DEBUG org.hibernate.type.BasicTypeRegistry - Adding type registration imm_date -> org.hibernate.type.BasicTypeReference@6c451c9c
2026-02-02 21:14:20.897 [main] DEBUG org.hibernate.type.BasicTypeRegistry - Adding type registration imm_time -> org.hibernate.type.BasicTypeReference@31c269fd
2026-02-02 21:14:20.897 [main] DEBUG org.hibernate.type.BasicTypeRegistry - Adding type registration imm_timestamp -> org.hibernate.type.BasicTypeReference@372b0d86
2026-02-02 21:14:20.897 [main] DEBUG org.hibernate.type.BasicTypeRegistry - Adding type registration imm_calendar -> org.hibernate.type.BasicTypeReference@47747fb9
2026-02-02 21:14:20.897 [main] DEBUG org.hibernate.type.BasicTypeRegistry - Adding type registration imm_calendar_date -> org.hibernate.type.BasicTypeReference@3113a37
2026-02-02 21:14:20.897 [main] DEBUG org.hibernate.type.BasicTypeRegistry - Adding type registration imm_calendar_time -> org.hibernate.type.BasicTypeReference@213e3629
2026-02-02 21:14:20.897 [main] DEBUG org.hibernate.type.BasicTypeRegistry - Adding type registration imm_binary -> org.hibernate.type.BasicTypeReference@4e9658b5
2026-02-02 21:14:20.898 [main] DEBUG org.hibernate.type.BasicTypeRegistry - Adding type registration imm_serializable -> org.hibernate.type.BasicTypeReference@2a7b6f69
2026-02-02 21:14:20.918 [main] WARN  org.hibernate.orm.connections.pooling - HHH10001002: Using built-in connection pool (not intended for production use)
2026-02-02 21:14:20.920 [main] INFO  org.hibernate.orm.connections.pooling - HHH10001005: Loaded JDBC driver class: com.mysql.cj.jdbc.Driver
2026-02-02 21:14:20.922 [main] INFO  org.hibernate.orm.connections.pooling - HHH10001012: Connecting with JDBC URL [jdbc:mysql://localhost:3307/LitMind?useSSL=false&serverTimezone=UTC]
2026-02-02 21:14:20.922 [main] INFO  org.hibernate.orm.connections.pooling - HHH10001001: Connection properties: {password=angela, user=angela}
2026-02-02 21:14:20.922 [main] INFO  org.hibernate.orm.connections.pooling - HHH10001003: Autocommit mode: false
2026-02-02 21:14:20.924 [main] DEBUG org.hibernate.orm.connections.pooling - Initializing Connection pool with 1 Connections
2026-02-02 21:14:20.924 [main] INFO  org.hibernate.orm.connections.pooling - HHH10001115: Connection pool size: 20 (min=1)
2026-02-02 21:14:21.071 [main] DEBUG org.hibernate.engine.jdbc.env.internal.JdbcEnvironmentInitiator - Database ->
       name : MySQL
    version : 8.4.7
      major : 8
      minor : 4
2026-02-02 21:14:21.071 [main] DEBUG org.hibernate.engine.jdbc.env.internal.JdbcEnvironmentInitiator - Driver ->
       name : MySQL Connector/J
    version : mysql-connector-j-8.4.0 (Revision: 1c3f5c149e0bfe31c7fbeb24e2d260cd890972c4)
      major : 8
      minor : 4
2026-02-02 21:14:21.071 [main] DEBUG org.hibernate.engine.jdbc.env.internal.JdbcEnvironmentInitiator - JDBC version : 4.2
2026-02-02 21:14:21.111 [main] WARN  org.hibernate.orm.deprecation - HHH90000025: MySQLDialect does not need to be specified explicitly using 'hibernate.dialect' (remove the property setting and it will be selected by default)
2026-02-02 21:14:21.113 [main] DEBUG org.hibernate.orm.dialect - HHH035001: Using dialect: org.hibernate.dialect.MySQLDialect, version: 8.4.7
2026-02-02 21:14:21.118 [main] DEBUG org.hibernate.engine.jdbc.env.spi.IdentifierHelperBuilder - JDBC driver metadata reported database stores quoted identifiers in more than one case
2026-02-02 21:14:21.118 [main] DEBUG org.hibernate.engine.jdbc.env.spi.IdentifierHelperBuilder - IdentifierCaseStrategy for both quoted and unquoted identifiers was set to the same strategy [MIXED]; that will likely lead to problems in schema update and validation if using quoted identifiers
2026-02-02 21:14:21.131 [main] DEBUG org.hibernate.type.descriptor.sql.spi.DdlTypeRegistry - addDescriptor(12, org.hibernate.type.descriptor.sql.internal.CapacityDependentDdlType@2d2acd89) replaced previous registration(org.hibernate.type.descriptor.sql.internal.CapacityDependentDdlType@7baf6acf)
2026-02-02 21:14:21.132 [main] DEBUG org.hibernate.type.descriptor.sql.spi.DdlTypeRegistry - addDescriptor(-9, org.hibernate.type.descriptor.sql.internal.CapacityDependentDdlType@1e6dad8) replaced previous registration(org.hibernate.type.descriptor.sql.internal.CapacityDependentDdlType@7b3315a5)
2026-02-02 21:14:21.132 [main] DEBUG org.hibernate.type.descriptor.sql.spi.DdlTypeRegistry - addDescriptor(-3, org.hibernate.type.descriptor.sql.internal.CapacityDependentDdlType@8ed9cf) replaced previous registration(org.hibernate.type.descriptor.sql.internal.CapacityDependentDdlType@f72203)
2026-02-02 21:14:21.132 [main] DEBUG org.hibernate.type.descriptor.sql.spi.DdlTypeRegistry - addDescriptor(4003, org.hibernate.type.descriptor.sql.internal.DdlTypeImpl@377008df) replaced previous registration(org.hibernate.type.descriptor.sql.internal.DdlTypeImpl@540dbda9)
2026-02-02 21:14:21.132 [main] DEBUG org.hibernate.type.descriptor.sql.spi.DdlTypeRegistry - addDescriptor(4001, org.hibernate.type.descriptor.sql.internal.DdlTypeImpl@22bb5646) replaced previous registration(org.hibernate.type.descriptor.sql.internal.DdlTypeImpl@1be59f28)
2026-02-02 21:14:21.132 [main] DEBUG org.hibernate.type.descriptor.sql.spi.DdlTypeRegistry - addDescriptor(4002, org.hibernate.type.descriptor.sql.internal.DdlTypeImpl@2ce45a7b) replaced previous registration(org.hibernate.type.descriptor.sql.internal.DdlTypeImpl@153d4abb)
2026-02-02 21:14:21.132 [main] DEBUG org.hibernate.type.descriptor.sql.spi.DdlTypeRegistry - addDescriptor(2004, org.hibernate.type.descriptor.sql.internal.CapacityDependentDdlType@6d4c273c) replaced previous registration(org.hibernate.type.descriptor.sql.internal.DdlTypeImpl@5a67e962)
2026-02-02 21:14:21.133 [main] DEBUG org.hibernate.type.descriptor.sql.spi.DdlTypeRegistry - addDescriptor(2005, org.hibernate.type.descriptor.sql.internal.CapacityDependentDdlType@545e57d7) replaced previous registration(org.hibernate.type.descriptor.sql.internal.DdlTypeImpl@2bc9a775)
2026-02-02 21:14:21.133 [main] DEBUG org.hibernate.type.descriptor.sql.spi.DdlTypeRegistry - addDescriptor(2011, org.hibernate.type.descriptor.sql.internal.CapacityDependentDdlType@27b000f7) replaced previous registration(org.hibernate.type.descriptor.sql.internal.DdlTypeImpl@42f9c19a)
2026-02-02 21:14:21.133 [main] DEBUG org.hibernate.type.descriptor.jdbc.spi.JdbcTypeRegistry - addDescriptor(NCharTypeDescriptor) replaced previous registration(CharTypeDescriptor)
2026-02-02 21:14:21.134 [main] DEBUG org.hibernate.type.descriptor.jdbc.spi.JdbcTypeRegistry - addDescriptor(NVarcharTypeDescriptor) replaced previous registration(VarcharTypeDescriptor)
2026-02-02 21:14:21.134 [main] DEBUG org.hibernate.type.descriptor.jdbc.spi.JdbcTypeRegistry - addDescriptor(LongNVarcharTypeDescriptor) replaced previous registration(LongVarcharTypeDescriptor)
2026-02-02 21:14:21.135 [main] DEBUG org.hibernate.type.descriptor.jdbc.spi.JdbcTypeRegistry - addDescriptor(NClobTypeDescriptor(DEFAULT)) replaced previous registration(ClobTypeDescriptor(DEFAULT))
2026-02-02 21:14:21.136 [main] DEBUG org.hibernate.type.descriptor.jdbc.spi.JdbcTypeRegistry - addDescriptor(2005, ClobTypeDescriptor(STREAM_BINDING)) replaced previous registration(ClobTypeDescriptor(DEFAULT))
2026-02-02 21:14:21.138 [main] DEBUG org.hibernate.type.BasicTypeRegistry - Adding type registration null -> org.hibernate.type.NullType@3eee3e2b
2026-02-02 21:14:21.138 [main] DEBUG org.hibernate.type.BasicTypeRegistry - Type registration key [null] overrode previous entry : `org.hibernate.type.NullType@6e33c391`
2026-02-02 21:14:21.143 [main] DEBUG org.hibernate.type.BasicTypeRegistry - Adding type registration org.hibernate.type.DurationType -> basicType@1(java.time.Duration,3015)
2026-02-02 21:14:21.143 [main] DEBUG org.hibernate.type.BasicTypeRegistry - Adding type registration Duration -> basicType@1(java.time.Duration,3015)
2026-02-02 21:14:21.143 [main] DEBUG org.hibernate.type.BasicTypeRegistry - Adding type registration java.time.Duration -> basicType@1(java.time.Duration,3015)
2026-02-02 21:14:21.145 [main] DEBUG org.hibernate.type.BasicTypeRegistry - Adding type registration org.hibernate.type.OffsetDateTimeType -> basicType@2(java.time.OffsetDateTime,3003)
2026-02-02 21:14:21.145 [main] DEBUG org.hibernate.type.BasicTypeRegistry - Adding type registration OffsetDateTime -> basicType@2(java.time.OffsetDateTime,3003)
2026-02-02 21:14:21.146 [main] DEBUG org.hibernate.type.BasicTypeRegistry - Adding type registration java.time.OffsetDateTime -> basicType@2(java.time.OffsetDateTime,3003)
2026-02-02 21:14:21.146 [main] DEBUG org.hibernate.type.BasicTypeRegistry - Adding type registration org.hibernate.type.ZonedDateTimeType -> basicType@3(java.time.ZonedDateTime,3003)
2026-02-02 21:14:21.146 [main] DEBUG org.hibernate.type.BasicTypeRegistry - Adding type registration ZonedDateTime -> basicType@3(java.time.ZonedDateTime,3003)
2026-02-02 21:14:21.146 [main] DEBUG org.hibernate.type.BasicTypeRegistry - Adding type registration java.time.ZonedDateTime -> basicType@3(java.time.ZonedDateTime,3003)
2026-02-02 21:14:21.146 [main] DEBUG org.hibernate.type.BasicTypeRegistry - Adding type registration org.hibernate.type.OffsetTimeType -> basicType@4(java.time.OffsetTime,3007)
2026-02-02 21:14:21.146 [main] DEBUG org.hibernate.type.BasicTypeRegistry - Adding type registration OffsetTime -> basicType@4(java.time.OffsetTime,3007)
2026-02-02 21:14:21.146 [main] DEBUG org.hibernate.type.BasicTypeRegistry - Adding type registration java.time.OffsetTime -> basicType@4(java.time.OffsetTime,3007)
2026-02-02 21:14:21.148 [main] DEBUG org.hibernate.type.spi.TypeConfiguration$Scope - Scoping TypeConfiguration [org.hibernate.type.spi.TypeConfiguration@640dc4c6] to MetadataBuildingContext [org.hibernate.boot.internal.MetadataBuildingContextRootImpl@4b54af3d]
2026-02-02 21:14:21.174 [main] DEBUG org.hibernate.boot.model.relational.Namespace - Created database namespace [logicalName=Name{catalog=null, schema=null}, physicalName=Name{catalog=null, schema=null}]
2026-02-02 21:14:21.194 [main] DEBUG org.hibernate.boot.model.internal.EntityBinder - Binding entity from annotated class: modelo.Usuario
2026-02-02 21:14:21.200 [main] DEBUG org.hibernate.boot.model.internal.EntityBinder - Import with entity name Usuario
2026-02-02 21:14:21.206 [main] DEBUG org.hibernate.boot.model.internal.EntityBinder - Bind entity modelo.Usuario on table usuario
2026-02-02 21:14:21.212 [main] DEBUG org.hibernate.boot.model.internal.AnnotatedColumn - Binding column: AnnotatedDiscriminatorColumn(column='DTYPE')
2026-02-02 21:14:21.230 [main] DEBUG org.hibernate.boot.model.internal.AnnotatedColumn - Binding column: AnnotatedColumn()
2026-02-02 21:14:21.232 [main] DEBUG org.hibernate.boot.internal.ClassLoaderAccessImpl - Not known whether passed class name [modelo.Usuario] is safe
2026-02-02 21:14:21.232 [main] DEBUG org.hibernate.boot.internal.ClassLoaderAccessImpl - No temp ClassLoader provided; using live ClassLoader for loading potentially unsafe class : modelo.Usuario
2026-02-02 21:14:21.234 [main] DEBUG org.hibernate.boot.model.internal.PropertyBinder - MetadataSourceProcessor property id_usuario with lazy=false
2026-02-02 21:14:21.238 [main] DEBUG org.hibernate.boot.model.internal.AbstractPropertyHolder - Attempting to locate auto-apply AttributeConverter for property [modelo.Usuario:id_usuario]
2026-02-02 21:14:21.242 [main] DEBUG org.hibernate.boot.model.internal.BasicValueBinder - building BasicValue for id_usuario
2026-02-02 21:14:21.244 [main] DEBUG org.hibernate.mapping.BasicValue - Skipping column re-registration: usuario.id_usuario
2026-02-02 21:14:21.245 [main] DEBUG org.hibernate.boot.model.internal.PropertyBinder - Building property id_usuario
2026-02-02 21:14:21.248 [main] DEBUG org.hibernate.boot.model.internal.BinderHelper - #makeIdGenerator(BasicValue([Column(id_usuario)]), id_usuario, identity, , ...)
2026-02-02 21:14:21.249 [main] DEBUG org.hibernate.boot.model.internal.AnnotatedColumn - Binding column: AnnotatedColumn()
2026-02-02 21:14:21.249 [main] DEBUG org.hibernate.boot.model.internal.PropertyBinder - MetadataSourceProcessor property edad with lazy=false
2026-02-02 21:14:21.249 [main] DEBUG org.hibernate.boot.model.internal.AbstractPropertyHolder - Attempting to locate auto-apply AttributeConverter for property [modelo.Usuario:edad]
2026-02-02 21:14:21.249 [main] DEBUG org.hibernate.boot.model.internal.BasicValueBinder - building BasicValue for edad
2026-02-02 21:14:21.249 [main] DEBUG org.hibernate.mapping.BasicValue - Skipping column re-registration: usuario.edad
2026-02-02 21:14:21.249 [main] DEBUG org.hibernate.boot.model.internal.PropertyBinder - Building property edad
2026-02-02 21:14:21.252 [main] DEBUG org.hibernate.boot.model.internal.AnnotatedColumn - Binding column: AnnotatedJoinColumn()
2026-02-02 21:14:21.255 [main] DEBUG org.hibernate.boot.model.internal.AnnotatedColumn - Binding column: AnnotatedColumn()
2026-02-02 21:14:21.260 [main] DEBUG org.hibernate.boot.model.internal.PropertyBinder - Building property estudiante
2026-02-02 21:14:21.261 [main] DEBUG org.hibernate.boot.model.internal.AnnotatedColumn - Binding column: AnnotatedColumn()
2026-02-02 21:14:21.262 [main] DEBUG org.hibernate.boot.model.internal.PropertyBinder - MetadataSourceProcessor property lecturaActiva with lazy=false
2026-02-02 21:14:21.262 [main] DEBUG org.hibernate.boot.model.internal.AbstractPropertyHolder - Attempting to locate auto-apply AttributeConverter for property [modelo.Usuario:lecturaActiva]
2026-02-02 21:14:21.262 [main] DEBUG org.hibernate.boot.model.internal.BasicValueBinder - building BasicValue for lecturaActiva
2026-02-02 21:14:21.262 [main] DEBUG org.hibernate.mapping.BasicValue - Skipping column re-registration: usuario.lecturaActiva
2026-02-02 21:14:21.262 [main] DEBUG org.hibernate.boot.model.internal.PropertyBinder - Building property lecturaActiva
2026-02-02 21:14:21.262 [main] DEBUG org.hibernate.boot.model.internal.AnnotatedColumn - Binding column: AnnotatedColumn()
2026-02-02 21:14:21.263 [main] DEBUG org.hibernate.boot.model.internal.PropertyBinder - MetadataSourceProcessor property nombreCompleto with lazy=false
2026-02-02 21:14:21.263 [main] DEBUG org.hibernate.boot.model.internal.AbstractPropertyHolder - Attempting to locate auto-apply AttributeConverter for property [modelo.Usuario:nombreCompleto]
2026-02-02 21:14:21.263 [main] DEBUG org.hibernate.boot.model.internal.BasicValueBinder - building BasicValue for nombreCompleto
2026-02-02 21:14:21.263 [main] DEBUG org.hibernate.mapping.BasicValue - Skipping column re-registration: usuario.nombreCompleto
2026-02-02 21:14:21.263 [main] DEBUG org.hibernate.boot.model.internal.PropertyBinder - Building property nombreCompleto
2026-02-02 21:14:21.263 [main] DEBUG org.hibernate.boot.model.internal.AnnotatedColumn - Binding column: AnnotatedColumn()
2026-02-02 21:14:21.263 [main] DEBUG org.hibernate.boot.model.internal.PropertyBinder - MetadataSourceProcessor property puntosPorLogro with lazy=false
2026-02-02 21:14:21.263 [main] DEBUG org.hibernate.boot.model.internal.AbstractPropertyHolder - Attempting to locate auto-apply AttributeConverter for property [modelo.Usuario:puntosPorLogro]
2026-02-02 21:14:21.263 [main] DEBUG org.hibernate.boot.model.internal.BasicValueBinder - building BasicValue for puntosPorLogro
2026-02-02 21:14:21.264 [main] DEBUG org.hibernate.mapping.BasicValue - Skipping column re-registration: usuario.puntosPorLogro
2026-02-02 21:14:21.264 [main] DEBUG org.hibernate.boot.model.internal.PropertyBinder - Building property puntosPorLogro
2026-02-02 21:14:21.264 [main] DEBUG org.hibernate.boot.model.internal.AnnotatedColumn - Binding column: AnnotatedColumn()
2026-02-02 21:14:21.264 [main] DEBUG org.hibernate.boot.model.internal.PropertyBinder - MetadataSourceProcessor property rolPrincipal with lazy=false
2026-02-02 21:14:21.264 [main] DEBUG org.hibernate.boot.model.internal.AbstractPropertyHolder - Attempting to locate auto-apply AttributeConverter for property [modelo.Usuario:rolPrincipal]
2026-02-02 21:14:21.265 [main] DEBUG org.hibernate.boot.model.internal.BasicValueBinder - building BasicValue for rolPrincipal
2026-02-02 21:14:21.265 [main] DEBUG org.hibernate.mapping.BasicValue - Skipping column re-registration: usuario.rolPrincipal
2026-02-02 21:14:21.265 [main] DEBUG org.hibernate.boot.model.internal.PropertyBinder - Building property rolPrincipal
2026-02-02 21:14:21.266 [main] DEBUG org.hibernate.boot.model.internal.AnnotatedColumn - Binding column: AnnotatedColumn()
2026-02-02 21:14:21.266 [main] DEBUG org.hibernate.boot.model.internal.PropertyBinder - MetadataSourceProcessor property tipoUsuario with lazy=false
2026-02-02 21:14:21.266 [main] DEBUG org.hibernate.boot.model.internal.AbstractPropertyHolder - Attempting to locate auto-apply AttributeConverter for property [modelo.Usuario:tipoUsuario]
2026-02-02 21:14:21.267 [main] DEBUG org.hibernate.boot.model.internal.BasicValueBinder - building BasicValue for tipoUsuario
2026-02-02 21:14:21.267 [main] DEBUG org.hibernate.mapping.BasicValue - Skipping column re-registration: usuario.tipoUsuario
2026-02-02 21:14:21.267 [main] DEBUG org.hibernate.boot.model.internal.PropertyBinder - Building property tipoUsuario
2026-02-02 21:14:21.269 [main] DEBUG org.hibernate.boot.registry.classloading.internal.ClassLoaderServiceImpl - HHH000194: Package not found or wo package-info.java: modelo
2026-02-02 21:14:21.273 [main] DEBUG org.hibernate.boot.model.internal.EntityBinder - Binding entity from annotated class: modelo.Lectura
2026-02-02 21:14:21.274 [main] DEBUG org.hibernate.boot.model.internal.EntityBinder - Import with entity name Lectura
2026-02-02 21:14:21.274 [main] DEBUG org.hibernate.boot.model.internal.EntityBinder - Bind entity modelo.Lectura on table lectura
2026-02-02 21:14:21.274 [main] DEBUG org.hibernate.boot.model.internal.AnnotatedColumn - Binding column: AnnotatedDiscriminatorColumn(column='DTYPE')
2026-02-02 21:14:21.278 [main] DEBUG org.hibernate.boot.model.internal.AnnotatedColumn - Binding column: AnnotatedColumn()
2026-02-02 21:14:21.278 [main] DEBUG org.hibernate.boot.internal.ClassLoaderAccessImpl - Not known whether passed class name [modelo.Lectura] is safe
2026-02-02 21:14:21.278 [main] DEBUG org.hibernate.boot.internal.ClassLoaderAccessImpl - No temp ClassLoader provided; using live ClassLoader for loading potentially unsafe class : modelo.Lectura
2026-02-02 21:14:21.278 [main] DEBUG org.hibernate.boot.model.internal.PropertyBinder - MetadataSourceProcessor property id_lectura with lazy=false
2026-02-02 21:14:21.279 [main] DEBUG org.hibernate.boot.model.internal.AbstractPropertyHolder - Attempting to locate auto-apply AttributeConverter for property [modelo.Lectura:id_lectura]
2026-02-02 21:14:21.279 [main] DEBUG org.hibernate.boot.model.internal.BasicValueBinder - building BasicValue for id_lectura
2026-02-02 21:14:21.279 [main] DEBUG org.hibernate.mapping.BasicValue - Skipping column re-registration: lectura.id_lectura
2026-02-02 21:14:21.279 [main] DEBUG org.hibernate.boot.model.internal.PropertyBinder - Building property id_lectura
2026-02-02 21:14:21.279 [main] DEBUG org.hibernate.boot.model.internal.BinderHelper - #makeIdGenerator(BasicValue([Column(id_lectura)]), id_lectura, identity, , ...)
2026-02-02 21:14:21.279 [main] DEBUG org.hibernate.boot.model.internal.AnnotatedColumn - Binding column: AnnotatedJoinColumn()
2026-02-02 21:14:21.279 [main] DEBUG org.hibernate.boot.model.internal.AnnotatedColumn - Binding column: AnnotatedColumn()
2026-02-02 21:14:21.289 [main] DEBUG org.hibernate.boot.model.internal.AnnotatedColumn - Binding column: IndexColumn(column='asignaciones_ORDER')
2026-02-02 21:14:21.293 [main] DEBUG org.hibernate.boot.model.internal.AnnotatedColumn - Binding column: AnnotatedColumn()
2026-02-02 21:14:21.294 [main] DEBUG org.hibernate.boot.model.internal.AnnotatedColumn - Binding column: AnnotatedColumn(column='asignaciones_KEY')
2026-02-02 21:14:21.295 [main] DEBUG org.hibernate.boot.model.internal.AnnotatedColumn - Binding column: AnnotatedJoinColumn(column='asignaciones_KEY')
2026-02-02 21:14:21.295 [main] DEBUG org.hibernate.boot.model.internal.AnnotatedColumn - Binding column: AnnotatedJoinColumn()
2026-02-02 21:14:21.295 [main] DEBUG org.hibernate.boot.model.internal.AnnotatedColumn - Binding column: AnnotatedJoinColumn()
2026-02-02 21:14:21.299 [main] DEBUG org.hibernate.boot.model.internal.CollectionBinder - Collection role: modelo.Lectura.asignaciones
2026-02-02 21:14:21.300 [main] DEBUG org.hibernate.boot.model.internal.PropertyBinder - Building property asignaciones
2026-02-02 21:14:21.300 [main] DEBUG org.hibernate.boot.model.internal.AnnotatedColumn - Binding column: AnnotatedColumn()
2026-02-02 21:14:21.300 [main] DEBUG org.hibernate.boot.model.internal.PropertyBinder - MetadataSourceProcessor property autor with lazy=false
2026-02-02 21:14:21.300 [main] DEBUG org.hibernate.boot.model.internal.AbstractPropertyHolder - Attempting to locate auto-apply AttributeConverter for property [modelo.Lectura:autor]
2026-02-02 21:14:21.300 [main] DEBUG org.hibernate.boot.model.internal.BasicValueBinder - building BasicValue for autor
2026-02-02 21:14:21.300 [main] DEBUG org.hibernate.mapping.BasicValue - Skipping column re-registration: lectura.autor
2026-02-02 21:14:21.301 [main] DEBUG org.hibernate.boot.model.internal.PropertyBinder - Building property autor
2026-02-02 21:14:21.301 [main] DEBUG org.hibernate.boot.model.internal.AnnotatedColumn - Binding column: AnnotatedColumn()
2026-02-02 21:14:21.301 [main] DEBUG org.hibernate.boot.model.internal.PropertyBinder - MetadataSourceProcessor property genero with lazy=false
2026-02-02 21:14:21.301 [main] DEBUG org.hibernate.boot.model.internal.AbstractPropertyHolder - Attempting to locate auto-apply AttributeConverter for property [modelo.Lectura:genero]
2026-02-02 21:14:21.301 [main] DEBUG org.hibernate.boot.model.internal.BasicValueBinder - building BasicValue for genero
2026-02-02 21:14:21.301 [main] DEBUG org.hibernate.mapping.BasicValue - Skipping column re-registration: lectura.genero
2026-02-02 21:14:21.301 [main] DEBUG org.hibernate.boot.model.internal.PropertyBinder - Building property genero
2026-02-02 21:14:21.301 [main] DEBUG org.hibernate.boot.model.internal.AnnotatedColumn - Binding column: AnnotatedColumn()
2026-02-02 21:14:21.301 [main] DEBUG org.hibernate.boot.model.internal.PropertyBinder - MetadataSourceProcessor property titulo with lazy=false
2026-02-02 21:14:21.301 [main] DEBUG org.hibernate.boot.model.internal.AbstractPropertyHolder - Attempting to locate auto-apply AttributeConverter for property [modelo.Lectura:titulo]
2026-02-02 21:14:21.302 [main] DEBUG org.hibernate.boot.model.internal.BasicValueBinder - building BasicValue for titulo
2026-02-02 21:14:21.302 [main] DEBUG org.hibernate.mapping.BasicValue - Skipping column re-registration: lectura.titulo
2026-02-02 21:14:21.302 [main] DEBUG org.hibernate.boot.model.internal.PropertyBinder - Building property titulo
2026-02-02 21:14:21.302 [main] DEBUG org.hibernate.boot.registry.classloading.internal.ClassLoaderServiceImpl - HHH000194: Package not found or wo package-info.java: modelo
2026-02-02 21:14:21.303 [main] DEBUG org.hibernate.boot.model.internal.EntityBinder - Binding entity from annotated class: modelo.Asignacion
2026-02-02 21:14:21.303 [main] DEBUG org.hibernate.boot.model.internal.EntityBinder - Import with entity name Asignacion
2026-02-02 21:14:21.303 [main] DEBUG org.hibernate.boot.model.internal.EntityBinder - Bind entity modelo.Asignacion on table asignacion
2026-02-02 21:14:21.303 [main] DEBUG org.hibernate.boot.model.internal.AnnotatedColumn - Binding column: AnnotatedDiscriminatorColumn(column='DTYPE')
2026-02-02 21:14:21.306 [main] DEBUG org.hibernate.boot.model.internal.AnnotatedColumn - Binding column: AnnotatedColumn()
2026-02-02 21:14:21.306 [main] DEBUG org.hibernate.boot.internal.ClassLoaderAccessImpl - Not known whether passed class name [modelo.Asignacion] is safe
2026-02-02 21:14:21.306 [main] DEBUG org.hibernate.boot.internal.ClassLoaderAccessImpl - No temp ClassLoader provided; using live ClassLoader for loading potentially unsafe class : modelo.Asignacion
2026-02-02 21:14:21.307 [main] DEBUG org.hibernate.boot.model.internal.PropertyBinder - MetadataSourceProcessor property id_asignacion with lazy=false
2026-02-02 21:14:21.307 [main] DEBUG org.hibernate.boot.model.internal.AbstractPropertyHolder - Attempting to locate auto-apply AttributeConverter for property [modelo.Asignacion:id_asignacion]
2026-02-02 21:14:21.307 [main] DEBUG org.hibernate.boot.model.internal.BasicValueBinder - building BasicValue for id_asignacion
2026-02-02 21:14:21.307 [main] DEBUG org.hibernate.mapping.BasicValue - Skipping column re-registration: asignacion.id_asignacion
2026-02-02 21:14:21.307 [main] DEBUG org.hibernate.boot.model.internal.PropertyBinder - Building property id_asignacion
2026-02-02 21:14:21.307 [main] DEBUG org.hibernate.boot.model.internal.BinderHelper - #makeIdGenerator(BasicValue([Column(id_asignacion)]), id_asignacion, identity, , ...)
2026-02-02 21:14:21.307 [main] DEBUG org.hibernate.boot.model.internal.AnnotatedColumn - Binding column: AnnotatedColumn()
2026-02-02 21:14:21.307 [main] DEBUG org.hibernate.boot.model.internal.PropertyBinder - MetadataSourceProcessor property codigoClase with lazy=false
2026-02-02 21:14:21.307 [main] DEBUG org.hibernate.boot.model.internal.AbstractPropertyHolder - Attempting to locate auto-apply AttributeConverter for property [modelo.Asignacion:codigoClase]
2026-02-02 21:14:21.308 [main] DEBUG org.hibernate.boot.model.internal.BasicValueBinder - building BasicValue for codigoClase
2026-02-02 21:14:21.308 [main] DEBUG org.hibernate.mapping.BasicValue - Skipping column re-registration: asignacion.codigoClase
2026-02-02 21:14:21.308 [main] DEBUG org.hibernate.boot.model.internal.PropertyBinder - Building property codigoClase
2026-02-02 21:14:21.308 [main] DEBUG org.hibernate.boot.model.internal.AnnotatedColumn - Binding column: AnnotatedJoinColumn(column='id_docente')
2026-02-02 21:14:21.309 [main] DEBUG org.hibernate.boot.model.internal.AnnotatedColumn - Binding column: AnnotatedColumn()
2026-02-02 21:14:21.309 [main] DEBUG org.hibernate.boot.model.internal.PropertyBinder - Building property docente
2026-02-02 21:14:21.309 [main] DEBUG org.hibernate.boot.model.internal.AnnotatedColumn - Binding column: AnnotatedColumn()
2026-02-02 21:14:21.309 [main] DEBUG org.hibernate.boot.model.internal.PropertyBinder - MetadataSourceProcessor property esObligatoria with lazy=false
2026-02-02 21:14:21.309 [main] DEBUG org.hibernate.boot.model.internal.AbstractPropertyHolder - Attempting to locate auto-apply AttributeConverter for property [modelo.Asignacion:esObligatoria]
2026-02-02 21:14:21.309 [main] DEBUG org.hibernate.boot.model.internal.BasicValueBinder - building BasicValue for esObligatoria
2026-02-02 21:14:21.309 [main] DEBUG org.hibernate.mapping.BasicValue - Skipping column re-registration: asignacion.esObligatoria
2026-02-02 21:14:21.310 [main] DEBUG org.hibernate.boot.model.internal.PropertyBinder - Building property esObligatoria
2026-02-02 21:14:21.310 [main] DEBUG org.hibernate.boot.model.internal.AnnotatedColumn - Binding column: AnnotatedJoinColumn(column='id_lectura')
2026-02-02 21:14:21.310 [main] DEBUG org.hibernate.boot.model.internal.AnnotatedColumn - Binding column: AnnotatedColumn()
2026-02-02 21:14:21.310 [main] DEBUG org.hibernate.boot.model.internal.PropertyBinder - Building property lectura
2026-02-02 21:14:21.310 [main] DEBUG org.hibernate.boot.model.internal.AnnotatedColumn - Binding column: AnnotatedColumn()
2026-02-02 21:14:21.310 [main] DEBUG org.hibernate.boot.model.internal.PropertyBinder - MetadataSourceProcessor property tituloAsignacion with lazy=false
2026-02-02 21:14:21.310 [main] DEBUG org.hibernate.boot.model.internal.AbstractPropertyHolder - Attempting to locate auto-apply AttributeConverter for property [modelo.Asignacion:tituloAsignacion]
2026-02-02 21:14:21.310 [main] DEBUG org.hibernate.boot.model.internal.BasicValueBinder - building BasicValue for tituloAsignacion
2026-02-02 21:14:21.310 [main] DEBUG org.hibernate.mapping.BasicValue - Skipping column re-registration: asignacion.tituloAsignacion
2026-02-02 21:14:21.312 [main] DEBUG org.hibernate.boot.model.internal.PropertyBinder - Building property tituloAsignacion
2026-02-02 21:14:21.312 [main] DEBUG org.hibernate.boot.model.internal.AnnotatedColumn - Binding column: AnnotatedColumn()
2026-02-02 21:14:21.312 [main] DEBUG org.hibernate.boot.model.internal.PropertyBinder - MetadataSourceProcessor property totalAlumnos with lazy=false
2026-02-02 21:14:21.312 [main] DEBUG org.hibernate.boot.model.internal.AbstractPropertyHolder - Attempting to locate auto-apply AttributeConverter for property [modelo.Asignacion:totalAlumnos]
2026-02-02 21:14:21.312 [main] DEBUG org.hibernate.boot.model.internal.BasicValueBinder - building BasicValue for totalAlumnos
2026-02-02 21:14:21.312 [main] DEBUG org.hibernate.mapping.BasicValue - Skipping column re-registration: asignacion.totalAlumnos
2026-02-02 21:14:21.312 [main] DEBUG org.hibernate.boot.model.internal.PropertyBinder - Building property totalAlumnos
2026-02-02 21:14:21.312 [main] DEBUG org.hibernate.boot.registry.classloading.internal.ClassLoaderServiceImpl - HHH000194: Package not found or wo package-info.java: modelo
2026-02-02 21:14:21.313 [main] DEBUG org.hibernate.boot.model.internal.EntityBinder - Binding entity from annotated class: modelo.Docente
2026-02-02 21:14:21.313 [main] DEBUG org.hibernate.boot.model.internal.EntityBinder - Import with entity name Docente
2026-02-02 21:14:21.313 [main] DEBUG org.hibernate.boot.model.internal.EntityBinder - Bind entity modelo.Docente on table docente
2026-02-02 21:14:21.313 [main] DEBUG org.hibernate.boot.model.internal.AnnotatedColumn - Binding column: AnnotatedDiscriminatorColumn(column='DTYPE')
2026-02-02 21:14:21.314 [main] DEBUG org.hibernate.boot.model.internal.AnnotatedColumn - Binding column: AnnotatedColumn()
2026-02-02 21:14:21.314 [main] DEBUG org.hibernate.boot.internal.ClassLoaderAccessImpl - Not known whether passed class name [modelo.Docente] is safe
2026-02-02 21:14:21.314 [main] DEBUG org.hibernate.boot.internal.ClassLoaderAccessImpl - No temp ClassLoader provided; using live ClassLoader for loading potentially unsafe class : modelo.Docente
2026-02-02 21:14:21.314 [main] DEBUG org.hibernate.boot.model.internal.PropertyBinder - MetadataSourceProcessor property id_docente with lazy=false
2026-02-02 21:14:21.314 [main] DEBUG org.hibernate.boot.model.internal.AbstractPropertyHolder - Attempting to locate auto-apply AttributeConverter for property [modelo.Docente:id_docente]
2026-02-02 21:14:21.314 [main] DEBUG org.hibernate.boot.model.internal.BasicValueBinder - building BasicValue for id_docente
2026-02-02 21:14:21.314 [main] DEBUG org.hibernate.mapping.BasicValue - Skipping column re-registration: docente.id_docente
2026-02-02 21:14:21.315 [main] DEBUG org.hibernate.boot.model.internal.PropertyBinder - Building property id_docente
2026-02-02 21:14:21.315 [main] DEBUG org.hibernate.boot.model.internal.BinderHelper - #makeIdGenerator(BasicValue([Column(id_docente)]), id_docente, identity, , ...)
2026-02-02 21:14:21.315 [main] DEBUG org.hibernate.boot.model.internal.AnnotatedColumn - Binding column: AnnotatedColumn()
2026-02-02 21:14:21.315 [main] DEBUG org.hibernate.boot.model.internal.PropertyBinder - MetadataSourceProcessor property edad with lazy=false
2026-02-02 21:14:21.315 [main] DEBUG org.hibernate.boot.model.internal.AbstractPropertyHolder - Attempting to locate auto-apply AttributeConverter for property [modelo.Docente:edad]
2026-02-02 21:14:21.315 [main] DEBUG org.hibernate.boot.model.internal.BasicValueBinder - building BasicValue for edad
2026-02-02 21:14:21.315 [main] DEBUG org.hibernate.mapping.BasicValue - Skipping column re-registration: docente.edad
2026-02-02 21:14:21.315 [main] DEBUG org.hibernate.boot.model.internal.PropertyBinder - Building property edad
2026-02-02 21:14:21.315 [main] DEBUG org.hibernate.boot.model.internal.AnnotatedColumn - Binding column: AnnotatedColumn()
2026-02-02 21:14:21.315 [main] DEBUG org.hibernate.boot.model.internal.PropertyBinder - MetadataSourceProcessor property especialidad with lazy=false
2026-02-02 21:14:21.315 [main] DEBUG org.hibernate.boot.model.internal.AbstractPropertyHolder - Attempting to locate auto-apply AttributeConverter for property [modelo.Docente:especialidad]
2026-02-02 21:14:21.316 [main] DEBUG org.hibernate.boot.model.internal.BasicValueBinder - building BasicValue for especialidad
2026-02-02 21:14:21.316 [main] DEBUG org.hibernate.mapping.BasicValue - Skipping column re-registration: docente.especialidad
2026-02-02 21:14:21.316 [main] DEBUG org.hibernate.boot.model.internal.PropertyBinder - Building property especialidad
2026-02-02 21:14:21.316 [main] DEBUG org.hibernate.boot.model.internal.AnnotatedColumn - Binding column: AnnotatedColumn()
2026-02-02 21:14:21.316 [main] DEBUG org.hibernate.boot.model.internal.PropertyBinder - MetadataSourceProcessor property nombre with lazy=false
2026-02-02 21:14:21.316 [main] DEBUG org.hibernate.boot.model.internal.AbstractPropertyHolder - Attempting to locate auto-apply AttributeConverter for property [modelo.Docente:nombre]
2026-02-02 21:14:21.316 [main] DEBUG org.hibernate.boot.model.internal.BasicValueBinder - building BasicValue for nombre
2026-02-02 21:14:21.316 [main] DEBUG org.hibernate.mapping.BasicValue - Skipping column re-registration: docente.nombre
2026-02-02 21:14:21.316 [main] DEBUG org.hibernate.boot.model.internal.PropertyBinder - Building property nombre
2026-02-02 21:14:21.316 [main] DEBUG org.hibernate.boot.registry.classloading.internal.ClassLoaderServiceImpl - HHH000194: Package not found or wo package-info.java: modelo
2026-02-02 21:14:21.318 [main] DEBUG org.hibernate.boot.model.internal.EntityBinder - Binding entity from annotated class: modelo.Logro
2026-02-02 21:14:21.318 [main] DEBUG org.hibernate.boot.model.internal.EntityBinder - Import with entity name Logro
2026-02-02 21:14:21.318 [main] DEBUG org.hibernate.boot.model.internal.EntityBinder - Bind entity modelo.Logro on table logro
2026-02-02 21:14:21.319 [main] DEBUG org.hibernate.boot.model.internal.AnnotatedColumn - Binding column: AnnotatedDiscriminatorColumn(column='DTYPE')
2026-02-02 21:14:21.321 [main] DEBUG org.hibernate.boot.model.internal.AnnotatedColumn - Binding column: AnnotatedColumn()
2026-02-02 21:14:21.321 [main] DEBUG org.hibernate.boot.internal.ClassLoaderAccessImpl - Not known whether passed class name [modelo.Logro] is safe
2026-02-02 21:14:21.321 [main] DEBUG org.hibernate.boot.internal.ClassLoaderAccessImpl - No temp ClassLoader provided; using live ClassLoader for loading potentially unsafe class : modelo.Logro
2026-02-02 21:14:21.321 [main] DEBUG org.hibernate.boot.model.internal.PropertyBinder - MetadataSourceProcessor property id_logro with lazy=false
2026-02-02 21:14:21.321 [main] DEBUG org.hibernate.boot.model.internal.AbstractPropertyHolder - Attempting to locate auto-apply AttributeConverter for property [modelo.Logro:id_logro]
2026-02-02 21:14:21.321 [main] DEBUG org.hibernate.boot.model.internal.BasicValueBinder - building BasicValue for id_logro
2026-02-02 21:14:21.321 [main] DEBUG org.hibernate.mapping.BasicValue - Skipping column re-registration: logro.id_logro
2026-02-02 21:14:21.322 [main] DEBUG org.hibernate.boot.model.internal.PropertyBinder - Building property id_logro
2026-02-02 21:14:21.322 [main] DEBUG org.hibernate.boot.model.internal.BinderHelper - #makeIdGenerator(BasicValue([Column(id_logro)]), id_logro, identity, , ...)
2026-02-02 21:14:21.322 [main] DEBUG org.hibernate.boot.model.internal.AnnotatedColumn - Binding column: AnnotatedColumn()
2026-02-02 21:14:21.322 [main] DEBUG org.hibernate.boot.model.internal.PropertyBinder - MetadataSourceProcessor property descripcion with lazy=false
2026-02-02 21:14:21.322 [main] DEBUG org.hibernate.boot.model.internal.AbstractPropertyHolder - Attempting to locate auto-apply AttributeConverter for property [modelo.Logro:descripcion]
2026-02-02 21:14:21.322 [main] DEBUG org.hibernate.boot.model.internal.BasicValueBinder - building BasicValue for descripcion
2026-02-02 21:14:21.322 [main] DEBUG org.hibernate.mapping.BasicValue - Skipping column re-registration: logro.descripcion
2026-02-02 21:14:21.322 [main] DEBUG org.hibernate.boot.model.internal.PropertyBinder - Building property descripcion
2026-02-02 21:14:21.322 [main] DEBUG org.hibernate.boot.model.internal.AnnotatedColumn - Binding column: IndexColumn(column='estudiantes_ORDER')
2026-02-02 21:14:21.323 [main] DEBUG org.hibernate.boot.model.internal.AnnotatedColumn - Binding column: AnnotatedColumn()
2026-02-02 21:14:21.323 [main] DEBUG org.hibernate.boot.model.internal.AnnotatedColumn - Binding column: AnnotatedColumn(column='estudiantes_KEY')
2026-02-02 21:14:21.323 [main] DEBUG org.hibernate.boot.model.internal.AnnotatedColumn - Binding column: AnnotatedJoinColumn(column='estudiantes_KEY')
2026-02-02 21:14:21.323 [main] DEBUG org.hibernate.boot.model.internal.AnnotatedColumn - Binding column: AnnotatedJoinColumn()
2026-02-02 21:14:21.323 [main] DEBUG org.hibernate.boot.model.internal.AnnotatedColumn - Binding column: AnnotatedJoinColumn()
2026-02-02 21:14:21.324 [main] DEBUG org.hibernate.boot.model.internal.CollectionBinder - Collection role: modelo.Logro.estudiantes
2026-02-02 21:14:21.324 [main] DEBUG org.hibernate.boot.model.internal.PropertyBinder - Building property estudiantes
2026-02-02 21:14:21.324 [main] DEBUG org.hibernate.boot.model.internal.AnnotatedColumn - Binding column: AnnotatedColumn()
2026-02-02 21:14:21.324 [main] DEBUG org.hibernate.boot.model.internal.PropertyBinder - MetadataSourceProcessor property nombreLogro with lazy=false
2026-02-02 21:14:21.324 [main] DEBUG org.hibernate.boot.model.internal.AbstractPropertyHolder - Attempting to locate auto-apply AttributeConverter for property [modelo.Logro:nombreLogro]
2026-02-02 21:14:21.324 [main] DEBUG org.hibernate.boot.model.internal.BasicValueBinder - building BasicValue for nombreLogro
2026-02-02 21:14:21.324 [main] DEBUG org.hibernate.mapping.BasicValue - Skipping column re-registration: logro.nombreLogro
2026-02-02 21:14:21.324 [main] DEBUG org.hibernate.boot.model.internal.PropertyBinder - Building property nombreLogro
2026-02-02 21:14:21.324 [main] DEBUG org.hibernate.boot.registry.classloading.internal.ClassLoaderServiceImpl - HHH000194: Package not found or wo package-info.java: modelo
2026-02-02 21:14:21.326 [main] DEBUG org.hibernate.boot.model.internal.EntityBinder - Binding entity from annotated class: modelo.Estudiante
2026-02-02 21:14:21.326 [main] DEBUG org.hibernate.boot.model.internal.EntityBinder - Import with entity name Estudiante
2026-02-02 21:14:21.326 [main] DEBUG org.hibernate.boot.model.internal.EntityBinder - Bind entity modelo.Estudiante on table estudiante
2026-02-02 21:14:21.326 [main] DEBUG org.hibernate.boot.model.internal.AnnotatedColumn - Binding column: AnnotatedDiscriminatorColumn(column='DTYPE')
2026-02-02 21:14:21.327 [main] DEBUG org.hibernate.boot.model.internal.AnnotatedColumn - Binding column: AnnotatedColumn()
2026-02-02 21:14:21.327 [main] DEBUG org.hibernate.boot.internal.ClassLoaderAccessImpl - Not known whether passed class name [modelo.Estudiante] is safe
2026-02-02 21:14:21.327 [main] DEBUG org.hibernate.boot.internal.ClassLoaderAccessImpl - No temp ClassLoader provided; using live ClassLoader for loading potentially unsafe class : modelo.Estudiante
2026-02-02 21:14:21.327 [main] DEBUG org.hibernate.boot.model.internal.PropertyBinder - MetadataSourceProcessor property id_estudiante with lazy=false
2026-02-02 21:14:21.327 [main] DEBUG org.hibernate.boot.model.internal.AbstractPropertyHolder - Attempting to locate auto-apply AttributeConverter for property [modelo.Estudiante:id_estudiante]
2026-02-02 21:14:21.327 [main] DEBUG org.hibernate.boot.model.internal.BasicValueBinder - building BasicValue for id_estudiante
2026-02-02 21:14:21.327 [main] DEBUG org.hibernate.mapping.BasicValue - Skipping column re-registration: estudiante.id_estudiante
2026-02-02 21:14:21.327 [main] DEBUG org.hibernate.boot.model.internal.PropertyBinder - Building property id_estudiante
2026-02-02 21:14:21.327 [main] DEBUG org.hibernate.boot.model.internal.BinderHelper - #makeIdGenerator(BasicValue([Column(id_estudiante)]), id_estudiante, identity, , ...)
2026-02-02 21:14:21.327 [main] DEBUG org.hibernate.boot.model.internal.AnnotatedColumn - Binding column: IndexColumn(column='logros_ORDER')
2026-02-02 21:14:21.327 [main] DEBUG org.hibernate.boot.model.internal.AnnotatedColumn - Binding column: AnnotatedColumn()
2026-02-02 21:14:21.327 [main] DEBUG org.hibernate.boot.model.internal.AnnotatedColumn - Binding column: AnnotatedColumn(column='logros_KEY')
2026-02-02 21:14:21.327 [main] DEBUG org.hibernate.boot.model.internal.AnnotatedColumn - Binding column: AnnotatedJoinColumn(column='logros_KEY')
2026-02-02 21:14:21.329 [main] DEBUG org.hibernate.boot.model.internal.AnnotatedColumn - Binding column: AnnotatedJoinColumn()
2026-02-02 21:14:21.329 [main] DEBUG org.hibernate.boot.model.internal.AnnotatedColumn - Binding column: AnnotatedJoinColumn()
2026-02-02 21:14:21.329 [main] DEBUG org.hibernate.boot.model.internal.CollectionBinder - Collection role: modelo.Estudiante.logros
2026-02-02 21:14:21.329 [main] DEBUG org.hibernate.boot.model.internal.PropertyBinder - Building property logros
2026-02-02 21:14:21.329 [main] DEBUG org.hibernate.boot.model.internal.AnnotatedColumn - Binding column: AnnotatedColumn()
2026-02-02 21:14:21.329 [main] DEBUG org.hibernate.boot.model.internal.PropertyBinder - MetadataSourceProcessor property nivelActual with lazy=false
2026-02-02 21:14:21.329 [main] DEBUG org.hibernate.boot.model.internal.AbstractPropertyHolder - Attempting to locate auto-apply AttributeConverter for property [modelo.Estudiante:nivelActual]
2026-02-02 21:14:21.329 [main] DEBUG org.hibernate.boot.model.internal.BasicValueBinder - building BasicValue for nivelActual
2026-02-02 21:14:21.329 [main] DEBUG org.hibernate.mapping.BasicValue - Skipping column re-registration: estudiante.nivelActual
2026-02-02 21:14:21.329 [main] DEBUG org.hibernate.boot.model.internal.PropertyBinder - Building property nivelActual
2026-02-02 21:14:21.329 [main] DEBUG org.hibernate.boot.model.internal.AnnotatedColumn - Binding column: AnnotatedColumn()
2026-02-02 21:14:21.329 [main] DEBUG org.hibernate.boot.model.internal.PropertyBinder - MetadataSourceProcessor property puntosXP with lazy=false
2026-02-02 21:14:21.329 [main] DEBUG org.hibernate.boot.model.internal.AbstractPropertyHolder - Attempting to locate auto-apply AttributeConverter for property [modelo.Estudiante:puntosXP]
2026-02-02 21:14:21.329 [main] DEBUG org.hibernate.boot.model.internal.BasicValueBinder - building BasicValue for puntosXP
2026-02-02 21:14:21.329 [main] DEBUG org.hibernate.mapping.BasicValue - Skipping column re-registration: estudiante.puntosXP
2026-02-02 21:14:21.329 [main] DEBUG org.hibernate.boot.model.internal.PropertyBinder - Building property puntosXP
2026-02-02 21:14:21.329 [main] DEBUG org.hibernate.boot.model.internal.AnnotatedColumn - Binding column: AnnotatedJoinColumn(column='id_usuario')
2026-02-02 21:14:21.330 [main] DEBUG org.hibernate.boot.model.internal.AnnotatedColumn - Binding column: AnnotatedColumn()
2026-02-02 21:14:21.330 [main] DEBUG org.hibernate.boot.model.internal.PropertyBinder - Building property usuario
2026-02-02 21:14:21.330 [main] DEBUG org.hibernate.boot.registry.classloading.internal.ClassLoaderServiceImpl - HHH000194: Package not found or wo package-info.java: modelo
2026-02-02 21:14:21.332 [main] DEBUG org.hibernate.boot.model.internal.BasicValueBinder - Starting `BasicValueBinder#fillSimpleValue` for id_usuario
2026-02-02 21:14:21.332 [main] DEBUG org.hibernate.boot.model.internal.BasicValueBinder - Starting `BasicValueBinder#fillSimpleValue` for edad
2026-02-02 21:14:21.332 [main] DEBUG org.hibernate.boot.model.internal.BasicValueBinder - Starting `BasicValueBinder#fillSimpleValue` for lecturaActiva
2026-02-02 21:14:21.332 [main] DEBUG org.hibernate.boot.model.internal.BasicValueBinder - Starting `BasicValueBinder#fillSimpleValue` for nombreCompleto
2026-02-02 21:14:21.332 [main] DEBUG org.hibernate.boot.model.internal.BasicValueBinder - Starting `BasicValueBinder#fillSimpleValue` for puntosPorLogro
2026-02-02 21:14:21.332 [main] DEBUG org.hibernate.boot.model.internal.BasicValueBinder - Starting `BasicValueBinder#fillSimpleValue` for rolPrincipal
2026-02-02 21:14:21.334 [main] DEBUG org.hibernate.boot.model.internal.BasicValueBinder - Starting `BasicValueBinder#fillSimpleValue` for tipoUsuario
2026-02-02 21:14:21.334 [main] DEBUG org.hibernate.boot.model.internal.BasicValueBinder - Starting `BasicValueBinder#fillSimpleValue` for id_lectura
2026-02-02 21:14:21.334 [main] DEBUG org.hibernate.boot.model.internal.BasicValueBinder - Starting `BasicValueBinder#fillSimpleValue` for autor
2026-02-02 21:14:21.334 [main] DEBUG org.hibernate.boot.model.internal.BasicValueBinder - Starting `BasicValueBinder#fillSimpleValue` for genero
2026-02-02 21:14:21.334 [main] DEBUG org.hibernate.boot.model.internal.BasicValueBinder - Starting `BasicValueBinder#fillSimpleValue` for titulo
2026-02-02 21:14:21.334 [main] DEBUG org.hibernate.boot.model.internal.BasicValueBinder - Starting `BasicValueBinder#fillSimpleValue` for id_asignacion
2026-02-02 21:14:21.334 [main] DEBUG org.hibernate.boot.model.internal.BasicValueBinder - Starting `BasicValueBinder#fillSimpleValue` for codigoClase
2026-02-02 21:14:21.334 [main] DEBUG org.hibernate.boot.model.internal.BasicValueBinder - Starting `BasicValueBinder#fillSimpleValue` for esObligatoria
2026-02-02 21:14:21.334 [main] DEBUG org.hibernate.boot.model.internal.BasicValueBinder - Starting `BasicValueBinder#fillSimpleValue` for tituloAsignacion
2026-02-02 21:14:21.334 [main] DEBUG org.hibernate.boot.model.internal.BasicValueBinder - Starting `BasicValueBinder#fillSimpleValue` for totalAlumnos
2026-02-02 21:14:21.334 [main] DEBUG org.hibernate.boot.model.internal.BasicValueBinder - Starting `BasicValueBinder#fillSimpleValue` for id_docente
2026-02-02 21:14:21.334 [main] DEBUG org.hibernate.boot.model.internal.BasicValueBinder - Starting `BasicValueBinder#fillSimpleValue` for edad
2026-02-02 21:14:21.334 [main] DEBUG org.hibernate.boot.model.internal.BasicValueBinder - Starting `BasicValueBinder#fillSimpleValue` for especialidad
2026-02-02 21:14:21.334 [main] DEBUG org.hibernate.boot.model.internal.BasicValueBinder - Starting `BasicValueBinder#fillSimpleValue` for nombre
2026-02-02 21:14:21.335 [main] DEBUG org.hibernate.boot.model.internal.BasicValueBinder - Starting `BasicValueBinder#fillSimpleValue` for id_logro
2026-02-02 21:14:21.335 [main] DEBUG org.hibernate.boot.model.internal.BasicValueBinder - Starting `BasicValueBinder#fillSimpleValue` for descripcion
2026-02-02 21:14:21.335 [main] DEBUG org.hibernate.boot.model.internal.BasicValueBinder - Starting `BasicValueBinder#fillSimpleValue` for nombreLogro
2026-02-02 21:14:21.335 [main] DEBUG org.hibernate.boot.model.internal.BasicValueBinder - Starting `BasicValueBinder#fillSimpleValue` for id_estudiante
2026-02-02 21:14:21.335 [main] DEBUG org.hibernate.boot.model.internal.BasicValueBinder - Starting `BasicValueBinder#fillSimpleValue` for nivelActual
2026-02-02 21:14:21.335 [main] DEBUG org.hibernate.boot.model.internal.BasicValueBinder - Starting `BasicValueBinder#fillSimpleValue` for puntosXP
2026-02-02 21:14:21.340 [main] DEBUG org.hibernate.mapping.PrimaryKey - Forcing column [id_usuario] to be non-null as it is part of the primary key for table [usuario]
2026-02-02 21:14:21.340 [main] DEBUG org.hibernate.mapping.PrimaryKey - Forcing column [id_lectura] to be non-null as it is part of the primary key for table [lectura]
2026-02-02 21:14:21.340 [main] DEBUG org.hibernate.mapping.PrimaryKey - Forcing column [id_asignacion] to be non-null as it is part of the primary key for table [asignacion]
2026-02-02 21:14:21.340 [main] DEBUG org.hibernate.mapping.PrimaryKey - Forcing column [id_docente] to be non-null as it is part of the primary key for table [docente]
2026-02-02 21:14:21.340 [main] DEBUG org.hibernate.mapping.PrimaryKey - Forcing column [id_logro] to be non-null as it is part of the primary key for table [logro]
2026-02-02 21:14:21.340 [main] DEBUG org.hibernate.mapping.PrimaryKey - Forcing column [id_estudiante] to be non-null as it is part of the primary key for table [estudiante]
2026-02-02 21:14:21.340 [main] DEBUG org.hibernate.boot.model.internal.CollectionSecondPass - Second pass for collection: modelo.Logro.estudiantes
2026-02-02 21:14:21.340 [main] DEBUG org.hibernate.boot.model.internal.CollectionBinder - Binding a ManyToMany: modelo.Logro.estudiantes
2026-02-02 21:14:21.343 [main] DEBUG org.hibernate.boot.registry.classloading.internal.ClassLoaderServiceImpl - HHH000194: Package not found or wo package-info.java: modelo
2026-02-02 21:14:21.347 [main] DEBUG org.hibernate.mapping.PrimaryKey - Forcing column [logros_id_logro] to be non-null as it is part of the primary key for table [logro_estudiante]
2026-02-02 21:14:21.347 [main] DEBUG org.hibernate.mapping.PrimaryKey - Forcing column [estudiantes_id_estudiante] to be non-null as it is part of the primary key for table [logro_estudiante]
2026-02-02 21:14:21.348 [main] DEBUG org.hibernate.boot.model.internal.CollectionSecondPass - Mapped collection key: logros_id_logro, element: estudiantes_id_estudiante
2026-02-02 21:14:21.350 [main] DEBUG org.hibernate.boot.model.internal.CollectionSecondPass - Second pass for collection: modelo.Lectura.asignaciones
2026-02-02 21:14:21.350 [main] DEBUG org.hibernate.boot.model.internal.CollectionBinder - Binding a OneToMany: modelo.Lectura.asignaciones through a foreign key
2026-02-02 21:14:21.350 [main] DEBUG org.hibernate.boot.model.internal.CollectionBinder - Mapping collection: modelo.Lectura.asignaciones -> asignacion
2026-02-02 21:14:21.350 [main] DEBUG org.hibernate.boot.model.internal.TableBinder - Retrieving property modelo.Asignacion.lectura
2026-02-02 21:14:21.351 [main] DEBUG org.hibernate.boot.model.internal.CollectionSecondPass - Mapped collection key: id_lectura, one-to-many: modelo.Asignacion
2026-02-02 21:14:21.351 [main] DEBUG org.hibernate.boot.model.internal.CollectionSecondPass - Second pass for collection: modelo.Estudiante.logros
2026-02-02 21:14:21.351 [main] DEBUG org.hibernate.boot.model.internal.CollectionBinder - Binding a ManyToMany: modelo.Estudiante.logros
2026-02-02 21:14:21.351 [main] DEBUG org.hibernate.boot.registry.classloading.internal.ClassLoaderServiceImpl - HHH000194: Package not found or wo package-info.java: modelo
2026-02-02 21:14:21.352 [main] DEBUG org.hibernate.boot.model.internal.TableBinder - Retrieving property modelo.Logro.estudiantes
2026-02-02 21:14:21.352 [main] DEBUG org.hibernate.boot.model.internal.CollectionSecondPass - Mapped collection key: estudiantes_id_estudiante, element: logros_id_logro
2026-02-02 21:14:21.352 [main] DEBUG org.hibernate.boot.internal.InFlightMetadataCollectorImpl - Resolving reference to class: modelo.Docente
2026-02-02 21:14:21.355 [main] DEBUG org.hibernate.boot.internal.InFlightMetadataCollectorImpl - Resolving reference to class: modelo.Lectura
2026-02-02 21:14:21.355 [main] DEBUG org.hibernate.boot.internal.InFlightMetadataCollectorImpl - Resolving reference to class: modelo.Usuario
2026-02-02 21:14:21.355 [main] DEBUG org.hibernate.boot.internal.InFlightMetadataCollectorImpl - Resolving reference to class: modelo.Estudiante
2026-02-02 21:14:21.355 [main] DEBUG org.hibernate.boot.internal.InFlightMetadataCollectorImpl - Resolving reference to class: modelo.Logro
2026-02-02 21:14:21.355 [main] DEBUG org.hibernate.boot.internal.InFlightMetadataCollectorImpl - Resolving reference to class: modelo.Estudiante
2026-02-02 21:20:27.226 [main] DEBUG org.jboss.logging - Logging Provider: org.jboss.logging.Log4j2LoggerProvider
2026-02-02 21:20:27.239 [main] DEBUG org.hibernate.integrator.internal.IntegratorServiceImpl - Adding Integrator [org.hibernate.boot.beanvalidation.BeanValidationIntegrator].
2026-02-02 21:20:27.242 [main] DEBUG org.hibernate.integrator.internal.IntegratorServiceImpl - Adding Integrator [org.hibernate.cache.internal.CollectionCacheInvalidator].
2026-02-02 21:20:27.260 [main] INFO  org.hibernate.Version - HHH000412: Hibernate ORM core version 6.4.4.Final
2026-02-02 21:20:27.261 [main] DEBUG org.hibernate.cfg.Environment - HHH000206: 'hibernate.properties' not found
2026-02-02 21:20:27.284 [main] DEBUG org.hibernate.boot.jaxb.internal.stax.LocalXmlResourceResolver - Checking public/system identifiers `-//Hibernate/Hibernate Configuration DTD 3.0//EN`/`https://hibernate.org/dtd/hibernate-configuration-3.0.dtd` as DTD references
2026-02-02 21:20:27.290 [main] DEBUG org.hibernate.boot.cfgxml.internal.JaxbCfgProcessor - cfg.xml document did not define namespaces; wrapping in custom event reader to introduce namespace information
2026-02-02 21:20:27.436 [main] DEBUG org.hibernate.orm.idgen.factory - Ignoring CDI for resolving IdentifierGenerator instances as extended or delayed CDI support was enabled
2026-02-02 21:20:27.439 [main] DEBUG org.hibernate.orm.idgen.factory - Registering IdentifierGenerator strategy [uuid2] -> [org.hibernate.id.UUIDGenerator]
2026-02-02 21:20:27.440 [main] DEBUG org.hibernate.orm.idgen.factory - Registering IdentifierGenerator strategy [guid] -> [org.hibernate.id.GUIDGenerator]
2026-02-02 21:20:27.440 [main] DEBUG org.hibernate.orm.idgen.factory - Registering IdentifierGenerator strategy [uuid] -> [org.hibernate.id.UUIDHexGenerator]
2026-02-02 21:20:27.440 [main] DEBUG org.hibernate.orm.idgen.factory - Registering IdentifierGenerator strategy [uuid.hex] -> [org.hibernate.id.UUIDHexGenerator]
2026-02-02 21:20:27.441 [main] DEBUG org.hibernate.orm.idgen.factory - Registering IdentifierGenerator strategy [assigned] -> [org.hibernate.id.Assigned]
2026-02-02 21:20:27.441 [main] DEBUG org.hibernate.orm.idgen.factory - Registering IdentifierGenerator strategy [identity] -> [org.hibernate.id.IdentityGenerator]
2026-02-02 21:20:27.442 [main] DEBUG org.hibernate.orm.idgen.factory - Registering IdentifierGenerator strategy [select] -> [org.hibernate.id.SelectGenerator]
2026-02-02 21:20:27.442 [main] DEBUG org.hibernate.orm.idgen.factory - Registering IdentifierGenerator strategy [sequence] -> [org.hibernate.id.enhanced.SequenceStyleGenerator]
2026-02-02 21:20:27.443 [main] DEBUG org.hibernate.orm.idgen.factory - Registering IdentifierGenerator strategy [increment] -> [org.hibernate.id.IncrementGenerator]
2026-02-02 21:20:27.443 [main] DEBUG org.hibernate.orm.idgen.factory - Registering IdentifierGenerator strategy [foreign] -> [org.hibernate.id.ForeignGenerator]
2026-02-02 21:20:27.443 [main] DEBUG org.hibernate.orm.idgen.factory - Registering IdentifierGenerator strategy [enhanced-sequence] -> [org.hibernate.id.enhanced.SequenceStyleGenerator]
2026-02-02 21:20:27.444 [main] DEBUG org.hibernate.orm.idgen.factory - Registering IdentifierGenerator strategy [enhanced-table] -> [org.hibernate.id.enhanced.TableGenerator]
2026-02-02 21:20:27.450 [main] DEBUG org.hibernate.cache.internal.RegionFactoryInitiator - Cannot default RegionFactory based on registered strategies as `[]` RegionFactory strategies were registered
2026-02-02 21:20:27.451 [main] INFO  org.hibernate.cache.internal.RegionFactoryInitiator - HHH000026: Second-level cache disabled
2026-02-02 21:20:27.514 [main] DEBUG org.hibernate.type.BasicTypeRegistry - Adding type registration boolean -> org.hibernate.type.BasicTypeReference@263f04ca
2026-02-02 21:20:27.514 [main] DEBUG org.hibernate.type.BasicTypeRegistry - Adding type registration boolean -> org.hibernate.type.BasicTypeReference@263f04ca
2026-02-02 21:20:27.514 [main] DEBUG org.hibernate.type.BasicTypeRegistry - Adding type registration java.lang.Boolean -> org.hibernate.type.BasicTypeReference@263f04ca
2026-02-02 21:20:27.514 [main] DEBUG org.hibernate.type.BasicTypeRegistry - Adding type registration numeric_boolean -> org.hibernate.type.BasicTypeReference@2ca47471
2026-02-02 21:20:27.514 [main] DEBUG org.hibernate.type.BasicTypeRegistry - Adding type registration org.hibernate.type.NumericBooleanConverter -> org.hibernate.type.BasicTypeReference@2ca47471
2026-02-02 21:20:27.514 [main] DEBUG org.hibernate.type.BasicTypeRegistry - Adding type registration true_false -> org.hibernate.type.BasicTypeReference@5a021cb9
2026-02-02 21:20:27.514 [main] DEBUG org.hibernate.type.BasicTypeRegistry - Adding type registration org.hibernate.type.TrueFalseConverter -> org.hibernate.type.BasicTypeReference@5a021cb9
2026-02-02 21:20:27.515 [main] DEBUG org.hibernate.type.BasicTypeRegistry - Adding type registration yes_no -> org.hibernate.type.BasicTypeReference@51768776
2026-02-02 21:20:27.515 [main] DEBUG org.hibernate.type.BasicTypeRegistry - Adding type registration org.hibernate.type.YesNoConverter -> org.hibernate.type.BasicTypeReference@51768776
2026-02-02 21:20:27.515 [main] DEBUG org.hibernate.type.BasicTypeRegistry - Adding type registration byte -> org.hibernate.type.BasicTypeReference@f31c0c6
2026-02-02 21:20:27.515 [main] DEBUG org.hibernate.type.BasicTypeRegistry - Adding type registration byte -> org.hibernate.type.BasicTypeReference@f31c0c6
2026-02-02 21:20:27.515 [main] DEBUG org.hibernate.type.BasicTypeRegistry - Adding type registration java.lang.Byte -> org.hibernate.type.BasicTypeReference@f31c0c6
2026-02-02 21:20:27.515 [main] DEBUG org.hibernate.type.BasicTypeRegistry - Adding type registration binary -> org.hibernate.type.BasicTypeReference@b93aad
2026-02-02 21:20:27.515 [main] DEBUG org.hibernate.type.BasicTypeRegistry - Adding type registration byte[] -> org.hibernate.type.BasicTypeReference@b93aad
2026-02-02 21:20:27.515 [main] DEBUG org.hibernate.type.BasicTypeRegistry - Adding type registration [B -> org.hibernate.type.BasicTypeReference@b93aad
2026-02-02 21:20:27.515 [main] DEBUG org.hibernate.type.BasicTypeRegistry - Adding type registration binary_wrapper -> org.hibernate.type.BasicTypeReference@4a9419d7
2026-02-02 21:20:27.515 [main] DEBUG org.hibernate.type.BasicTypeRegistry - Adding type registration wrapper-binary -> org.hibernate.type.BasicTypeReference@4a9419d7
2026-02-02 21:20:27.516 [main] DEBUG org.hibernate.type.BasicTypeRegistry - Adding type registration image -> org.hibernate.type.BasicTypeReference@2f3c6ac4
2026-02-02 21:20:27.516 [main] DEBUG org.hibernate.type.BasicTypeRegistry - Adding type registration blob -> org.hibernate.type.BasicTypeReference@2e8ab815
2026-02-02 21:20:27.516 [main] DEBUG org.hibernate.type.BasicTypeRegistry - Adding type registration java.sql.Blob -> org.hibernate.type.BasicTypeReference@2e8ab815
2026-02-02 21:20:27.516 [main] DEBUG org.hibernate.type.BasicTypeRegistry - Adding type registration materialized_blob -> org.hibernate.type.BasicTypeReference@67af833b
2026-02-02 21:20:27.516 [main] DEBUG org.hibernate.type.BasicTypeRegistry - Adding type registration materialized_blob_wrapper -> org.hibernate.type.BasicTypeReference@d1f74b8
2026-02-02 21:20:27.516 [main] DEBUG org.hibernate.type.BasicTypeRegistry - Adding type registration short -> org.hibernate.type.BasicTypeReference@41394595
2026-02-02 21:20:27.516 [main] DEBUG org.hibernate.type.BasicTypeRegistry - Adding type registration short -> org.hibernate.type.BasicTypeReference@41394595
2026-02-02 21:20:27.516 [main] DEBUG org.hibernate.type.BasicTypeRegistry - Adding type registration java.lang.Short -> org.hibernate.type.BasicTypeReference@41394595
2026-02-02 21:20:27.516 [main] DEBUG org.hibernate.type.BasicTypeRegistry - Adding type registration integer -> org.hibernate.type.BasicTypeReference@3a0807b7
2026-02-02 21:20:27.516 [main] DEBUG org.hibernate.type.BasicTypeRegistry - Adding type registration int -> org.hibernate.type.BasicTypeReference@3a0807b7
2026-02-02 21:20:27.517 [main] DEBUG org.hibernate.type.BasicTypeRegistry - Adding type registration java.lang.Integer -> org.hibernate.type.BasicTypeReference@3a0807b7
2026-02-02 21:20:27.517 [main] DEBUG org.hibernate.type.BasicTypeRegistry - Adding type registration long -> org.hibernate.type.BasicTypeReference@21a5fd96
2026-02-02 21:20:27.517 [main] DEBUG org.hibernate.type.BasicTypeRegistry - Adding type registration long -> org.hibernate.type.BasicTypeReference@21a5fd96
2026-02-02 21:20:27.517 [main] DEBUG org.hibernate.type.BasicTypeRegistry - Adding type registration java.lang.Long -> org.hibernate.type.BasicTypeReference@21a5fd96
2026-02-02 21:20:27.518 [main] DEBUG org.hibernate.type.BasicTypeRegistry - Adding type registration float -> org.hibernate.type.BasicTypeReference@5769e7ae
2026-02-02 21:20:27.518 [main] DEBUG org.hibernate.type.BasicTypeRegistry - Adding type registration float -> org.hibernate.type.BasicTypeReference@5769e7ae
2026-02-02 21:20:27.518 [main] DEBUG org.hibernate.type.BasicTypeRegistry - Adding type registration java.lang.Float -> org.hibernate.type.BasicTypeReference@5769e7ae
2026-02-02 21:20:27.518 [main] DEBUG org.hibernate.type.BasicTypeRegistry - Adding type registration double -> org.hibernate.type.BasicTypeReference@5c77053b
2026-02-02 21:20:27.518 [main] DEBUG org.hibernate.type.BasicTypeRegistry - Adding type registration double -> org.hibernate.type.BasicTypeReference@5c77053b
2026-02-02 21:20:27.518 [main] DEBUG org.hibernate.type.BasicTypeRegistry - Adding type registration java.lang.Double -> org.hibernate.type.BasicTypeReference@5c77053b
2026-02-02 21:20:27.518 [main] DEBUG org.hibernate.type.BasicTypeRegistry - Adding type registration big_integer -> org.hibernate.type.BasicTypeReference@26b894bd
2026-02-02 21:20:27.518 [main] DEBUG org.hibernate.type.BasicTypeRegistry - Adding type registration java.math.BigInteger -> org.hibernate.type.BasicTypeReference@26b894bd
2026-02-02 21:20:27.518 [main] DEBUG org.hibernate.type.BasicTypeRegistry - Adding type registration big_decimal -> org.hibernate.type.BasicTypeReference@287f94b1
2026-02-02 21:20:27.518 [main] DEBUG org.hibernate.type.BasicTypeRegistry - Adding type registration java.math.BigDecimal -> org.hibernate.type.BasicTypeReference@287f94b1
2026-02-02 21:20:27.518 [main] DEBUG org.hibernate.type.BasicTypeRegistry - Adding type registration character -> org.hibernate.type.BasicTypeReference@30b34287
2026-02-02 21:20:27.518 [main] DEBUG org.hibernate.type.BasicTypeRegistry - Adding type registration char -> org.hibernate.type.BasicTypeReference@30b34287
2026-02-02 21:20:27.518 [main] DEBUG org.hibernate.type.BasicTypeRegistry - Adding type registration java.lang.Character -> org.hibernate.type.BasicTypeReference@30b34287
2026-02-02 21:20:27.518 [main] DEBUG org.hibernate.type.BasicTypeRegistry - Adding type registration character_nchar -> org.hibernate.type.BasicTypeReference@5489c777
2026-02-02 21:20:27.519 [main] DEBUG org.hibernate.type.BasicTypeRegistry - Adding type registration string -> org.hibernate.type.BasicTypeReference@3676ac27
2026-02-02 21:20:27.519 [main] DEBUG org.hibernate.type.BasicTypeRegistry - Adding type registration java.lang.String -> org.hibernate.type.BasicTypeReference@3676ac27
2026-02-02 21:20:27.519 [main] DEBUG org.hibernate.type.BasicTypeRegistry - Adding type registration nstring -> org.hibernate.type.BasicTypeReference@62f87c44
2026-02-02 21:20:27.519 [main] DEBUG org.hibernate.type.BasicTypeRegistry - Adding type registration characters -> org.hibernate.type.BasicTypeReference@48f5bde6
2026-02-02 21:20:27.519 [main] DEBUG org.hibernate.type.BasicTypeRegistry - Adding type registration char[] -> org.hibernate.type.BasicTypeReference@48f5bde6
2026-02-02 21:20:27.519 [main] DEBUG org.hibernate.type.BasicTypeRegistry - Adding type registration [C -> org.hibernate.type.BasicTypeReference@48f5bde6
2026-02-02 21:20:27.519 [main] DEBUG org.hibernate.type.BasicTypeRegistry - Adding type registration wrapper-characters -> org.hibernate.type.BasicTypeReference@525d79f0
2026-02-02 21:20:27.519 [main] DEBUG org.hibernate.type.BasicTypeRegistry - Adding type registration text -> org.hibernate.type.BasicTypeReference@5149f008
2026-02-02 21:20:27.519 [main] DEBUG org.hibernate.type.BasicTypeRegistry - Adding type registration ntext -> org.hibernate.type.BasicTypeReference@7072bc39
2026-02-02 21:20:27.519 [main] DEBUG org.hibernate.type.BasicTypeRegistry - Adding type registration clob -> org.hibernate.type.BasicTypeReference@158d255c
2026-02-02 21:20:27.519 [main] DEBUG org.hibernate.type.BasicTypeRegistry - Adding type registration java.sql.Clob -> org.hibernate.type.BasicTypeReference@158d255c
2026-02-02 21:20:27.519 [main] DEBUG org.hibernate.type.BasicTypeRegistry - Adding type registration nclob -> org.hibernate.type.BasicTypeReference@2ca65ce4
2026-02-02 21:20:27.520 [main] DEBUG org.hibernate.type.BasicTypeRegistry - Adding type registration java.sql.NClob -> org.hibernate.type.BasicTypeReference@2ca65ce4
2026-02-02 21:20:27.520 [main] DEBUG org.hibernate.type.BasicTypeRegistry - Adding type registration materialized_clob -> org.hibernate.type.BasicTypeReference@327120c8
2026-02-02 21:20:27.520 [main] DEBUG org.hibernate.type.BasicTypeRegistry - Adding type registration materialized_clob_char_array -> org.hibernate.type.BasicTypeReference@5707c1cb
2026-02-02 21:20:27.520 [main] DEBUG org.hibernate.type.BasicTypeRegistry - Adding type registration materialized_clob_character_array -> org.hibernate.type.BasicTypeReference@2b5cb9b2
2026-02-02 21:20:27.520 [main] DEBUG org.hibernate.type.BasicTypeRegistry - Adding type registration materialized_nclob -> org.hibernate.type.BasicTypeReference@35038141
2026-02-02 21:20:27.520 [main] DEBUG org.hibernate.type.BasicTypeRegistry - Adding type registration materialized_nclob_character_array -> org.hibernate.type.BasicTypeReference@ecf9049
2026-02-02 21:20:27.520 [main] DEBUG org.hibernate.type.BasicTypeRegistry - Adding type registration materialized_nclob_char_array -> org.hibernate.type.BasicTypeReference@672f11c2
2026-02-02 21:20:27.520 [main] DEBUG org.hibernate.type.BasicTypeRegistry - Adding type registration Duration -> org.hibernate.type.BasicTypeReference@2970a5bc
2026-02-02 21:20:27.520 [main] DEBUG org.hibernate.type.BasicTypeRegistry - Adding type registration java.time.Duration -> org.hibernate.type.BasicTypeReference@2970a5bc
2026-02-02 21:20:27.520 [main] DEBUG org.hibernate.type.BasicTypeRegistry - Adding type registration LocalDateTime -> org.hibernate.type.BasicTypeReference@50305a
2026-02-02 21:20:27.520 [main] DEBUG org.hibernate.type.BasicTypeRegistry - Adding type registration java.time.LocalDateTime -> org.hibernate.type.BasicTypeReference@50305a
2026-02-02 21:20:27.521 [main] DEBUG org.hibernate.type.BasicTypeRegistry - Adding type registration LocalDate -> org.hibernate.type.BasicTypeReference@72efb5c1
2026-02-02 21:20:27.521 [main] DEBUG org.hibernate.type.BasicTypeRegistry - Adding type registration java.time.LocalDate -> org.hibernate.type.BasicTypeReference@72efb5c1
2026-02-02 21:20:27.521 [main] DEBUG org.hibernate.type.BasicTypeRegistry - Adding type registration LocalTime -> org.hibernate.type.BasicTypeReference@6d511b5f
2026-02-02 21:20:27.521 [main] DEBUG org.hibernate.type.BasicTypeRegistry - Adding type registration java.time.LocalTime -> org.hibernate.type.BasicTypeReference@6d511b5f
2026-02-02 21:20:27.521 [main] DEBUG org.hibernate.type.BasicTypeRegistry - Adding type registration OffsetDateTime -> org.hibernate.type.BasicTypeReference@41200e0c
2026-02-02 21:20:27.521 [main] DEBUG org.hibernate.type.BasicTypeRegistry - Adding type registration java.time.OffsetDateTime -> org.hibernate.type.BasicTypeReference@41200e0c
2026-02-02 21:20:27.521 [main] DEBUG org.hibernate.type.BasicTypeRegistry - Adding type registration OffsetDateTimeWithTimezone -> org.hibernate.type.BasicTypeReference@40f33492
2026-02-02 21:20:27.521 [main] DEBUG org.hibernate.type.BasicTypeRegistry - Adding type registration OffsetDateTimeWithoutTimezone -> org.hibernate.type.BasicTypeReference@4fbdc0f0
2026-02-02 21:20:27.521 [main] DEBUG org.hibernate.type.BasicTypeRegistry - Adding type registration OffsetTime -> org.hibernate.type.BasicTypeReference@2ad3a1bb
2026-02-02 21:20:27.521 [main] DEBUG org.hibernate.type.BasicTypeRegistry - Adding type registration java.time.OffsetTime -> org.hibernate.type.BasicTypeReference@2ad3a1bb
2026-02-02 21:20:27.522 [main] DEBUG org.hibernate.type.BasicTypeRegistry - Adding type registration OffsetTimeUtc -> org.hibernate.type.BasicTypeReference@6bc28a83
2026-02-02 21:20:27.522 [main] DEBUG org.hibernate.type.BasicTypeRegistry - Adding type registration OffsetTimeWithTimezone -> org.hibernate.type.BasicTypeReference@324c64cd
2026-02-02 21:20:27.522 [main] DEBUG org.hibernate.type.BasicTypeRegistry - Adding type registration OffsetTimeWithoutTimezone -> org.hibernate.type.BasicTypeReference@13579834
2026-02-02 21:20:27.522 [main] DEBUG org.hibernate.type.BasicTypeRegistry - Adding type registration ZonedDateTime -> org.hibernate.type.BasicTypeReference@24be2d9c
2026-02-02 21:20:27.522 [main] DEBUG org.hibernate.type.BasicTypeRegistry - Adding type registration java.time.ZonedDateTime -> org.hibernate.type.BasicTypeReference@24be2d9c
2026-02-02 21:20:27.522 [main] DEBUG org.hibernate.type.BasicTypeRegistry - Adding type registration ZonedDateTimeWithTimezone -> org.hibernate.type.BasicTypeReference@5bd73d1a
2026-02-02 21:20:27.522 [main] DEBUG org.hibernate.type.BasicTypeRegistry - Adding type registration ZonedDateTimeWithoutTimezone -> org.hibernate.type.BasicTypeReference@aec50a1
2026-02-02 21:20:27.522 [main] DEBUG org.hibernate.type.BasicTypeRegistry - Adding type registration date -> org.hibernate.type.BasicTypeReference@2555fff0
2026-02-02 21:20:27.522 [main] DEBUG org.hibernate.type.BasicTypeRegistry - Adding type registration java.sql.Date -> org.hibernate.type.BasicTypeReference@2555fff0
2026-02-02 21:20:27.522 [main] DEBUG org.hibernate.type.BasicTypeRegistry - Adding type registration time -> org.hibernate.type.BasicTypeReference@70d2e40b
2026-02-02 21:20:27.522 [main] DEBUG org.hibernate.type.BasicTypeRegistry - Adding type registration java.sql.Time -> org.hibernate.type.BasicTypeReference@70d2e40b
2026-02-02 21:20:27.522 [main] DEBUG org.hibernate.type.BasicTypeRegistry - Adding type registration timestamp -> org.hibernate.type.BasicTypeReference@120f38e6
2026-02-02 21:20:27.523 [main] DEBUG org.hibernate.type.BasicTypeRegistry - Adding type registration java.sql.Timestamp -> org.hibernate.type.BasicTypeReference@120f38e6
2026-02-02 21:20:27.523 [main] DEBUG org.hibernate.type.BasicTypeRegistry - Adding type registration java.util.Date -> org.hibernate.type.BasicTypeReference@120f38e6
2026-02-02 21:20:27.523 [main] DEBUG org.hibernate.type.BasicTypeRegistry - Adding type registration calendar -> org.hibernate.type.BasicTypeReference@7a0e1b5e
2026-02-02 21:20:27.523 [main] DEBUG org.hibernate.type.BasicTypeRegistry - Adding type registration java.util.Calendar -> org.hibernate.type.BasicTypeReference@7a0e1b5e
2026-02-02 21:20:27.523 [main] DEBUG org.hibernate.type.BasicTypeRegistry - Adding type registration java.util.GregorianCalendar -> org.hibernate.type.BasicTypeReference@7a0e1b5e
2026-02-02 21:20:27.523 [main] DEBUG org.hibernate.type.BasicTypeRegistry - Adding type registration calendar_date -> org.hibernate.type.BasicTypeReference@702ed190
2026-02-02 21:20:27.523 [main] DEBUG org.hibernate.type.BasicTypeRegistry - Adding type registration calendar_time -> org.hibernate.type.BasicTypeReference@173b9122
2026-02-02 21:20:27.523 [main] DEBUG org.hibernate.type.BasicTypeRegistry - Adding type registration instant -> org.hibernate.type.BasicTypeReference@7c18432b
2026-02-02 21:20:27.523 [main] DEBUG org.hibernate.type.BasicTypeRegistry - Adding type registration java.time.Instant -> org.hibernate.type.BasicTypeReference@7c18432b
2026-02-02 21:20:27.523 [main] DEBUG org.hibernate.type.BasicTypeRegistry - Adding type registration uuid -> org.hibernate.type.BasicTypeReference@7646731d
2026-02-02 21:20:27.523 [main] DEBUG org.hibernate.type.BasicTypeRegistry - Adding type registration java.util.UUID -> org.hibernate.type.BasicTypeReference@7646731d
2026-02-02 21:20:27.523 [main] DEBUG org.hibernate.type.BasicTypeRegistry - Adding type registration pg-uuid -> org.hibernate.type.BasicTypeReference@7646731d
2026-02-02 21:20:27.523 [main] DEBUG org.hibernate.type.BasicTypeRegistry - Adding type registration uuid-binary -> org.hibernate.type.BasicTypeReference@70e29e14
2026-02-02 21:20:27.524 [main] DEBUG org.hibernate.type.BasicTypeRegistry - Adding type registration uuid-char -> org.hibernate.type.BasicTypeReference@3b1bb3ab
2026-02-02 21:20:27.524 [main] DEBUG org.hibernate.type.BasicTypeRegistry - Adding type registration class -> org.hibernate.type.BasicTypeReference@5a4bef8
2026-02-02 21:20:27.524 [main] DEBUG org.hibernate.type.BasicTypeRegistry - Adding type registration java.lang.Class -> org.hibernate.type.BasicTypeReference@5a4bef8
2026-02-02 21:20:27.524 [main] DEBUG org.hibernate.type.BasicTypeRegistry - Adding type registration currency -> org.hibernate.type.BasicTypeReference@40bffbca
2026-02-02 21:20:27.524 [main] DEBUG org.hibernate.type.BasicTypeRegistry - Adding type registration Currency -> org.hibernate.type.BasicTypeReference@40bffbca
2026-02-02 21:20:27.524 [main] DEBUG org.hibernate.type.BasicTypeRegistry - Adding type registration java.util.Currency -> org.hibernate.type.BasicTypeReference@40bffbca
2026-02-02 21:20:27.524 [main] DEBUG org.hibernate.type.BasicTypeRegistry - Adding type registration locale -> org.hibernate.type.BasicTypeReference@2449cff7
2026-02-02 21:20:27.524 [main] DEBUG org.hibernate.type.BasicTypeRegistry - Adding type registration java.util.Locale -> org.hibernate.type.BasicTypeReference@2449cff7
2026-02-02 21:20:27.524 [main] DEBUG org.hibernate.type.BasicTypeRegistry - Adding type registration serializable -> org.hibernate.type.BasicTypeReference@42a9a63e
2026-02-02 21:20:27.524 [main] DEBUG org.hibernate.type.BasicTypeRegistry - Adding type registration java.io.Serializable -> org.hibernate.type.BasicTypeReference@42a9a63e
2026-02-02 21:20:27.524 [main] DEBUG org.hibernate.type.BasicTypeRegistry - Adding type registration timezone -> org.hibernate.type.BasicTypeReference@62da83ed
2026-02-02 21:20:27.525 [main] DEBUG org.hibernate.type.BasicTypeRegistry - Adding type registration java.util.TimeZone -> org.hibernate.type.BasicTypeReference@62da83ed
2026-02-02 21:20:27.525 [main] DEBUG org.hibernate.type.BasicTypeRegistry - Adding type registration ZoneOffset -> org.hibernate.type.BasicTypeReference@5d8445d7
2026-02-02 21:20:27.525 [main] DEBUG org.hibernate.type.BasicTypeRegistry - Adding type registration java.time.ZoneOffset -> org.hibernate.type.BasicTypeReference@5d8445d7
2026-02-02 21:20:27.525 [main] DEBUG org.hibernate.type.BasicTypeRegistry - Adding type registration url -> org.hibernate.type.BasicTypeReference@37d80fe7
2026-02-02 21:20:27.525 [main] DEBUG org.hibernate.type.BasicTypeRegistry - Adding type registration java.net.URL -> org.hibernate.type.BasicTypeReference@37d80fe7
2026-02-02 21:20:27.525 [main] DEBUG org.hibernate.type.BasicTypeRegistry - Adding type registration vector -> org.hibernate.type.BasicTypeReference@384fc774
2026-02-02 21:20:27.526 [main] DEBUG org.hibernate.type.BasicTypeRegistry - Adding type registration row_version -> org.hibernate.type.BasicTypeReference@e3cee7b
2026-02-02 21:20:27.528 [main] DEBUG org.hibernate.type.BasicTypeRegistry - Adding type registration object -> org.hibernate.type.JavaObjectType@41382722
2026-02-02 21:20:27.528 [main] DEBUG org.hibernate.type.BasicTypeRegistry - Adding type registration java.lang.Object -> org.hibernate.type.JavaObjectType@41382722
2026-02-02 21:20:27.530 [main] DEBUG org.hibernate.type.BasicTypeRegistry - Adding type registration null -> org.hibernate.type.NullType@d816dde
2026-02-02 21:20:27.530 [main] DEBUG org.hibernate.type.BasicTypeRegistry - Adding type registration imm_date -> org.hibernate.type.BasicTypeReference@6e33c391
2026-02-02 21:20:27.530 [main] DEBUG org.hibernate.type.BasicTypeRegistry - Adding type registration imm_time -> org.hibernate.type.BasicTypeReference@6c451c9c
2026-02-02 21:20:27.530 [main] DEBUG org.hibernate.type.BasicTypeRegistry - Adding type registration imm_timestamp -> org.hibernate.type.BasicTypeReference@31c269fd
2026-02-02 21:20:27.530 [main] DEBUG org.hibernate.type.BasicTypeRegistry - Adding type registration imm_calendar -> org.hibernate.type.BasicTypeReference@372b0d86
2026-02-02 21:20:27.530 [main] DEBUG org.hibernate.type.BasicTypeRegistry - Adding type registration imm_calendar_date -> org.hibernate.type.BasicTypeReference@47747fb9
2026-02-02 21:20:27.530 [main] DEBUG org.hibernate.type.BasicTypeRegistry - Adding type registration imm_calendar_time -> org.hibernate.type.BasicTypeReference@3113a37
2026-02-02 21:20:27.530 [main] DEBUG org.hibernate.type.BasicTypeRegistry - Adding type registration imm_binary -> org.hibernate.type.BasicTypeReference@213e3629
2026-02-02 21:20:27.531 [main] DEBUG org.hibernate.type.BasicTypeRegistry - Adding type registration imm_serializable -> org.hibernate.type.BasicTypeReference@4e9658b5
2026-02-02 21:20:27.553 [main] WARN  org.hibernate.orm.connections.pooling - HHH10001002: Using built-in connection pool (not intended for production use)
2026-02-02 21:20:27.557 [main] INFO  org.hibernate.orm.connections.pooling - HHH10001005: Loaded JDBC driver class: com.mysql.cj.jdbc.Driver
2026-02-02 21:20:27.557 [main] INFO  org.hibernate.orm.connections.pooling - HHH10001012: Connecting with JDBC URL [jdbc:mysql://localhost:3307/LitMind?useSSL=false&serverTimezone=UTC]
2026-02-02 21:20:27.557 [main] INFO  org.hibernate.orm.connections.pooling - HHH10001001: Connection properties: {password=angela, user=angela}
2026-02-02 21:20:27.557 [main] INFO  org.hibernate.orm.connections.pooling - HHH10001003: Autocommit mode: false
2026-02-02 21:20:27.558 [main] DEBUG org.hibernate.orm.connections.pooling - Initializing Connection pool with 1 Connections
2026-02-02 21:20:27.558 [main] INFO  org.hibernate.orm.connections.pooling - HHH10001115: Connection pool size: 20 (min=1)
2026-02-02 21:20:27.707 [main] DEBUG org.hibernate.engine.jdbc.env.internal.JdbcEnvironmentInitiator - Database ->
       name : MySQL
    version : 8.4.7
      major : 8
      minor : 4
2026-02-02 21:20:27.708 [main] DEBUG org.hibernate.engine.jdbc.env.internal.JdbcEnvironmentInitiator - Driver ->
       name : MySQL Connector/J
    version : mysql-connector-j-8.4.0 (Revision: 1c3f5c149e0bfe31c7fbeb24e2d260cd890972c4)
      major : 8
      minor : 4
2026-02-02 21:20:27.708 [main] DEBUG org.hibernate.engine.jdbc.env.internal.JdbcEnvironmentInitiator - JDBC version : 4.2
2026-02-02 21:20:27.747 [main] WARN  org.hibernate.orm.deprecation - HHH90000025: MySQLDialect does not need to be specified explicitly using 'hibernate.dialect' (remove the property setting and it will be selected by default)
2026-02-02 21:20:27.749 [main] DEBUG org.hibernate.orm.dialect - HHH035001: Using dialect: org.hibernate.dialect.MySQLDialect, version: 8.4.7
2026-02-02 21:20:27.755 [main] DEBUG org.hibernate.engine.jdbc.env.spi.IdentifierHelperBuilder - JDBC driver metadata reported database stores quoted identifiers in more than one case
2026-02-02 21:20:27.755 [main] DEBUG org.hibernate.engine.jdbc.env.spi.IdentifierHelperBuilder - IdentifierCaseStrategy for both quoted and unquoted identifiers was set to the same strategy [MIXED]; that will likely lead to problems in schema update and validation if using quoted identifiers
2026-02-02 21:20:27.770 [main] DEBUG org.hibernate.type.descriptor.sql.spi.DdlTypeRegistry - addDescriptor(12, org.hibernate.type.descriptor.sql.internal.CapacityDependentDdlType@2d5f7182) replaced previous registration(org.hibernate.type.descriptor.sql.internal.CapacityDependentDdlType@59546cfe)
2026-02-02 21:20:27.770 [main] DEBUG org.hibernate.type.descriptor.sql.spi.DdlTypeRegistry - addDescriptor(-9, org.hibernate.type.descriptor.sql.internal.CapacityDependentDdlType@29ea78b1) replaced previous registration(org.hibernate.type.descriptor.sql.internal.CapacityDependentDdlType@2d2acd89)
2026-02-02 21:20:27.770 [main] DEBUG org.hibernate.type.descriptor.sql.spi.DdlTypeRegistry - addDescriptor(-3, org.hibernate.type.descriptor.sql.internal.CapacityDependentDdlType@7baf6acf) replaced previous registration(org.hibernate.type.descriptor.sql.internal.CapacityDependentDdlType@1e6dad8)
2026-02-02 21:20:27.770 [main] DEBUG org.hibernate.type.descriptor.sql.spi.DdlTypeRegistry - addDescriptor(4003, org.hibernate.type.descriptor.sql.internal.DdlTypeImpl@7b3315a5) replaced previous registration(org.hibernate.type.descriptor.sql.internal.DdlTypeImpl@8ed9cf)
2026-02-02 21:20:27.770 [main] DEBUG org.hibernate.type.descriptor.sql.spi.DdlTypeRegistry - addDescriptor(4001, org.hibernate.type.descriptor.sql.internal.DdlTypeImpl@f72203) replaced previous registration(org.hibernate.type.descriptor.sql.internal.DdlTypeImpl@377008df)
2026-02-02 21:20:27.770 [main] DEBUG org.hibernate.type.descriptor.sql.spi.DdlTypeRegistry - addDescriptor(4002, org.hibernate.type.descriptor.sql.internal.DdlTypeImpl@540dbda9) replaced previous registration(org.hibernate.type.descriptor.sql.internal.DdlTypeImpl@22bb5646)
2026-02-02 21:20:27.770 [main] DEBUG org.hibernate.type.descriptor.sql.spi.DdlTypeRegistry - addDescriptor(2004, org.hibernate.type.descriptor.sql.internal.CapacityDependentDdlType@1be59f28) replaced previous registration(org.hibernate.type.descriptor.sql.internal.DdlTypeImpl@2ce45a7b)
2026-02-02 21:20:27.771 [main] DEBUG org.hibernate.type.descriptor.sql.spi.DdlTypeRegistry - addDescriptor(2005, org.hibernate.type.descriptor.sql.internal.CapacityDependentDdlType@153d4abb) replaced previous registration(org.hibernate.type.descriptor.sql.internal.DdlTypeImpl@6d4c273c)
2026-02-02 21:20:27.771 [main] DEBUG org.hibernate.type.descriptor.sql.spi.DdlTypeRegistry - addDescriptor(2011, org.hibernate.type.descriptor.sql.internal.CapacityDependentDdlType@5a67e962) replaced previous registration(org.hibernate.type.descriptor.sql.internal.DdlTypeImpl@545e57d7)
2026-02-02 21:20:27.772 [main] DEBUG org.hibernate.type.descriptor.jdbc.spi.JdbcTypeRegistry - addDescriptor(NCharTypeDescriptor) replaced previous registration(CharTypeDescriptor)
2026-02-02 21:20:27.772 [main] DEBUG org.hibernate.type.descriptor.jdbc.spi.JdbcTypeRegistry - addDescriptor(NVarcharTypeDescriptor) replaced previous registration(VarcharTypeDescriptor)
2026-02-02 21:20:27.772 [main] DEBUG org.hibernate.type.descriptor.jdbc.spi.JdbcTypeRegistry - addDescriptor(LongNVarcharTypeDescriptor) replaced previous registration(LongVarcharTypeDescriptor)
2026-02-02 21:20:27.774 [main] DEBUG org.hibernate.type.descriptor.jdbc.spi.JdbcTypeRegistry - addDescriptor(NClobTypeDescriptor(DEFAULT)) replaced previous registration(ClobTypeDescriptor(DEFAULT))
2026-02-02 21:20:27.774 [main] DEBUG org.hibernate.type.descriptor.jdbc.spi.JdbcTypeRegistry - addDescriptor(2005, ClobTypeDescriptor(STREAM_BINDING)) replaced previous registration(ClobTypeDescriptor(DEFAULT))
2026-02-02 21:20:27.777 [main] DEBUG org.hibernate.type.BasicTypeRegistry - Adding type registration null -> org.hibernate.type.NullType@35088e87
2026-02-02 21:20:27.777 [main] DEBUG org.hibernate.type.BasicTypeRegistry - Type registration key [null] overrode previous entry : `org.hibernate.type.NullType@d816dde`
2026-02-02 21:20:27.780 [main] DEBUG org.hibernate.type.BasicTypeRegistry - Adding type registration org.hibernate.type.DurationType -> basicType@1(java.time.Duration,3015)
2026-02-02 21:20:27.780 [main] DEBUG org.hibernate.type.BasicTypeRegistry - Adding type registration Duration -> basicType@1(java.time.Duration,3015)
2026-02-02 21:20:27.781 [main] DEBUG org.hibernate.type.BasicTypeRegistry - Adding type registration java.time.Duration -> basicType@1(java.time.Duration,3015)
2026-02-02 21:20:27.784 [main] DEBUG org.hibernate.type.BasicTypeRegistry - Adding type registration org.hibernate.type.OffsetDateTimeType -> basicType@2(java.time.OffsetDateTime,3003)
2026-02-02 21:20:27.784 [main] DEBUG org.hibernate.type.BasicTypeRegistry - Adding type registration OffsetDateTime -> basicType@2(java.time.OffsetDateTime,3003)
2026-02-02 21:20:27.784 [main] DEBUG org.hibernate.type.BasicTypeRegistry - Adding type registration java.time.OffsetDateTime -> basicType@2(java.time.OffsetDateTime,3003)
2026-02-02 21:20:27.784 [main] DEBUG org.hibernate.type.BasicTypeRegistry - Adding type registration org.hibernate.type.ZonedDateTimeType -> basicType@3(java.time.ZonedDateTime,3003)
2026-02-02 21:20:27.785 [main] DEBUG org.hibernate.type.BasicTypeRegistry - Adding type registration ZonedDateTime -> basicType@3(java.time.ZonedDateTime,3003)
2026-02-02 21:20:27.785 [main] DEBUG org.hibernate.type.BasicTypeRegistry - Adding type registration java.time.ZonedDateTime -> basicType@3(java.time.ZonedDateTime,3003)
2026-02-02 21:20:27.785 [main] DEBUG org.hibernate.type.BasicTypeRegistry - Adding type registration org.hibernate.type.OffsetTimeType -> basicType@4(java.time.OffsetTime,3007)
2026-02-02 21:20:27.785 [main] DEBUG org.hibernate.type.BasicTypeRegistry - Adding type registration OffsetTime -> basicType@4(java.time.OffsetTime,3007)
2026-02-02 21:20:27.785 [main] DEBUG org.hibernate.type.BasicTypeRegistry - Adding type registration java.time.OffsetTime -> basicType@4(java.time.OffsetTime,3007)
2026-02-02 21:20:27.786 [main] DEBUG org.hibernate.type.spi.TypeConfiguration$Scope - Scoping TypeConfiguration [org.hibernate.type.spi.TypeConfiguration@453d496b] to MetadataBuildingContext [org.hibernate.boot.internal.MetadataBuildingContextRootImpl@66bacdbc]
2026-02-02 21:20:27.816 [main] DEBUG org.hibernate.boot.model.relational.Namespace - Created database namespace [logicalName=Name{catalog=null, schema=null}, physicalName=Name{catalog=null, schema=null}]
2026-02-02 21:20:27.834 [main] DEBUG org.hibernate.boot.model.internal.EntityBinder - Binding entity from annotated class: modelo.Usuario
2026-02-02 21:20:27.842 [main] DEBUG org.hibernate.boot.model.internal.EntityBinder - Import with entity name Usuario
2026-02-02 21:20:27.847 [main] DEBUG org.hibernate.boot.model.internal.EntityBinder - Bind entity modelo.Usuario on table usuario
2026-02-02 21:20:27.854 [main] DEBUG org.hibernate.boot.model.internal.AnnotatedColumn - Binding column: AnnotatedDiscriminatorColumn(column='DTYPE')
2026-02-02 21:20:27.873 [main] DEBUG org.hibernate.boot.model.internal.AnnotatedColumn - Binding column: AnnotatedColumn()
2026-02-02 21:20:27.873 [main] DEBUG org.hibernate.boot.internal.ClassLoaderAccessImpl - Not known whether passed class name [modelo.Usuario] is safe
2026-02-02 21:20:27.873 [main] DEBUG org.hibernate.boot.internal.ClassLoaderAccessImpl - No temp ClassLoader provided; using live ClassLoader for loading potentially unsafe class : modelo.Usuario
2026-02-02 21:20:27.875 [main] DEBUG org.hibernate.boot.model.internal.PropertyBinder - MetadataSourceProcessor property id_usuario with lazy=false
2026-02-02 21:20:27.879 [main] DEBUG org.hibernate.boot.model.internal.AbstractPropertyHolder - Attempting to locate auto-apply AttributeConverter for property [modelo.Usuario:id_usuario]
2026-02-02 21:20:27.882 [main] DEBUG org.hibernate.boot.model.internal.BasicValueBinder - building BasicValue for id_usuario
2026-02-02 21:20:27.885 [main] DEBUG org.hibernate.mapping.BasicValue - Skipping column re-registration: usuario.id_usuario
2026-02-02 21:20:27.886 [main] DEBUG org.hibernate.boot.model.internal.PropertyBinder - Building property id_usuario
2026-02-02 21:20:27.888 [main] DEBUG org.hibernate.boot.model.internal.BinderHelper - #makeIdGenerator(BasicValue([Column(id_usuario)]), id_usuario, identity, , ...)
2026-02-02 21:20:27.889 [main] DEBUG org.hibernate.boot.model.internal.AnnotatedColumn - Binding column: AnnotatedColumn()
2026-02-02 21:20:27.889 [main] DEBUG org.hibernate.boot.model.internal.PropertyBinder - MetadataSourceProcessor property edad with lazy=false
2026-02-02 21:20:27.889 [main] DEBUG org.hibernate.boot.model.internal.AbstractPropertyHolder - Attempting to locate auto-apply AttributeConverter for property [modelo.Usuario:edad]
2026-02-02 21:20:27.889 [main] DEBUG org.hibernate.boot.model.internal.BasicValueBinder - building BasicValue for edad
2026-02-02 21:20:27.889 [main] DEBUG org.hibernate.mapping.BasicValue - Skipping column re-registration: usuario.edad
2026-02-02 21:20:27.889 [main] DEBUG org.hibernate.boot.model.internal.PropertyBinder - Building property edad
2026-02-02 21:20:27.890 [main] DEBUG org.hibernate.boot.model.internal.AnnotatedColumn - Binding column: AnnotatedJoinColumn()
2026-02-02 21:20:27.890 [main] DEBUG org.hibernate.boot.model.internal.AnnotatedColumn - Binding column: AnnotatedColumn()
2026-02-02 21:20:27.893 [main] DEBUG org.hibernate.boot.model.internal.PropertyBinder - Building property estudiante
2026-02-02 21:20:27.894 [main] DEBUG org.hibernate.boot.model.internal.AnnotatedColumn - Binding column: AnnotatedColumn()
2026-02-02 21:20:27.894 [main] DEBUG org.hibernate.boot.model.internal.PropertyBinder - MetadataSourceProcessor property nombreCompleto with lazy=false
2026-02-02 21:20:27.894 [main] DEBUG org.hibernate.boot.model.internal.AbstractPropertyHolder - Attempting to locate auto-apply AttributeConverter for property [modelo.Usuario:nombreCompleto]
2026-02-02 21:20:27.894 [main] DEBUG org.hibernate.boot.model.internal.BasicValueBinder - building BasicValue for nombreCompleto
2026-02-02 21:20:27.894 [main] DEBUG org.hibernate.mapping.BasicValue - Skipping column re-registration: usuario.nombreCompleto
2026-02-02 21:20:27.894 [main] DEBUG org.hibernate.boot.model.internal.PropertyBinder - Building property nombreCompleto
2026-02-02 21:20:27.894 [main] DEBUG org.hibernate.boot.model.internal.AnnotatedColumn - Binding column: AnnotatedColumn()
2026-02-02 21:20:27.894 [main] DEBUG org.hibernate.boot.model.internal.PropertyBinder - MetadataSourceProcessor property puntosPorLogro with lazy=false
2026-02-02 21:20:27.894 [main] DEBUG org.hibernate.boot.model.internal.AbstractPropertyHolder - Attempting to locate auto-apply AttributeConverter for property [modelo.Usuario:puntosPorLogro]
2026-02-02 21:20:27.894 [main] DEBUG org.hibernate.boot.model.internal.BasicValueBinder - building BasicValue for puntosPorLogro
2026-02-02 21:20:27.894 [main] DEBUG org.hibernate.mapping.BasicValue - Skipping column re-registration: usuario.puntosPorLogro
2026-02-02 21:20:27.895 [main] DEBUG org.hibernate.boot.model.internal.PropertyBinder - Building property puntosPorLogro
2026-02-02 21:20:27.895 [main] DEBUG org.hibernate.boot.model.internal.AnnotatedColumn - Binding column: AnnotatedColumn()
2026-02-02 21:20:27.895 [main] DEBUG org.hibernate.boot.model.internal.PropertyBinder - MetadataSourceProcessor property rolPrincipal with lazy=false
2026-02-02 21:20:27.895 [main] DEBUG org.hibernate.boot.model.internal.AbstractPropertyHolder - Attempting to locate auto-apply AttributeConverter for property [modelo.Usuario:rolPrincipal]
2026-02-02 21:20:27.895 [main] DEBUG org.hibernate.boot.model.internal.BasicValueBinder - building BasicValue for rolPrincipal
2026-02-02 21:20:27.895 [main] DEBUG org.hibernate.mapping.BasicValue - Skipping column re-registration: usuario.rolPrincipal
2026-02-02 21:20:27.895 [main] DEBUG org.hibernate.boot.model.internal.PropertyBinder - Building property rolPrincipal
2026-02-02 21:20:27.895 [main] DEBUG org.hibernate.boot.model.internal.AnnotatedColumn - Binding column: AnnotatedColumn()
2026-02-02 21:20:27.895 [main] DEBUG org.hibernate.boot.model.internal.PropertyBinder - MetadataSourceProcessor property tipoUsuario with lazy=false
2026-02-02 21:20:27.895 [main] DEBUG org.hibernate.boot.model.internal.AbstractPropertyHolder - Attempting to locate auto-apply AttributeConverter for property [modelo.Usuario:tipoUsuario]
2026-02-02 21:20:27.895 [main] DEBUG org.hibernate.boot.model.internal.BasicValueBinder - building BasicValue for tipoUsuario
2026-02-02 21:20:27.896 [main] DEBUG org.hibernate.mapping.BasicValue - Skipping column re-registration: usuario.tipoUsuario
2026-02-02 21:20:27.896 [main] DEBUG org.hibernate.boot.model.internal.PropertyBinder - Building property tipoUsuario
2026-02-02 21:20:27.896 [main] DEBUG org.hibernate.boot.registry.classloading.internal.ClassLoaderServiceImpl - HHH000194: Package not found or wo package-info.java: modelo
2026-02-02 21:20:27.900 [main] DEBUG org.hibernate.boot.model.internal.EntityBinder - Binding entity from annotated class: modelo.Lectura
2026-02-02 21:20:27.901 [main] DEBUG org.hibernate.boot.model.internal.EntityBinder - Import with entity name Lectura
2026-02-02 21:20:27.901 [main] DEBUG org.hibernate.boot.model.internal.EntityBinder - Bind entity modelo.Lectura on table lectura
2026-02-02 21:20:27.901 [main] DEBUG org.hibernate.boot.model.internal.AnnotatedColumn - Binding column: AnnotatedDiscriminatorColumn(column='DTYPE')
2026-02-02 21:20:27.903 [main] DEBUG org.hibernate.boot.model.internal.AnnotatedColumn - Binding column: AnnotatedColumn()
2026-02-02 21:20:27.903 [main] DEBUG org.hibernate.boot.internal.ClassLoaderAccessImpl - Not known whether passed class name [modelo.Lectura] is safe
2026-02-02 21:20:27.903 [main] DEBUG org.hibernate.boot.internal.ClassLoaderAccessImpl - No temp ClassLoader provided; using live ClassLoader for loading potentially unsafe class : modelo.Lectura
2026-02-02 21:20:27.904 [main] DEBUG org.hibernate.boot.model.internal.PropertyBinder - MetadataSourceProcessor property id_lectura with lazy=false
2026-02-02 21:20:27.904 [main] DEBUG org.hibernate.boot.model.internal.AbstractPropertyHolder - Attempting to locate auto-apply AttributeConverter for property [modelo.Lectura:id_lectura]
2026-02-02 21:20:27.904 [main] DEBUG org.hibernate.boot.model.internal.BasicValueBinder - building BasicValue for id_lectura
2026-02-02 21:20:27.904 [main] DEBUG org.hibernate.mapping.BasicValue - Skipping column re-registration: lectura.id_lectura
2026-02-02 21:20:27.904 [main] DEBUG org.hibernate.boot.model.internal.PropertyBinder - Building property id_lectura
2026-02-02 21:20:27.904 [main] DEBUG org.hibernate.boot.model.internal.BinderHelper - #makeIdGenerator(BasicValue([Column(id_lectura)]), id_lectura, identity, , ...)
2026-02-02 21:20:27.904 [main] DEBUG org.hibernate.boot.model.internal.AnnotatedColumn - Binding column: AnnotatedJoinColumn()
2026-02-02 21:20:27.905 [main] DEBUG org.hibernate.boot.model.internal.AnnotatedColumn - Binding column: AnnotatedColumn()
2026-02-02 21:20:27.912 [main] DEBUG org.hibernate.boot.model.internal.AnnotatedColumn - Binding column: IndexColumn(column='asignaciones_ORDER')
2026-02-02 21:20:27.916 [main] DEBUG org.hibernate.boot.model.internal.AnnotatedColumn - Binding column: AnnotatedColumn()
2026-02-02 21:20:27.916 [main] DEBUG org.hibernate.boot.model.internal.AnnotatedColumn - Binding column: AnnotatedColumn(column='asignaciones_KEY')
2026-02-02 21:20:27.917 [main] DEBUG org.hibernate.boot.model.internal.AnnotatedColumn - Binding column: AnnotatedJoinColumn(column='asignaciones_KEY')
2026-02-02 21:20:27.917 [main] DEBUG org.hibernate.boot.model.internal.AnnotatedColumn - Binding column: AnnotatedJoinColumn()
2026-02-02 21:20:27.917 [main] DEBUG org.hibernate.boot.model.internal.AnnotatedColumn - Binding column: AnnotatedJoinColumn()
2026-02-02 21:20:27.919 [main] DEBUG org.hibernate.boot.model.internal.CollectionBinder - Collection role: modelo.Lectura.asignaciones
2026-02-02 21:20:27.920 [main] DEBUG org.hibernate.boot.model.internal.PropertyBinder - Building property asignaciones
2026-02-02 21:20:27.921 [main] DEBUG org.hibernate.boot.model.internal.AnnotatedColumn - Binding column: AnnotatedColumn()
2026-02-02 21:20:27.921 [main] DEBUG org.hibernate.boot.model.internal.PropertyBinder - MetadataSourceProcessor property autor with lazy=false
2026-02-02 21:20:27.921 [main] DEBUG org.hibernate.boot.model.internal.AbstractPropertyHolder - Attempting to locate auto-apply AttributeConverter for property [modelo.Lectura:autor]
2026-02-02 21:20:27.921 [main] DEBUG org.hibernate.boot.model.internal.BasicValueBinder - building BasicValue for autor
2026-02-02 21:20:27.921 [main] DEBUG org.hibernate.mapping.BasicValue - Skipping column re-registration: lectura.autor
2026-02-02 21:20:27.921 [main] DEBUG org.hibernate.boot.model.internal.PropertyBinder - Building property autor
2026-02-02 21:20:27.921 [main] DEBUG org.hibernate.boot.model.internal.AnnotatedColumn - Binding column: AnnotatedColumn()
2026-02-02 21:20:27.921 [main] DEBUG org.hibernate.boot.model.internal.PropertyBinder - MetadataSourceProcessor property genero with lazy=false
2026-02-02 21:20:27.921 [main] DEBUG org.hibernate.boot.model.internal.AbstractPropertyHolder - Attempting to locate auto-apply AttributeConverter for property [modelo.Lectura:genero]
2026-02-02 21:20:27.921 [main] DEBUG org.hibernate.boot.model.internal.BasicValueBinder - building BasicValue for genero
2026-02-02 21:20:27.921 [main] DEBUG org.hibernate.mapping.BasicValue - Skipping column re-registration: lectura.genero
2026-02-02 21:20:27.921 [main] DEBUG org.hibernate.boot.model.internal.PropertyBinder - Building property genero
2026-02-02 21:20:27.921 [main] DEBUG org.hibernate.boot.model.internal.AnnotatedColumn - Binding column: AnnotatedColumn()
2026-02-02 21:20:27.921 [main] DEBUG org.hibernate.boot.model.internal.PropertyBinder - MetadataSourceProcessor property titulo with lazy=false
2026-02-02 21:20:27.921 [main] DEBUG org.hibernate.boot.model.internal.AbstractPropertyHolder - Attempting to locate auto-apply AttributeConverter for property [modelo.Lectura:titulo]
2026-02-02 21:20:27.921 [main] DEBUG org.hibernate.boot.model.internal.BasicValueBinder - building BasicValue for titulo
2026-02-02 21:20:27.921 [main] DEBUG org.hibernate.mapping.BasicValue - Skipping column re-registration: lectura.titulo
2026-02-02 21:20:27.923 [main] DEBUG org.hibernate.boot.model.internal.PropertyBinder - Building property titulo
2026-02-02 21:20:27.923 [main] DEBUG org.hibernate.boot.registry.classloading.internal.ClassLoaderServiceImpl - HHH000194: Package not found or wo package-info.java: modelo
2026-02-02 21:20:27.923 [main] DEBUG org.hibernate.boot.model.internal.EntityBinder - Binding entity from annotated class: modelo.Asignacion
2026-02-02 21:20:27.923 [main] DEBUG org.hibernate.boot.model.internal.EntityBinder - Import with entity name Asignacion
2026-02-02 21:20:27.924 [main] DEBUG org.hibernate.boot.model.internal.EntityBinder - Bind entity modelo.Asignacion on table asignacion
2026-02-02 21:20:27.924 [main] DEBUG org.hibernate.boot.model.internal.AnnotatedColumn - Binding column: AnnotatedDiscriminatorColumn(column='DTYPE')
2026-02-02 21:20:27.926 [main] DEBUG org.hibernate.boot.model.internal.AnnotatedColumn - Binding column: AnnotatedColumn()
2026-02-02 21:20:27.926 [main] DEBUG org.hibernate.boot.internal.ClassLoaderAccessImpl - Not known whether passed class name [modelo.Asignacion] is safe
2026-02-02 21:20:27.926 [main] DEBUG org.hibernate.boot.internal.ClassLoaderAccessImpl - No temp ClassLoader provided; using live ClassLoader for loading potentially unsafe class : modelo.Asignacion
2026-02-02 21:20:27.926 [main] DEBUG org.hibernate.boot.model.internal.PropertyBinder - MetadataSourceProcessor property id_asignacion with lazy=false
2026-02-02 21:20:27.926 [main] DEBUG org.hibernate.boot.model.internal.AbstractPropertyHolder - Attempting to locate auto-apply AttributeConverter for property [modelo.Asignacion:id_asignacion]
2026-02-02 21:20:27.926 [main] DEBUG org.hibernate.boot.model.internal.BasicValueBinder - building BasicValue for id_asignacion
2026-02-02 21:20:27.926 [main] DEBUG org.hibernate.mapping.BasicValue - Skipping column re-registration: asignacion.id_asignacion
2026-02-02 21:20:27.926 [main] DEBUG org.hibernate.boot.model.internal.PropertyBinder - Building property id_asignacion
2026-02-02 21:20:27.927 [main] DEBUG org.hibernate.boot.model.internal.BinderHelper - #makeIdGenerator(BasicValue([Column(id_asignacion)]), id_asignacion, identity, , ...)
2026-02-02 21:20:27.927 [main] DEBUG org.hibernate.boot.model.internal.AnnotatedColumn - Binding column: AnnotatedColumn()
2026-02-02 21:20:27.927 [main] DEBUG org.hibernate.boot.model.internal.PropertyBinder - MetadataSourceProcessor property codigoClase with lazy=false
2026-02-02 21:20:27.927 [main] DEBUG org.hibernate.boot.model.internal.AbstractPropertyHolder - Attempting to locate auto-apply AttributeConverter for property [modelo.Asignacion:codigoClase]
2026-02-02 21:20:27.927 [main] DEBUG org.hibernate.boot.model.internal.BasicValueBinder - building BasicValue for codigoClase
2026-02-02 21:20:27.927 [main] DEBUG org.hibernate.mapping.BasicValue - Skipping column re-registration: asignacion.codigoClase
2026-02-02 21:20:27.927 [main] DEBUG org.hibernate.boot.model.internal.PropertyBinder - Building property codigoClase
2026-02-02 21:20:27.928 [main] DEBUG org.hibernate.boot.model.internal.AnnotatedColumn - Binding column: AnnotatedJoinColumn(column='id_docente')
2026-02-02 21:20:27.928 [main] DEBUG org.hibernate.boot.model.internal.AnnotatedColumn - Binding column: AnnotatedColumn()
2026-02-02 21:20:27.928 [main] DEBUG org.hibernate.boot.model.internal.PropertyBinder - Building property docente
2026-02-02 21:20:27.928 [main] DEBUG org.hibernate.boot.model.internal.AnnotatedColumn - Binding column: AnnotatedColumn()
2026-02-02 21:20:27.928 [main] DEBUG org.hibernate.boot.model.internal.PropertyBinder - MetadataSourceProcessor property esObligatoria with lazy=false
2026-02-02 21:20:27.929 [main] DEBUG org.hibernate.boot.model.internal.AbstractPropertyHolder - Attempting to locate auto-apply AttributeConverter for property [modelo.Asignacion:esObligatoria]
2026-02-02 21:20:27.929 [main] DEBUG org.hibernate.boot.model.internal.BasicValueBinder - building BasicValue for esObligatoria
2026-02-02 21:20:27.929 [main] DEBUG org.hibernate.mapping.BasicValue - Skipping column re-registration: asignacion.esObligatoria
2026-02-02 21:20:27.929 [main] DEBUG org.hibernate.boot.model.internal.PropertyBinder - Building property esObligatoria
2026-02-02 21:20:27.929 [main] DEBUG org.hibernate.boot.model.internal.AnnotatedColumn - Binding column: AnnotatedJoinColumn(column='id_lectura')
2026-02-02 21:20:27.929 [main] DEBUG org.hibernate.boot.model.internal.AnnotatedColumn - Binding column: AnnotatedColumn()
2026-02-02 21:20:27.929 [main] DEBUG org.hibernate.boot.model.internal.PropertyBinder - Building property lectura
2026-02-02 21:20:27.929 [main] DEBUG org.hibernate.boot.model.internal.AnnotatedColumn - Binding column: AnnotatedColumn()
2026-02-02 21:20:27.929 [main] DEBUG org.hibernate.boot.model.internal.PropertyBinder - MetadataSourceProcessor property tituloAsignacion with lazy=false
2026-02-02 21:20:27.929 [main] DEBUG org.hibernate.boot.model.internal.AbstractPropertyHolder - Attempting to locate auto-apply AttributeConverter for property [modelo.Asignacion:tituloAsignacion]
2026-02-02 21:20:27.930 [main] DEBUG org.hibernate.boot.model.internal.BasicValueBinder - building BasicValue for tituloAsignacion
2026-02-02 21:20:27.930 [main] DEBUG org.hibernate.mapping.BasicValue - Skipping column re-registration: asignacion.tituloAsignacion
2026-02-02 21:20:27.930 [main] DEBUG org.hibernate.boot.model.internal.PropertyBinder - Building property tituloAsignacion
2026-02-02 21:20:27.930 [main] DEBUG org.hibernate.boot.model.internal.AnnotatedColumn - Binding column: AnnotatedColumn()
2026-02-02 21:20:27.930 [main] DEBUG org.hibernate.boot.model.internal.PropertyBinder - MetadataSourceProcessor property totalAlumnos with lazy=false
2026-02-02 21:20:27.931 [main] DEBUG org.hibernate.boot.model.internal.AbstractPropertyHolder - Attempting to locate auto-apply AttributeConverter for property [modelo.Asignacion:totalAlumnos]
2026-02-02 21:20:27.931 [main] DEBUG org.hibernate.boot.model.internal.BasicValueBinder - building BasicValue for totalAlumnos
2026-02-02 21:20:27.931 [main] DEBUG org.hibernate.mapping.BasicValue - Skipping column re-registration: asignacion.totalAlumnos
2026-02-02 21:20:27.931 [main] DEBUG org.hibernate.boot.model.internal.PropertyBinder - Building property totalAlumnos
2026-02-02 21:20:27.931 [main] DEBUG org.hibernate.boot.registry.classloading.internal.ClassLoaderServiceImpl - HHH000194: Package not found or wo package-info.java: modelo
2026-02-02 21:20:27.932 [main] DEBUG org.hibernate.boot.model.internal.EntityBinder - Binding entity from annotated class: modelo.Docente
2026-02-02 21:20:27.932 [main] DEBUG org.hibernate.boot.model.internal.EntityBinder - Import with entity name Docente
2026-02-02 21:20:27.932 [main] DEBUG org.hibernate.boot.model.internal.EntityBinder - Bind entity modelo.Docente on table docente
2026-02-02 21:20:27.932 [main] DEBUG org.hibernate.boot.model.internal.AnnotatedColumn - Binding column: AnnotatedDiscriminatorColumn(column='DTYPE')
2026-02-02 21:20:27.933 [main] DEBUG org.hibernate.boot.model.internal.AnnotatedColumn - Binding column: AnnotatedColumn()
2026-02-02 21:20:27.933 [main] DEBUG org.hibernate.boot.internal.ClassLoaderAccessImpl - Not known whether passed class name [modelo.Docente] is safe
2026-02-02 21:20:27.933 [main] DEBUG org.hibernate.boot.internal.ClassLoaderAccessImpl - No temp ClassLoader provided; using live ClassLoader for loading potentially unsafe class : modelo.Docente
2026-02-02 21:20:27.933 [main] DEBUG org.hibernate.boot.model.internal.PropertyBinder - MetadataSourceProcessor property id_docente with lazy=false
2026-02-02 21:20:27.933 [main] DEBUG org.hibernate.boot.model.internal.AbstractPropertyHolder - Attempting to locate auto-apply AttributeConverter for property [modelo.Docente:id_docente]
2026-02-02 21:20:27.933 [main] DEBUG org.hibernate.boot.model.internal.BasicValueBinder - building BasicValue for id_docente
2026-02-02 21:20:27.933 [main] DEBUG org.hibernate.mapping.BasicValue - Skipping column re-registration: docente.id_docente
2026-02-02 21:20:27.933 [main] DEBUG org.hibernate.boot.model.internal.PropertyBinder - Building property id_docente
2026-02-02 21:20:27.933 [main] DEBUG org.hibernate.boot.model.internal.BinderHelper - #makeIdGenerator(BasicValue([Column(id_docente)]), id_docente, identity, , ...)
2026-02-02 21:20:27.933 [main] DEBUG org.hibernate.boot.model.internal.AnnotatedColumn - Binding column: AnnotatedColumn()
2026-02-02 21:20:27.933 [main] DEBUG org.hibernate.boot.model.internal.PropertyBinder - MetadataSourceProcessor property edad with lazy=false
2026-02-02 21:20:27.933 [main] DEBUG org.hibernate.boot.model.internal.AbstractPropertyHolder - Attempting to locate auto-apply AttributeConverter for property [modelo.Docente:edad]
2026-02-02 21:20:27.933 [main] DEBUG org.hibernate.boot.model.internal.BasicValueBinder - building BasicValue for edad
2026-02-02 21:20:27.933 [main] DEBUG org.hibernate.mapping.BasicValue - Skipping column re-registration: docente.edad
2026-02-02 21:20:27.933 [main] DEBUG org.hibernate.boot.model.internal.PropertyBinder - Building property edad
2026-02-02 21:20:27.934 [main] DEBUG org.hibernate.boot.model.internal.AnnotatedColumn - Binding column: AnnotatedColumn()
2026-02-02 21:20:27.934 [main] DEBUG org.hibernate.boot.model.internal.PropertyBinder - MetadataSourceProcessor property especialidad with lazy=false
2026-02-02 21:20:27.934 [main] DEBUG org.hibernate.boot.model.internal.AbstractPropertyHolder - Attempting to locate auto-apply AttributeConverter for property [modelo.Docente:especialidad]
2026-02-02 21:20:27.934 [main] DEBUG org.hibernate.boot.model.internal.BasicValueBinder - building BasicValue for especialidad
2026-02-02 21:20:27.934 [main] DEBUG org.hibernate.mapping.BasicValue - Skipping column re-registration: docente.especialidad
2026-02-02 21:20:27.934 [main] DEBUG org.hibernate.boot.model.internal.PropertyBinder - Building property especialidad
2026-02-02 21:20:27.934 [main] DEBUG org.hibernate.boot.model.internal.AnnotatedColumn - Binding column: AnnotatedColumn()
2026-02-02 21:20:27.934 [main] DEBUG org.hibernate.boot.model.internal.PropertyBinder - MetadataSourceProcessor property nombre with lazy=false
2026-02-02 21:20:27.934 [main] DEBUG org.hibernate.boot.model.internal.AbstractPropertyHolder - Attempting to locate auto-apply AttributeConverter for property [modelo.Docente:nombre]
2026-02-02 21:20:27.934 [main] DEBUG org.hibernate.boot.model.internal.BasicValueBinder - building BasicValue for nombre
2026-02-02 21:20:27.934 [main] DEBUG org.hibernate.mapping.BasicValue - Skipping column re-registration: docente.nombre
2026-02-02 21:20:27.934 [main] DEBUG org.hibernate.boot.model.internal.PropertyBinder - Building property nombre
2026-02-02 21:20:27.935 [main] DEBUG org.hibernate.boot.registry.classloading.internal.ClassLoaderServiceImpl - HHH000194: Package not found or wo package-info.java: modelo
2026-02-02 21:20:27.935 [main] DEBUG org.hibernate.boot.model.internal.EntityBinder - Binding entity from annotated class: modelo.Logro
2026-02-02 21:20:27.935 [main] DEBUG org.hibernate.boot.model.internal.EntityBinder - Import with entity name Logro
2026-02-02 21:20:27.935 [main] DEBUG org.hibernate.boot.model.internal.EntityBinder - Bind entity modelo.Logro on table logro
2026-02-02 21:20:27.935 [main] DEBUG org.hibernate.boot.model.internal.AnnotatedColumn - Binding column: AnnotatedDiscriminatorColumn(column='DTYPE')
2026-02-02 21:20:27.936 [main] DEBUG org.hibernate.boot.model.internal.AnnotatedColumn - Binding column: AnnotatedColumn()
2026-02-02 21:20:27.936 [main] DEBUG org.hibernate.boot.internal.ClassLoaderAccessImpl - Not known whether passed class name [modelo.Logro] is safe
2026-02-02 21:20:27.936 [main] DEBUG org.hibernate.boot.internal.ClassLoaderAccessImpl - No temp ClassLoader provided; using live ClassLoader for loading potentially unsafe class : modelo.Logro
2026-02-02 21:20:27.936 [main] DEBUG org.hibernate.boot.model.internal.PropertyBinder - MetadataSourceProcessor property id_logro with lazy=false
2026-02-02 21:20:27.936 [main] DEBUG org.hibernate.boot.model.internal.AbstractPropertyHolder - Attempting to locate auto-apply AttributeConverter for property [modelo.Logro:id_logro]
2026-02-02 21:20:27.937 [main] DEBUG org.hibernate.boot.model.internal.BasicValueBinder - building BasicValue for id_logro
2026-02-02 21:20:27.937 [main] DEBUG org.hibernate.mapping.BasicValue - Skipping column re-registration: logro.id_logro
2026-02-02 21:20:27.937 [main] DEBUG org.hibernate.boot.model.internal.PropertyBinder - Building property id_logro
2026-02-02 21:20:27.937 [main] DEBUG org.hibernate.boot.model.internal.BinderHelper - #makeIdGenerator(BasicValue([Column(id_logro)]), id_logro, identity, , ...)
2026-02-02 21:20:27.937 [main] DEBUG org.hibernate.boot.model.internal.AnnotatedColumn - Binding column: AnnotatedColumn()
2026-02-02 21:20:27.937 [main] DEBUG org.hibernate.boot.model.internal.PropertyBinder - MetadataSourceProcessor property descripcion with lazy=false
2026-02-02 21:20:27.937 [main] DEBUG org.hibernate.boot.model.internal.AbstractPropertyHolder - Attempting to locate auto-apply AttributeConverter for property [modelo.Logro:descripcion]
2026-02-02 21:20:27.937 [main] DEBUG org.hibernate.boot.model.internal.BasicValueBinder - building BasicValue for descripcion
2026-02-02 21:20:27.937 [main] DEBUG org.hibernate.mapping.BasicValue - Skipping column re-registration: logro.descripcion
2026-02-02 21:20:27.937 [main] DEBUG org.hibernate.boot.model.internal.PropertyBinder - Building property descripcion
2026-02-02 21:20:27.938 [main] DEBUG org.hibernate.boot.model.internal.AnnotatedColumn - Binding column: IndexColumn(column='estudiantes_ORDER')
2026-02-02 21:20:27.938 [main] DEBUG org.hibernate.boot.model.internal.AnnotatedColumn - Binding column: AnnotatedColumn()
2026-02-02 21:20:27.938 [main] DEBUG org.hibernate.boot.model.internal.AnnotatedColumn - Binding column: AnnotatedColumn(column='estudiantes_KEY')
2026-02-02 21:20:27.938 [main] DEBUG org.hibernate.boot.model.internal.AnnotatedColumn - Binding column: AnnotatedJoinColumn(column='estudiantes_KEY')
2026-02-02 21:20:27.938 [main] DEBUG org.hibernate.boot.model.internal.AnnotatedColumn - Binding column: AnnotatedJoinColumn()
2026-02-02 21:20:27.938 [main] DEBUG org.hibernate.boot.model.internal.AnnotatedColumn - Binding column: AnnotatedJoinColumn()
2026-02-02 21:20:27.939 [main] DEBUG org.hibernate.boot.model.internal.CollectionBinder - Collection role: modelo.Logro.estudiantes
2026-02-02 21:20:27.939 [main] DEBUG org.hibernate.boot.model.internal.PropertyBinder - Building property estudiantes
2026-02-02 21:20:27.939 [main] DEBUG org.hibernate.boot.model.internal.AnnotatedColumn - Binding column: AnnotatedColumn()
2026-02-02 21:20:27.939 [main] DEBUG org.hibernate.boot.model.internal.PropertyBinder - MetadataSourceProcessor property nombreLogro with lazy=false
2026-02-02 21:20:27.940 [main] DEBUG org.hibernate.boot.model.internal.AbstractPropertyHolder - Attempting to locate auto-apply AttributeConverter for property [modelo.Logro:nombreLogro]
2026-02-02 21:20:27.940 [main] DEBUG org.hibernate.boot.model.internal.BasicValueBinder - building BasicValue for nombreLogro
2026-02-02 21:20:27.940 [main] DEBUG org.hibernate.mapping.BasicValue - Skipping column re-registration: logro.nombreLogro
2026-02-02 21:20:27.940 [main] DEBUG org.hibernate.boot.model.internal.PropertyBinder - Building property nombreLogro
2026-02-02 21:20:27.940 [main] DEBUG org.hibernate.boot.registry.classloading.internal.ClassLoaderServiceImpl - HHH000194: Package not found or wo package-info.java: modelo
2026-02-02 21:20:27.940 [main] DEBUG org.hibernate.boot.model.internal.EntityBinder - Binding entity from annotated class: modelo.Estudiante
2026-02-02 21:20:27.941 [main] DEBUG org.hibernate.boot.model.internal.EntityBinder - Import with entity name Estudiante
2026-02-02 21:20:27.941 [main] DEBUG org.hibernate.boot.model.internal.EntityBinder - Bind entity modelo.Estudiante on table estudiante
2026-02-02 21:20:27.941 [main] DEBUG org.hibernate.boot.model.internal.AnnotatedColumn - Binding column: AnnotatedDiscriminatorColumn(column='DTYPE')
2026-02-02 21:20:27.941 [main] DEBUG org.hibernate.boot.model.internal.AnnotatedColumn - Binding column: AnnotatedColumn()
2026-02-02 21:20:27.941 [main] DEBUG org.hibernate.boot.internal.ClassLoaderAccessImpl - Not known whether passed class name [modelo.Estudiante] is safe
2026-02-02 21:20:27.941 [main] DEBUG org.hibernate.boot.internal.ClassLoaderAccessImpl - No temp ClassLoader provided; using live ClassLoader for loading potentially unsafe class : modelo.Estudiante
2026-02-02 21:20:27.941 [main] DEBUG org.hibernate.boot.model.internal.PropertyBinder - MetadataSourceProcessor property id_estudiante with lazy=false
2026-02-02 21:20:27.941 [main] DEBUG org.hibernate.boot.model.internal.AbstractPropertyHolder - Attempting to locate auto-apply AttributeConverter for property [modelo.Estudiante:id_estudiante]
2026-02-02 21:20:27.941 [main] DEBUG org.hibernate.boot.model.internal.BasicValueBinder - building BasicValue for id_estudiante
2026-02-02 21:20:27.941 [main] DEBUG org.hibernate.mapping.BasicValue - Skipping column re-registration: estudiante.id_estudiante
2026-02-02 21:20:27.941 [main] DEBUG org.hibernate.boot.model.internal.PropertyBinder - Building property id_estudiante
2026-02-02 21:20:27.941 [main] DEBUG org.hibernate.boot.model.internal.BinderHelper - #makeIdGenerator(BasicValue([Column(id_estudiante)]), id_estudiante, identity, , ...)
2026-02-02 21:20:27.943 [main] DEBUG org.hibernate.boot.model.internal.AnnotatedColumn - Binding column: IndexColumn(column='logros_ORDER')
2026-02-02 21:20:27.943 [main] DEBUG org.hibernate.boot.model.internal.AnnotatedColumn - Binding column: AnnotatedColumn()
2026-02-02 21:20:27.943 [main] DEBUG org.hibernate.boot.model.internal.AnnotatedColumn - Binding column: AnnotatedColumn(column='logros_KEY')
2026-02-02 21:20:27.943 [main] DEBUG org.hibernate.boot.model.internal.AnnotatedColumn - Binding column: AnnotatedJoinColumn(column='logros_KEY')
2026-02-02 21:20:27.943 [main] DEBUG org.hibernate.boot.model.internal.AnnotatedColumn - Binding column: AnnotatedJoinColumn()
2026-02-02 21:20:27.943 [main] DEBUG org.hibernate.boot.model.internal.AnnotatedColumn - Binding column: AnnotatedJoinColumn()
2026-02-02 21:20:27.943 [main] DEBUG org.hibernate.boot.model.internal.CollectionBinder - Collection role: modelo.Estudiante.logros
2026-02-02 21:20:27.944 [main] DEBUG org.hibernate.boot.model.internal.PropertyBinder - Building property logros
2026-02-02 21:20:27.944 [main] DEBUG org.hibernate.boot.model.internal.AnnotatedColumn - Binding column: AnnotatedColumn()
2026-02-02 21:20:27.944 [main] DEBUG org.hibernate.boot.model.internal.PropertyBinder - MetadataSourceProcessor property nivelActual with lazy=false
2026-02-02 21:20:27.944 [main] DEBUG org.hibernate.boot.model.internal.AbstractPropertyHolder - Attempting to locate auto-apply AttributeConverter for property [modelo.Estudiante:nivelActual]
2026-02-02 21:20:27.944 [main] DEBUG org.hibernate.boot.model.internal.BasicValueBinder - building BasicValue for nivelActual
2026-02-02 21:20:27.944 [main] DEBUG org.hibernate.mapping.BasicValue - Skipping column re-registration: estudiante.nivelActual
2026-02-02 21:20:27.944 [main] DEBUG org.hibernate.boot.model.internal.PropertyBinder - Building property nivelActual
2026-02-02 21:20:27.944 [main] DEBUG org.hibernate.boot.model.internal.AnnotatedColumn - Binding column: AnnotatedColumn()
2026-02-02 21:20:27.944 [main] DEBUG org.hibernate.boot.model.internal.PropertyBinder - MetadataSourceProcessor property puntosXP with lazy=false
2026-02-02 21:20:27.944 [main] DEBUG org.hibernate.boot.model.internal.AbstractPropertyHolder - Attempting to locate auto-apply AttributeConverter for property [modelo.Estudiante:puntosXP]
2026-02-02 21:20:27.944 [main] DEBUG org.hibernate.boot.model.internal.BasicValueBinder - building BasicValue for puntosXP
2026-02-02 21:20:27.944 [main] DEBUG org.hibernate.mapping.BasicValue - Skipping column re-registration: estudiante.puntosXP
2026-02-02 21:20:27.944 [main] DEBUG org.hibernate.boot.model.internal.PropertyBinder - Building property puntosXP
2026-02-02 21:20:27.945 [main] DEBUG org.hibernate.boot.model.internal.AnnotatedColumn - Binding column: AnnotatedJoinColumn(column='id_usuario')
2026-02-02 21:20:27.945 [main] DEBUG org.hibernate.boot.model.internal.AnnotatedColumn - Binding column: AnnotatedColumn()
2026-02-02 21:20:27.945 [main] DEBUG org.hibernate.boot.model.internal.PropertyBinder - Building property usuario
2026-02-02 21:20:27.945 [main] DEBUG org.hibernate.boot.registry.classloading.internal.ClassLoaderServiceImpl - HHH000194: Package not found or wo package-info.java: modelo
2026-02-02 21:20:27.946 [main] DEBUG org.hibernate.boot.model.internal.BasicValueBinder - Starting `BasicValueBinder#fillSimpleValue` for id_usuario
2026-02-02 21:20:27.946 [main] DEBUG org.hibernate.boot.model.internal.BasicValueBinder - Starting `BasicValueBinder#fillSimpleValue` for edad
2026-02-02 21:20:27.946 [main] DEBUG org.hibernate.boot.model.internal.BasicValueBinder - Starting `BasicValueBinder#fillSimpleValue` for nombreCompleto
2026-02-02 21:20:27.947 [main] DEBUG org.hibernate.boot.model.internal.BasicValueBinder - Starting `BasicValueBinder#fillSimpleValue` for puntosPorLogro
2026-02-02 21:20:27.947 [main] DEBUG org.hibernate.boot.model.internal.BasicValueBinder - Starting `BasicValueBinder#fillSimpleValue` for rolPrincipal
2026-02-02 21:20:27.948 [main] DEBUG org.hibernate.boot.model.internal.BasicValueBinder - Starting `BasicValueBinder#fillSimpleValue` for tipoUsuario
2026-02-02 21:20:27.948 [main] DEBUG org.hibernate.boot.model.internal.BasicValueBinder - Starting `BasicValueBinder#fillSimpleValue` for id_lectura
2026-02-02 21:20:27.948 [main] DEBUG org.hibernate.boot.model.internal.BasicValueBinder - Starting `BasicValueBinder#fillSimpleValue` for autor
2026-02-02 21:20:27.948 [main] DEBUG org.hibernate.boot.model.internal.BasicValueBinder - Starting `BasicValueBinder#fillSimpleValue` for genero
2026-02-02 21:20:27.948 [main] DEBUG org.hibernate.boot.model.internal.BasicValueBinder - Starting `BasicValueBinder#fillSimpleValue` for titulo
2026-02-02 21:20:27.948 [main] DEBUG org.hibernate.boot.model.internal.BasicValueBinder - Starting `BasicValueBinder#fillSimpleValue` for id_asignacion
2026-02-02 21:20:27.948 [main] DEBUG org.hibernate.boot.model.internal.BasicValueBinder - Starting `BasicValueBinder#fillSimpleValue` for codigoClase
2026-02-02 21:20:27.948 [main] DEBUG org.hibernate.boot.model.internal.BasicValueBinder - Starting `BasicValueBinder#fillSimpleValue` for esObligatoria
2026-02-02 21:20:27.948 [main] DEBUG org.hibernate.boot.model.internal.BasicValueBinder - Starting `BasicValueBinder#fillSimpleValue` for tituloAsignacion
2026-02-02 21:20:27.948 [main] DEBUG org.hibernate.boot.model.internal.BasicValueBinder - Starting `BasicValueBinder#fillSimpleValue` for totalAlumnos
2026-02-02 21:20:27.948 [main] DEBUG org.hibernate.boot.model.internal.BasicValueBinder - Starting `BasicValueBinder#fillSimpleValue` for id_docente
2026-02-02 21:20:27.948 [main] DEBUG org.hibernate.boot.model.internal.BasicValueBinder - Starting `BasicValueBinder#fillSimpleValue` for edad
2026-02-02 21:20:27.949 [main] DEBUG org.hibernate.boot.model.internal.BasicValueBinder - Starting `BasicValueBinder#fillSimpleValue` for especialidad
2026-02-02 21:20:27.949 [main] DEBUG org.hibernate.boot.model.internal.BasicValueBinder - Starting `BasicValueBinder#fillSimpleValue` for nombre
2026-02-02 21:20:27.949 [main] DEBUG org.hibernate.boot.model.internal.BasicValueBinder - Starting `BasicValueBinder#fillSimpleValue` for id_logro
2026-02-02 21:20:27.949 [main] DEBUG org.hibernate.boot.model.internal.BasicValueBinder - Starting `BasicValueBinder#fillSimpleValue` for descripcion
2026-02-02 21:20:27.949 [main] DEBUG org.hibernate.boot.model.internal.BasicValueBinder - Starting `BasicValueBinder#fillSimpleValue` for nombreLogro
2026-02-02 21:20:27.949 [main] DEBUG org.hibernate.boot.model.internal.BasicValueBinder - Starting `BasicValueBinder#fillSimpleValue` for id_estudiante
2026-02-02 21:20:27.949 [main] DEBUG org.hibernate.boot.model.internal.BasicValueBinder - Starting `BasicValueBinder#fillSimpleValue` for nivelActual
2026-02-02 21:20:27.949 [main] DEBUG org.hibernate.boot.model.internal.BasicValueBinder - Starting `BasicValueBinder#fillSimpleValue` for puntosXP
2026-02-02 21:20:27.954 [main] DEBUG org.hibernate.mapping.PrimaryKey - Forcing column [id_usuario] to be non-null as it is part of the primary key for table [usuario]
2026-02-02 21:20:27.954 [main] DEBUG org.hibernate.mapping.PrimaryKey - Forcing column [id_lectura] to be non-null as it is part of the primary key for table [lectura]
2026-02-02 21:20:27.954 [main] DEBUG org.hibernate.mapping.PrimaryKey - Forcing column [id_asignacion] to be non-null as it is part of the primary key for table [asignacion]
2026-02-02 21:20:27.954 [main] DEBUG org.hibernate.mapping.PrimaryKey - Forcing column [id_docente] to be non-null as it is part of the primary key for table [docente]
2026-02-02 21:20:27.954 [main] DEBUG org.hibernate.mapping.PrimaryKey - Forcing column [id_logro] to be non-null as it is part of the primary key for table [logro]
2026-02-02 21:20:27.954 [main] DEBUG org.hibernate.mapping.PrimaryKey - Forcing column [id_estudiante] to be non-null as it is part of the primary key for table [estudiante]
2026-02-02 21:20:27.954 [main] DEBUG org.hibernate.boot.model.internal.CollectionSecondPass - Second pass for collection: modelo.Logro.estudiantes
2026-02-02 21:20:27.955 [main] DEBUG org.hibernate.boot.model.internal.CollectionBinder - Binding a ManyToMany: modelo.Logro.estudiantes
2026-02-02 21:20:27.957 [main] DEBUG org.hibernate.boot.registry.classloading.internal.ClassLoaderServiceImpl - HHH000194: Package not found or wo package-info.java: modelo
2026-02-02 21:20:27.961 [main] DEBUG org.hibernate.mapping.PrimaryKey - Forcing column [logros_id_logro] to be non-null as it is part of the primary key for table [logro_estudiante]
2026-02-02 21:20:27.961 [main] DEBUG org.hibernate.mapping.PrimaryKey - Forcing column [estudiantes_id_estudiante] to be non-null as it is part of the primary key for table [logro_estudiante]
2026-02-02 21:20:27.961 [main] DEBUG org.hibernate.boot.model.internal.CollectionSecondPass - Mapped collection key: logros_id_logro, element: estudiantes_id_estudiante
2026-02-02 21:20:27.962 [main] DEBUG org.hibernate.boot.model.internal.CollectionSecondPass - Second pass for collection: modelo.Lectura.asignaciones
2026-02-02 21:20:27.963 [main] DEBUG org.hibernate.boot.model.internal.CollectionBinder - Binding a OneToMany: modelo.Lectura.asignaciones through a foreign key
2026-02-02 21:20:27.963 [main] DEBUG org.hibernate.boot.model.internal.CollectionBinder - Mapping collection: modelo.Lectura.asignaciones -> asignacion
2026-02-02 21:20:27.963 [main] DEBUG org.hibernate.boot.model.internal.TableBinder - Retrieving property modelo.Asignacion.lectura
2026-02-02 21:20:27.963 [main] DEBUG org.hibernate.boot.model.internal.CollectionSecondPass - Mapped collection key: id_lectura, one-to-many: modelo.Asignacion
2026-02-02 21:20:27.964 [main] DEBUG org.hibernate.boot.model.internal.CollectionSecondPass - Second pass for collection: modelo.Estudiante.logros
2026-02-02 21:20:27.964 [main] DEBUG org.hibernate.boot.model.internal.CollectionBinder - Binding a ManyToMany: modelo.Estudiante.logros
2026-02-02 21:20:27.964 [main] DEBUG org.hibernate.boot.registry.classloading.internal.ClassLoaderServiceImpl - HHH000194: Package not found or wo package-info.java: modelo
2026-02-02 21:20:27.964 [main] DEBUG org.hibernate.boot.model.internal.TableBinder - Retrieving property modelo.Logro.estudiantes
2026-02-02 21:20:27.964 [main] DEBUG org.hibernate.boot.model.internal.CollectionSecondPass - Mapped collection key: estudiantes_id_estudiante, element: logros_id_logro
2026-02-02 21:20:27.965 [main] DEBUG org.hibernate.boot.internal.InFlightMetadataCollectorImpl - Resolving reference to class: modelo.Docente
2026-02-02 21:20:27.967 [main] DEBUG org.hibernate.boot.internal.InFlightMetadataCollectorImpl - Resolving reference to class: modelo.Lectura
2026-02-02 21:20:27.967 [main] DEBUG org.hibernate.boot.internal.InFlightMetadataCollectorImpl - Resolving reference to class: modelo.Usuario
2026-02-02 21:20:27.967 [main] DEBUG org.hibernate.boot.internal.InFlightMetadataCollectorImpl - Resolving reference to class: modelo.Estudiante
2026-02-02 21:20:27.967 [main] DEBUG org.hibernate.boot.internal.InFlightMetadataCollectorImpl - Resolving reference to class: modelo.Logro
2026-02-02 21:20:27.967 [main] DEBUG org.hibernate.boot.internal.InFlightMetadataCollectorImpl - Resolving reference to class: modelo.Estudiante
2026-02-02 21:20:27.982 [main] DEBUG org.hibernate.boot.internal.InFlightMetadataCollectorImpl - Resolving reference to class: modelo.Docente
2026-02-02 21:20:27.982 [main] DEBUG org.hibernate.boot.internal.InFlightMetadataCollectorImpl - Resolving reference to class: modelo.Lectura
2026-02-02 21:20:27.982 [main] DEBUG org.hibernate.boot.internal.InFlightMetadataCollectorImpl - Resolving reference to class: modelo.Usuario
2026-02-02 21:20:27.982 [main] DEBUG org.hibernate.boot.internal.InFlightMetadataCollectorImpl - Resolving reference to class: modelo.Estudiante
2026-02-02 21:20:27.982 [main] DEBUG org.hibernate.boot.internal.InFlightMetadataCollectorImpl - Resolving reference to class: modelo.Logro
2026-02-02 21:20:27.982 [main] DEBUG org.hibernate.boot.internal.InFlightMetadataCollectorImpl - Resolving reference to class: modelo.Estudiante
2026-02-02 21:20:28.127 [main] DEBUG org.hibernate.internal.SessionFactoryImpl - Building session factory
2026-02-02 21:20:28.159 [main] DEBUG org.hibernate.service.internal.SessionFactoryServiceRegistryImpl - EventListenerRegistry access via ServiceRegistry is deprecated.  Use `sessionFactory.getEventEngine().getListenerRegistry()` instead
2026-02-02 21:20:28.160 [main] DEBUG org.hibernate.internal.SessionFactoryImpl - Instantiating SessionFactory with settings: {hibernate.format_sql=true, java.specification.version=21, sun.cpu.isalist=amd64, sun.jnu.encoding=Cp1252, hibernate.dialect=org.hibernate.dialect.MySQLDialect, java.class.path=C:\Users\Usuario\OneDrive\Desktop\SegundoDAM\Acceso a Datos\LitMindHibernate\target\classes;C:\Users\Usuario\.m2\repository\org\hibernate\orm\hibernate-core\6.4.4.Final\hibernate-core-6.4.4.Final.jar;C:\Users\Usuario\.m2\repository\jakarta\transaction\jakarta.transaction-api\2.0.1\jakarta.transaction-api-2.0.1.jar;C:\Users\Usuario\.m2\repository\org\jboss\logging\jboss-logging\3.5.0.Final\jboss-logging-3.5.0.Final.jar;C:\Users\Usuario\.m2\repository\org\hibernate\common\hibernate-commons-annotations\6.0.6.Final\hibernate-commons-annotations-6.0.6.Final.jar;C:\Users\Usuario\.m2\repository\io\smallrye\jandex\3.1.2\jandex-3.1.2.jar;C:\Users\Usuario\.m2\repository\com\fasterxml\classmate\1.5.1\classmate-1.5.1.jar;C:\Users\Usuario\.m2\repository\net\bytebuddy\byte-buddy\1.14.11\byte-buddy-1.14.11.jar;C:\Users\Usuario\.m2\repository\jakarta\xml\bind\jakarta.xml.bind-api\4.0.0\jakarta.xml.bind-api-4.0.0.jar;C:\Users\Usuario\.m2\repository\jakarta\activation\jakarta.activation-api\2.1.0\jakarta.activation-api-2.1.0.jar;C:\Users\Usuario\.m2\repository\org\glassfish\jaxb\jaxb-runtime\4.0.2\jaxb-runtime-4.0.2.jar;C:\Users\Usuario\.m2\repository\org\glassfish\jaxb\jaxb-core\4.0.2\jaxb-core-4.0.2.jar;C:\Users\Usuario\.m2\repository\org\eclipse\angus\angus-activation\2.0.0\angus-activation-2.0.0.jar;C:\Users\Usuario\.m2\repository\org\glassfish\jaxb\txw2\4.0.2\txw2-4.0.2.jar;C:\Users\Usuario\.m2\repository\com\sun\istack\istack-commons-runtime\4.1.1\istack-commons-runtime-4.1.1.jar;C:\Users\Usuario\.m2\repository\jakarta\inject\jakarta.inject-api\2.0.1\jakarta.inject-api-2.0.1.jar;C:\Users\Usuario\.m2\repository\org\antlr\antlr4-runtime\4.13.0\antlr4-runtime-4.13.0.jar;C:\Users\Usuario\.m2\repository\com\mysql\mysql-connector-j\8.4.0\mysql-connector-j-8.4.0.jar;C:\Users\Usuario\.m2\repository\com\google\protobuf\protobuf-java\3.25.1\protobuf-java-3.25.1.jar;C:\Users\Usuario\.m2\repository\jakarta\persistence\jakarta.persistence-api\3.1.0\jakarta.persistence-api-3.1.0.jar;C:\Users\Usuario\.m2\repository\org\apache\logging\log4j\log4j-api\2.13.0\log4j-api-2.13.0.jar;C:\Users\Usuario\.m2\repository\org\apache\logging\log4j\log4j-core\2.13.0\log4j-core-2.13.0.jar;C:\Users\Usuario\.m2\repository\com\google\code\gson\gson\2.10.1\gson-2.10.1.jar, java.vm.vendor=Oracle Corporation, sun.arch.data.model=64, user.variant=, java.vendor.url=https://java.oracle.com/, user.timezone=Europe/Madrid, org.apache.logging.log4j.assignedSequences=1871, java.vm.specification.version=21, os.name=Windows 11, sun.java.launcher=SUN_STANDARD, user.country=ES, sun.boot.library.path=C:\Program Files\Java\jdk-21\bin, sun.java.command=controlador.GestionaUsuarios, jdk.debug=release, sun.cpu.endian=little, user.home=C:\Users\Usuario, user.language=es, java.specification.vendor=Oracle Corporation, java.version.date=2025-07-15, java.home=C:\Program Files\Java\jdk-21, file.separator=\, java.vm.compressedOopsMode=Zero based, line.separator=
, java.vm.specification.vendor=Oracle Corporation, java.specification.name=Java Platform API Specification, hibernate.hbm2ddl.auto=update, user.script=, sun.management.compiler=HotSpot 64-Bit Tiered Compilers, java.runtime.version=21.0.8+12-LTS-250, user.name=Usuario, stdout.encoding=UTF-8, path.separator=;, hibernate.connection.username=****, os.version=10.0, java.runtime.name=Java(TM) SE Runtime Environment, hibernate.connection.url=jdbc:mysql://localhost:3307/LitMind?useSSL=false&serverTimezone=UTC, file.encoding=UTF-8, java.vm.name=Java HotSpot(TM) 64-Bit Server VM, hibernate.show_sql=true, hibernate.connection.driver_class=com.mysql.cj.jdbc.Driver, java.vendor.url.bug=https://bugreport.java.com/bugreport/, java.io.tmpdir=C:\Users\Usuario\AppData\Local\Temp\, java.version=21.0.8, user.dir=C:\Users\Usuario\OneDrive\Desktop\SegundoDAM\Acceso a Datos\LitMindHibernate, os.arch=amd64, java.vm.specification.name=Java Virtual Machine Specification, hibernate.connection.password=****, sun.os.patch.level=, hibernate.boot.CfgXmlAccessService.key=org.hibernate.boot.cfgxml.spi.LoadedConfig@5dc0ff7d, native.encoding=Cp1252, java.library.path=C:\Program Files\Java\jdk-21\bin;C:\WINDOWS\Sun\Java\bin;C:\WINDOWS\system32;C:\WINDOWS;C:/Users/Usuario/OneDrive/Desktop/sts-4.31.0.RELEASE/sts-4.31.0.RELEASE//plugins/org.eclipse.justj.openjdk.hotspot.jre.full.win32.x86_64_21.0.7.v20250502-0916/jre/bin/server;C:/Users/Usuario/OneDrive/Desktop/sts-4.31.0.RELEASE/sts-4.31.0.RELEASE//plugins/org.eclipse.justj.openjdk.hotspot.jre.full.win32.x86_64_21.0.7.v20250502-0916/jre/bin;C:\Program Files\Common Files\Oracle\Java\javapath;C:\Program Files (x86)\Common Files\Oracle\Java\javapath;C:\WINDOWS\system32;C:\WINDOWS;C:\WINDOWS\System32\Wbem;C:\WINDOWS\System32\WindowsPowerShell\v1.0\;C:\WINDOWS\System32\OpenSSH\;C:\Program Files (x86)\NVIDIA Corporation\PhysX\Common;C:\Program Files\dotnet\;C:\Program Files\Git\cmd;C:\Program Files\NVIDIA Corporation\NVIDIA App\NvDLISR;C:\Program Files\WireGuard\;C:\Program Files\nodejs\;C:\Program Files\Docker\Docker\resources\bin;C:\Users\Usuario\AppData\Local\Programs\Python\Python311\Scripts\;C:\Users\Usuario\AppData\Local\Programs\Python\Python311\;C:\Users\Usuario\AppData\Local\Programs\Python\Python313\Scripts\;C:\Users\Usuario\AppData\Local\Programs\Python\Python313\;C:\Users\Usuario\AppData\Local\Programs\Python\Launcher\;C:\Users\Usuario\AppData\Local\Microsoft\WindowsApps;C:\Users\Usuario\AppData\Local\Programs\Microsoft VS Code\bin;C:\Users\Usuario\AppData\Local\GitHubDesktop\bin;C:\Users\Usuario\AppData\Local\spicetify;C:\Users\Usuario\AppData\Roaming\npm;C:\Program Files (x86)\MongoDB Atlas CLI\;C:\Users\Usuario\OneDrive\Desktop\sts-4.31.0.RELEASE\sts-4.31.0.RELEASE;;., stderr.encoding=UTF-8, java.vendor=Oracle Corporation, java.vm.info=mixed mode, sharing, java.vm.version=21.0.8+12-LTS-250, sun.io.unicode.encoding=UnicodeLittle, java.class.version=65.0}
2026-02-02 21:20:28.163 [main] DEBUG org.hibernate.internal.SessionFactoryImpl - Session factory constructed with filter configurations : {}
2026-02-02 21:20:28.190 [main] DEBUG org.hibernate.query.sqm.function.SqmFunctionRegistry - Registered SqmFunctionTemplate [NamedSqmFunctionTemplate(max)] under max; prior registration was null
2026-02-02 21:20:28.190 [main] DEBUG org.hibernate.query.sqm.function.SqmFunctionRegistry - Registered SqmFunctionTemplate [NamedSqmFunctionTemplate(min)] under min; prior registration was null
2026-02-02 21:20:28.191 [main] DEBUG org.hibernate.query.sqm.function.SqmFunctionRegistry - Registered SqmFunctionTemplate [NamedSqmFunctionTemplate(sum)] under sum; prior registration was null
2026-02-02 21:20:28.191 [main] DEBUG org.hibernate.query.sqm.function.SqmFunctionRegistry - Registered SqmFunctionTemplate [NamedSqmFunctionTemplate(avg)] under avg; prior registration was null
2026-02-02 21:20:28.192 [main] DEBUG org.hibernate.query.sqm.function.SqmFunctionRegistry - Registered SqmFunctionTemplate [org.hibernate.dialect.function.CountFunction@609e57da] under count; prior registration was null
2026-02-02 21:20:28.193 [main] DEBUG org.hibernate.query.sqm.function.SqmFunctionRegistry - Registered SqmFunctionTemplate [org.hibernate.dialect.function.EveryAnyEmulation@72b43104] under every; prior registration was null
2026-02-02 21:20:28.193 [main] DEBUG org.hibernate.query.sqm.function.SqmFunctionRegistry - Registered SqmFunctionTemplate [org.hibernate.dialect.function.EveryAnyEmulation@e111c7c] under any; prior registration was null
2026-02-02 21:20:28.193 [main] DEBUG org.hibernate.query.sqm.function.SqmFunctionRegistry - Registered SqmFunctionTemplate [NamedSqmFunctionTemplate(floor)] under floor; prior registration was null
2026-02-02 21:20:28.193 [main] DEBUG org.hibernate.query.sqm.function.SqmFunctionRegistry - Registered SqmFunctionTemplate [NamedSqmFunctionTemplate(ceiling)] under ceiling; prior registration was null
2026-02-02 21:20:28.193 [main] DEBUG org.hibernate.query.sqm.function.SqmFunctionRegistry - Registered SqmFunctionTemplate [NamedSqmFunctionTemplate(mod)] under mod; prior registration was null
2026-02-02 21:20:28.193 [main] DEBUG org.hibernate.query.sqm.function.SqmFunctionRegistry - Registered SqmFunctionTemplate [NamedSqmFunctionTemplate(abs)] under abs; prior registration was null
2026-02-02 21:20:28.193 [main] DEBUG org.hibernate.query.sqm.function.SqmFunctionRegistry - Registered SqmFunctionTemplate [NamedSqmFunctionTemplate(sign)] under sign; prior registration was null
2026-02-02 21:20:28.193 [main] DEBUG org.hibernate.query.sqm.function.SqmFunctionRegistry - Registered SqmFunctionTemplate [NamedSqmFunctionTemplate(sqrt)] under sqrt; prior registration was null
2026-02-02 21:20:28.193 [main] DEBUG org.hibernate.query.sqm.function.SqmFunctionRegistry - Registered SqmFunctionTemplate [NamedSqmFunctionTemplate(ln)] under ln; prior registration was null
2026-02-02 21:20:28.193 [main] DEBUG org.hibernate.query.sqm.function.SqmFunctionRegistry - Registered SqmFunctionTemplate [NamedSqmFunctionTemplate(exp)] under exp; prior registration was null
2026-02-02 21:20:28.193 [main] DEBUG org.hibernate.query.sqm.function.SqmFunctionRegistry - Registered SqmFunctionTemplate [NamedSqmFunctionTemplate(power)] under power; prior registration was null
2026-02-02 21:20:28.194 [main] DEBUG org.hibernate.query.sqm.function.SqmFunctionRegistry - Registered SqmFunctionTemplate [NamedSqmFunctionTemplate(round)] under round; prior registration was null
2026-02-02 21:20:28.194 [main] DEBUG org.hibernate.query.sqm.function.SqmFunctionRegistry - Registered SqmFunctionTemplate [NamedSqmFunctionTemplate(sin)] under sin; prior registration was null
2026-02-02 21:20:28.194 [main] DEBUG org.hibernate.query.sqm.function.SqmFunctionRegistry - Registered SqmFunctionTemplate [NamedSqmFunctionTemplate(cos)] under cos; prior registration was null
2026-02-02 21:20:28.194 [main] DEBUG org.hibernate.query.sqm.function.SqmFunctionRegistry - Registered SqmFunctionTemplate [NamedSqmFunctionTemplate(tan)] under tan; prior registration was null
2026-02-02 21:20:28.194 [main] DEBUG org.hibernate.query.sqm.function.SqmFunctionRegistry - Registered SqmFunctionTemplate [NamedSqmFunctionTemplate(asin)] under asin; prior registration was null
2026-02-02 21:20:28.194 [main] DEBUG org.hibernate.query.sqm.function.SqmFunctionRegistry - Registered SqmFunctionTemplate [NamedSqmFunctionTemplate(acos)] under acos; prior registration was null
2026-02-02 21:20:28.194 [main] DEBUG org.hibernate.query.sqm.function.SqmFunctionRegistry - Registered SqmFunctionTemplate [NamedSqmFunctionTemplate(atan)] under atan; prior registration was null
2026-02-02 21:20:28.194 [main] DEBUG org.hibernate.query.sqm.function.SqmFunctionRegistry - Registered SqmFunctionTemplate [NamedSqmFunctionTemplate(atan2)] under atan2; prior registration was null
2026-02-02 21:20:28.196 [main] DEBUG org.hibernate.query.sqm.function.SqmFunctionRegistry - Registered SqmFunctionTemplate [org.hibernate.query.sqm.function.PatternBasedSqmFunctionDescriptor@76d72b5b] under sinh; prior registration was null
2026-02-02 21:20:28.196 [main] DEBUG org.hibernate.query.sqm.function.SqmFunctionRegistry - Registered SqmFunctionTemplate [org.hibernate.query.sqm.function.PatternBasedSqmFunctionDescriptor@7cac93fe] under cosh; prior registration was null
2026-02-02 21:20:28.196 [main] DEBUG org.hibernate.query.sqm.function.SqmFunctionRegistry - Registered SqmFunctionTemplate [org.hibernate.query.sqm.function.PatternBasedSqmFunctionDescriptor@479b5066] under tanh; prior registration was null
2026-02-02 21:20:28.196 [main] DEBUG org.hibernate.query.sqm.function.SqmFunctionRegistry - Registered SqmFunctionTemplate [org.hibernate.query.sqm.function.PatternBasedSqmFunctionDescriptor@64deb58f] under pi; prior registration was null
2026-02-02 21:20:28.196 [main] DEBUG org.hibernate.query.sqm.function.SqmFunctionRegistry - Registered SqmFunctionTemplate [org.hibernate.query.sqm.function.PatternBasedSqmFunctionDescriptor@2b1cd7bc] under log; prior registration was null
2026-02-02 21:20:28.197 [main] DEBUG org.hibernate.query.sqm.function.SqmFunctionRegistry - Registered SqmFunctionTemplate [NamedSqmFunctionTemplate(coalesce)] under coalesce; prior registration was null
2026-02-02 21:20:28.197 [main] DEBUG org.hibernate.query.sqm.function.SqmFunctionRegistry - Registered SqmFunctionTemplate [NamedSqmFunctionTemplate(nullif)] under nullif; prior registration was null
2026-02-02 21:20:28.197 [main] DEBUG org.hibernate.query.sqm.function.SqmFunctionRegistry - Registered SqmFunctionTemplate [NamedSqmFunctionTemplate(left)] under left; prior registration was null
2026-02-02 21:20:28.197 [main] DEBUG org.hibernate.query.sqm.function.SqmFunctionRegistry - Registered SqmFunctionTemplate [NamedSqmFunctionTemplate(right)] under right; prior registration was null
2026-02-02 21:20:28.197 [main] DEBUG org.hibernate.query.sqm.function.SqmFunctionRegistry - Registered SqmFunctionTemplate [NamedSqmFunctionTemplate(replace)] under replace; prior registration was null
2026-02-02 21:20:28.197 [main] DEBUG org.hibernate.query.sqm.function.SqmFunctionRegistry - Registered SqmFunctionTemplate [NamedSqmFunctionTemplate(concat)] under concat; prior registration was null
2026-02-02 21:20:28.197 [main] DEBUG org.hibernate.query.sqm.function.SqmFunctionRegistry - Registered SqmFunctionTemplate [NamedSqmFunctionTemplate(lower)] under lower; prior registration was null
2026-02-02 21:20:28.197 [main] DEBUG org.hibernate.query.sqm.function.SqmFunctionRegistry - Registered SqmFunctionTemplate [NamedSqmFunctionTemplate(upper)] under upper; prior registration was null
2026-02-02 21:20:28.197 [main] DEBUG org.hibernate.query.sqm.function.SqmFunctionRegistry - Registered SqmFunctionTemplate [NamedSqmFunctionTemplate(substring)] under substring; prior registration was null
2026-02-02 21:20:28.197 [main] DEBUG org.hibernate.query.sqm.function.SqmFunctionRegistry - Registered SqmFunctionTemplate [NamedSqmFunctionTemplate(locate)] under locate; prior registration was null
2026-02-02 21:20:28.197 [main] DEBUG org.hibernate.query.sqm.function.SqmFunctionRegistry - Registered SqmFunctionTemplate [NamedSqmFunctionTemplate(character_length)] under character_length; prior registration was null
2026-02-02 21:20:28.197 [main] DEBUG org.hibernate.query.sqm.function.SqmFunctionRegistry - Registering alternate key : length -> character_length
2026-02-02 21:20:28.197 [main] DEBUG org.hibernate.query.sqm.function.SqmFunctionRegistry - Registered SqmFunctionTemplate [org.hibernate.dialect.function.LocatePositionEmulation@5b20706] under position; prior registration was null
2026-02-02 21:20:28.197 [main] DEBUG org.hibernate.query.sqm.function.SqmFunctionRegistry - Registered SqmFunctionTemplate [org.hibernate.dialect.function.InsertSubstringOverlayEmulation@bfec2f9] under overlay; prior registration was null
2026-02-02 21:20:28.199 [main] DEBUG org.hibernate.query.sqm.function.SqmFunctionRegistry - Registered SqmFunctionTemplate [org.hibernate.dialect.function.TrimFunction@630390b9] under trim; prior registration was null
2026-02-02 21:20:28.199 [main] DEBUG org.hibernate.query.sqm.function.SqmFunctionRegistry - Registered SqmFunctionTemplate [org.hibernate.dialect.function.CastFunction@45adc393] under cast; prior registration was null
2026-02-02 21:20:28.199 [main] DEBUG org.hibernate.query.sqm.function.SqmFunctionRegistry - Registered SqmFunctionTemplate [org.hibernate.query.sqm.function.PatternBasedSqmFunctionDescriptor@65fe2691] under collate; prior registration was null
2026-02-02 21:20:28.200 [main] DEBUG org.hibernate.query.sqm.function.SqmFunctionRegistry - Registered SqmFunctionTemplate [org.hibernate.dialect.function.ExtractFunction@68699afc] under extract; prior registration was null
2026-02-02 21:20:28.200 [main] DEBUG org.hibernate.query.sqm.function.SqmFunctionRegistry - Registered SqmFunctionTemplate [NamedSqmFunctionTemplate(least)] under least; prior registration was null
2026-02-02 21:20:28.200 [main] DEBUG org.hibernate.query.sqm.function.SqmFunctionRegistry - Registered SqmFunctionTemplate [NamedSqmFunctionTemplate(greatest)] under greatest; prior registration was null
2026-02-02 21:20:28.200 [main] DEBUG org.hibernate.query.sqm.function.SqmFunctionRegistry - Registered SqmFunctionTemplate [org.hibernate.dialect.function.CoalesceIfnullEmulation@7f4701b1] under ifnull; prior registration was null
2026-02-02 21:20:28.200 [main] DEBUG org.hibernate.query.sqm.function.SqmFunctionRegistry - Registered SqmFunctionTemplate [NamedSqmFunctionTemplate(lpad)] under lpad; prior registration was null
2026-02-02 21:20:28.200 [main] DEBUG org.hibernate.query.sqm.function.SqmFunctionRegistry - Registered SqmFunctionTemplate [NamedSqmFunctionTemplate(rpad)] under rpad; prior registration was null
2026-02-02 21:20:28.200 [main] DEBUG org.hibernate.query.sqm.function.SqmFunctionRegistry - Registered SqmFunctionTemplate [org.hibernate.dialect.function.LpadRpadPadEmulation@7da34b26] under pad; prior registration was null
2026-02-02 21:20:28.200 [main] DEBUG org.hibernate.query.sqm.function.SqmFunctionRegistry - Registered SqmFunctionTemplate [org.hibernate.dialect.function.CastStrEmulation@12a2585b] under str; prior registration was null
2026-02-02 21:20:28.201 [main] DEBUG org.hibernate.query.sqm.function.SqmFunctionRegistry - Registered SqmFunctionTemplate [org.hibernate.dialect.function.FormatFunction@7b3cde6f] under format; prior registration was null
2026-02-02 21:20:28.201 [main] DEBUG org.hibernate.query.sqm.function.SqmFunctionRegistry - Registered SqmFunctionTemplate [org.hibernate.dialect.function.TimestampaddFunction@1e692555] under timestampadd; prior registration was null
2026-02-02 21:20:28.202 [main] DEBUG org.hibernate.query.sqm.function.SqmFunctionRegistry - Registered SqmFunctionTemplate [org.hibernate.dialect.function.TimestampdiffFunction@35c4e864] under timestampdiff; prior registration was null
2026-02-02 21:20:28.202 [main] DEBUG org.hibernate.query.sqm.function.SqmFunctionRegistry - Registering alternate key : dateadd -> timestampadd
2026-02-02 21:20:28.202 [main] DEBUG org.hibernate.query.sqm.function.SqmFunctionRegistry - Registering alternate key : datediff -> timestampdiff
2026-02-02 21:20:28.202 [main] DEBUG org.hibernate.query.sqm.function.SqmFunctionRegistry - Registered SqmFunctionTemplate [org.hibernate.dialect.function.CurrentFunction@4da39ca9] under current_date; prior registration was null
2026-02-02 21:20:28.202 [main] DEBUG org.hibernate.query.sqm.function.SqmFunctionRegistry - Registered SqmFunctionTemplate [org.hibernate.dialect.function.CurrentFunction@6a9344f5] under current_time; prior registration was null
2026-02-02 21:20:28.202 [main] DEBUG org.hibernate.query.sqm.function.SqmFunctionRegistry - Registered SqmFunctionTemplate [org.hibernate.dialect.function.CurrentFunction@5584d9c6] under current_timestamp; prior registration was null
2026-02-02 21:20:28.202 [main] DEBUG org.hibernate.query.sqm.function.SqmFunctionRegistry - Registering alternate key : current date -> current_date
2026-02-02 21:20:28.202 [main] DEBUG org.hibernate.query.sqm.function.SqmFunctionRegistry - Registering alternate key : current time -> current_time
2026-02-02 21:20:28.202 [main] DEBUG org.hibernate.query.sqm.function.SqmFunctionRegistry - Registering alternate key : current timestamp -> current_timestamp
2026-02-02 21:20:28.202 [main] DEBUG org.hibernate.query.sqm.function.SqmFunctionRegistry - Registered SqmFunctionTemplate [org.hibernate.dialect.function.CurrentFunction@3c9c6245] under local_date; prior registration was null
2026-02-02 21:20:28.202 [main] DEBUG org.hibernate.query.sqm.function.SqmFunctionRegistry - Registered SqmFunctionTemplate [org.hibernate.dialect.function.CurrentFunction@6d0be7ab] under local_time; prior registration was null
2026-02-02 21:20:28.202 [main] DEBUG org.hibernate.query.sqm.function.SqmFunctionRegistry - Registered SqmFunctionTemplate [org.hibernate.dialect.function.CurrentFunction@1d4fb213] under local_datetime; prior registration was null
2026-02-02 21:20:28.202 [main] DEBUG org.hibernate.query.sqm.function.SqmFunctionRegistry - Registered SqmFunctionTemplate [org.hibernate.dialect.function.CurrentFunction@6ef60295] under offset_datetime; prior registration was null
2026-02-02 21:20:28.202 [main] DEBUG org.hibernate.query.sqm.function.SqmFunctionRegistry - Registering alternate key : local date -> local_date
2026-02-02 21:20:28.202 [main] DEBUG org.hibernate.query.sqm.function.SqmFunctionRegistry - Registering alternate key : local time -> local_time
2026-02-02 21:20:28.202 [main] DEBUG org.hibernate.query.sqm.function.SqmFunctionRegistry - Registering alternate key : local datetime -> local_datetime
2026-02-02 21:20:28.202 [main] DEBUG org.hibernate.query.sqm.function.SqmFunctionRegistry - Registering alternate key : offset datetime -> offset_datetime
2026-02-02 21:20:28.202 [main] DEBUG org.hibernate.query.sqm.function.SqmFunctionRegistry - Registered SqmFunctionTemplate [org.hibernate.dialect.function.CurrentFunction@3127cb44] under instant; prior registration was null
2026-02-02 21:20:28.202 [main] DEBUG org.hibernate.query.sqm.function.SqmFunctionRegistry - Registering alternate key : current_instant -> instant
2026-02-02 21:20:28.202 [main] DEBUG org.hibernate.query.sqm.function.SqmFunctionRegistry - Registered SqmFunctionTemplate [org.hibernate.dialect.function.SqlFunction@3252747e] under sql; prior registration was null
2026-02-02 21:20:28.202 [main] DEBUG org.hibernate.query.sqm.function.SqmFunctionRegistry - Registered SqmFunctionTemplate [NamedSqmFunctionTemplate(soundex)] under soundex; prior registration was null
2026-02-02 21:20:28.202 [main] DEBUG org.hibernate.query.sqm.function.SqmFunctionRegistry - Registered SqmFunctionTemplate [NamedSqmFunctionTemplate(radians)] under radians; prior registration was null
2026-02-02 21:20:28.202 [main] DEBUG org.hibernate.query.sqm.function.SqmFunctionRegistry - Registered SqmFunctionTemplate [NamedSqmFunctionTemplate(degrees)] under degrees; prior registration was null
2026-02-02 21:20:28.202 [main] DEBUG org.hibernate.query.sqm.function.SqmFunctionRegistry - Registered SqmFunctionTemplate [NamedSqmFunctionTemplate(cot)] under cot; prior registration was null
2026-02-02 21:20:28.202 [main] DEBUG org.hibernate.query.sqm.function.SqmFunctionRegistry - Registered SqmFunctionTemplate [NamedSqmFunctionTemplate(log)] under log; prior registration was org.hibernate.query.sqm.function.PatternBasedSqmFunctionDescriptor@2b1cd7bc
2026-02-02 21:20:28.202 [main] DEBUG org.hibernate.query.sqm.function.SqmFunctionRegistry - Registered SqmFunctionTemplate [NamedSqmFunctionTemplate(log2)] under log2; prior registration was null
2026-02-02 21:20:28.203 [main] DEBUG org.hibernate.query.sqm.function.SqmFunctionRegistry - Registered SqmFunctionTemplate [NamedSqmFunctionTemplate(log10)] under log10; prior registration was null
2026-02-02 21:20:28.203 [main] DEBUG org.hibernate.query.sqm.function.SqmFunctionRegistry - Registered SqmFunctionTemplate [NamedSqmFunctionTemplate(ltrim)] under ltrim; prior registration was null
2026-02-02 21:20:28.203 [main] DEBUG org.hibernate.query.sqm.function.SqmFunctionRegistry - Registered SqmFunctionTemplate [NamedSqmFunctionTemplate(rtrim)] under rtrim; prior registration was null
2026-02-02 21:20:28.203 [main] DEBUG org.hibernate.query.sqm.function.SqmFunctionRegistry - Registered SqmFunctionTemplate [NamedSqmFunctionTemplate(octet_length)] under octet_length; prior registration was null
2026-02-02 21:20:28.203 [main] DEBUG org.hibernate.query.sqm.function.SqmFunctionRegistry - Registered SqmFunctionTemplate [NamedSqmFunctionTemplate(reverse)] under reverse; prior registration was null
2026-02-02 21:20:28.203 [main] DEBUG org.hibernate.query.sqm.function.SqmFunctionRegistry - Registered SqmFunctionTemplate [NamedSqmFunctionTemplate(space)] under space; prior registration was null
2026-02-02 21:20:28.203 [main] DEBUG org.hibernate.query.sqm.function.SqmFunctionRegistry - Registered SqmFunctionTemplate [NamedSqmFunctionTemplate(repeat)] under repeat; prior registration was null
2026-02-02 21:20:28.203 [main] DEBUG org.hibernate.query.sqm.function.SqmFunctionRegistry - Registered SqmFunctionTemplate [org.hibernate.query.sqm.function.MultipatternSqmFunctionDescriptor@36b9cb99] under lpad; prior registration was NamedSqmFunctionTemplate(lpad)
2026-02-02 21:20:28.203 [main] DEBUG org.hibernate.query.sqm.function.SqmFunctionRegistry - Registered SqmFunctionTemplate [org.hibernate.query.sqm.function.MultipatternSqmFunctionDescriptor@4130955c] under rpad; prior registration was NamedSqmFunctionTemplate(rpad)
2026-02-02 21:20:28.203 [main] DEBUG org.hibernate.query.sqm.function.SqmFunctionRegistry - Registered SqmFunctionTemplate [NamedSqmFunctionTemplate(md5)] under md5; prior registration was null
2026-02-02 21:20:28.203 [main] DEBUG org.hibernate.query.sqm.function.SqmFunctionRegistry - Registered SqmFunctionTemplate [NamedSqmFunctionTemplate(day)] under day; prior registration was null
2026-02-02 21:20:28.203 [main] DEBUG org.hibernate.query.sqm.function.SqmFunctionRegistry - Registered SqmFunctionTemplate [NamedSqmFunctionTemplate(month)] under month; prior registration was null
2026-02-02 21:20:28.203 [main] DEBUG org.hibernate.query.sqm.function.SqmFunctionRegistry - Registered SqmFunctionTemplate [NamedSqmFunctionTemplate(year)] under year; prior registration was null
2026-02-02 21:20:28.203 [main] DEBUG org.hibernate.query.sqm.function.SqmFunctionRegistry - Registered SqmFunctionTemplate [NamedSqmFunctionTemplate(hour)] under hour; prior registration was null
2026-02-02 21:20:28.203 [main] DEBUG org.hibernate.query.sqm.function.SqmFunctionRegistry - Registered SqmFunctionTemplate [NamedSqmFunctionTemplate(minute)] under minute; prior registration was null
2026-02-02 21:20:28.203 [main] DEBUG org.hibernate.query.sqm.function.SqmFunctionRegistry - Registered SqmFunctionTemplate [NamedSqmFunctionTemplate(second)] under second; prior registration was null
2026-02-02 21:20:28.203 [main] DEBUG org.hibernate.query.sqm.function.SqmFunctionRegistry - Registered SqmFunctionTemplate [NamedSqmFunctionTemplate(microsecond)] under microsecond; prior registration was null
2026-02-02 21:20:28.203 [main] DEBUG org.hibernate.query.sqm.function.SqmFunctionRegistry - Registered SqmFunctionTemplate [NamedSqmFunctionTemplate(dayofweek)] under dayofweek; prior registration was null
2026-02-02 21:20:28.203 [main] DEBUG org.hibernate.query.sqm.function.SqmFunctionRegistry - Registered SqmFunctionTemplate [NamedSqmFunctionTemplate(dayofmonth)] under dayofmonth; prior registration was null
2026-02-02 21:20:28.203 [main] DEBUG org.hibernate.query.sqm.function.SqmFunctionRegistry - Registering alternate key : day -> dayofmonth
2026-02-02 21:20:28.203 [main] DEBUG org.hibernate.query.sqm.function.SqmFunctionRegistry - Registered SqmFunctionTemplate [NamedSqmFunctionTemplate(dayofyear)] under dayofyear; prior registration was null
2026-02-02 21:20:28.203 [main] DEBUG org.hibernate.query.sqm.function.SqmFunctionRegistry - Registered SqmFunctionTemplate [NamedSqmFunctionTemplate(week)] under week; prior registration was null
2026-02-02 21:20:28.204 [main] DEBUG org.hibernate.query.sqm.function.SqmFunctionRegistry - Registered SqmFunctionTemplate [NamedSqmFunctionTemplate(quarter)] under quarter; prior registration was null
2026-02-02 21:20:28.204 [main] DEBUG org.hibernate.query.sqm.function.SqmFunctionRegistry - Registered SqmFunctionTemplate [NamedSqmFunctionTemplate(monthname)] under monthname; prior registration was null
2026-02-02 21:20:28.204 [main] DEBUG org.hibernate.query.sqm.function.SqmFunctionRegistry - Registered SqmFunctionTemplate [NamedSqmFunctionTemplate(dayname)] under dayname; prior registration was null
2026-02-02 21:20:28.204 [main] DEBUG org.hibernate.query.sqm.function.SqmFunctionRegistry - Registered SqmFunctionTemplate [NamedSqmFunctionTemplate(last_day)] under last_day; prior registration was null
2026-02-02 21:20:28.204 [main] DEBUG org.hibernate.query.sqm.function.SqmFunctionRegistry - Registered SqmFunctionTemplate [NamedSqmFunctionTemplate(date)] under date; prior registration was null
2026-02-02 21:20:28.204 [main] DEBUG org.hibernate.query.sqm.function.SqmFunctionRegistry - Registered SqmFunctionTemplate [NamedSqmFunctionTemplate(timestamp)] under timestamp; prior registration was null
2026-02-02 21:20:28.204 [main] DEBUG org.hibernate.query.sqm.function.SqmFunctionRegistry - Registered SqmFunctionTemplate [NamedSqmFunctionTemplate(time)] under time; prior registration was null
2026-02-02 21:20:28.204 [main] DEBUG org.hibernate.query.sqm.function.SqmFunctionRegistry - Registered SqmFunctionTemplate [NamedSqmFunctionTemplate(utc_date)] under utc_date; prior registration was null
2026-02-02 21:20:28.204 [main] DEBUG org.hibernate.query.sqm.function.SqmFunctionRegistry - Registered SqmFunctionTemplate [NamedSqmFunctionTemplate(utc_time)] under utc_time; prior registration was null
2026-02-02 21:20:28.204 [main] DEBUG org.hibernate.query.sqm.function.SqmFunctionRegistry - Registered SqmFunctionTemplate [NamedSqmFunctionTemplate(utc_timestamp)] under utc_timestamp; prior registration was null
2026-02-02 21:20:28.204 [main] DEBUG org.hibernate.query.sqm.function.SqmFunctionRegistry - Registered SqmFunctionTemplate [NamedSqmFunctionTemplate(rand)] under rand; prior registration was null
2026-02-02 21:20:28.204 [main] DEBUG org.hibernate.query.sqm.function.SqmFunctionRegistry - Registered SqmFunctionTemplate [NamedSqmFunctionTemplate(crc32)] under crc32; prior registration was null
2026-02-02 21:20:28.204 [main] DEBUG org.hibernate.query.sqm.function.SqmFunctionRegistry - Registered SqmFunctionTemplate [NamedSqmFunctionTemplate(sha1)] under sha1; prior registration was null
2026-02-02 21:20:28.204 [main] DEBUG org.hibernate.query.sqm.function.SqmFunctionRegistry - Registered SqmFunctionTemplate [NamedSqmFunctionTemplate(sha2)] under sha2; prior registration was null
2026-02-02 21:20:28.204 [main] DEBUG org.hibernate.query.sqm.function.SqmFunctionRegistry - Registered SqmFunctionTemplate [NamedSqmFunctionTemplate(sha)] under sha; prior registration was null
2026-02-02 21:20:28.204 [main] DEBUG org.hibernate.query.sqm.function.SqmFunctionRegistry - Registered SqmFunctionTemplate [NamedSqmFunctionTemplate(bit_length)] under bit_length; prior registration was null
2026-02-02 21:20:28.204 [main] DEBUG org.hibernate.query.sqm.function.SqmFunctionRegistry - Registered SqmFunctionTemplate [NamedSqmFunctionTemplate(octet_length)] under octet_length; prior registration was NamedSqmFunctionTemplate(octet_length)
2026-02-02 21:20:28.204 [main] DEBUG org.hibernate.query.sqm.function.SqmFunctionRegistry - Registered SqmFunctionTemplate [NamedSqmFunctionTemplate(ascii)] under ascii; prior registration was null
2026-02-02 21:20:28.204 [main] DEBUG org.hibernate.query.sqm.function.SqmFunctionRegistry - Registered SqmFunctionTemplate [NamedSqmFunctionTemplate(instr)] under instr; prior registration was null
2026-02-02 21:20:28.204 [main] DEBUG org.hibernate.query.sqm.function.SqmFunctionRegistry - Registered SqmFunctionTemplate [NamedSqmFunctionTemplate(substr)] under substr; prior registration was null
2026-02-02 21:20:28.204 [main] DEBUG org.hibernate.query.sqm.function.SqmFunctionRegistry - Registered SqmFunctionTemplate [org.hibernate.query.sqm.function.PatternBasedSqmFunctionDescriptor@2bfaba70] under position; prior registration was org.hibernate.dialect.function.LocatePositionEmulation@5b20706
2026-02-02 21:20:28.204 [main] DEBUG org.hibernate.query.sqm.function.SqmFunctionRegistry - Registered SqmFunctionTemplate [NamedSqmFunctionTemplate(curtime)] under curtime; prior registration was null
2026-02-02 21:20:28.204 [main] DEBUG org.hibernate.query.sqm.function.SqmFunctionRegistry - Registered SqmFunctionTemplate [NamedSqmFunctionTemplate(curdate)] under curdate; prior registration was null
2026-02-02 21:20:28.204 [main] DEBUG org.hibernate.query.sqm.function.SqmFunctionRegistry - Registered SqmFunctionTemplate [NamedSqmFunctionTemplate(now)] under now; prior registration was null
2026-02-02 21:20:28.208 [main] DEBUG org.hibernate.query.sqm.function.SqmFunctionRegistry - Registered SqmFunctionTemplate [org.hibernate.dialect.function.TruncFunction@2954f6ab] under trunc; prior registration was null
2026-02-02 21:20:28.208 [main] DEBUG org.hibernate.query.sqm.function.SqmFunctionRegistry - Registering alternate key : truncate -> trunc
2026-02-02 21:20:28.208 [main] DEBUG org.hibernate.query.sqm.function.SqmFunctionRegistry - Registered SqmFunctionTemplate [NamedSqmFunctionTemplate(insert)] under insert; prior registration was null
2026-02-02 21:20:28.208 [main] DEBUG org.hibernate.query.sqm.function.SqmFunctionRegistry - Registered SqmFunctionTemplate [org.hibernate.query.sqm.function.PatternBasedSqmFunctionDescriptor@58fbd02e] under bitand; prior registration was null
2026-02-02 21:20:28.208 [main] DEBUG org.hibernate.query.sqm.function.SqmFunctionRegistry - Registered SqmFunctionTemplate [org.hibernate.query.sqm.function.PatternBasedSqmFunctionDescriptor@163042ea] under bitor; prior registration was null
2026-02-02 21:20:28.208 [main] DEBUG org.hibernate.query.sqm.function.SqmFunctionRegistry - Registered SqmFunctionTemplate [org.hibernate.query.sqm.function.PatternBasedSqmFunctionDescriptor@11d045b4] under bitxor; prior registration was null
2026-02-02 21:20:28.208 [main] DEBUG org.hibernate.query.sqm.function.SqmFunctionRegistry - Registered SqmFunctionTemplate [org.hibernate.query.sqm.function.PatternBasedSqmFunctionDescriptor@1fbf088b] under bitnot; prior registration was null
2026-02-02 21:20:28.208 [main] DEBUG org.hibernate.query.sqm.function.SqmFunctionRegistry - Registered SqmFunctionTemplate [NamedSqmFunctionTemplate(bit_and)] under bit_and; prior registration was null
2026-02-02 21:20:28.208 [main] DEBUG org.hibernate.query.sqm.function.SqmFunctionRegistry - Registered SqmFunctionTemplate [NamedSqmFunctionTemplate(bit_or)] under bit_or; prior registration was null
2026-02-02 21:20:28.208 [main] DEBUG org.hibernate.query.sqm.function.SqmFunctionRegistry - Registered SqmFunctionTemplate [NamedSqmFunctionTemplate(stddev)] under stddev; prior registration was null
2026-02-02 21:20:28.208 [main] DEBUG org.hibernate.query.sqm.function.SqmFunctionRegistry - Registered SqmFunctionTemplate [NamedSqmFunctionTemplate(stddev_pop)] under stddev_pop; prior registration was null
2026-02-02 21:20:28.208 [main] DEBUG org.hibernate.query.sqm.function.SqmFunctionRegistry - Registered SqmFunctionTemplate [NamedSqmFunctionTemplate(stddev_samp)] under stddev_samp; prior registration was null
2026-02-02 21:20:28.208 [main] DEBUG org.hibernate.query.sqm.function.SqmFunctionRegistry - Registered SqmFunctionTemplate [NamedSqmFunctionTemplate(variance)] under variance; prior registration was null
2026-02-02 21:20:28.208 [main] DEBUG org.hibernate.query.sqm.function.SqmFunctionRegistry - Registered SqmFunctionTemplate [NamedSqmFunctionTemplate(var_pop)] under var_pop; prior registration was null
2026-02-02 21:20:28.208 [main] DEBUG org.hibernate.query.sqm.function.SqmFunctionRegistry - Registered SqmFunctionTemplate [NamedSqmFunctionTemplate(var_samp)] under var_samp; prior registration was null
2026-02-02 21:20:28.208 [main] DEBUG org.hibernate.query.sqm.function.SqmFunctionRegistry - Registered SqmFunctionTemplate [NamedSqmFunctionTemplate(datediff)] under datediff; prior registration was null
2026-02-02 21:20:28.208 [main] DEBUG org.hibernate.query.sqm.function.SqmFunctionRegistry - Registered SqmFunctionTemplate [NamedSqmFunctionTemplate(adddate)] under adddate; prior registration was null
2026-02-02 21:20:28.208 [main] DEBUG org.hibernate.query.sqm.function.SqmFunctionRegistry - Registered SqmFunctionTemplate [NamedSqmFunctionTemplate(subdate)] under subdate; prior registration was null
2026-02-02 21:20:28.209 [main] DEBUG org.hibernate.query.sqm.function.SqmFunctionRegistry - Registered SqmFunctionTemplate [NamedSqmFunctionTemplate(addtime)] under addtime; prior registration was null
2026-02-02 21:20:28.209 [main] DEBUG org.hibernate.query.sqm.function.SqmFunctionRegistry - Registered SqmFunctionTemplate [NamedSqmFunctionTemplate(subtime)] under subtime; prior registration was null
2026-02-02 21:20:28.209 [main] DEBUG org.hibernate.query.sqm.function.SqmFunctionRegistry - Registered SqmFunctionTemplate [org.hibernate.dialect.function.FormatFunction@1943c1f2] under format; prior registration was org.hibernate.dialect.function.FormatFunction@7b3cde6f
2026-02-02 21:20:28.209 [main] DEBUG org.hibernate.query.sqm.function.SqmFunctionRegistry - Registered SqmFunctionTemplate [NamedSqmFunctionTemplate(makedate)] under makedate; prior registration was null
2026-02-02 21:20:28.209 [main] DEBUG org.hibernate.query.sqm.function.SqmFunctionRegistry - Registered SqmFunctionTemplate [NamedSqmFunctionTemplate(maketime)] under maketime; prior registration was null
2026-02-02 21:20:28.209 [main] DEBUG org.hibernate.query.sqm.function.SqmFunctionRegistry - Registered SqmFunctionTemplate [NamedSqmFunctionTemplate(localtime)] under localtime; prior registration was null
2026-02-02 21:20:28.209 [main] DEBUG org.hibernate.query.sqm.function.SqmFunctionRegistry - Registered SqmFunctionTemplate [NamedSqmFunctionTemplate(localtimestamp)] under localtimestamp; prior registration was null
2026-02-02 21:20:28.209 [main] DEBUG org.hibernate.query.sqm.function.SqmFunctionRegistry - Registered SqmFunctionTemplate [NamedSqmFunctionTemplate(localtime)] under local_time; prior registration was org.hibernate.dialect.function.CurrentFunction@6d0be7ab
2026-02-02 21:20:28.209 [main] DEBUG org.hibernate.query.sqm.function.SqmFunctionRegistry - Registered SqmFunctionTemplate [NamedSqmFunctionTemplate(localtimestamp)] under local_datetime; prior registration was org.hibernate.dialect.function.CurrentFunction@1d4fb213
2026-02-02 21:20:28.209 [main] DEBUG org.hibernate.query.sqm.function.SqmFunctionRegistry - Registered SqmFunctionTemplate [NamedSqmFunctionTemplate(localtime)] under localtime; prior registration was NamedSqmFunctionTemplate(localtime)
2026-02-02 21:20:28.209 [main] DEBUG org.hibernate.query.sqm.function.SqmFunctionRegistry - Registered SqmFunctionTemplate [org.hibernate.query.sqm.function.PatternBasedSqmFunctionDescriptor@d70f722] under pi; prior registration was org.hibernate.query.sqm.function.PatternBasedSqmFunctionDescriptor@64deb58f
2026-02-02 21:20:28.209 [main] DEBUG org.hibernate.query.sqm.function.SqmFunctionRegistry - Registered SqmFunctionTemplate [org.hibernate.query.sqm.function.PatternBasedSqmFunctionDescriptor@1e1eeedd] under chr; prior registration was null
2026-02-02 21:20:28.209 [main] DEBUG org.hibernate.query.sqm.function.SqmFunctionRegistry - Registering alternate key : char -> chr
2026-02-02 21:20:28.209 [main] DEBUG org.hibernate.query.sqm.function.SqmFunctionRegistry - Registered SqmFunctionTemplate [org.hibernate.query.sqm.function.PatternBasedSqmFunctionDescriptor@798256c5] under sysdate; prior registration was null
2026-02-02 21:20:28.209 [main] DEBUG org.hibernate.query.sqm.function.SqmFunctionRegistry - Registered SqmFunctionTemplate [NamedSqmFunctionTemplate(row_number)] under row_number; prior registration was null
2026-02-02 21:20:28.209 [main] DEBUG org.hibernate.query.sqm.function.SqmFunctionRegistry - Registered SqmFunctionTemplate [NamedSqmFunctionTemplate(lag)] under lag; prior registration was null
2026-02-02 21:20:28.209 [main] DEBUG org.hibernate.query.sqm.function.SqmFunctionRegistry - Registered SqmFunctionTemplate [NamedSqmFunctionTemplate(lead)] under lead; prior registration was null
2026-02-02 21:20:28.209 [main] DEBUG org.hibernate.query.sqm.function.SqmFunctionRegistry - Registered SqmFunctionTemplate [NamedSqmFunctionTemplate(first_value)] under first_value; prior registration was null
2026-02-02 21:20:28.209 [main] DEBUG org.hibernate.query.sqm.function.SqmFunctionRegistry - Registered SqmFunctionTemplate [NamedSqmFunctionTemplate(last_value)] under last_value; prior registration was null
2026-02-02 21:20:28.209 [main] DEBUG org.hibernate.query.sqm.function.SqmFunctionRegistry - Registered SqmFunctionTemplate [NamedSqmFunctionTemplate(nth_value)] under nth_value; prior registration was null
2026-02-02 21:20:28.210 [main] DEBUG org.hibernate.query.sqm.function.SqmFunctionRegistry - Registered SqmFunctionTemplate [org.hibernate.dialect.function.HypotheticalSetWindowEmulation@6fff46bf] under rank; prior registration was null
2026-02-02 21:20:28.210 [main] DEBUG org.hibernate.query.sqm.function.SqmFunctionRegistry - Registered SqmFunctionTemplate [org.hibernate.dialect.function.HypotheticalSetWindowEmulation@1835dc92] under dense_rank; prior registration was null
2026-02-02 21:20:28.210 [main] DEBUG org.hibernate.query.sqm.function.SqmFunctionRegistry - Registered SqmFunctionTemplate [org.hibernate.dialect.function.HypotheticalSetWindowEmulation@3aaa3c39] under percent_rank; prior registration was null
2026-02-02 21:20:28.210 [main] DEBUG org.hibernate.query.sqm.function.SqmFunctionRegistry - Registered SqmFunctionTemplate [org.hibernate.dialect.function.HypotheticalSetWindowEmulation@65a9ea3c] under cume_dist; prior registration was null
2026-02-02 21:20:28.210 [main] DEBUG org.hibernate.query.sqm.function.SqmFunctionRegistry - Registered SqmFunctionTemplate [org.hibernate.dialect.function.ListaggGroupConcatEmulation@7e351d7] under listagg; prior registration was null
2026-02-02 21:20:28.213 [main] DEBUG org.hibernate.HQL_FUNCTIONS - abs(NUMERIC arg)
2026-02-02 21:20:28.213 [main] DEBUG org.hibernate.HQL_FUNCTIONS - Double acos(NUMERIC arg)
2026-02-02 21:20:28.213 [main] DEBUG org.hibernate.HQL_FUNCTIONS - adddate(DATE datetime, INTEGER days)
2026-02-02 21:20:28.214 [main] DEBUG org.hibernate.HQL_FUNCTIONS - addtime(TIME datetime, TIME time)
2026-02-02 21:20:28.214 [main] DEBUG org.hibernate.HQL_FUNCTIONS - Boolean any(BOOLEAN arg)
2026-02-02 21:20:28.214 [main] DEBUG org.hibernate.HQL_FUNCTIONS - Integer ascii(STRING arg)
2026-02-02 21:20:28.214 [main] DEBUG org.hibernate.HQL_FUNCTIONS - Double asin(NUMERIC arg)
2026-02-02 21:20:28.214 [main] DEBUG org.hibernate.HQL_FUNCTIONS - Double atan(NUMERIC arg)
2026-02-02 21:20:28.214 [main] DEBUG org.hibernate.HQL_FUNCTIONS - Double atan2(NUMERIC arg0, NUMERIC arg1)
2026-02-02 21:20:28.214 [main] DEBUG org.hibernate.HQL_FUNCTIONS - avg(arg)
2026-02-02 21:20:28.214 [main] DEBUG org.hibernate.HQL_FUNCTIONS - bit_and(arg)
2026-02-02 21:20:28.214 [main] DEBUG org.hibernate.HQL_FUNCTIONS - Integer bit_length(STRING_OR_CLOB arg)
2026-02-02 21:20:28.214 [main] DEBUG org.hibernate.HQL_FUNCTIONS - bit_or(arg)
2026-02-02 21:20:28.214 [main] DEBUG org.hibernate.HQL_FUNCTIONS - bitand(arg0, arg1)
2026-02-02 21:20:28.214 [main] DEBUG org.hibernate.HQL_FUNCTIONS - bitnot(arg)
2026-02-02 21:20:28.214 [main] DEBUG org.hibernate.HQL_FUNCTIONS - bitor(arg0, arg1)
2026-02-02 21:20:28.214 [main] DEBUG org.hibernate.HQL_FUNCTIONS - bitxor(arg0, arg1)
2026-02-02 21:20:28.214 [main] DEBUG org.hibernate.HQL_FUNCTIONS - cast(arg as Type)
2026-02-02 21:20:28.214 [main] DEBUG org.hibernate.HQL_FUNCTIONS - ceiling(NUMERIC arg)
2026-02-02 21:20:28.214 [main] DEBUG org.hibernate.HQL_FUNCTIONS - Character char(INTEGER arg)
2026-02-02 21:20:28.214 [main] DEBUG org.hibernate.HQL_FUNCTIONS - Integer character_length(STRING_OR_CLOB arg)
2026-02-02 21:20:28.214 [main] DEBUG org.hibernate.HQL_FUNCTIONS - Character chr(INTEGER arg)
2026-02-02 21:20:28.214 [main] DEBUG org.hibernate.HQL_FUNCTIONS - coalesce(arg0[, arg1[, ...]])
2026-02-02 21:20:28.214 [main] DEBUG org.hibernate.HQL_FUNCTIONS - String collate(STRING string as COLLATION collation)
2026-02-02 21:20:28.214 [main] DEBUG org.hibernate.HQL_FUNCTIONS - String concat(STRING string0[, STRING string1[, ...]])
2026-02-02 21:20:28.214 [main] DEBUG org.hibernate.HQL_FUNCTIONS - Double cos(NUMERIC arg)
2026-02-02 21:20:28.214 [main] DEBUG org.hibernate.HQL_FUNCTIONS - Double cosh(NUMERIC arg)
2026-02-02 21:20:28.214 [main] DEBUG org.hibernate.HQL_FUNCTIONS - Double cot(NUMERIC arg)
2026-02-02 21:20:28.214 [main] DEBUG org.hibernate.HQL_FUNCTIONS - Long count([distinct ]{arg|*})
2026-02-02 21:20:28.214 [main] DEBUG org.hibernate.HQL_FUNCTIONS - Integer crc32(arg)
2026-02-02 21:20:28.214 [main] DEBUG org.hibernate.HQL_FUNCTIONS - Double cume_dist([arg0[, ...]])
2026-02-02 21:20:28.214 [main] DEBUG org.hibernate.HQL_FUNCTIONS - Date curdate()
2026-02-02 21:20:28.214 [main] DEBUG org.hibernate.HQL_FUNCTIONS - Date current date
2026-02-02 21:20:28.214 [main] DEBUG org.hibernate.HQL_FUNCTIONS - Time current time
2026-02-02 21:20:28.214 [main] DEBUG org.hibernate.HQL_FUNCTIONS - Timestamp current timestamp
2026-02-02 21:20:28.215 [main] DEBUG org.hibernate.HQL_FUNCTIONS - Date current_date
2026-02-02 21:20:28.215 [main] DEBUG org.hibernate.HQL_FUNCTIONS - Instant current_instant
2026-02-02 21:20:28.215 [main] DEBUG org.hibernate.HQL_FUNCTIONS - Time current_time
2026-02-02 21:20:28.215 [main] DEBUG org.hibernate.HQL_FUNCTIONS - Timestamp current_timestamp
2026-02-02 21:20:28.215 [main] DEBUG org.hibernate.HQL_FUNCTIONS - Time curtime()
2026-02-02 21:20:28.215 [main] DEBUG org.hibernate.HQL_FUNCTIONS - Date date(arg)
2026-02-02 21:20:28.215 [main] DEBUG org.hibernate.HQL_FUNCTIONS - dateadd(TEMPORAL_UNIT field, INTEGER magnitude, TEMPORAL datetime)
2026-02-02 21:20:28.215 [main] DEBUG org.hibernate.HQL_FUNCTIONS - Integer datediff(DATE end, DATE start)
2026-02-02 21:20:28.215 [main] DEBUG org.hibernate.HQL_FUNCTIONS - Integer day(DATE arg)
2026-02-02 21:20:28.215 [main] DEBUG org.hibernate.HQL_FUNCTIONS - String dayname(DATE arg)
2026-02-02 21:20:28.215 [main] DEBUG org.hibernate.HQL_FUNCTIONS - Integer dayofmonth(DATE arg)
2026-02-02 21:20:28.215 [main] DEBUG org.hibernate.HQL_FUNCTIONS - Integer dayofweek(DATE arg)
2026-02-02 21:20:28.215 [main] DEBUG org.hibernate.HQL_FUNCTIONS - Integer dayofyear(DATE arg)
2026-02-02 21:20:28.215 [main] DEBUG org.hibernate.HQL_FUNCTIONS - Double degrees(NUMERIC arg)
2026-02-02 21:20:28.215 [main] DEBUG org.hibernate.HQL_FUNCTIONS - Long dense_rank([arg0[, ...]])
2026-02-02 21:20:28.215 [main] DEBUG org.hibernate.HQL_FUNCTIONS - Boolean every(BOOLEAN arg)
2026-02-02 21:20:28.215 [main] DEBUG org.hibernate.HQL_FUNCTIONS - Double exp(NUMERIC arg)
2026-02-02 21:20:28.215 [main] DEBUG org.hibernate.HQL_FUNCTIONS - extract(TEMPORAL_UNIT field from TEMPORAL arg)
2026-02-02 21:20:28.215 [main] DEBUG org.hibernate.HQL_FUNCTIONS - first_valueANY value
2026-02-02 21:20:28.215 [main] DEBUG org.hibernate.HQL_FUNCTIONS - floor(NUMERIC arg)
2026-02-02 21:20:28.215 [main] DEBUG org.hibernate.HQL_FUNCTIONS - String format(TEMPORAL datetime as STRING pattern)
2026-02-02 21:20:28.215 [main] DEBUG org.hibernate.HQL_FUNCTIONS - greatest(COMPARABLE arg0, COMPARABLE arg1[, arg2[, ...]])
2026-02-02 21:20:28.215 [main] DEBUG org.hibernate.HQL_FUNCTIONS - Integer hour(TIME arg)
2026-02-02 21:20:28.215 [main] DEBUG org.hibernate.HQL_FUNCTIONS - ifnull(arg0, arg1)
2026-02-02 21:20:28.215 [main] DEBUG org.hibernate.HQL_FUNCTIONS - String insert(STRING string, INTEGER start, INTEGER length, STRING replacement)
2026-02-02 21:20:28.215 [main] DEBUG org.hibernate.HQL_FUNCTIONS - Instant instant
2026-02-02 21:20:28.215 [main] DEBUG org.hibernate.HQL_FUNCTIONS - Integer instr(STRING string, STRING pattern[, INTEGER start[, INTEGER occurrence]])
2026-02-02 21:20:28.215 [main] DEBUG org.hibernate.HQL_FUNCTIONS - lagANY value[, INTEGER offset[, ANY default]]
2026-02-02 21:20:28.215 [main] DEBUG org.hibernate.HQL_FUNCTIONS - Date last_day(DATE arg)
2026-02-02 21:20:28.216 [main] DEBUG org.hibernate.HQL_FUNCTIONS - last_valueANY value
2026-02-02 21:20:28.216 [main] DEBUG org.hibernate.HQL_FUNCTIONS - leadANY value[, INTEGER offset[, ANY default]]
2026-02-02 21:20:28.216 [main] DEBUG org.hibernate.HQL_FUNCTIONS - least(COMPARABLE arg0, COMPARABLE arg1[, arg2[, ...]])
2026-02-02 21:20:28.216 [main] DEBUG org.hibernate.HQL_FUNCTIONS - String left(STRING string, INTEGER length)
2026-02-02 21:20:28.216 [main] DEBUG org.hibernate.HQL_FUNCTIONS - Integer length(STRING_OR_CLOB arg)
2026-02-02 21:20:28.216 [main] DEBUG org.hibernate.HQL_FUNCTIONS - String listagg(STRING arg0, STRING arg1)
2026-02-02 21:20:28.216 [main] DEBUG org.hibernate.HQL_FUNCTIONS - Double ln(NUMERIC arg)
2026-02-02 21:20:28.216 [main] DEBUG org.hibernate.HQL_FUNCTIONS - LocalDate local date
2026-02-02 21:20:28.216 [main] DEBUG org.hibernate.HQL_FUNCTIONS - LocalDateTime local datetime
2026-02-02 21:20:28.216 [main] DEBUG org.hibernate.HQL_FUNCTIONS - LocalTime local time
2026-02-02 21:20:28.216 [main] DEBUG org.hibernate.HQL_FUNCTIONS - LocalDate local_date
2026-02-02 21:20:28.216 [main] DEBUG org.hibernate.HQL_FUNCTIONS - LocalDateTime local_datetime
2026-02-02 21:20:28.216 [main] DEBUG org.hibernate.HQL_FUNCTIONS - LocalTime local_time
2026-02-02 21:20:28.216 [main] DEBUG org.hibernate.HQL_FUNCTIONS - Timestamp localtime
2026-02-02 21:20:28.216 [main] DEBUG org.hibernate.HQL_FUNCTIONS - Timestamp localtimestamp
2026-02-02 21:20:28.216 [main] DEBUG org.hibernate.HQL_FUNCTIONS - Integer locate(STRING pattern, STRING string[, INTEGER start])
2026-02-02 21:20:28.216 [main] DEBUG org.hibernate.HQL_FUNCTIONS - Double log(NUMERIC arg0[, NUMERIC arg1])
2026-02-02 21:20:28.216 [main] DEBUG org.hibernate.HQL_FUNCTIONS - Double log10(NUMERIC arg)
2026-02-02 21:20:28.216 [main] DEBUG org.hibernate.HQL_FUNCTIONS - Double log2(NUMERIC arg)
2026-02-02 21:20:28.216 [main] DEBUG org.hibernate.HQL_FUNCTIONS - String lower(STRING string)
2026-02-02 21:20:28.216 [main] DEBUG org.hibernate.HQL_FUNCTIONS - String lpad(string, length[, padding])
2026-02-02 21:20:28.216 [main] DEBUG org.hibernate.HQL_FUNCTIONS - String ltrim(STRING string[, STRING characters])
2026-02-02 21:20:28.216 [main] DEBUG org.hibernate.HQL_FUNCTIONS - Date makedate(INTEGER year, INTEGER dayofyear)
2026-02-02 21:20:28.216 [main] DEBUG org.hibernate.HQL_FUNCTIONS - Time maketime(INTEGER hour, INTEGER min, INTEGER sec)
2026-02-02 21:20:28.216 [main] DEBUG org.hibernate.HQL_FUNCTIONS - max(COMPARABLE arg)
2026-02-02 21:20:28.216 [main] DEBUG org.hibernate.HQL_FUNCTIONS - String md5(arg)
2026-02-02 21:20:28.216 [main] DEBUG org.hibernate.HQL_FUNCTIONS - Integer microsecond(TIME arg)
2026-02-02 21:20:28.216 [main] DEBUG org.hibernate.HQL_FUNCTIONS - min(COMPARABLE arg)
2026-02-02 21:20:28.216 [main] DEBUG org.hibernate.HQL_FUNCTIONS - Integer minute(TIME arg)
2026-02-02 21:20:28.216 [main] DEBUG org.hibernate.HQL_FUNCTIONS - Integer mod(INTEGER arg0, INTEGER arg1)
2026-02-02 21:20:28.216 [main] DEBUG org.hibernate.HQL_FUNCTIONS - Integer month(DATE arg)
2026-02-02 21:20:28.216 [main] DEBUG org.hibernate.HQL_FUNCTIONS - String monthname(DATE arg)
2026-02-02 21:20:28.216 [main] DEBUG org.hibernate.HQL_FUNCTIONS - Timestamp now()
2026-02-02 21:20:28.216 [main] DEBUG org.hibernate.HQL_FUNCTIONS - nth_valueANY value, INTEGER nth
2026-02-02 21:20:28.216 [main] DEBUG org.hibernate.HQL_FUNCTIONS - nullif(arg0, arg1)
2026-02-02 21:20:28.216 [main] DEBUG org.hibernate.HQL_FUNCTIONS - Integer octet_length(STRING_OR_CLOB arg)
2026-02-02 21:20:28.216 [main] DEBUG org.hibernate.HQL_FUNCTIONS - OffsetDateTime offset datetime
2026-02-02 21:20:28.216 [main] DEBUG org.hibernate.HQL_FUNCTIONS - OffsetDateTime offset_datetime
2026-02-02 21:20:28.216 [main] DEBUG org.hibernate.HQL_FUNCTIONS - String overlay(STRING string placing STRING replacement from INTEGER start[ for INTEGER length])
2026-02-02 21:20:28.217 [main] DEBUG org.hibernate.HQL_FUNCTIONS - String pad(STRING string with INTEGER length {leading|trailing}[ STRING character])
2026-02-02 21:20:28.217 [main] DEBUG org.hibernate.HQL_FUNCTIONS - Double percent_rank([arg0[, ...]])
2026-02-02 21:20:28.217 [main] DEBUG org.hibernate.HQL_FUNCTIONS - Double pi
2026-02-02 21:20:28.217 [main] DEBUG org.hibernate.HQL_FUNCTIONS - Integer position(STRING pattern in STRING string)
2026-02-02 21:20:28.217 [main] DEBUG org.hibernate.HQL_FUNCTIONS - Double power(NUMERIC arg0, NUMERIC arg1)
2026-02-02 21:20:28.217 [main] DEBUG org.hibernate.HQL_FUNCTIONS - Integer quarter(DATE arg)
2026-02-02 21:20:28.217 [main] DEBUG org.hibernate.HQL_FUNCTIONS - Double radians(NUMERIC arg)
2026-02-02 21:20:28.217 [main] DEBUG org.hibernate.HQL_FUNCTIONS - Double rand([INTEGER seed])
2026-02-02 21:20:28.217 [main] DEBUG org.hibernate.HQL_FUNCTIONS - Long rank([arg0[, ...]])
2026-02-02 21:20:28.217 [main] DEBUG org.hibernate.HQL_FUNCTIONS - String repeat(STRING string, INTEGER times)
2026-02-02 21:20:28.217 [main] DEBUG org.hibernate.HQL_FUNCTIONS - String replace(STRING string, STRING pattern, STRING replacement)
2026-02-02 21:20:28.217 [main] DEBUG org.hibernate.HQL_FUNCTIONS - String reverse(STRING arg)
2026-02-02 21:20:28.217 [main] DEBUG org.hibernate.HQL_FUNCTIONS - String right(STRING string, INTEGER length)
2026-02-02 21:20:28.217 [main] DEBUG org.hibernate.HQL_FUNCTIONS - round(NUMERIC number[, INTEGER places])
2026-02-02 21:20:28.217 [main] DEBUG org.hibernate.HQL_FUNCTIONS - Long row_number()
2026-02-02 21:20:28.217 [main] DEBUG org.hibernate.HQL_FUNCTIONS - String rpad(string, length[, padding])
2026-02-02 21:20:28.217 [main] DEBUG org.hibernate.HQL_FUNCTIONS - String rtrim(STRING string[, STRING characters])
2026-02-02 21:20:28.217 [main] DEBUG org.hibernate.HQL_FUNCTIONS - Integer second(TIME arg)
2026-02-02 21:20:28.217 [main] DEBUG org.hibernate.HQL_FUNCTIONS - String sha(arg)
2026-02-02 21:20:28.217 [main] DEBUG org.hibernate.HQL_FUNCTIONS - String sha1(arg)
2026-02-02 21:20:28.217 [main] DEBUG org.hibernate.HQL_FUNCTIONS - String sha2(arg0, arg1)
2026-02-02 21:20:28.217 [main] DEBUG org.hibernate.HQL_FUNCTIONS - Integer sign(NUMERIC arg)
2026-02-02 21:20:28.217 [main] DEBUG org.hibernate.HQL_FUNCTIONS - Double sin(NUMERIC arg)
2026-02-02 21:20:28.217 [main] DEBUG org.hibernate.HQL_FUNCTIONS - Double sinh(NUMERIC arg)
2026-02-02 21:20:28.217 [main] DEBUG org.hibernate.HQL_FUNCTIONS - String soundex(arg)
2026-02-02 21:20:28.217 [main] DEBUG org.hibernate.HQL_FUNCTIONS - String space(INTEGER arg)
2026-02-02 21:20:28.217 [main] DEBUG org.hibernate.HQL_FUNCTIONS - Object sql
2026-02-02 21:20:28.217 [main] DEBUG org.hibernate.HQL_FUNCTIONS - Double sqrt(NUMERIC arg)
2026-02-02 21:20:28.217 [main] DEBUG org.hibernate.HQL_FUNCTIONS - Double stddev(NUMERIC arg)
2026-02-02 21:20:28.217 [main] DEBUG org.hibernate.HQL_FUNCTIONS - Double stddev_pop(NUMERIC arg)
2026-02-02 21:20:28.217 [main] DEBUG org.hibernate.HQL_FUNCTIONS - Double stddev_samp(NUMERIC arg)
2026-02-02 21:20:28.217 [main] DEBUG org.hibernate.HQL_FUNCTIONS - String str(arg)
2026-02-02 21:20:28.217 [main] DEBUG org.hibernate.HQL_FUNCTIONS - subdate(DATE datetime, INTEGER days)
2026-02-02 21:20:28.217 [main] DEBUG org.hibernate.HQL_FUNCTIONS - String substr(STRING string, INTEGER start[, INTEGER length])
2026-02-02 21:20:28.217 [main] DEBUG org.hibernate.HQL_FUNCTIONS - String substring(STRING string{ from|,} INTEGER start[{ for|,} INTEGER length])
2026-02-02 21:20:28.217 [main] DEBUG org.hibernate.HQL_FUNCTIONS - subtime(TIME datetime, TIME time)
2026-02-02 21:20:28.217 [main] DEBUG org.hibernate.HQL_FUNCTIONS - sum(arg)
2026-02-02 21:20:28.218 [main] DEBUG org.hibernate.HQL_FUNCTIONS - Timestamp sysdate()
2026-02-02 21:20:28.218 [main] DEBUG org.hibernate.HQL_FUNCTIONS - Double tan(NUMERIC arg)
2026-02-02 21:20:28.218 [main] DEBUG org.hibernate.HQL_FUNCTIONS - Double tanh(NUMERIC arg)
2026-02-02 21:20:28.218 [main] DEBUG org.hibernate.HQL_FUNCTIONS - String time(arg)
2026-02-02 21:20:28.218 [main] DEBUG org.hibernate.HQL_FUNCTIONS - Timestamp timestamp(arg0[, arg1])
2026-02-02 21:20:28.218 [main] DEBUG org.hibernate.HQL_FUNCTIONS - timestampadd(TEMPORAL_UNIT field, INTEGER magnitude, TEMPORAL datetime)
2026-02-02 21:20:28.218 [main] DEBUG org.hibernate.HQL_FUNCTIONS - basicType@18(java.lang.Long,-5)|basicType@20(java.lang.Double,8) timestampdiff(TEMPORAL_UNIT field, TEMPORAL start, TEMPORAL end)
2026-02-02 21:20:28.218 [main] DEBUG org.hibernate.HQL_FUNCTIONS - String trim([[{leading|trailing|both} ][STRING arg0 ]from] STRING arg1)
2026-02-02 21:20:28.218 [main] DEBUG org.hibernate.HQL_FUNCTIONS - trunc( ... )
2026-02-02 21:20:28.218 [main] DEBUG org.hibernate.HQL_FUNCTIONS - truncate( ... )
2026-02-02 21:20:28.218 [main] DEBUG org.hibernate.HQL_FUNCTIONS - String upper(STRING string)
2026-02-02 21:20:28.218 [main] DEBUG org.hibernate.HQL_FUNCTIONS - Date utc_date
2026-02-02 21:20:28.218 [main] DEBUG org.hibernate.HQL_FUNCTIONS - Time utc_time
2026-02-02 21:20:28.218 [main] DEBUG org.hibernate.HQL_FUNCTIONS - Timestamp utc_timestamp
2026-02-02 21:20:28.218 [main] DEBUG org.hibernate.HQL_FUNCTIONS - Double var_pop(NUMERIC arg)
2026-02-02 21:20:28.218 [main] DEBUG org.hibernate.HQL_FUNCTIONS - Double var_samp(NUMERIC arg)
2026-02-02 21:20:28.218 [main] DEBUG org.hibernate.HQL_FUNCTIONS - Double variance(NUMERIC arg)
2026-02-02 21:20:28.218 [main] DEBUG org.hibernate.HQL_FUNCTIONS - Integer week(DATE arg)
2026-02-02 21:20:28.218 [main] DEBUG org.hibernate.HQL_FUNCTIONS - Integer year(DATE arg)
2026-02-02 21:20:28.221 [main] DEBUG org.hibernate.orm.query.plan.cache - Starting QueryInterpretationCache(2048)
2026-02-02 21:20:28.269 [main] DEBUG org.hibernate.service.internal.SessionFactoryServiceRegistryImpl - EventListenerRegistry access via ServiceRegistry is deprecated.  Use `sessionFactory.getEventEngine().getListenerRegistry()` instead
2026-02-02 21:20:28.271 [main] DEBUG org.hibernate.event.internal.EntityCopyObserverFactoryInitiator - Configured EntityCopyObserver strategy: disallow
2026-02-02 21:20:28.319 [main] DEBUG org.hibernate.boot.internal.ClassLoaderAccessImpl - Not known whether passed class name [modelo.Logro] is safe
2026-02-02 21:20:28.319 [main] DEBUG org.hibernate.boot.internal.ClassLoaderAccessImpl - No temp ClassLoader provided; using live ClassLoader for loading potentially unsafe class : modelo.Logro
2026-02-02 21:20:28.455 [main] DEBUG org.hibernate.bytecode.internal.bytebuddy.BytecodeProviderImpl - HHH000513: Unable to create the ReflectionOptimizer for [modelo.Logro]: private accessor [descripcion]
2026-02-02 21:20:28.479 [main] DEBUG org.hibernate.ormbytecode.interceptor - To-one property `modelo.Asignacion#docente` was mapped with LAZY + NO_PROXY but the class was not enhanced
2026-02-02 21:20:28.479 [main] DEBUG org.hibernate.ormbytecode.interceptor - To-one property `modelo.Asignacion#docente` was mapped with LAZY + NO_PROXY but the class was not enhanced
2026-02-02 21:20:28.479 [main] DEBUG org.hibernate.ormbytecode.interceptor - To-one property `modelo.Asignacion#lectura` was mapped with LAZY + NO_PROXY but the class was not enhanced
2026-02-02 21:20:28.479 [main] DEBUG org.hibernate.ormbytecode.interceptor - To-one property `modelo.Asignacion#lectura` was mapped with LAZY + NO_PROXY but the class was not enhanced
2026-02-02 21:20:28.479 [main] DEBUG org.hibernate.boot.internal.ClassLoaderAccessImpl - Not known whether passed class name [modelo.Asignacion] is safe
2026-02-02 21:20:28.479 [main] DEBUG org.hibernate.boot.internal.ClassLoaderAccessImpl - No temp ClassLoader provided; using live ClassLoader for loading potentially unsafe class : modelo.Asignacion
2026-02-02 21:20:28.491 [main] DEBUG org.hibernate.bytecode.internal.bytebuddy.BytecodeProviderImpl - HHH000513: Unable to create the ReflectionOptimizer for [modelo.Asignacion]: private accessor [codigoClase]
2026-02-02 21:20:28.491 [main] DEBUG org.hibernate.ormbytecode.interceptor - To-one property `modelo.Asignacion#docente` was mapped with LAZY + NO_PROXY but the class was not enhanced
2026-02-02 21:20:28.491 [main] DEBUG org.hibernate.ormbytecode.interceptor - To-one property `modelo.Asignacion#lectura` was mapped with LAZY + NO_PROXY but the class was not enhanced
2026-02-02 21:20:28.492 [main] DEBUG org.hibernate.ormbytecode.interceptor - To-one property `modelo.Estudiante#usuario` was mapped with LAZY + NO_PROXY but the class was not enhanced
2026-02-02 21:20:28.492 [main] DEBUG org.hibernate.ormbytecode.interceptor - To-one property `modelo.Estudiante#usuario` was mapped with LAZY + NO_PROXY but the class was not enhanced
2026-02-02 21:20:28.492 [main] DEBUG org.hibernate.boot.internal.ClassLoaderAccessImpl - Not known whether passed class name [modelo.Estudiante] is safe
2026-02-02 21:20:28.492 [main] DEBUG org.hibernate.boot.internal.ClassLoaderAccessImpl - No temp ClassLoader provided; using live ClassLoader for loading potentially unsafe class : modelo.Estudiante
2026-02-02 21:20:28.503 [main] DEBUG org.hibernate.bytecode.internal.bytebuddy.BytecodeProviderImpl - HHH000513: Unable to create the ReflectionOptimizer for [modelo.Estudiante]: private accessor [logros]
2026-02-02 21:20:28.503 [main] DEBUG org.hibernate.ormbytecode.interceptor - To-one property `modelo.Estudiante#usuario` was mapped with LAZY + NO_PROXY but the class was not enhanced
2026-02-02 21:20:28.503 [main] DEBUG org.hibernate.boot.internal.ClassLoaderAccessImpl - Not known whether passed class name [modelo.Lectura] is safe
2026-02-02 21:20:28.503 [main] DEBUG org.hibernate.boot.internal.ClassLoaderAccessImpl - No temp ClassLoader provided; using live ClassLoader for loading potentially unsafe class : modelo.Lectura
2026-02-02 21:20:28.511 [main] DEBUG org.hibernate.bytecode.internal.bytebuddy.BytecodeProviderImpl - HHH000513: Unable to create the ReflectionOptimizer for [modelo.Lectura]: private accessor [asignaciones]
2026-02-02 21:20:28.511 [main] DEBUG org.hibernate.boot.internal.ClassLoaderAccessImpl - Not known whether passed class name [modelo.Docente] is safe
2026-02-02 21:20:28.511 [main] DEBUG org.hibernate.boot.internal.ClassLoaderAccessImpl - No temp ClassLoader provided; using live ClassLoader for loading potentially unsafe class : modelo.Docente
2026-02-02 21:20:28.518 [main] DEBUG org.hibernate.bytecode.internal.bytebuddy.BytecodeProviderImpl - HHH000513: Unable to create the ReflectionOptimizer for [modelo.Docente]: private accessor [edad]
2026-02-02 21:20:28.518 [main] DEBUG org.hibernate.ormbytecode.interceptor - To-one property `modelo.Usuario#estudiante` was mapped with LAZY + NO_PROXY but the class was not enhanced
2026-02-02 21:20:28.518 [main] DEBUG org.hibernate.ormbytecode.interceptor - To-one property `modelo.Usuario#estudiante` was mapped with LAZY + NO_PROXY but the class was not enhanced
2026-02-02 21:20:28.518 [main] DEBUG org.hibernate.boot.internal.ClassLoaderAccessImpl - Not known whether passed class name [modelo.Usuario] is safe
2026-02-02 21:20:28.518 [main] DEBUG org.hibernate.boot.internal.ClassLoaderAccessImpl - No temp ClassLoader provided; using live ClassLoader for loading potentially unsafe class : modelo.Usuario
2026-02-02 21:20:28.531 [main] DEBUG org.hibernate.bytecode.internal.bytebuddy.BytecodeProviderImpl - HHH000513: Unable to create the ReflectionOptimizer for [modelo.Usuario]: private accessor [edad]
2026-02-02 21:20:28.531 [main] DEBUG org.hibernate.ormbytecode.interceptor - To-one property `modelo.Usuario#estudiante` was mapped with LAZY + NO_PROXY but the class was not enhanced
2026-02-02 21:20:28.545 [main] DEBUG org.hibernate.orm.jdbc.mutation - Skipping collection row updates - modelo.Logro.estudiantes
2026-02-02 21:20:28.547 [main] DEBUG org.hibernate.orm.jdbc.mutation - Skipping collection (re)creation - modelo.Lectura.asignaciones
2026-02-02 21:20:28.548 [main] DEBUG org.hibernate.orm.jdbc.mutation - Skipping collection row deletions - modelo.Lectura.asignaciones
2026-02-02 21:20:28.548 [main] DEBUG org.hibernate.orm.jdbc.mutation - Skipping collection removals - modelo.Lectura.asignaciones
2026-02-02 21:20:28.548 [main] DEBUG org.hibernate.orm.jdbc.mutation - Skipping collection inserts - modelo.Estudiante.logros
2026-02-02 21:20:28.548 [main] DEBUG org.hibernate.orm.jdbc.mutation - Skipping collection row updates - modelo.Estudiante.logros
2026-02-02 21:20:28.548 [main] DEBUG org.hibernate.orm.jdbc.mutation - Skipping collection row deletions - modelo.Estudiante.logros
2026-02-02 21:20:28.548 [main] DEBUG org.hibernate.orm.jdbc.mutation - Skipping collection removals - modelo.Estudiante.logros
2026-02-02 21:20:28.568 [main] DEBUG org.hibernate.orm.model.mapping.creation - Starting post-init callbacks
2026-02-02 21:20:28.568 [main] DEBUG org.hibernate.orm.model.mapping.creation - Starting PostInitCallbackEntry : PluralAttributeMapping( NavigableRole[modelo.Logro.estudiantes#{element}]) - element descriptor
2026-02-02 21:20:28.570 [main] DEBUG org.hibernate.orm.model.mapping.creation - Starting PostInitCallbackEntry : PluralAttributeMapping(modelo.Logro.estudiantes)#finishInitialization
2026-02-02 21:20:28.570 [main] DEBUG org.hibernate.orm.model.mapping.creation - Starting PostInitCallbackEntry : PluralAttributeMapping(modelo.Logro.estudiantes) - key descriptor
2026-02-02 21:20:28.570 [main] DEBUG org.hibernate.orm.model.mapping.creation - Starting PostInitCallbackEntry : Entity(modelo.Logro) `staticFetchableList` generator
2026-02-02 21:20:28.571 [main] DEBUG org.hibernate.orm.model.mapping.creation - Starting PostInitCallbackEntry : To-one key - NavigableRole[modelo.Asignacion.docente]
2026-02-02 21:20:28.571 [main] DEBUG org.hibernate.orm.model.mapping.creation - Starting PostInitCallbackEntry : To-one key - NavigableRole[modelo.Asignacion.lectura]
2026-02-02 21:20:28.571 [main] DEBUG org.hibernate.orm.model.mapping.creation - Starting PostInitCallbackEntry : Entity(modelo.Asignacion) `staticFetchableList` generator
2026-02-02 21:20:28.571 [main] DEBUG org.hibernate.orm.model.mapping.creation - Starting PostInitCallbackEntry : PluralAttributeMapping( NavigableRole[modelo.Estudiante.logros#{element}]) - element descriptor
2026-02-02 21:20:28.571 [main] DEBUG org.hibernate.orm.model.mapping.creation - Starting PostInitCallbackEntry : PluralAttributeMapping(modelo.Estudiante.logros)#finishInitialization
2026-02-02 21:20:28.571 [main] DEBUG org.hibernate.orm.model.mapping.creation - Starting PostInitCallbackEntry : PluralAttributeMapping(modelo.Estudiante.logros) - key descriptor
2026-02-02 21:20:28.571 [main] DEBUG org.hibernate.orm.model.mapping.creation - Starting PostInitCallbackEntry : To-one key - NavigableRole[modelo.Estudiante.usuario]
2026-02-02 21:20:28.571 [main] DEBUG org.hibernate.orm.model.mapping.creation - Starting PostInitCallbackEntry : Entity(modelo.Estudiante) `staticFetchableList` generator
2026-02-02 21:20:28.571 [main] DEBUG org.hibernate.orm.model.mapping.creation - Starting PostInitCallbackEntry : PluralAttributeMapping( NavigableRole[modelo.Lectura.asignaciones#{element}]) - element descriptor
2026-02-02 21:20:28.571 [main] DEBUG org.hibernate.orm.model.mapping.creation - Starting PostInitCallbackEntry : PluralAttributeMapping(modelo.Lectura.asignaciones)#finishInitialization
2026-02-02 21:20:28.571 [main] DEBUG org.hibernate.orm.model.mapping.creation - Starting PostInitCallbackEntry : PluralAttributeMapping(modelo.Lectura.asignaciones) - key descriptor
2026-02-02 21:20:28.572 [main] DEBUG org.hibernate.orm.model.mapping.creation - Starting PostInitCallbackEntry : Entity(modelo.Lectura) `staticFetchableList` generator
2026-02-02 21:20:28.572 [main] DEBUG org.hibernate.orm.model.mapping.creation - Starting PostInitCallbackEntry : Entity(modelo.Docente) `staticFetchableList` generator
2026-02-02 21:20:28.572 [main] DEBUG org.hibernate.orm.model.mapping.creation - Starting PostInitCallbackEntry : To-one key - NavigableRole[modelo.Usuario.estudiante]
2026-02-02 21:20:28.572 [main] DEBUG org.hibernate.orm.model.mapping.creation - Starting PostInitCallbackEntry : Entity(modelo.Usuario) `staticFetchableList` generator
2026-02-02 21:20:28.572 [main] DEBUG org.hibernate.orm.model.mapping.creation - Starting PostInitCallbackEntry : PluralAttributeMapping( NavigableRole[modelo.Lectura.asignaciones#{element}]) - element descriptor
2026-02-02 21:20:28.622 [main] DEBUG org.hibernate.orm.sql.ast.create - Created new SQL alias : l1_0
2026-02-02 21:20:28.623 [main] DEBUG org.hibernate.orm.sql.ast.create - Registration of TableGroup [StandardTableGroup(modelo.Logro)] with identifierForTableGroup [modelo.Logro] for NavigablePath [modelo.Logro] 
2026-02-02 21:20:28.636 [main] DEBUG org.hibernate.orm.results.graph.AST - DomainResult Graph:
 \-EntityResultImpl [modelo.Logro]
 |  +-BasicFetch [modelo.Logro.descripcion]
 |  +-DelayedCollectionFetch [modelo.Logro.estudiantes]
 |  \-BasicFetch [modelo.Logro.nombreLogro]

2026-02-02 21:20:28.637 [main] DEBUG org.hibernate.orm.sql.ast.tree - SQL AST Tree:
    SelectStatement {
      FromClause {
        StandardTableGroup (l1 : modelo.Logro) {
          primaryTableReference : logro as l1_0
        }
      }
    }

2026-02-02 21:20:28.644 [main] DEBUG org.hibernate.persister.entity.AbstractEntityPersister - Static SQL for entity: modelo.Logro
2026-02-02 21:20:28.644 [main] DEBUG org.hibernate.persister.entity.AbstractEntityPersister -  Version select: select id_logro from logro where id_logro=?
2026-02-02 21:20:28.644 [main] DEBUG org.hibernate.persister.entity.AbstractEntityPersister -  Insert (0): insert into logro (descripcion,nombreLogro) values (?,?)
2026-02-02 21:20:28.644 [main] DEBUG org.hibernate.persister.entity.AbstractEntityPersister -  Update (0): update logro set descripcion=?,nombreLogro=? where id_logro=?
2026-02-02 21:20:28.644 [main] DEBUG org.hibernate.persister.entity.AbstractEntityPersister -  Delete (0): delete from logro where id_logro=?
2026-02-02 21:20:28.644 [main] DEBUG org.hibernate.orm.sql.ast.create - Created new SQL alias : a1_0
2026-02-02 21:20:28.644 [main] DEBUG org.hibernate.orm.sql.ast.create - Registration of TableGroup [StandardTableGroup(modelo.Asignacion)] with identifierForTableGroup [modelo.Asignacion] for NavigablePath [modelo.Asignacion] 
2026-02-02 21:20:28.647 [main] DEBUG org.hibernate.orm.sql.ast.create - Registration of TableGroup [org.hibernate.sql.ast.tree.from.LazyTableGroup@edb83f8] with identifierForTableGroup [modelo.Asignacion.docente] for NavigablePath [modelo.Asignacion.docente] 
2026-02-02 21:20:28.649 [main] DEBUG org.hibernate.orm.sql.ast.create - Created new SQL alias : d1_0
2026-02-02 21:20:28.649 [main] DEBUG org.hibernate.orm.sql.ast.create - Registration of TableGroup [org.hibernate.sql.ast.tree.from.LazyTableGroup@2e45a357] with identifierForTableGroup [modelo.Asignacion.lectura] for NavigablePath [modelo.Asignacion.lectura] 
2026-02-02 21:20:28.649 [main] DEBUG org.hibernate.orm.sql.ast.create - Created new SQL alias : l1_0
2026-02-02 21:20:28.649 [main] DEBUG org.hibernate.orm.results.graph.AST - DomainResult Graph:
 \-EntityResultImpl [modelo.Asignacion]
 |  +-BasicFetch [modelo.Asignacion.codigoClase]
 |  +-EntityFetchJoinedImpl [modelo.Asignacion.docente]
 |  +-BasicFetch [modelo.Asignacion.esObligatoria]
 |  +-EntityFetchJoinedImpl [modelo.Asignacion.lectura]
 |  +-BasicFetch [modelo.Asignacion.tituloAsignacion]
 |  \-BasicFetch [modelo.Asignacion.totalAlumnos]

2026-02-02 21:20:28.650 [main] DEBUG org.hibernate.orm.sql.ast.tree - SQL AST Tree:
    SelectStatement {
      FromClause {
        StandardTableGroup (a1 : modelo.Asignacion) {
          primaryTableReference : asignacion as a1_0
          TableGroupJoins {
            left  join LazyTableGroup (d1 : modelo.Asignacion.docente) {
              primaryTableReference : docente as d1_0
            }
            left  join LazyTableGroup (l1 : modelo.Asignacion.lectura) {
              primaryTableReference : lectura as l1_0
            }
          }
        }
      }
    }

2026-02-02 21:20:28.650 [main] DEBUG org.hibernate.persister.entity.AbstractEntityPersister - Static SQL for entity: modelo.Asignacion
2026-02-02 21:20:28.650 [main] DEBUG org.hibernate.persister.entity.AbstractEntityPersister -  Version select: select id_asignacion from asignacion where id_asignacion=?
2026-02-02 21:20:28.650 [main] DEBUG org.hibernate.persister.entity.AbstractEntityPersister -  Insert (0): insert into asignacion (codigoClase,id_docente,esObligatoria,id_lectura,tituloAsignacion,totalAlumnos) values (?,?,?,?,?,?)
2026-02-02 21:20:28.650 [main] DEBUG org.hibernate.persister.entity.AbstractEntityPersister -  Update (0): update asignacion set codigoClase=?,id_docente=?,esObligatoria=?,id_lectura=?,tituloAsignacion=?,totalAlumnos=? where id_asignacion=?
2026-02-02 21:20:28.650 [main] DEBUG org.hibernate.persister.entity.AbstractEntityPersister -  Delete (0): delete from asignacion where id_asignacion=?
2026-02-02 21:20:28.650 [main] DEBUG org.hibernate.orm.sql.ast.create - Created new SQL alias : e1_0
2026-02-02 21:20:28.650 [main] DEBUG org.hibernate.orm.sql.ast.create - Registration of TableGroup [StandardTableGroup(modelo.Estudiante)] with identifierForTableGroup [modelo.Estudiante] for NavigablePath [modelo.Estudiante] 
2026-02-02 21:20:28.650 [main] DEBUG org.hibernate.orm.sql.ast.create - Registration of TableGroup [org.hibernate.sql.ast.tree.from.LazyTableGroup@41a16eb3] with identifierForTableGroup [modelo.Estudiante.usuario] for NavigablePath [modelo.Estudiante.usuario] 
2026-02-02 21:20:28.650 [main] DEBUG org.hibernate.orm.sql.ast.create - Created new SQL alias : u1_0
2026-02-02 21:20:28.650 [main] DEBUG org.hibernate.orm.sql.ast.create - Registration of TableGroup [org.hibernate.sql.ast.tree.from.LazyTableGroup@677cb96e] with identifierForTableGroup [modelo.Estudiante.usuario.estudiante] for NavigablePath [modelo.Estudiante.usuario.estudiante] 
2026-02-02 21:20:28.650 [main] DEBUG org.hibernate.orm.sql.ast.create - Created new SQL alias : e2_0
2026-02-02 21:20:28.652 [main] DEBUG org.hibernate.orm.sql.ast.create - Registration of TableGroup [org.hibernate.sql.ast.tree.from.LazyTableGroup@652e345] with identifierForTableGroup [modelo.Estudiante.usuario.estudiante.usuario] for NavigablePath [modelo.Estudiante.usuario.estudiante.usuario] 
2026-02-02 21:20:28.653 [main] DEBUG org.hibernate.orm.results.graph.AST - DomainResult Graph:
 \-EntityResultImpl [modelo.Estudiante]
 |  +-DelayedCollectionFetch [modelo.Estudiante.logros]
 |  +-BasicFetch [modelo.Estudiante.nivelActual]
 |  +-BasicFetch [modelo.Estudiante.puntosXP]
 |  \-EntityFetchJoinedImpl [modelo.Estudiante.usuario]

2026-02-02 21:20:28.653 [main] DEBUG org.hibernate.orm.sql.ast.tree - SQL AST Tree:
    SelectStatement {
      FromClause {
        StandardTableGroup (e1 : modelo.Estudiante) {
          primaryTableReference : estudiante as e1_0
          TableGroupJoins {
            left  join LazyTableGroup (u1 : modelo.Estudiante.usuario) {
              primaryTableReference : usuario as u1_0
              TableGroupJoins {
                left  join LazyTableGroup (e2 : modelo.Estudiante.usuario.estudiante) {
                  primaryTableReference : estudiante as e2_0
                  TableGroupJoins {
                    left  join LazyTableGroup (u2 : modelo.Estudiante.usuario.estudiante.usuario) {
                    }
                  }
                }
              }
            }
          }
        }
      }
    }

2026-02-02 21:20:28.653 [main] DEBUG org.hibernate.persister.entity.AbstractEntityPersister - Static SQL for entity: modelo.Estudiante
2026-02-02 21:20:28.653 [main] DEBUG org.hibernate.persister.entity.AbstractEntityPersister -  Version select: select id_estudiante from estudiante where id_estudiante=?
2026-02-02 21:20:28.653 [main] DEBUG org.hibernate.persister.entity.AbstractEntityPersister -  Insert (0): insert into estudiante (nivelActual,puntosXP,id_usuario) values (?,?,?)
2026-02-02 21:20:28.653 [main] DEBUG org.hibernate.persister.entity.AbstractEntityPersister -  Update (0): update estudiante set nivelActual=?,puntosXP=?,id_usuario=? where id_estudiante=?
2026-02-02 21:20:28.653 [main] DEBUG org.hibernate.persister.entity.AbstractEntityPersister -  Delete (0): delete from estudiante where id_estudiante=?
2026-02-02 21:20:28.653 [main] DEBUG org.hibernate.orm.sql.ast.create - Created new SQL alias : l1_0
2026-02-02 21:20:28.653 [main] DEBUG org.hibernate.orm.sql.ast.create - Registration of TableGroup [StandardTableGroup(modelo.Lectura)] with identifierForTableGroup [modelo.Lectura] for NavigablePath [modelo.Lectura] 
2026-02-02 21:20:28.653 [main] DEBUG org.hibernate.orm.results.graph.AST - DomainResult Graph:
 \-EntityResultImpl [modelo.Lectura]
 |  +-DelayedCollectionFetch [modelo.Lectura.asignaciones]
 |  +-BasicFetch [modelo.Lectura.autor]
 |  +-BasicFetch [modelo.Lectura.genero]
 |  \-BasicFetch [modelo.Lectura.titulo]

2026-02-02 21:20:28.653 [main] DEBUG org.hibernate.orm.sql.ast.tree - SQL AST Tree:
    SelectStatement {
      FromClause {
        StandardTableGroup (l1 : modelo.Lectura) {
          primaryTableReference : lectura as l1_0
        }
      }
    }

2026-02-02 21:20:28.653 [main] DEBUG org.hibernate.persister.entity.AbstractEntityPersister - Static SQL for entity: modelo.Lectura
2026-02-02 21:20:28.653 [main] DEBUG org.hibernate.persister.entity.AbstractEntityPersister -  Version select: select id_lectura from lectura where id_lectura=?
2026-02-02 21:20:28.653 [main] DEBUG org.hibernate.persister.entity.AbstractEntityPersister -  Insert (0): insert into lectura (autor,genero,titulo) values (?,?,?)
2026-02-02 21:20:28.654 [main] DEBUG org.hibernate.persister.entity.AbstractEntityPersister -  Update (0): update lectura set autor=?,genero=?,titulo=? where id_lectura=?
2026-02-02 21:20:28.654 [main] DEBUG org.hibernate.persister.entity.AbstractEntityPersister -  Delete (0): delete from lectura where id_lectura=?
2026-02-02 21:20:28.654 [main] DEBUG org.hibernate.orm.sql.ast.create - Created new SQL alias : d1_0
2026-02-02 21:20:28.654 [main] DEBUG org.hibernate.orm.sql.ast.create - Registration of TableGroup [StandardTableGroup(modelo.Docente)] with identifierForTableGroup [modelo.Docente] for NavigablePath [modelo.Docente] 
2026-02-02 21:20:28.654 [main] DEBUG org.hibernate.orm.results.graph.AST - DomainResult Graph:
 \-EntityResultImpl [modelo.Docente]
 |  +-BasicFetch [modelo.Docente.edad]
 |  +-BasicFetch [modelo.Docente.especialidad]
 |  \-BasicFetch [modelo.Docente.nombre]

2026-02-02 21:20:28.654 [main] DEBUG org.hibernate.orm.sql.ast.tree - SQL AST Tree:
    SelectStatement {
      FromClause {
        StandardTableGroup (d1 : modelo.Docente) {
          primaryTableReference : docente as d1_0
        }
      }
    }

2026-02-02 21:20:28.654 [main] DEBUG org.hibernate.persister.entity.AbstractEntityPersister - Static SQL for entity: modelo.Docente
2026-02-02 21:20:28.654 [main] DEBUG org.hibernate.persister.entity.AbstractEntityPersister -  Version select: select id_docente from docente where id_docente=?
2026-02-02 21:20:28.654 [main] DEBUG org.hibernate.persister.entity.AbstractEntityPersister -  Insert (0): insert into docente (edad,especialidad,nombre) values (?,?,?)
2026-02-02 21:20:28.654 [main] DEBUG org.hibernate.persister.entity.AbstractEntityPersister -  Update (0): update docente set edad=?,especialidad=?,nombre=? where id_docente=?
2026-02-02 21:20:28.654 [main] DEBUG org.hibernate.persister.entity.AbstractEntityPersister -  Delete (0): delete from docente where id_docente=?
2026-02-02 21:20:28.654 [main] DEBUG org.hibernate.orm.sql.ast.create - Created new SQL alias : u1_0
2026-02-02 21:20:28.654 [main] DEBUG org.hibernate.orm.sql.ast.create - Registration of TableGroup [StandardTableGroup(modelo.Usuario)] with identifierForTableGroup [modelo.Usuario] for NavigablePath [modelo.Usuario] 
2026-02-02 21:20:28.654 [main] DEBUG org.hibernate.orm.sql.ast.create - Registration of TableGroup [org.hibernate.sql.ast.tree.from.LazyTableGroup@61911947] with identifierForTableGroup [modelo.Usuario.estudiante] for NavigablePath [modelo.Usuario.estudiante] 
2026-02-02 21:20:28.654 [main] DEBUG org.hibernate.orm.sql.ast.create - Created new SQL alias : e1_0
2026-02-02 21:20:28.654 [main] DEBUG org.hibernate.orm.sql.ast.create - Registration of TableGroup [org.hibernate.sql.ast.tree.from.LazyTableGroup@5c53c235] with identifierForTableGroup [modelo.Usuario.estudiante.usuario] for NavigablePath [modelo.Usuario.estudiante.usuario] 
2026-02-02 21:20:28.654 [main] DEBUG org.hibernate.orm.sql.ast.create - Created new SQL alias : u2_0
2026-02-02 21:20:28.654 [main] DEBUG org.hibernate.orm.sql.ast.create - Registration of TableGroup [org.hibernate.sql.ast.tree.from.LazyTableGroup@2dcd0e41] with identifierForTableGroup [modelo.Usuario.estudiante.usuario.estudiante] for NavigablePath [modelo.Usuario.estudiante.usuario.estudiante] 
2026-02-02 21:20:28.654 [main] DEBUG org.hibernate.orm.results.graph.AST - DomainResult Graph:
 \-EntityResultImpl [modelo.Usuario]
 |  +-BasicFetch [modelo.Usuario.edad]
 |  +-EntityFetchJoinedImpl [modelo.Usuario.estudiante]
 |  +-BasicFetch [modelo.Usuario.nombreCompleto]
 |  +-BasicFetch [modelo.Usuario.puntosPorLogro]
 |  +-BasicFetch [modelo.Usuario.rolPrincipal]
 |  \-BasicFetch [modelo.Usuario.tipoUsuario]

2026-02-02 21:20:28.654 [main] DEBUG org.hibernate.orm.sql.ast.tree - SQL AST Tree:
    SelectStatement {
      FromClause {
        StandardTableGroup (u1 : modelo.Usuario) {
          primaryTableReference : usuario as u1_0
          TableGroupJoins {
            left  join LazyTableGroup (e1 : modelo.Usuario.estudiante) {
              primaryTableReference : estudiante as e1_0
              TableGroupJoins {
                left  join LazyTableGroup (u2 : modelo.Usuario.estudiante.usuario) {
                  primaryTableReference : usuario as u2_0
                  TableGroupJoins {
                    left  join LazyTableGroup (e2 : modelo.Usuario.estudiante.usuario.estudiante) {
                    }
                  }
                }
              }
            }
          }
        }
      }
    }

2026-02-02 21:20:28.654 [main] DEBUG org.hibernate.persister.entity.AbstractEntityPersister - Static SQL for entity: modelo.Usuario
2026-02-02 21:20:28.654 [main] DEBUG org.hibernate.persister.entity.AbstractEntityPersister -  Version select: select id_usuario from usuario where id_usuario=?
2026-02-02 21:20:28.654 [main] DEBUG org.hibernate.persister.entity.AbstractEntityPersister -  Insert (0): insert into usuario (edad,estudiante_id_estudiante,nombreCompleto,puntosPorLogro,rolPrincipal,tipoUsuario) values (?,?,?,?,?,?)
2026-02-02 21:20:28.654 [main] DEBUG org.hibernate.persister.entity.AbstractEntityPersister -  Update (0): update usuario set edad=?,estudiante_id_estudiante=?,nombreCompleto=?,puntosPorLogro=?,rolPrincipal=?,tipoUsuario=? where id_usuario=?
2026-02-02 21:20:28.654 [main] DEBUG org.hibernate.persister.entity.AbstractEntityPersister -  Delete (0): delete from usuario where id_usuario=?
2026-02-02 21:20:28.656 [main] DEBUG org.hibernate.orm.sql.ast.create - Created new SQL alias : e1_0
2026-02-02 21:20:28.657 [main] DEBUG org.hibernate.orm.sql.ast.create - Registration of TableGroup [CollectionTableGroup(modelo.Logro.estudiantes)] with identifierForTableGroup [modelo.Logro.estudiantes] for NavigablePath [modelo.Logro.estudiantes] 
2026-02-02 21:20:28.657 [main] DEBUG org.hibernate.orm.sql.ast.create - Registration of TableGroup [org.hibernate.sql.ast.tree.from.LazyTableGroup@539316bb] with identifierForTableGroup [modelo.Logro.estudiantes.{element}] for NavigablePath [modelo.Logro.estudiantes.{element}] 
2026-02-02 21:20:28.659 [main] DEBUG org.hibernate.orm.sql.ast.create - Created new SQL alias : e1_1
2026-02-02 21:20:28.659 [main] DEBUG org.hibernate.orm.sql.ast.create - Registration of TableGroup [org.hibernate.sql.ast.tree.from.LazyTableGroup@314b7945] with identifierForTableGroup [modelo.Logro.estudiantes.{element}.usuario] for NavigablePath [modelo.Logro.estudiantes.{element}.usuario] 
2026-02-02 21:20:28.659 [main] DEBUG org.hibernate.orm.sql.ast.create - Created new SQL alias : u1_0
2026-02-02 21:20:28.659 [main] DEBUG org.hibernate.orm.sql.ast.create - Registration of TableGroup [org.hibernate.sql.ast.tree.from.LazyTableGroup@32da97fd] with identifierForTableGroup [modelo.Logro.estudiantes.{element}.usuario.estudiante] for NavigablePath [modelo.Logro.estudiantes.{element}.usuario.estudiante] 
2026-02-02 21:20:28.659 [main] DEBUG org.hibernate.orm.sql.ast.create - Created new SQL alias : e2_0
2026-02-02 21:20:28.659 [main] DEBUG org.hibernate.orm.sql.ast.create - Registration of TableGroup [org.hibernate.sql.ast.tree.from.LazyTableGroup@64440065] with identifierForTableGroup [modelo.Logro.estudiantes.{element}.usuario.estudiante.usuario] for NavigablePath [modelo.Logro.estudiantes.{element}.usuario.estudiante.usuario] 
2026-02-02 21:20:28.661 [main] DEBUG org.hibernate.orm.results.graph.AST - DomainResult Graph:
 \-CollectionDomainResult [modelo.Logro.estudiantes]

2026-02-02 21:20:28.661 [main] DEBUG org.hibernate.orm.sql.ast.tree - SQL AST Tree:
    SelectStatement {
      FromClause {
        CollectionTableGroup (e1 : modelo.Logro.estudiantes) {
          primaryTableReference : logro_estudiante as e1_0
          TableGroupJoins {
             join LazyTableGroup (e1 : modelo.Logro.estudiantes.{element}) {
              primaryTableReference : estudiante as e1_1
              TableGroupJoins {
                left  join LazyTableGroup (u1 : modelo.Logro.estudiantes.{element}.usuario) {
                  primaryTableReference : usuario as u1_0
                  TableGroupJoins {
                    left  join LazyTableGroup (e2 : modelo.Logro.estudiantes.{element}.usuario.estudiante) {
                      primaryTableReference : estudiante as e2_0
                      TableGroupJoins {
                        left  join LazyTableGroup (u2 : modelo.Logro.estudiantes.{element}.usuario.estudiante.usuario) {
                        }
                      }
                    }
                  }
                }
              }
            }
          }
        }
      }
    }

2026-02-02 21:20:28.661 [main] DEBUG org.hibernate.orm.jdbc.mutation - Static SQL for collection: modelo.Logro.estudiantes
2026-02-02 21:20:28.662 [main] DEBUG org.hibernate.orm.jdbc.mutation -  Row insert: insert into logro_estudiante (logros_id_logro,estudiantes_id_estudiante) values (?,?)
2026-02-02 21:20:28.662 [main] DEBUG org.hibernate.orm.jdbc.mutation -  Row delete: delete from logro_estudiante where logros_id_logro=? and estudiantes_id_estudiante=?
2026-02-02 21:20:28.663 [main] DEBUG org.hibernate.orm.jdbc.mutation -  One-shot delete: delete from logro_estudiante where logros_id_logro=?
2026-02-02 21:20:28.663 [main] DEBUG org.hibernate.orm.sql.ast.create - Created new SQL alias : a1_0
2026-02-02 21:20:28.663 [main] DEBUG org.hibernate.orm.sql.ast.create - Registration of TableGroup [org.hibernate.sql.ast.tree.from.OneToManyTableGroup@2d4fb0d8] with identifierForTableGroup [modelo.Lectura.asignaciones] for NavigablePath [modelo.Lectura.asignaciones] 
2026-02-02 21:20:28.663 [main] DEBUG org.hibernate.orm.sql.ast.create - Registration of TableGroup [StandardTableGroup(modelo.Lectura.asignaciones.{element})] with identifierForTableGroup [modelo.Lectura.asignaciones.{element}] for NavigablePath [modelo.Lectura.asignaciones.{element}] 
2026-02-02 21:20:28.663 [main] DEBUG org.hibernate.orm.sql.ast.create - Registration of TableGroup [org.hibernate.sql.ast.tree.from.LazyTableGroup@dc1fadd] with identifierForTableGroup [modelo.Lectura.asignaciones.{element}.docente] for NavigablePath [modelo.Lectura.asignaciones.{element}.docente] 
2026-02-02 21:20:28.663 [main] DEBUG org.hibernate.orm.sql.ast.create - Created new SQL alias : d1_0
2026-02-02 21:20:28.664 [main] DEBUG org.hibernate.orm.sql.ast.create - Registration of TableGroup [org.hibernate.sql.ast.tree.from.LazyTableGroup@5b332439] with identifierForTableGroup [modelo.Lectura.asignaciones.{element}.lectura] for NavigablePath [modelo.Lectura.asignaciones.{element}.lectura] 
2026-02-02 21:20:28.664 [main] DEBUG org.hibernate.orm.results.graph.AST - DomainResult Graph:
 \-CollectionDomainResult [modelo.Lectura.asignaciones]

2026-02-02 21:20:28.664 [main] DEBUG org.hibernate.orm.sql.ast.tree - SQL AST Tree:
    SelectStatement {
      FromClause {
        OneToManyTableGroup (a1 : modelo.Lectura.asignaciones) {
          primaryTableReference : asignacion as a1_0
          TableGroupJoins {
            left  join LazyTableGroup (d1 : modelo.Lectura.asignaciones.{element}.docente) {
              primaryTableReference : docente as d1_0
            }
            left  join LazyTableGroup (l1 : modelo.Lectura.asignaciones.{element}.lectura) {
            }
          }
        }
      }
    }

2026-02-02 21:20:28.664 [main] DEBUG org.hibernate.orm.jdbc.mutation - Static SQL for collection: modelo.Lectura.asignaciones
2026-02-02 21:20:28.665 [main] DEBUG org.hibernate.orm.sql.ast.create - Created new SQL alias : l1_0
2026-02-02 21:20:28.665 [main] DEBUG org.hibernate.orm.sql.ast.create - Registration of TableGroup [CollectionTableGroup(modelo.Estudiante.logros)] with identifierForTableGroup [modelo.Estudiante.logros] for NavigablePath [modelo.Estudiante.logros] 
2026-02-02 21:20:28.665 [main] DEBUG org.hibernate.orm.sql.ast.create - Registration of TableGroup [org.hibernate.sql.ast.tree.from.LazyTableGroup@d9f5fce] with identifierForTableGroup [modelo.Estudiante.logros.{element}] for NavigablePath [modelo.Estudiante.logros.{element}] 
2026-02-02 21:20:28.665 [main] DEBUG org.hibernate.orm.sql.ast.create - Created new SQL alias : l1_1
2026-02-02 21:20:28.665 [main] DEBUG org.hibernate.orm.results.graph.AST - DomainResult Graph:
 \-CollectionDomainResult [modelo.Estudiante.logros]

2026-02-02 21:20:28.665 [main] DEBUG org.hibernate.orm.sql.ast.tree - SQL AST Tree:
    SelectStatement {
      FromClause {
        CollectionTableGroup (l1 : modelo.Estudiante.logros) {
          primaryTableReference : logro_estudiante as l1_0
          TableGroupJoins {
             join LazyTableGroup (l1 : modelo.Estudiante.logros.{element}) {
              primaryTableReference : logro as l1_1
            }
          }
        }
      }
    }

2026-02-02 21:20:28.665 [main] DEBUG org.hibernate.orm.jdbc.mutation - Static SQL for collection: modelo.Estudiante.logros
2026-02-02 21:20:28.687 [main] DEBUG org.hibernate.engine.transaction.jta.platform.internal.JtaPlatformInitiator - No JtaPlatform was specified, checking resolver
2026-02-02 21:20:28.687 [main] DEBUG org.hibernate.engine.transaction.jta.platform.internal.JtaPlatformResolverInitiator - No JtaPlatformResolver was specified, using default [org.hibernate.engine.transaction.jta.platform.internal.StandardJtaPlatformResolver]
2026-02-02 21:20:28.691 [main] DEBUG org.hibernate.engine.transaction.jta.platform.internal.StandardJtaPlatformResolver - Could not resolve JtaPlatform, using default [org.hibernate.engine.transaction.jta.platform.internal.NoJtaPlatform]
2026-02-02 21:20:28.691 [main] INFO  org.hibernate.engine.transaction.jta.platform.internal.JtaPlatformInitiator - HHH000489: No JTA platform available (set 'hibernate.transaction.jta.platform' to enable JTA platform integration)
2026-02-02 21:20:28.691 [main] DEBUG org.hibernate.type.spi.TypeConfiguration$Scope - Scoping TypeConfiguration [org.hibernate.type.spi.TypeConfiguration@453d496b] to SessionFactoryImplementor [org.hibernate.internal.SessionFactoryImpl@52d96367]
2026-02-02 21:20:28.692 [main] DEBUG org.hibernate.query.named.NamedObjectRepository - Checking 0 named HQL queries
2026-02-02 21:20:28.692 [main] DEBUG org.hibernate.query.named.NamedObjectRepository - Checking 0 named SQL queries
2026-02-02 21:20:28.711 [main] INFO  org.hibernate.orm.connections.access - HHH10001501: Connection obtained from JdbcConnectionAccess [org.hibernate.engine.jdbc.env.internal.JdbcEnvironmentInitiator$ConnectionProviderJdbcConnectionAccess@507049f2] for (non-JTA) DDL execution was not in auto-commit mode; the Connection 'local transaction' will be committed and the Connection will be set into auto-commit mode.
2026-02-02 21:20:28.730 [main] DEBUG org.hibernate.SQL - 
    create table asignacion (
        id_asignacion integer not null auto_increment,
        codigoClase varchar(255),
        esObligatoria bit not null,
        tituloAsignacion varchar(255),
        totalAlumnos integer not null,
        id_docente integer,
        id_lectura integer,
        primary key (id_asignacion)
    ) engine=InnoDB
2026-02-02 21:20:28.839 [main] DEBUG org.hibernate.SQL - 
    create table docente (
        id_docente integer not null auto_increment,
        edad varchar(255),
        especialidad varchar(255),
        nombre varchar(255),
        primary key (id_docente)
    ) engine=InnoDB
2026-02-02 21:20:28.915 [main] DEBUG org.hibernate.SQL - 
    create table estudiante (
        id_estudiante integer not null auto_increment,
        nivelActual integer not null,
        puntosXP integer not null,
        id_usuario integer,
        primary key (id_estudiante)
    ) engine=InnoDB
2026-02-02 21:20:28.997 [main] DEBUG org.hibernate.SQL - 
    create table lectura (
        id_lectura integer not null auto_increment,
        autor varchar(255),
        genero tinyint check (genero between 0 and 10),
        titulo varchar(255),
        primary key (id_lectura)
    ) engine=InnoDB
2026-02-02 21:20:29.086 [main] DEBUG org.hibernate.SQL - 
    create table logro (
        id_logro integer not null auto_increment,
        descripcion varchar(255),
        nombreLogro varchar(255),
        primary key (id_logro)
    ) engine=InnoDB
2026-02-02 21:20:29.164 [main] DEBUG org.hibernate.SQL - 
    create table logro_estudiante (
        logros_id_logro integer not null,
        estudiantes_id_estudiante integer not null,
        primary key (logros_id_logro, estudiantes_id_estudiante)
    ) engine=InnoDB
2026-02-02 21:20:29.244 [main] DEBUG org.hibernate.SQL - 
    create table usuario (
        id_usuario integer not null auto_increment,
        edad integer not null,
        nombreCompleto varchar(255),
        puntosPorLogro integer not null,
        rolPrincipal enum ('PADRES','PROFESOR','TUTORLEGAL','ESTUDIANTE'),
        tipoUsuario enum ('PRINCIPIANTE','BASICO','INTERMEDIO','AVANZADO'),
        estudiante_id_estudiante integer,
        primary key (id_usuario)
    ) engine=InnoDB
2026-02-02 21:20:29.341 [main] DEBUG org.hibernate.SQL - 
    alter table estudiante 
       drop index UK_r3enlfo0jgcja2ctu1pgnjtgg
2026-02-02 21:20:29.376 [main] DEBUG org.hibernate.SQL - 
    alter table estudiante 
       add constraint UK_r3enlfo0jgcja2ctu1pgnjtgg unique (id_usuario)
2026-02-02 21:20:29.485 [main] DEBUG org.hibernate.SQL - 
    alter table usuario 
       drop index UK_sce1w9rc494545uqe2yfw0nf5
2026-02-02 21:20:29.488 [main] DEBUG org.hibernate.SQL - 
    alter table usuario 
       add constraint UK_sce1w9rc494545uqe2yfw0nf5 unique (estudiante_id_estudiante)
2026-02-02 21:20:29.545 [main] DEBUG org.hibernate.SQL - 
    alter table asignacion 
       add constraint FKovu95a00puuf9x61ve5frg9lr 
       foreign key (id_docente) 
       references docente (id_docente)
2026-02-02 21:20:29.777 [main] DEBUG org.hibernate.SQL - 
    alter table asignacion 
       add constraint FKjgqxbxgacasc7rw6ft78k5wxe 
       foreign key (id_lectura) 
       references lectura (id_lectura)
2026-02-02 21:20:30.039 [main] DEBUG org.hibernate.SQL - 
    alter table estudiante 
       add constraint FK5a2y49gqj50k58rcckgh5cdue 
       foreign key (id_usuario) 
       references usuario (id_usuario)
2026-02-02 21:20:30.259 [main] DEBUG org.hibernate.SQL - 
    alter table logro_estudiante 
       add constraint FK4cxmv62j6nj1yqc6c0dpx67mk 
       foreign key (estudiantes_id_estudiante) 
       references estudiante (id_estudiante)
2026-02-02 21:20:30.476 [main] DEBUG org.hibernate.SQL - 
    alter table logro_estudiante 
       add constraint FKbi1xfyefu6l3t4586nbr5vtpy 
       foreign key (logros_id_logro) 
       references logro (id_logro)
2026-02-02 21:20:30.712 [main] DEBUG org.hibernate.SQL - 
    alter table usuario 
       add constraint FKdw89kie2kf1uequ0rwgjn8dk7 
       foreign key (estudiante_id_estudiante) 
       references estudiante (id_estudiante)
2026-02-02 21:20:30.955 [main] DEBUG org.hibernate.internal.SessionFactoryRegistry - Initializing SessionFactoryRegistry : org.hibernate.internal.SessionFactoryRegistry@376b5cb2
2026-02-02 21:20:30.955 [main] DEBUG org.hibernate.internal.SessionFactoryRegistry - Registering SessionFactory: b1aba106-45d9-4258-af39-fc95a536ce82 (<unnamed>)
2026-02-02 21:20:30.955 [main] DEBUG org.hibernate.internal.SessionFactoryRegistry - Not binding SessionFactory to JNDI, no JNDI name configured
2026-02-02 21:20:30.955 [main] DEBUG org.hibernate.internal.SessionFactoryImpl - Instantiated SessionFactory
2026-02-02 21:20:30.980 [main] DEBUG org.hibernate.stat.internal.StatisticsInitiator - Statistics initialized [enabled=false]
2026-02-02 21:20:30.982 [main] DEBUG org.hibernate.engine.transaction.internal.TransactionImpl - On TransactionImpl creation, JpaCompliance#isJpaTransactionComplianceEnabled == false
2026-02-02 21:20:30.982 [main] DEBUG org.hibernate.engine.transaction.internal.TransactionImpl - begin
2026-02-02 21:20:30.991 [main] DEBUG org.hibernate.engine.spi.ActionQueue - Executing identity-insert immediately
2026-02-02 21:20:30.996 [main] DEBUG org.hibernate.SQL - 
    insert 
    into
        usuario
        (edad, estudiante_id_estudiante, nombreCompleto, puntosPorLogro, rolPrincipal, tipoUsuario) 
    values
        (?, ?, ?, ?, ?, ?)
2026-02-02 21:20:31.003 [main] DEBUG org.hibernate.id.IdentifierGeneratorHelper - Natively generated identity (modelo.Usuario) : 1
2026-02-02 21:20:31.005 [main] DEBUG org.hibernate.engine.transaction.internal.TransactionImpl - committing
2026-02-02 21:20:31.006 [main] DEBUG org.hibernate.event.internal.AbstractFlushingEventListener - Processing flush-time cascades
2026-02-02 21:20:31.006 [main] DEBUG org.hibernate.event.internal.AbstractFlushingEventListener - Dirty checking collections
2026-02-02 21:20:31.010 [main] DEBUG org.hibernate.event.internal.AbstractFlushingEventListener - Flushed: 0 insertions, 0 updates, 0 deletions to 1 objects
2026-02-02 21:20:31.010 [main] DEBUG org.hibernate.event.internal.AbstractFlushingEventListener - Flushed: 0 (re)creations, 0 updates, 0 removals to 0 collections
2026-02-02 21:20:31.010 [main] DEBUG org.hibernate.internal.util.EntityPrinter - Listing entities:
2026-02-02 21:20:31.011 [main] DEBUG org.hibernate.internal.util.EntityPrinter - modelo.Usuario{estudiante=null, id_usuario=1, tipoUsuario=BASICO, nombreCompleto=U001, edad=20, puntosPorLogro=0, rolPrincipal=ESTUDIANTE}
2026-02-02 21:20:31.024 [main] DEBUG org.hibernate.resource.jdbc.internal.LogicalConnectionManagedImpl - Initiating JDBC connection release from afterTransaction
2026-02-02 21:20:31.025 [main] DEBUG org.hibernate.resource.jdbc.internal.LogicalConnectionManagedImpl - Initiating JDBC connection release from afterTransaction
2026-02-02 21:20:31.026 [main] DEBUG org.hibernate.engine.transaction.internal.TransactionImpl - On TransactionImpl creation, JpaCompliance#isJpaTransactionComplianceEnabled == false
2026-02-02 21:20:31.026 [main] DEBUG org.hibernate.engine.transaction.internal.TransactionImpl - begin
2026-02-02 21:20:31.027 [main] DEBUG org.hibernate.engine.spi.ActionQueue - Executing identity-insert immediately
2026-02-02 21:20:31.027 [main] DEBUG org.hibernate.SQL - 
    insert 
    into
        docente
        (edad, especialidad, nombre) 
    values
        (?, ?, ?)
2026-02-02 21:20:31.029 [main] DEBUG org.hibernate.id.IdentifierGeneratorHelper - Natively generated identity (modelo.Docente) : 1
2026-02-02 21:20:31.029 [main] DEBUG org.hibernate.engine.transaction.internal.TransactionImpl - committing
2026-02-02 21:20:31.029 [main] DEBUG org.hibernate.event.internal.AbstractFlushingEventListener - Processing flush-time cascades
2026-02-02 21:20:31.029 [main] DEBUG org.hibernate.event.internal.AbstractFlushingEventListener - Dirty checking collections
2026-02-02 21:20:31.029 [main] DEBUG org.hibernate.event.internal.AbstractFlushingEventListener - Flushed: 0 insertions, 0 updates, 0 deletions to 1 objects
2026-02-02 21:20:31.029 [main] DEBUG org.hibernate.event.internal.AbstractFlushingEventListener - Flushed: 0 (re)creations, 0 updates, 0 removals to 0 collections
2026-02-02 21:20:31.029 [main] DEBUG org.hibernate.internal.util.EntityPrinter - Listing entities:
2026-02-02 21:20:31.030 [main] DEBUG org.hibernate.internal.util.EntityPrinter - modelo.Docente{id_docente=1, edad=profesor@cole.com, especialidad=Juan Perez, nombre=Matemáticas}
2026-02-02 21:20:31.045 [main] DEBUG org.hibernate.resource.jdbc.internal.LogicalConnectionManagedImpl - Initiating JDBC connection release from afterTransaction
2026-02-02 21:20:31.046 [main] DEBUG org.hibernate.resource.jdbc.internal.LogicalConnectionManagedImpl - Initiating JDBC connection release from afterTransaction
2026-02-02 21:20:31.046 [main] DEBUG org.hibernate.engine.transaction.internal.TransactionImpl - On TransactionImpl creation, JpaCompliance#isJpaTransactionComplianceEnabled == false
2026-02-02 21:20:31.046 [main] DEBUG org.hibernate.engine.transaction.internal.TransactionImpl - begin
2026-02-02 21:20:31.049 [main] DEBUG org.hibernate.engine.spi.ActionQueue - Executing identity-insert immediately
2026-02-02 21:20:31.049 [main] DEBUG org.hibernate.SQL - 
    insert 
    into
        lectura
        (autor, genero, titulo) 
    values
        (?, ?, ?)
2026-02-02 21:20:31.051 [main] DEBUG org.hibernate.id.IdentifierGeneratorHelper - Natively generated identity (modelo.Lectura) : 1
2026-02-02 21:20:31.051 [main] DEBUG org.hibernate.engine.transaction.internal.TransactionImpl - committing
2026-02-02 21:20:31.051 [main] DEBUG org.hibernate.event.internal.AbstractFlushingEventListener - Processing flush-time cascades
2026-02-02 21:20:31.051 [main] DEBUG org.hibernate.event.internal.AbstractFlushingEventListener - Dirty checking collections
2026-02-02 21:20:31.052 [main] DEBUG org.hibernate.event.internal.AbstractFlushingEventListener - Flushed: 0 insertions, 0 updates, 0 deletions to 1 objects
2026-02-02 21:20:31.052 [main] DEBUG org.hibernate.event.internal.AbstractFlushingEventListener - Flushed: 0 (re)creations, 0 updates, 0 removals to 0 collections
2026-02-02 21:20:31.052 [main] DEBUG org.hibernate.internal.util.EntityPrinter - Listing entities:
2026-02-02 21:20:31.052 [main] DEBUG org.hibernate.internal.util.EntityPrinter - modelo.Lectura{genero=AVENTURA, id_lectura=1, titulo=L001, asignaciones=null, autor=El Quijote}
2026-02-02 21:20:31.068 [main] DEBUG org.hibernate.resource.jdbc.internal.LogicalConnectionManagedImpl - Initiating JDBC connection release from afterTransaction
2026-02-02 21:20:31.068 [main] DEBUG org.hibernate.resource.jdbc.internal.LogicalConnectionManagedImpl - Initiating JDBC connection release from afterTransaction
2026-02-02 21:20:31.069 [main] DEBUG org.hibernate.engine.transaction.internal.TransactionImpl - On TransactionImpl creation, JpaCompliance#isJpaTransactionComplianceEnabled == false
2026-02-02 21:20:31.069 [main] DEBUG org.hibernate.engine.transaction.internal.TransactionImpl - begin
2026-02-02 21:20:31.073 [main] DEBUG org.hibernate.engine.spi.ActionQueue - Executing identity-insert immediately
2026-02-02 21:20:31.074 [main] DEBUG org.hibernate.SQL - 
    insert 
    into
        logro
        (descripcion, nombreLogro) 
    values
        (?, ?)
2026-02-02 21:20:31.076 [main] DEBUG org.hibernate.id.IdentifierGeneratorHelper - Natively generated identity (modelo.Logro) : 1
2026-02-02 21:20:31.076 [main] DEBUG org.hibernate.engine.transaction.internal.TransactionImpl - committing
2026-02-02 21:20:31.076 [main] DEBUG org.hibernate.event.internal.AbstractFlushingEventListener - Processing flush-time cascades
2026-02-02 21:20:31.076 [main] DEBUG org.hibernate.event.internal.AbstractFlushingEventListener - Dirty checking collections
2026-02-02 21:20:31.077 [main] DEBUG org.hibernate.engine.internal.Collections - Collection found: [modelo.Logro.estudiantes#1], was: [<unreferenced>] (initialized)
2026-02-02 21:20:31.079 [main] DEBUG org.hibernate.event.internal.AbstractFlushingEventListener - Flushed: 0 insertions, 0 updates, 0 deletions to 1 objects
2026-02-02 21:20:31.079 [main] DEBUG org.hibernate.event.internal.AbstractFlushingEventListener - Flushed: 1 (re)creations, 0 updates, 0 removals to 1 collections
2026-02-02 21:20:31.079 [main] DEBUG org.hibernate.internal.util.EntityPrinter - Listing entities:
2026-02-02 21:20:31.079 [main] DEBUG org.hibernate.internal.util.EntityPrinter - modelo.Logro{descripcion=Leídas 5 lecturas, id_logro=1, estudiantes=[], nombreLogro=Gran Lector}
2026-02-02 21:20:31.081 [main] DEBUG org.hibernate.orm.jdbc.mutation - Inserting collection rows - modelo.Logro.estudiantes : 1
2026-02-02 21:20:31.082 [main] DEBUG org.hibernate.orm.jdbc.mutation - No collection rows to insert - modelo.Logro.estudiantes : 1
2026-02-02 21:20:31.095 [main] DEBUG org.hibernate.resource.jdbc.internal.LogicalConnectionManagedImpl - Initiating JDBC connection release from afterTransaction
2026-02-02 21:20:31.096 [main] DEBUG org.hibernate.resource.jdbc.internal.LogicalConnectionManagedImpl - Initiating JDBC connection release from afterTransaction
2026-02-02 21:20:31.096 [main] DEBUG org.hibernate.engine.transaction.internal.TransactionImpl - On TransactionImpl creation, JpaCompliance#isJpaTransactionComplianceEnabled == false
2026-02-02 21:20:31.096 [main] DEBUG org.hibernate.engine.transaction.internal.TransactionImpl - begin
2026-02-02 21:20:31.098 [main] DEBUG org.hibernate.engine.spi.ActionQueue - Executing identity-insert immediately
2026-02-02 21:20:31.099 [main] DEBUG org.hibernate.SQL - 
    insert 
    into
        estudiante
        (nivelActual, puntosXP, id_usuario) 
    values
        (?, ?, ?)
2026-02-02 21:20:31.100 [main] DEBUG org.hibernate.id.IdentifierGeneratorHelper - Natively generated identity (modelo.Estudiante) : 1
2026-02-02 21:20:31.101 [main] DEBUG org.hibernate.engine.transaction.internal.TransactionImpl - committing
2026-02-02 21:20:31.101 [main] DEBUG org.hibernate.event.internal.AbstractFlushingEventListener - Processing flush-time cascades
2026-02-02 21:20:31.101 [main] DEBUG org.hibernate.event.internal.AbstractFlushingEventListener - Dirty checking collections
2026-02-02 21:20:31.101 [main] DEBUG org.hibernate.engine.internal.Collections - Collection found: [modelo.Estudiante.logros#1], was: [<unreferenced>] (initialized)
2026-02-02 21:20:31.101 [main] DEBUG org.hibernate.event.internal.AbstractFlushingEventListener - Flushed: 0 insertions, 0 updates, 0 deletions to 1 objects
2026-02-02 21:20:31.101 [main] DEBUG org.hibernate.event.internal.AbstractFlushingEventListener - Flushed: 1 (re)creations, 0 updates, 0 removals to 1 collections
2026-02-02 21:20:31.101 [main] DEBUG org.hibernate.internal.util.EntityPrinter - Listing entities:
2026-02-02 21:20:31.101 [main] DEBUG org.hibernate.internal.util.EntityPrinter - modelo.Estudiante{id_estudiante=1, logros=[], usuario=modelo.Usuario#1, nivelActual=500, puntosXP=1}
2026-02-02 21:20:31.115 [main] DEBUG org.hibernate.resource.jdbc.internal.LogicalConnectionManagedImpl - Initiating JDBC connection release from afterTransaction
2026-02-02 21:20:31.116 [main] DEBUG org.hibernate.resource.jdbc.internal.LogicalConnectionManagedImpl - Initiating JDBC connection release from afterTransaction
2026-02-02 21:20:31.116 [main] DEBUG org.hibernate.engine.transaction.internal.TransactionImpl - On TransactionImpl creation, JpaCompliance#isJpaTransactionComplianceEnabled == false
2026-02-02 21:20:31.116 [main] DEBUG org.hibernate.engine.transaction.internal.TransactionImpl - begin
2026-02-02 21:20:31.120 [main] DEBUG org.hibernate.resource.transaction.backend.jdbc.internal.JdbcResourceLocalTransactionCoordinatorImpl - JDBC transaction marked for rollback-only (exception provided for stack trace)
java.lang.Exception: exception just for purpose of providing stack trace
	at org.hibernate.resource.transaction.backend.jdbc.internal.JdbcResourceLocalTransactionCoordinatorImpl$TransactionDriverControlImpl.markRollbackOnly(JdbcResourceLocalTransactionCoordinatorImpl.java:310) ~[hibernate-core-6.4.4.Final.jar:6.4.4.Final]
	at org.hibernate.engine.transaction.internal.TransactionImpl.markRollbackOnly(TransactionImpl.java:203) ~[hibernate-core-6.4.4.Final.jar:6.4.4.Final]
	at org.hibernate.internal.AbstractSharedSessionContract.markForRollbackOnly(AbstractSharedSessionContract.java:500) ~[hibernate-core-6.4.4.Final.jar:6.4.4.Final]
	at org.hibernate.internal.ExceptionConverterImpl.rollbackIfNecessary(ExceptionConverterImpl.java:264) ~[hibernate-core-6.4.4.Final.jar:6.4.4.Final]
	at org.hibernate.internal.ExceptionConverterImpl.convert(ExceptionConverterImpl.java:127) ~[hibernate-core-6.4.4.Final.jar:6.4.4.Final]
	at org.hibernate.internal.ExceptionConverterImpl.convert(ExceptionConverterImpl.java:167) ~[hibernate-core-6.4.4.Final.jar:6.4.4.Final]
	at org.hibernate.internal.ExceptionConverterImpl.convert(ExceptionConverterImpl.java:173) ~[hibernate-core-6.4.4.Final.jar:6.4.4.Final]
	at org.hibernate.internal.SessionImpl.firePersist(SessionImpl.java:802) ~[hibernate-core-6.4.4.Final.jar:6.4.4.Final]
	at org.hibernate.internal.SessionImpl.persist(SessionImpl.java:744) ~[hibernate-core-6.4.4.Final.jar:6.4.4.Final]
	at org.hibernate.engine.spi.CascadingActions$7.cascade(CascadingActions.java:290) ~[hibernate-core-6.4.4.Final.jar:6.4.4.Final]
	at org.hibernate.engine.spi.CascadingActions$7.cascade(CascadingActions.java:280) ~[hibernate-core-6.4.4.Final.jar:6.4.4.Final]
	at org.hibernate.engine.internal.Cascade.cascadeToOne(Cascade.java:517) ~[hibernate-core-6.4.4.Final.jar:6.4.4.Final]
	at org.hibernate.engine.internal.Cascade.cascadeAssociation(Cascade.java:439) ~[hibernate-core-6.4.4.Final.jar:6.4.4.Final]
	at org.hibernate.engine.internal.Cascade.cascadeProperty(Cascade.java:224) ~[hibernate-core-6.4.4.Final.jar:6.4.4.Final]
	at org.hibernate.engine.internal.Cascade.cascade(Cascade.java:157) ~[hibernate-core-6.4.4.Final.jar:6.4.4.Final]
	at org.hibernate.event.internal.AbstractSaveEventListener.cascadeBeforeSave(AbstractSaveEventListener.java:482) ~[hibernate-core-6.4.4.Final.jar:6.4.4.Final]
	at org.hibernate.event.internal.AbstractSaveEventListener.performSaveOrReplicate(AbstractSaveEventListener.java:298) ~[hibernate-core-6.4.4.Final.jar:6.4.4.Final]
	at org.hibernate.event.internal.AbstractSaveEventListener.performSave(AbstractSaveEventListener.java:219) ~[hibernate-core-6.4.4.Final.jar:6.4.4.Final]
	at org.hibernate.event.internal.AbstractSaveEventListener.saveWithGeneratedId(AbstractSaveEventListener.java:134) ~[hibernate-core-6.4.4.Final.jar:6.4.4.Final]
	at org.hibernate.event.internal.DefaultPersistEventListener.entityIsTransient(DefaultPersistEventListener.java:175) ~[hibernate-core-6.4.4.Final.jar:6.4.4.Final]
	at org.hibernate.event.internal.DefaultPersistEventListener.persist(DefaultPersistEventListener.java:93) ~[hibernate-core-6.4.4.Final.jar:6.4.4.Final]
	at org.hibernate.event.internal.DefaultPersistEventListener.onPersist(DefaultPersistEventListener.java:77) ~[hibernate-core-6.4.4.Final.jar:6.4.4.Final]
	at org.hibernate.event.internal.DefaultPersistEventListener.onPersist(DefaultPersistEventListener.java:54) ~[hibernate-core-6.4.4.Final.jar:6.4.4.Final]
	at org.hibernate.event.service.internal.EventListenerGroupImpl.fireEventOnEachListener(EventListenerGroupImpl.java:127) [hibernate-core-6.4.4.Final.jar:6.4.4.Final]
	at org.hibernate.internal.SessionImpl.firePersist(SessionImpl.java:754) [hibernate-core-6.4.4.Final.jar:6.4.4.Final]
	at org.hibernate.internal.SessionImpl.persist(SessionImpl.java:738) [hibernate-core-6.4.4.Final.jar:6.4.4.Final]
	at utils.AbstractDao.executeInsideTransaction(AbstractDao.java:88) [classes/:?]
	at utils.AbstractDao.executeInsideTransaction(AbstractDao.java:102) [classes/:?]
	at utils.AbstractDao.create(AbstractDao.java:14) [classes/:?]
	at controlador.GestionaUsuarios.main(GestionaUsuarios.java:57) [classes/:?]
2026-02-02 21:20:31.126 [main] DEBUG org.hibernate.resource.transaction.backend.jdbc.internal.JdbcResourceLocalTransactionCoordinatorImpl - JDBC transaction marked for rollback-only (exception provided for stack trace)
java.lang.Exception: exception just for purpose of providing stack trace
	at org.hibernate.resource.transaction.backend.jdbc.internal.JdbcResourceLocalTransactionCoordinatorImpl$TransactionDriverControlImpl.markRollbackOnly(JdbcResourceLocalTransactionCoordinatorImpl.java:310) [hibernate-core-6.4.4.Final.jar:6.4.4.Final]
	at org.hibernate.engine.transaction.internal.TransactionImpl.markRollbackOnly(TransactionImpl.java:203) [hibernate-core-6.4.4.Final.jar:6.4.4.Final]
	at org.hibernate.internal.AbstractSharedSessionContract.markForRollbackOnly(AbstractSharedSessionContract.java:500) [hibernate-core-6.4.4.Final.jar:6.4.4.Final]
	at org.hibernate.internal.ExceptionConverterImpl.convert(ExceptionConverterImpl.java:176) [hibernate-core-6.4.4.Final.jar:6.4.4.Final]
	at org.hibernate.internal.SessionImpl.firePersist(SessionImpl.java:760) [hibernate-core-6.4.4.Final.jar:6.4.4.Final]
	at org.hibernate.internal.SessionImpl.persist(SessionImpl.java:738) [hibernate-core-6.4.4.Final.jar:6.4.4.Final]
	at utils.AbstractDao.executeInsideTransaction(AbstractDao.java:88) [classes/:?]
	at utils.AbstractDao.executeInsideTransaction(AbstractDao.java:102) [classes/:?]
	at utils.AbstractDao.create(AbstractDao.java:14) [classes/:?]
	at controlador.GestionaUsuarios.main(GestionaUsuarios.java:57) [classes/:?]
2026-02-02 21:20:31.126 [main] DEBUG org.hibernate.engine.transaction.internal.TransactionImpl - rolling back
2026-02-02 21:20:31.127 [main] DEBUG org.hibernate.resource.jdbc.internal.LogicalConnectionManagedImpl - Initiating JDBC connection release from afterTransaction
2026-02-02 21:20:31.127 [main] DEBUG org.hibernate.resource.jdbc.internal.LogicalConnectionManagedImpl - Initiating JDBC connection release from afterTransaction
2026-02-02 21:23:18.115 [main] DEBUG org.jboss.logging - Logging Provider: org.jboss.logging.Log4j2LoggerProvider
2026-02-02 21:23:18.126 [main] DEBUG org.hibernate.integrator.internal.IntegratorServiceImpl - Adding Integrator [org.hibernate.boot.beanvalidation.BeanValidationIntegrator].
2026-02-02 21:23:18.130 [main] DEBUG org.hibernate.integrator.internal.IntegratorServiceImpl - Adding Integrator [org.hibernate.cache.internal.CollectionCacheInvalidator].
2026-02-02 21:23:18.148 [main] INFO  org.hibernate.Version - HHH000412: Hibernate ORM core version 6.4.4.Final
2026-02-02 21:23:18.149 [main] DEBUG org.hibernate.cfg.Environment - HHH000206: 'hibernate.properties' not found
2026-02-02 21:23:18.173 [main] DEBUG org.hibernate.boot.jaxb.internal.stax.LocalXmlResourceResolver - Checking public/system identifiers `-//Hibernate/Hibernate Configuration DTD 3.0//EN`/`https://hibernate.org/dtd/hibernate-configuration-3.0.dtd` as DTD references
2026-02-02 21:23:18.178 [main] DEBUG org.hibernate.boot.cfgxml.internal.JaxbCfgProcessor - cfg.xml document did not define namespaces; wrapping in custom event reader to introduce namespace information
2026-02-02 21:23:18.323 [main] DEBUG org.hibernate.orm.idgen.factory - Ignoring CDI for resolving IdentifierGenerator instances as extended or delayed CDI support was enabled
2026-02-02 21:23:18.327 [main] DEBUG org.hibernate.orm.idgen.factory - Registering IdentifierGenerator strategy [uuid2] -> [org.hibernate.id.UUIDGenerator]
2026-02-02 21:23:18.327 [main] DEBUG org.hibernate.orm.idgen.factory - Registering IdentifierGenerator strategy [guid] -> [org.hibernate.id.GUIDGenerator]
2026-02-02 21:23:18.328 [main] DEBUG org.hibernate.orm.idgen.factory - Registering IdentifierGenerator strategy [uuid] -> [org.hibernate.id.UUIDHexGenerator]
2026-02-02 21:23:18.328 [main] DEBUG org.hibernate.orm.idgen.factory - Registering IdentifierGenerator strategy [uuid.hex] -> [org.hibernate.id.UUIDHexGenerator]
2026-02-02 21:23:18.328 [main] DEBUG org.hibernate.orm.idgen.factory - Registering IdentifierGenerator strategy [assigned] -> [org.hibernate.id.Assigned]
2026-02-02 21:23:18.329 [main] DEBUG org.hibernate.orm.idgen.factory - Registering IdentifierGenerator strategy [identity] -> [org.hibernate.id.IdentityGenerator]
2026-02-02 21:23:18.329 [main] DEBUG org.hibernate.orm.idgen.factory - Registering IdentifierGenerator strategy [select] -> [org.hibernate.id.SelectGenerator]
2026-02-02 21:23:18.330 [main] DEBUG org.hibernate.orm.idgen.factory - Registering IdentifierGenerator strategy [sequence] -> [org.hibernate.id.enhanced.SequenceStyleGenerator]
2026-02-02 21:23:18.330 [main] DEBUG org.hibernate.orm.idgen.factory - Registering IdentifierGenerator strategy [increment] -> [org.hibernate.id.IncrementGenerator]
2026-02-02 21:23:18.330 [main] DEBUG org.hibernate.orm.idgen.factory - Registering IdentifierGenerator strategy [foreign] -> [org.hibernate.id.ForeignGenerator]
2026-02-02 21:23:18.330 [main] DEBUG org.hibernate.orm.idgen.factory - Registering IdentifierGenerator strategy [enhanced-sequence] -> [org.hibernate.id.enhanced.SequenceStyleGenerator]
2026-02-02 21:23:18.331 [main] DEBUG org.hibernate.orm.idgen.factory - Registering IdentifierGenerator strategy [enhanced-table] -> [org.hibernate.id.enhanced.TableGenerator]
2026-02-02 21:23:18.337 [main] DEBUG org.hibernate.cache.internal.RegionFactoryInitiator - Cannot default RegionFactory based on registered strategies as `[]` RegionFactory strategies were registered
2026-02-02 21:23:18.338 [main] INFO  org.hibernate.cache.internal.RegionFactoryInitiator - HHH000026: Second-level cache disabled
2026-02-02 21:23:18.398 [main] DEBUG org.hibernate.type.BasicTypeRegistry - Adding type registration boolean -> org.hibernate.type.BasicTypeReference@2ca47471
2026-02-02 21:23:18.399 [main] DEBUG org.hibernate.type.BasicTypeRegistry - Adding type registration boolean -> org.hibernate.type.BasicTypeReference@2ca47471
2026-02-02 21:23:18.399 [main] DEBUG org.hibernate.type.BasicTypeRegistry - Adding type registration java.lang.Boolean -> org.hibernate.type.BasicTypeReference@2ca47471
2026-02-02 21:23:18.399 [main] DEBUG org.hibernate.type.BasicTypeRegistry - Adding type registration numeric_boolean -> org.hibernate.type.BasicTypeReference@5a021cb9
2026-02-02 21:23:18.399 [main] DEBUG org.hibernate.type.BasicTypeRegistry - Adding type registration org.hibernate.type.NumericBooleanConverter -> org.hibernate.type.BasicTypeReference@5a021cb9
2026-02-02 21:23:18.399 [main] DEBUG org.hibernate.type.BasicTypeRegistry - Adding type registration true_false -> org.hibernate.type.BasicTypeReference@51768776
2026-02-02 21:23:18.399 [main] DEBUG org.hibernate.type.BasicTypeRegistry - Adding type registration org.hibernate.type.TrueFalseConverter -> org.hibernate.type.BasicTypeReference@51768776
2026-02-02 21:23:18.399 [main] DEBUG org.hibernate.type.BasicTypeRegistry - Adding type registration yes_no -> org.hibernate.type.BasicTypeReference@f31c0c6
2026-02-02 21:23:18.399 [main] DEBUG org.hibernate.type.BasicTypeRegistry - Adding type registration org.hibernate.type.YesNoConverter -> org.hibernate.type.BasicTypeReference@f31c0c6
2026-02-02 21:23:18.399 [main] DEBUG org.hibernate.type.BasicTypeRegistry - Adding type registration byte -> org.hibernate.type.BasicTypeReference@b93aad
2026-02-02 21:23:18.399 [main] DEBUG org.hibernate.type.BasicTypeRegistry - Adding type registration byte -> org.hibernate.type.BasicTypeReference@b93aad
2026-02-02 21:23:18.399 [main] DEBUG org.hibernate.type.BasicTypeRegistry - Adding type registration java.lang.Byte -> org.hibernate.type.BasicTypeReference@b93aad
2026-02-02 21:23:18.399 [main] DEBUG org.hibernate.type.BasicTypeRegistry - Adding type registration binary -> org.hibernate.type.BasicTypeReference@4a9419d7
2026-02-02 21:23:18.401 [main] DEBUG org.hibernate.type.BasicTypeRegistry - Adding type registration byte[] -> org.hibernate.type.BasicTypeReference@4a9419d7
2026-02-02 21:23:18.401 [main] DEBUG org.hibernate.type.BasicTypeRegistry - Adding type registration [B -> org.hibernate.type.BasicTypeReference@4a9419d7
2026-02-02 21:23:18.401 [main] DEBUG org.hibernate.type.BasicTypeRegistry - Adding type registration binary_wrapper -> org.hibernate.type.BasicTypeReference@2f3c6ac4
2026-02-02 21:23:18.401 [main] DEBUG org.hibernate.type.BasicTypeRegistry - Adding type registration wrapper-binary -> org.hibernate.type.BasicTypeReference@2f3c6ac4
2026-02-02 21:23:18.401 [main] DEBUG org.hibernate.type.BasicTypeRegistry - Adding type registration image -> org.hibernate.type.BasicTypeReference@2e8ab815
2026-02-02 21:23:18.401 [main] DEBUG org.hibernate.type.BasicTypeRegistry - Adding type registration blob -> org.hibernate.type.BasicTypeReference@67af833b
2026-02-02 21:23:18.401 [main] DEBUG org.hibernate.type.BasicTypeRegistry - Adding type registration java.sql.Blob -> org.hibernate.type.BasicTypeReference@67af833b
2026-02-02 21:23:18.401 [main] DEBUG org.hibernate.type.BasicTypeRegistry - Adding type registration materialized_blob -> org.hibernate.type.BasicTypeReference@d1f74b8
2026-02-02 21:23:18.401 [main] DEBUG org.hibernate.type.BasicTypeRegistry - Adding type registration materialized_blob_wrapper -> org.hibernate.type.BasicTypeReference@41394595
2026-02-02 21:23:18.402 [main] DEBUG org.hibernate.type.BasicTypeRegistry - Adding type registration short -> org.hibernate.type.BasicTypeReference@3a0807b7
2026-02-02 21:23:18.402 [main] DEBUG org.hibernate.type.BasicTypeRegistry - Adding type registration short -> org.hibernate.type.BasicTypeReference@3a0807b7
2026-02-02 21:23:18.402 [main] DEBUG org.hibernate.type.BasicTypeRegistry - Adding type registration java.lang.Short -> org.hibernate.type.BasicTypeReference@3a0807b7
2026-02-02 21:23:18.402 [main] DEBUG org.hibernate.type.BasicTypeRegistry - Adding type registration integer -> org.hibernate.type.BasicTypeReference@21a5fd96
2026-02-02 21:23:18.402 [main] DEBUG org.hibernate.type.BasicTypeRegistry - Adding type registration int -> org.hibernate.type.BasicTypeReference@21a5fd96
2026-02-02 21:23:18.402 [main] DEBUG org.hibernate.type.BasicTypeRegistry - Adding type registration java.lang.Integer -> org.hibernate.type.BasicTypeReference@21a5fd96
2026-02-02 21:23:18.402 [main] DEBUG org.hibernate.type.BasicTypeRegistry - Adding type registration long -> org.hibernate.type.BasicTypeReference@5769e7ae
2026-02-02 21:23:18.402 [main] DEBUG org.hibernate.type.BasicTypeRegistry - Adding type registration long -> org.hibernate.type.BasicTypeReference@5769e7ae
2026-02-02 21:23:18.402 [main] DEBUG org.hibernate.type.BasicTypeRegistry - Adding type registration java.lang.Long -> org.hibernate.type.BasicTypeReference@5769e7ae
2026-02-02 21:23:18.403 [main] DEBUG org.hibernate.type.BasicTypeRegistry - Adding type registration float -> org.hibernate.type.BasicTypeReference@5c77053b
2026-02-02 21:23:18.403 [main] DEBUG org.hibernate.type.BasicTypeRegistry - Adding type registration float -> org.hibernate.type.BasicTypeReference@5c77053b
2026-02-02 21:23:18.403 [main] DEBUG org.hibernate.type.BasicTypeRegistry - Adding type registration java.lang.Float -> org.hibernate.type.BasicTypeReference@5c77053b
2026-02-02 21:23:18.403 [main] DEBUG org.hibernate.type.BasicTypeRegistry - Adding type registration double -> org.hibernate.type.BasicTypeReference@26b894bd
2026-02-02 21:23:18.403 [main] DEBUG org.hibernate.type.BasicTypeRegistry - Adding type registration double -> org.hibernate.type.BasicTypeReference@26b894bd
2026-02-02 21:23:18.403 [main] DEBUG org.hibernate.type.BasicTypeRegistry - Adding type registration java.lang.Double -> org.hibernate.type.BasicTypeReference@26b894bd
2026-02-02 21:23:18.403 [main] DEBUG org.hibernate.type.BasicTypeRegistry - Adding type registration big_integer -> org.hibernate.type.BasicTypeReference@287f94b1
2026-02-02 21:23:18.403 [main] DEBUG org.hibernate.type.BasicTypeRegistry - Adding type registration java.math.BigInteger -> org.hibernate.type.BasicTypeReference@287f94b1
2026-02-02 21:23:18.403 [main] DEBUG org.hibernate.type.BasicTypeRegistry - Adding type registration big_decimal -> org.hibernate.type.BasicTypeReference@30b34287
2026-02-02 21:23:18.403 [main] DEBUG org.hibernate.type.BasicTypeRegistry - Adding type registration java.math.BigDecimal -> org.hibernate.type.BasicTypeReference@30b34287
2026-02-02 21:23:18.403 [main] DEBUG org.hibernate.type.BasicTypeRegistry - Adding type registration character -> org.hibernate.type.BasicTypeReference@5489c777
2026-02-02 21:23:18.403 [main] DEBUG org.hibernate.type.BasicTypeRegistry - Adding type registration char -> org.hibernate.type.BasicTypeReference@5489c777
2026-02-02 21:23:18.403 [main] DEBUG org.hibernate.type.BasicTypeRegistry - Adding type registration java.lang.Character -> org.hibernate.type.BasicTypeReference@5489c777
2026-02-02 21:23:18.405 [main] DEBUG org.hibernate.type.BasicTypeRegistry - Adding type registration character_nchar -> org.hibernate.type.BasicTypeReference@3676ac27
2026-02-02 21:23:18.405 [main] DEBUG org.hibernate.type.BasicTypeRegistry - Adding type registration string -> org.hibernate.type.BasicTypeReference@62f87c44
2026-02-02 21:23:18.405 [main] DEBUG org.hibernate.type.BasicTypeRegistry - Adding type registration java.lang.String -> org.hibernate.type.BasicTypeReference@62f87c44
2026-02-02 21:23:18.405 [main] DEBUG org.hibernate.type.BasicTypeRegistry - Adding type registration nstring -> org.hibernate.type.BasicTypeReference@48f5bde6
2026-02-02 21:23:18.405 [main] DEBUG org.hibernate.type.BasicTypeRegistry - Adding type registration characters -> org.hibernate.type.BasicTypeReference@525d79f0
2026-02-02 21:23:18.405 [main] DEBUG org.hibernate.type.BasicTypeRegistry - Adding type registration char[] -> org.hibernate.type.BasicTypeReference@525d79f0
2026-02-02 21:23:18.405 [main] DEBUG org.hibernate.type.BasicTypeRegistry - Adding type registration [C -> org.hibernate.type.BasicTypeReference@525d79f0
2026-02-02 21:23:18.405 [main] DEBUG org.hibernate.type.BasicTypeRegistry - Adding type registration wrapper-characters -> org.hibernate.type.BasicTypeReference@5149f008
2026-02-02 21:23:18.406 [main] DEBUG org.hibernate.type.BasicTypeRegistry - Adding type registration text -> org.hibernate.type.BasicTypeReference@7072bc39
2026-02-02 21:23:18.406 [main] DEBUG org.hibernate.type.BasicTypeRegistry - Adding type registration ntext -> org.hibernate.type.BasicTypeReference@158d255c
2026-02-02 21:23:18.406 [main] DEBUG org.hibernate.type.BasicTypeRegistry - Adding type registration clob -> org.hibernate.type.BasicTypeReference@2ca65ce4
2026-02-02 21:23:18.406 [main] DEBUG org.hibernate.type.BasicTypeRegistry - Adding type registration java.sql.Clob -> org.hibernate.type.BasicTypeReference@2ca65ce4
2026-02-02 21:23:18.406 [main] DEBUG org.hibernate.type.BasicTypeRegistry - Adding type registration nclob -> org.hibernate.type.BasicTypeReference@327120c8
2026-02-02 21:23:18.406 [main] DEBUG org.hibernate.type.BasicTypeRegistry - Adding type registration java.sql.NClob -> org.hibernate.type.BasicTypeReference@327120c8
2026-02-02 21:23:18.406 [main] DEBUG org.hibernate.type.BasicTypeRegistry - Adding type registration materialized_clob -> org.hibernate.type.BasicTypeReference@5707c1cb
2026-02-02 21:23:18.406 [main] DEBUG org.hibernate.type.BasicTypeRegistry - Adding type registration materialized_clob_char_array -> org.hibernate.type.BasicTypeReference@2b5cb9b2
2026-02-02 21:23:18.406 [main] DEBUG org.hibernate.type.BasicTypeRegistry - Adding type registration materialized_clob_character_array -> org.hibernate.type.BasicTypeReference@35038141
2026-02-02 21:23:18.406 [main] DEBUG org.hibernate.type.BasicTypeRegistry - Adding type registration materialized_nclob -> org.hibernate.type.BasicTypeReference@ecf9049
2026-02-02 21:23:18.406 [main] DEBUG org.hibernate.type.BasicTypeRegistry - Adding type registration materialized_nclob_character_array -> org.hibernate.type.BasicTypeReference@672f11c2
2026-02-02 21:23:18.406 [main] DEBUG org.hibernate.type.BasicTypeRegistry - Adding type registration materialized_nclob_char_array -> org.hibernate.type.BasicTypeReference@2970a5bc
2026-02-02 21:23:18.407 [main] DEBUG org.hibernate.type.BasicTypeRegistry - Adding type registration Duration -> org.hibernate.type.BasicTypeReference@50305a
2026-02-02 21:23:18.407 [main] DEBUG org.hibernate.type.BasicTypeRegistry - Adding type registration java.time.Duration -> org.hibernate.type.BasicTypeReference@50305a
2026-02-02 21:23:18.407 [main] DEBUG org.hibernate.type.BasicTypeRegistry - Adding type registration LocalDateTime -> org.hibernate.type.BasicTypeReference@72efb5c1
2026-02-02 21:23:18.407 [main] DEBUG org.hibernate.type.BasicTypeRegistry - Adding type registration java.time.LocalDateTime -> org.hibernate.type.BasicTypeReference@72efb5c1
2026-02-02 21:23:18.407 [main] DEBUG org.hibernate.type.BasicTypeRegistry - Adding type registration LocalDate -> org.hibernate.type.BasicTypeReference@6d511b5f
2026-02-02 21:23:18.407 [main] DEBUG org.hibernate.type.BasicTypeRegistry - Adding type registration java.time.LocalDate -> org.hibernate.type.BasicTypeReference@6d511b5f
2026-02-02 21:23:18.407 [main] DEBUG org.hibernate.type.BasicTypeRegistry - Adding type registration LocalTime -> org.hibernate.type.BasicTypeReference@41200e0c
2026-02-02 21:23:18.407 [main] DEBUG org.hibernate.type.BasicTypeRegistry - Adding type registration java.time.LocalTime -> org.hibernate.type.BasicTypeReference@41200e0c
2026-02-02 21:23:18.407 [main] DEBUG org.hibernate.type.BasicTypeRegistry - Adding type registration OffsetDateTime -> org.hibernate.type.BasicTypeReference@40f33492
2026-02-02 21:23:18.407 [main] DEBUG org.hibernate.type.BasicTypeRegistry - Adding type registration java.time.OffsetDateTime -> org.hibernate.type.BasicTypeReference@40f33492
2026-02-02 21:23:18.407 [main] DEBUG org.hibernate.type.BasicTypeRegistry - Adding type registration OffsetDateTimeWithTimezone -> org.hibernate.type.BasicTypeReference@4fbdc0f0
2026-02-02 21:23:18.408 [main] DEBUG org.hibernate.type.BasicTypeRegistry - Adding type registration OffsetDateTimeWithoutTimezone -> org.hibernate.type.BasicTypeReference@2ad3a1bb
2026-02-02 21:23:18.408 [main] DEBUG org.hibernate.type.BasicTypeRegistry - Adding type registration OffsetTime -> org.hibernate.type.BasicTypeReference@6bc28a83
2026-02-02 21:23:18.408 [main] DEBUG org.hibernate.type.BasicTypeRegistry - Adding type registration java.time.OffsetTime -> org.hibernate.type.BasicTypeReference@6bc28a83
2026-02-02 21:23:18.408 [main] DEBUG org.hibernate.type.BasicTypeRegistry - Adding type registration OffsetTimeUtc -> org.hibernate.type.BasicTypeReference@324c64cd
2026-02-02 21:23:18.408 [main] DEBUG org.hibernate.type.BasicTypeRegistry - Adding type registration OffsetTimeWithTimezone -> org.hibernate.type.BasicTypeReference@13579834
2026-02-02 21:23:18.408 [main] DEBUG org.hibernate.type.BasicTypeRegistry - Adding type registration OffsetTimeWithoutTimezone -> org.hibernate.type.BasicTypeReference@24be2d9c
2026-02-02 21:23:18.408 [main] DEBUG org.hibernate.type.BasicTypeRegistry - Adding type registration ZonedDateTime -> org.hibernate.type.BasicTypeReference@5bd73d1a
2026-02-02 21:23:18.408 [main] DEBUG org.hibernate.type.BasicTypeRegistry - Adding type registration java.time.ZonedDateTime -> org.hibernate.type.BasicTypeReference@5bd73d1a
2026-02-02 21:23:18.408 [main] DEBUG org.hibernate.type.BasicTypeRegistry - Adding type registration ZonedDateTimeWithTimezone -> org.hibernate.type.BasicTypeReference@aec50a1
2026-02-02 21:23:18.408 [main] DEBUG org.hibernate.type.BasicTypeRegistry - Adding type registration ZonedDateTimeWithoutTimezone -> org.hibernate.type.BasicTypeReference@2555fff0
2026-02-02 21:23:18.408 [main] DEBUG org.hibernate.type.BasicTypeRegistry - Adding type registration date -> org.hibernate.type.BasicTypeReference@70d2e40b
2026-02-02 21:23:18.409 [main] DEBUG org.hibernate.type.BasicTypeRegistry - Adding type registration java.sql.Date -> org.hibernate.type.BasicTypeReference@70d2e40b
2026-02-02 21:23:18.409 [main] DEBUG org.hibernate.type.BasicTypeRegistry - Adding type registration time -> org.hibernate.type.BasicTypeReference@120f38e6
2026-02-02 21:23:18.409 [main] DEBUG org.hibernate.type.BasicTypeRegistry - Adding type registration java.sql.Time -> org.hibernate.type.BasicTypeReference@120f38e6
2026-02-02 21:23:18.409 [main] DEBUG org.hibernate.type.BasicTypeRegistry - Adding type registration timestamp -> org.hibernate.type.BasicTypeReference@7a0e1b5e
2026-02-02 21:23:18.409 [main] DEBUG org.hibernate.type.BasicTypeRegistry - Adding type registration java.sql.Timestamp -> org.hibernate.type.BasicTypeReference@7a0e1b5e
2026-02-02 21:23:18.409 [main] DEBUG org.hibernate.type.BasicTypeRegistry - Adding type registration java.util.Date -> org.hibernate.type.BasicTypeReference@7a0e1b5e
2026-02-02 21:23:18.409 [main] DEBUG org.hibernate.type.BasicTypeRegistry - Adding type registration calendar -> org.hibernate.type.BasicTypeReference@702ed190
2026-02-02 21:23:18.409 [main] DEBUG org.hibernate.type.BasicTypeRegistry - Adding type registration java.util.Calendar -> org.hibernate.type.BasicTypeReference@702ed190
2026-02-02 21:23:18.409 [main] DEBUG org.hibernate.type.BasicTypeRegistry - Adding type registration java.util.GregorianCalendar -> org.hibernate.type.BasicTypeReference@702ed190
2026-02-02 21:23:18.409 [main] DEBUG org.hibernate.type.BasicTypeRegistry - Adding type registration calendar_date -> org.hibernate.type.BasicTypeReference@173b9122
2026-02-02 21:23:18.409 [main] DEBUG org.hibernate.type.BasicTypeRegistry - Adding type registration calendar_time -> org.hibernate.type.BasicTypeReference@7c18432b
2026-02-02 21:23:18.409 [main] DEBUG org.hibernate.type.BasicTypeRegistry - Adding type registration instant -> org.hibernate.type.BasicTypeReference@7646731d
2026-02-02 21:23:18.410 [main] DEBUG org.hibernate.type.BasicTypeRegistry - Adding type registration java.time.Instant -> org.hibernate.type.BasicTypeReference@7646731d
2026-02-02 21:23:18.410 [main] DEBUG org.hibernate.type.BasicTypeRegistry - Adding type registration uuid -> org.hibernate.type.BasicTypeReference@70e29e14
2026-02-02 21:23:18.410 [main] DEBUG org.hibernate.type.BasicTypeRegistry - Adding type registration java.util.UUID -> org.hibernate.type.BasicTypeReference@70e29e14
2026-02-02 21:23:18.410 [main] DEBUG org.hibernate.type.BasicTypeRegistry - Adding type registration pg-uuid -> org.hibernate.type.BasicTypeReference@70e29e14
2026-02-02 21:23:18.410 [main] DEBUG org.hibernate.type.BasicTypeRegistry - Adding type registration uuid-binary -> org.hibernate.type.BasicTypeReference@3b1bb3ab
2026-02-02 21:23:18.410 [main] DEBUG org.hibernate.type.BasicTypeRegistry - Adding type registration uuid-char -> org.hibernate.type.BasicTypeReference@5a4bef8
2026-02-02 21:23:18.410 [main] DEBUG org.hibernate.type.BasicTypeRegistry - Adding type registration class -> org.hibernate.type.BasicTypeReference@40bffbca
2026-02-02 21:23:18.410 [main] DEBUG org.hibernate.type.BasicTypeRegistry - Adding type registration java.lang.Class -> org.hibernate.type.BasicTypeReference@40bffbca
2026-02-02 21:23:18.410 [main] DEBUG org.hibernate.type.BasicTypeRegistry - Adding type registration currency -> org.hibernate.type.BasicTypeReference@2449cff7
2026-02-02 21:23:18.410 [main] DEBUG org.hibernate.type.BasicTypeRegistry - Adding type registration Currency -> org.hibernate.type.BasicTypeReference@2449cff7
2026-02-02 21:23:18.410 [main] DEBUG org.hibernate.type.BasicTypeRegistry - Adding type registration java.util.Currency -> org.hibernate.type.BasicTypeReference@2449cff7
2026-02-02 21:23:18.411 [main] DEBUG org.hibernate.type.BasicTypeRegistry - Adding type registration locale -> org.hibernate.type.BasicTypeReference@42a9a63e
2026-02-02 21:23:18.411 [main] DEBUG org.hibernate.type.BasicTypeRegistry - Adding type registration java.util.Locale -> org.hibernate.type.BasicTypeReference@42a9a63e
2026-02-02 21:23:18.411 [main] DEBUG org.hibernate.type.BasicTypeRegistry - Adding type registration serializable -> org.hibernate.type.BasicTypeReference@62da83ed
2026-02-02 21:23:18.411 [main] DEBUG org.hibernate.type.BasicTypeRegistry - Adding type registration java.io.Serializable -> org.hibernate.type.BasicTypeReference@62da83ed
2026-02-02 21:23:18.411 [main] DEBUG org.hibernate.type.BasicTypeRegistry - Adding type registration timezone -> org.hibernate.type.BasicTypeReference@5d8445d7
2026-02-02 21:23:18.411 [main] DEBUG org.hibernate.type.BasicTypeRegistry - Adding type registration java.util.TimeZone -> org.hibernate.type.BasicTypeReference@5d8445d7
2026-02-02 21:23:18.411 [main] DEBUG org.hibernate.type.BasicTypeRegistry - Adding type registration ZoneOffset -> org.hibernate.type.BasicTypeReference@37d80fe7
2026-02-02 21:23:18.411 [main] DEBUG org.hibernate.type.BasicTypeRegistry - Adding type registration java.time.ZoneOffset -> org.hibernate.type.BasicTypeReference@37d80fe7
2026-02-02 21:23:18.411 [main] DEBUG org.hibernate.type.BasicTypeRegistry - Adding type registration url -> org.hibernate.type.BasicTypeReference@384fc774
2026-02-02 21:23:18.411 [main] DEBUG org.hibernate.type.BasicTypeRegistry - Adding type registration java.net.URL -> org.hibernate.type.BasicTypeReference@384fc774
2026-02-02 21:23:18.411 [main] DEBUG org.hibernate.type.BasicTypeRegistry - Adding type registration vector -> org.hibernate.type.BasicTypeReference@e3cee7b
2026-02-02 21:23:18.411 [main] DEBUG org.hibernate.type.BasicTypeRegistry - Adding type registration row_version -> org.hibernate.type.BasicTypeReference@71e9a896
2026-02-02 21:23:18.415 [main] DEBUG org.hibernate.type.BasicTypeRegistry - Adding type registration object -> org.hibernate.type.JavaObjectType@7dac3fd8
2026-02-02 21:23:18.415 [main] DEBUG org.hibernate.type.BasicTypeRegistry - Adding type registration java.lang.Object -> org.hibernate.type.JavaObjectType@7dac3fd8
2026-02-02 21:23:18.415 [main] DEBUG org.hibernate.type.BasicTypeRegistry - Adding type registration null -> org.hibernate.type.NullType@6e33c391
2026-02-02 21:23:18.415 [main] DEBUG org.hibernate.type.BasicTypeRegistry - Adding type registration imm_date -> org.hibernate.type.BasicTypeReference@6c451c9c
2026-02-02 21:23:18.415 [main] DEBUG org.hibernate.type.BasicTypeRegistry - Adding type registration imm_time -> org.hibernate.type.BasicTypeReference@31c269fd
2026-02-02 21:23:18.415 [main] DEBUG org.hibernate.type.BasicTypeRegistry - Adding type registration imm_timestamp -> org.hibernate.type.BasicTypeReference@372b0d86
2026-02-02 21:23:18.415 [main] DEBUG org.hibernate.type.BasicTypeRegistry - Adding type registration imm_calendar -> org.hibernate.type.BasicTypeReference@47747fb9
2026-02-02 21:23:18.416 [main] DEBUG org.hibernate.type.BasicTypeRegistry - Adding type registration imm_calendar_date -> org.hibernate.type.BasicTypeReference@3113a37
2026-02-02 21:23:18.416 [main] DEBUG org.hibernate.type.BasicTypeRegistry - Adding type registration imm_calendar_time -> org.hibernate.type.BasicTypeReference@213e3629
2026-02-02 21:23:18.416 [main] DEBUG org.hibernate.type.BasicTypeRegistry - Adding type registration imm_binary -> org.hibernate.type.BasicTypeReference@4e9658b5
2026-02-02 21:23:18.416 [main] DEBUG org.hibernate.type.BasicTypeRegistry - Adding type registration imm_serializable -> org.hibernate.type.BasicTypeReference@2a7b6f69
2026-02-02 21:23:18.436 [main] WARN  org.hibernate.orm.connections.pooling - HHH10001002: Using built-in connection pool (not intended for production use)
2026-02-02 21:23:18.439 [main] INFO  org.hibernate.orm.connections.pooling - HHH10001005: Loaded JDBC driver class: com.mysql.cj.jdbc.Driver
2026-02-02 21:23:18.439 [main] INFO  org.hibernate.orm.connections.pooling - HHH10001012: Connecting with JDBC URL [jdbc:mysql://localhost:3307/LitMind?useSSL=false&serverTimezone=UTC]
2026-02-02 21:23:18.439 [main] INFO  org.hibernate.orm.connections.pooling - HHH10001001: Connection properties: {password=angela, user=angela}
2026-02-02 21:23:18.439 [main] INFO  org.hibernate.orm.connections.pooling - HHH10001003: Autocommit mode: false
2026-02-02 21:23:18.441 [main] DEBUG org.hibernate.orm.connections.pooling - Initializing Connection pool with 1 Connections
2026-02-02 21:23:18.442 [main] INFO  org.hibernate.orm.connections.pooling - HHH10001115: Connection pool size: 20 (min=1)
2026-02-02 21:23:18.585 [main] DEBUG org.hibernate.engine.jdbc.env.internal.JdbcEnvironmentInitiator - Database ->
       name : MySQL
    version : 8.4.7
      major : 8
      minor : 4
2026-02-02 21:23:18.585 [main] DEBUG org.hibernate.engine.jdbc.env.internal.JdbcEnvironmentInitiator - Driver ->
       name : MySQL Connector/J
    version : mysql-connector-j-8.4.0 (Revision: 1c3f5c149e0bfe31c7fbeb24e2d260cd890972c4)
      major : 8
      minor : 4
2026-02-02 21:23:18.586 [main] DEBUG org.hibernate.engine.jdbc.env.internal.JdbcEnvironmentInitiator - JDBC version : 4.2
2026-02-02 21:23:18.631 [main] WARN  org.hibernate.orm.deprecation - HHH90000025: MySQLDialect does not need to be specified explicitly using 'hibernate.dialect' (remove the property setting and it will be selected by default)
2026-02-02 21:23:18.632 [main] DEBUG org.hibernate.orm.dialect - HHH035001: Using dialect: org.hibernate.dialect.MySQLDialect, version: 8.4.7
2026-02-02 21:23:18.638 [main] DEBUG org.hibernate.engine.jdbc.env.spi.IdentifierHelperBuilder - JDBC driver metadata reported database stores quoted identifiers in more than one case
2026-02-02 21:23:18.638 [main] DEBUG org.hibernate.engine.jdbc.env.spi.IdentifierHelperBuilder - IdentifierCaseStrategy for both quoted and unquoted identifiers was set to the same strategy [MIXED]; that will likely lead to problems in schema update and validation if using quoted identifiers
2026-02-02 21:23:18.655 [main] DEBUG org.hibernate.type.descriptor.sql.spi.DdlTypeRegistry - addDescriptor(12, org.hibernate.type.descriptor.sql.internal.CapacityDependentDdlType@2d2acd89) replaced previous registration(org.hibernate.type.descriptor.sql.internal.CapacityDependentDdlType@7baf6acf)
2026-02-02 21:23:18.655 [main] DEBUG org.hibernate.type.descriptor.sql.spi.DdlTypeRegistry - addDescriptor(-9, org.hibernate.type.descriptor.sql.internal.CapacityDependentDdlType@1e6dad8) replaced previous registration(org.hibernate.type.descriptor.sql.internal.CapacityDependentDdlType@7b3315a5)
2026-02-02 21:23:18.655 [main] DEBUG org.hibernate.type.descriptor.sql.spi.DdlTypeRegistry - addDescriptor(-3, org.hibernate.type.descriptor.sql.internal.CapacityDependentDdlType@8ed9cf) replaced previous registration(org.hibernate.type.descriptor.sql.internal.CapacityDependentDdlType@f72203)
2026-02-02 21:23:18.655 [main] DEBUG org.hibernate.type.descriptor.sql.spi.DdlTypeRegistry - addDescriptor(4003, org.hibernate.type.descriptor.sql.internal.DdlTypeImpl@377008df) replaced previous registration(org.hibernate.type.descriptor.sql.internal.DdlTypeImpl@540dbda9)
2026-02-02 21:23:18.656 [main] DEBUG org.hibernate.type.descriptor.sql.spi.DdlTypeRegistry - addDescriptor(4001, org.hibernate.type.descriptor.sql.internal.DdlTypeImpl@22bb5646) replaced previous registration(org.hibernate.type.descriptor.sql.internal.DdlTypeImpl@1be59f28)
2026-02-02 21:23:18.656 [main] DEBUG org.hibernate.type.descriptor.sql.spi.DdlTypeRegistry - addDescriptor(4002, org.hibernate.type.descriptor.sql.internal.DdlTypeImpl@2ce45a7b) replaced previous registration(org.hibernate.type.descriptor.sql.internal.DdlTypeImpl@153d4abb)
2026-02-02 21:23:18.656 [main] DEBUG org.hibernate.type.descriptor.sql.spi.DdlTypeRegistry - addDescriptor(2004, org.hibernate.type.descriptor.sql.internal.CapacityDependentDdlType@6d4c273c) replaced previous registration(org.hibernate.type.descriptor.sql.internal.DdlTypeImpl@5a67e962)
2026-02-02 21:23:18.656 [main] DEBUG org.hibernate.type.descriptor.sql.spi.DdlTypeRegistry - addDescriptor(2005, org.hibernate.type.descriptor.sql.internal.CapacityDependentDdlType@545e57d7) replaced previous registration(org.hibernate.type.descriptor.sql.internal.DdlTypeImpl@2bc9a775)
2026-02-02 21:23:18.656 [main] DEBUG org.hibernate.type.descriptor.sql.spi.DdlTypeRegistry - addDescriptor(2011, org.hibernate.type.descriptor.sql.internal.CapacityDependentDdlType@27b000f7) replaced previous registration(org.hibernate.type.descriptor.sql.internal.DdlTypeImpl@42f9c19a)
2026-02-02 21:23:18.658 [main] DEBUG org.hibernate.type.descriptor.jdbc.spi.JdbcTypeRegistry - addDescriptor(NCharTypeDescriptor) replaced previous registration(CharTypeDescriptor)
2026-02-02 21:23:18.658 [main] DEBUG org.hibernate.type.descriptor.jdbc.spi.JdbcTypeRegistry - addDescriptor(NVarcharTypeDescriptor) replaced previous registration(VarcharTypeDescriptor)
2026-02-02 21:23:18.658 [main] DEBUG org.hibernate.type.descriptor.jdbc.spi.JdbcTypeRegistry - addDescriptor(LongNVarcharTypeDescriptor) replaced previous registration(LongVarcharTypeDescriptor)
2026-02-02 21:23:18.659 [main] DEBUG org.hibernate.type.descriptor.jdbc.spi.JdbcTypeRegistry - addDescriptor(NClobTypeDescriptor(DEFAULT)) replaced previous registration(ClobTypeDescriptor(DEFAULT))
2026-02-02 21:23:18.659 [main] DEBUG org.hibernate.type.descriptor.jdbc.spi.JdbcTypeRegistry - addDescriptor(2005, ClobTypeDescriptor(STREAM_BINDING)) replaced previous registration(ClobTypeDescriptor(DEFAULT))
2026-02-02 21:23:18.662 [main] DEBUG org.hibernate.type.BasicTypeRegistry - Adding type registration null -> org.hibernate.type.NullType@3eee3e2b
2026-02-02 21:23:18.662 [main] DEBUG org.hibernate.type.BasicTypeRegistry - Type registration key [null] overrode previous entry : `org.hibernate.type.NullType@6e33c391`
2026-02-02 21:23:18.667 [main] DEBUG org.hibernate.type.BasicTypeRegistry - Adding type registration org.hibernate.type.DurationType -> basicType@1(java.time.Duration,3015)
2026-02-02 21:23:18.667 [main] DEBUG org.hibernate.type.BasicTypeRegistry - Adding type registration Duration -> basicType@1(java.time.Duration,3015)
2026-02-02 21:23:18.667 [main] DEBUG org.hibernate.type.BasicTypeRegistry - Adding type registration java.time.Duration -> basicType@1(java.time.Duration,3015)
2026-02-02 21:23:18.670 [main] DEBUG org.hibernate.type.BasicTypeRegistry - Adding type registration org.hibernate.type.OffsetDateTimeType -> basicType@2(java.time.OffsetDateTime,3003)
2026-02-02 21:23:18.670 [main] DEBUG org.hibernate.type.BasicTypeRegistry - Adding type registration OffsetDateTime -> basicType@2(java.time.OffsetDateTime,3003)
2026-02-02 21:23:18.670 [main] DEBUG org.hibernate.type.BasicTypeRegistry - Adding type registration java.time.OffsetDateTime -> basicType@2(java.time.OffsetDateTime,3003)
2026-02-02 21:23:18.670 [main] DEBUG org.hibernate.type.BasicTypeRegistry - Adding type registration org.hibernate.type.ZonedDateTimeType -> basicType@3(java.time.ZonedDateTime,3003)
2026-02-02 21:23:18.670 [main] DEBUG org.hibernate.type.BasicTypeRegistry - Adding type registration ZonedDateTime -> basicType@3(java.time.ZonedDateTime,3003)
2026-02-02 21:23:18.670 [main] DEBUG org.hibernate.type.BasicTypeRegistry - Adding type registration java.time.ZonedDateTime -> basicType@3(java.time.ZonedDateTime,3003)
2026-02-02 21:23:18.672 [main] DEBUG org.hibernate.type.BasicTypeRegistry - Adding type registration org.hibernate.type.OffsetTimeType -> basicType@4(java.time.OffsetTime,3007)
2026-02-02 21:23:18.672 [main] DEBUG org.hibernate.type.BasicTypeRegistry - Adding type registration OffsetTime -> basicType@4(java.time.OffsetTime,3007)
2026-02-02 21:23:18.672 [main] DEBUG org.hibernate.type.BasicTypeRegistry - Adding type registration java.time.OffsetTime -> basicType@4(java.time.OffsetTime,3007)
2026-02-02 21:23:18.673 [main] DEBUG org.hibernate.type.spi.TypeConfiguration$Scope - Scoping TypeConfiguration [org.hibernate.type.spi.TypeConfiguration@640dc4c6] to MetadataBuildingContext [org.hibernate.boot.internal.MetadataBuildingContextRootImpl@4b54af3d]
2026-02-02 21:23:18.702 [main] DEBUG org.hibernate.boot.model.relational.Namespace - Created database namespace [logicalName=Name{catalog=null, schema=null}, physicalName=Name{catalog=null, schema=null}]
2026-02-02 21:23:18.718 [main] DEBUG org.hibernate.boot.model.internal.EntityBinder - Binding entity from annotated class: modelo.Usuario
2026-02-02 21:23:18.726 [main] DEBUG org.hibernate.boot.model.internal.EntityBinder - Import with entity name Usuario
2026-02-02 21:23:18.731 [main] DEBUG org.hibernate.boot.model.internal.EntityBinder - Bind entity modelo.Usuario on table usuario
2026-02-02 21:23:18.738 [main] DEBUG org.hibernate.boot.model.internal.AnnotatedColumn - Binding column: AnnotatedDiscriminatorColumn(column='DTYPE')
2026-02-02 21:23:18.756 [main] DEBUG org.hibernate.boot.model.internal.AnnotatedColumn - Binding column: AnnotatedColumn()
2026-02-02 21:23:18.756 [main] DEBUG org.hibernate.boot.internal.ClassLoaderAccessImpl - Not known whether passed class name [modelo.Usuario] is safe
2026-02-02 21:23:18.756 [main] DEBUG org.hibernate.boot.internal.ClassLoaderAccessImpl - No temp ClassLoader provided; using live ClassLoader for loading potentially unsafe class : modelo.Usuario
2026-02-02 21:23:18.758 [main] DEBUG org.hibernate.boot.model.internal.PropertyBinder - MetadataSourceProcessor property id_usuario with lazy=false
2026-02-02 21:23:18.761 [main] DEBUG org.hibernate.boot.model.internal.AbstractPropertyHolder - Attempting to locate auto-apply AttributeConverter for property [modelo.Usuario:id_usuario]
2026-02-02 21:23:18.765 [main] DEBUG org.hibernate.boot.model.internal.BasicValueBinder - building BasicValue for id_usuario
2026-02-02 21:23:18.767 [main] DEBUG org.hibernate.mapping.BasicValue - Skipping column re-registration: usuario.id_usuario
2026-02-02 21:23:18.768 [main] DEBUG org.hibernate.boot.model.internal.PropertyBinder - Building property id_usuario
2026-02-02 21:23:18.771 [main] DEBUG org.hibernate.boot.model.internal.BinderHelper - #makeIdGenerator(BasicValue([Column(id_usuario)]), id_usuario, identity, , ...)
2026-02-02 21:23:18.771 [main] DEBUG org.hibernate.boot.model.internal.AnnotatedColumn - Binding column: AnnotatedColumn()
2026-02-02 21:23:18.771 [main] DEBUG org.hibernate.boot.model.internal.PropertyBinder - MetadataSourceProcessor property edad with lazy=false
2026-02-02 21:23:18.771 [main] DEBUG org.hibernate.boot.model.internal.AbstractPropertyHolder - Attempting to locate auto-apply AttributeConverter for property [modelo.Usuario:edad]
2026-02-02 21:23:18.771 [main] DEBUG org.hibernate.boot.model.internal.BasicValueBinder - building BasicValue for edad
2026-02-02 21:23:18.772 [main] DEBUG org.hibernate.mapping.BasicValue - Skipping column re-registration: usuario.edad
2026-02-02 21:23:18.772 [main] DEBUG org.hibernate.boot.model.internal.PropertyBinder - Building property edad
2026-02-02 21:23:18.773 [main] DEBUG org.hibernate.boot.model.internal.AnnotatedColumn - Binding column: AnnotatedJoinColumn()
2026-02-02 21:23:18.773 [main] DEBUG org.hibernate.boot.model.internal.AnnotatedColumn - Binding column: AnnotatedColumn()
2026-02-02 21:23:18.776 [main] DEBUG org.hibernate.boot.model.internal.PropertyBinder - Building property estudiante
2026-02-02 21:23:18.777 [main] DEBUG org.hibernate.boot.model.internal.AnnotatedColumn - Binding column: AnnotatedColumn()
2026-02-02 21:23:18.777 [main] DEBUG org.hibernate.boot.model.internal.PropertyBinder - MetadataSourceProcessor property nombreCompleto with lazy=false
2026-02-02 21:23:18.777 [main] DEBUG org.hibernate.boot.model.internal.AbstractPropertyHolder - Attempting to locate auto-apply AttributeConverter for property [modelo.Usuario:nombreCompleto]
2026-02-02 21:23:18.777 [main] DEBUG org.hibernate.boot.model.internal.BasicValueBinder - building BasicValue for nombreCompleto
2026-02-02 21:23:18.777 [main] DEBUG org.hibernate.mapping.BasicValue - Skipping column re-registration: usuario.nombreCompleto
2026-02-02 21:23:18.777 [main] DEBUG org.hibernate.boot.model.internal.PropertyBinder - Building property nombreCompleto
2026-02-02 21:23:18.777 [main] DEBUG org.hibernate.boot.model.internal.AnnotatedColumn - Binding column: AnnotatedColumn()
2026-02-02 21:23:18.777 [main] DEBUG org.hibernate.boot.model.internal.PropertyBinder - MetadataSourceProcessor property puntosPorLogro with lazy=false
2026-02-02 21:23:18.777 [main] DEBUG org.hibernate.boot.model.internal.AbstractPropertyHolder - Attempting to locate auto-apply AttributeConverter for property [modelo.Usuario:puntosPorLogro]
2026-02-02 21:23:18.777 [main] DEBUG org.hibernate.boot.model.internal.BasicValueBinder - building BasicValue for puntosPorLogro
2026-02-02 21:23:18.777 [main] DEBUG org.hibernate.mapping.BasicValue - Skipping column re-registration: usuario.puntosPorLogro
2026-02-02 21:23:18.777 [main] DEBUG org.hibernate.boot.model.internal.PropertyBinder - Building property puntosPorLogro
2026-02-02 21:23:18.778 [main] DEBUG org.hibernate.boot.model.internal.AnnotatedColumn - Binding column: AnnotatedColumn()
2026-02-02 21:23:18.778 [main] DEBUG org.hibernate.boot.model.internal.PropertyBinder - MetadataSourceProcessor property rolPrincipal with lazy=false
2026-02-02 21:23:18.778 [main] DEBUG org.hibernate.boot.model.internal.AbstractPropertyHolder - Attempting to locate auto-apply AttributeConverter for property [modelo.Usuario:rolPrincipal]
2026-02-02 21:23:18.778 [main] DEBUG org.hibernate.boot.model.internal.BasicValueBinder - building BasicValue for rolPrincipal
2026-02-02 21:23:18.778 [main] DEBUG org.hibernate.mapping.BasicValue - Skipping column re-registration: usuario.rolPrincipal
2026-02-02 21:23:18.778 [main] DEBUG org.hibernate.boot.model.internal.PropertyBinder - Building property rolPrincipal
2026-02-02 21:23:18.778 [main] DEBUG org.hibernate.boot.model.internal.AnnotatedColumn - Binding column: AnnotatedColumn()
2026-02-02 21:23:18.778 [main] DEBUG org.hibernate.boot.model.internal.PropertyBinder - MetadataSourceProcessor property tipoUsuario with lazy=false
2026-02-02 21:23:18.778 [main] DEBUG org.hibernate.boot.model.internal.AbstractPropertyHolder - Attempting to locate auto-apply AttributeConverter for property [modelo.Usuario:tipoUsuario]
2026-02-02 21:23:18.779 [main] DEBUG org.hibernate.boot.model.internal.BasicValueBinder - building BasicValue for tipoUsuario
2026-02-02 21:23:18.779 [main] DEBUG org.hibernate.mapping.BasicValue - Skipping column re-registration: usuario.tipoUsuario
2026-02-02 21:23:18.779 [main] DEBUG org.hibernate.boot.model.internal.PropertyBinder - Building property tipoUsuario
2026-02-02 21:23:18.779 [main] DEBUG org.hibernate.boot.registry.classloading.internal.ClassLoaderServiceImpl - HHH000194: Package not found or wo package-info.java: modelo
2026-02-02 21:23:18.783 [main] DEBUG org.hibernate.boot.model.internal.EntityBinder - Binding entity from annotated class: modelo.Lectura
2026-02-02 21:23:18.783 [main] DEBUG org.hibernate.boot.model.internal.EntityBinder - Import with entity name Lectura
2026-02-02 21:23:18.783 [main] DEBUG org.hibernate.boot.model.internal.EntityBinder - Bind entity modelo.Lectura on table lectura
2026-02-02 21:23:18.783 [main] DEBUG org.hibernate.boot.model.internal.AnnotatedColumn - Binding column: AnnotatedDiscriminatorColumn(column='DTYPE')
2026-02-02 21:23:18.786 [main] DEBUG org.hibernate.boot.model.internal.AnnotatedColumn - Binding column: AnnotatedColumn()
2026-02-02 21:23:18.786 [main] DEBUG org.hibernate.boot.internal.ClassLoaderAccessImpl - Not known whether passed class name [modelo.Lectura] is safe
2026-02-02 21:23:18.786 [main] DEBUG org.hibernate.boot.internal.ClassLoaderAccessImpl - No temp ClassLoader provided; using live ClassLoader for loading potentially unsafe class : modelo.Lectura
2026-02-02 21:23:18.786 [main] DEBUG org.hibernate.boot.model.internal.PropertyBinder - MetadataSourceProcessor property id_lectura with lazy=false
2026-02-02 21:23:18.786 [main] DEBUG org.hibernate.boot.model.internal.AbstractPropertyHolder - Attempting to locate auto-apply AttributeConverter for property [modelo.Lectura:id_lectura]
2026-02-02 21:23:18.786 [main] DEBUG org.hibernate.boot.model.internal.BasicValueBinder - building BasicValue for id_lectura
2026-02-02 21:23:18.786 [main] DEBUG org.hibernate.mapping.BasicValue - Skipping column re-registration: lectura.id_lectura
2026-02-02 21:23:18.786 [main] DEBUG org.hibernate.boot.model.internal.PropertyBinder - Building property id_lectura
2026-02-02 21:23:18.786 [main] DEBUG org.hibernate.boot.model.internal.BinderHelper - #makeIdGenerator(BasicValue([Column(id_lectura)]), id_lectura, identity, , ...)
2026-02-02 21:23:18.786 [main] DEBUG org.hibernate.boot.model.internal.AnnotatedColumn - Binding column: AnnotatedJoinColumn()
2026-02-02 21:23:18.786 [main] DEBUG org.hibernate.boot.model.internal.AnnotatedColumn - Binding column: AnnotatedColumn()
2026-02-02 21:23:18.795 [main] DEBUG org.hibernate.boot.model.internal.AnnotatedColumn - Binding column: IndexColumn(column='asignaciones_ORDER')
2026-02-02 21:23:18.798 [main] DEBUG org.hibernate.boot.model.internal.AnnotatedColumn - Binding column: AnnotatedColumn()
2026-02-02 21:23:18.799 [main] DEBUG org.hibernate.boot.model.internal.AnnotatedColumn - Binding column: AnnotatedColumn(column='asignaciones_KEY')
2026-02-02 21:23:18.799 [main] DEBUG org.hibernate.boot.model.internal.AnnotatedColumn - Binding column: AnnotatedJoinColumn(column='asignaciones_KEY')
2026-02-02 21:23:18.799 [main] DEBUG org.hibernate.boot.model.internal.AnnotatedColumn - Binding column: AnnotatedJoinColumn()
2026-02-02 21:23:18.800 [main] DEBUG org.hibernate.boot.model.internal.AnnotatedColumn - Binding column: AnnotatedJoinColumn()
2026-02-02 21:23:18.801 [main] DEBUG org.hibernate.boot.model.internal.CollectionBinder - Collection role: modelo.Lectura.asignaciones
2026-02-02 21:23:18.802 [main] DEBUG org.hibernate.boot.model.internal.PropertyBinder - Building property asignaciones
2026-02-02 21:23:18.803 [main] DEBUG org.hibernate.boot.model.internal.AnnotatedColumn - Binding column: AnnotatedColumn()
2026-02-02 21:23:18.803 [main] DEBUG org.hibernate.boot.model.internal.PropertyBinder - MetadataSourceProcessor property autor with lazy=false
2026-02-02 21:23:18.803 [main] DEBUG org.hibernate.boot.model.internal.AbstractPropertyHolder - Attempting to locate auto-apply AttributeConverter for property [modelo.Lectura:autor]
2026-02-02 21:23:18.803 [main] DEBUG org.hibernate.boot.model.internal.BasicValueBinder - building BasicValue for autor
2026-02-02 21:23:18.803 [main] DEBUG org.hibernate.mapping.BasicValue - Skipping column re-registration: lectura.autor
2026-02-02 21:23:18.803 [main] DEBUG org.hibernate.boot.model.internal.PropertyBinder - Building property autor
2026-02-02 21:23:18.803 [main] DEBUG org.hibernate.boot.model.internal.AnnotatedColumn - Binding column: AnnotatedColumn()
2026-02-02 21:23:18.803 [main] DEBUG org.hibernate.boot.model.internal.PropertyBinder - MetadataSourceProcessor property genero with lazy=false
2026-02-02 21:23:18.803 [main] DEBUG org.hibernate.boot.model.internal.AbstractPropertyHolder - Attempting to locate auto-apply AttributeConverter for property [modelo.Lectura:genero]
2026-02-02 21:23:18.803 [main] DEBUG org.hibernate.boot.model.internal.BasicValueBinder - building BasicValue for genero
2026-02-02 21:23:18.803 [main] DEBUG org.hibernate.mapping.BasicValue - Skipping column re-registration: lectura.genero
2026-02-02 21:23:18.803 [main] DEBUG org.hibernate.boot.model.internal.PropertyBinder - Building property genero
2026-02-02 21:23:18.805 [main] DEBUG org.hibernate.boot.model.internal.AnnotatedColumn - Binding column: AnnotatedColumn()
2026-02-02 21:23:18.805 [main] DEBUG org.hibernate.boot.model.internal.PropertyBinder - MetadataSourceProcessor property titulo with lazy=false
2026-02-02 21:23:18.805 [main] DEBUG org.hibernate.boot.model.internal.AbstractPropertyHolder - Attempting to locate auto-apply AttributeConverter for property [modelo.Lectura:titulo]
2026-02-02 21:23:18.805 [main] DEBUG org.hibernate.boot.model.internal.BasicValueBinder - building BasicValue for titulo
2026-02-02 21:23:18.805 [main] DEBUG org.hibernate.mapping.BasicValue - Skipping column re-registration: lectura.titulo
2026-02-02 21:23:18.805 [main] DEBUG org.hibernate.boot.model.internal.PropertyBinder - Building property titulo
2026-02-02 21:23:18.805 [main] DEBUG org.hibernate.boot.registry.classloading.internal.ClassLoaderServiceImpl - HHH000194: Package not found or wo package-info.java: modelo
2026-02-02 21:23:18.806 [main] DEBUG org.hibernate.boot.model.internal.EntityBinder - Binding entity from annotated class: modelo.Asignacion
2026-02-02 21:23:18.806 [main] DEBUG org.hibernate.boot.model.internal.EntityBinder - Import with entity name Asignacion
2026-02-02 21:23:18.807 [main] DEBUG org.hibernate.boot.model.internal.EntityBinder - Bind entity modelo.Asignacion on table asignacion
2026-02-02 21:23:18.807 [main] DEBUG org.hibernate.boot.model.internal.AnnotatedColumn - Binding column: AnnotatedDiscriminatorColumn(column='DTYPE')
2026-02-02 21:23:18.810 [main] DEBUG org.hibernate.boot.model.internal.AnnotatedColumn - Binding column: AnnotatedColumn()
2026-02-02 21:23:18.811 [main] DEBUG org.hibernate.boot.internal.ClassLoaderAccessImpl - Not known whether passed class name [modelo.Asignacion] is safe
2026-02-02 21:23:18.811 [main] DEBUG org.hibernate.boot.internal.ClassLoaderAccessImpl - No temp ClassLoader provided; using live ClassLoader for loading potentially unsafe class : modelo.Asignacion
2026-02-02 21:23:18.811 [main] DEBUG org.hibernate.boot.model.internal.PropertyBinder - MetadataSourceProcessor property id_asignacion with lazy=false
2026-02-02 21:23:18.811 [main] DEBUG org.hibernate.boot.model.internal.AbstractPropertyHolder - Attempting to locate auto-apply AttributeConverter for property [modelo.Asignacion:id_asignacion]
2026-02-02 21:23:18.811 [main] DEBUG org.hibernate.boot.model.internal.BasicValueBinder - building BasicValue for id_asignacion
2026-02-02 21:23:18.811 [main] DEBUG org.hibernate.mapping.BasicValue - Skipping column re-registration: asignacion.id_asignacion
2026-02-02 21:23:18.811 [main] DEBUG org.hibernate.boot.model.internal.PropertyBinder - Building property id_asignacion
2026-02-02 21:23:18.811 [main] DEBUG org.hibernate.boot.model.internal.BinderHelper - #makeIdGenerator(BasicValue([Column(id_asignacion)]), id_asignacion, identity, , ...)
2026-02-02 21:23:18.812 [main] DEBUG org.hibernate.boot.model.internal.AnnotatedColumn - Binding column: AnnotatedColumn()
2026-02-02 21:23:18.812 [main] DEBUG org.hibernate.boot.model.internal.PropertyBinder - MetadataSourceProcessor property codigoClase with lazy=false
2026-02-02 21:23:18.812 [main] DEBUG org.hibernate.boot.model.internal.AbstractPropertyHolder - Attempting to locate auto-apply AttributeConverter for property [modelo.Asignacion:codigoClase]
2026-02-02 21:23:18.812 [main] DEBUG org.hibernate.boot.model.internal.BasicValueBinder - building BasicValue for codigoClase
2026-02-02 21:23:18.812 [main] DEBUG org.hibernate.mapping.BasicValue - Skipping column re-registration: asignacion.codigoClase
2026-02-02 21:23:18.812 [main] DEBUG org.hibernate.boot.model.internal.PropertyBinder - Building property codigoClase
2026-02-02 21:23:18.814 [main] DEBUG org.hibernate.boot.model.internal.AnnotatedColumn - Binding column: AnnotatedJoinColumn(column='id_docente')
2026-02-02 21:23:18.814 [main] DEBUG org.hibernate.boot.model.internal.AnnotatedColumn - Binding column: AnnotatedColumn()
2026-02-02 21:23:18.814 [main] DEBUG org.hibernate.boot.model.internal.PropertyBinder - Building property docente
2026-02-02 21:23:18.814 [main] DEBUG org.hibernate.boot.model.internal.AnnotatedColumn - Binding column: AnnotatedColumn()
2026-02-02 21:23:18.814 [main] DEBUG org.hibernate.boot.model.internal.PropertyBinder - MetadataSourceProcessor property esObligatoria with lazy=false
2026-02-02 21:23:18.814 [main] DEBUG org.hibernate.boot.model.internal.AbstractPropertyHolder - Attempting to locate auto-apply AttributeConverter for property [modelo.Asignacion:esObligatoria]
2026-02-02 21:23:18.814 [main] DEBUG org.hibernate.boot.model.internal.BasicValueBinder - building BasicValue for esObligatoria
2026-02-02 21:23:18.814 [main] DEBUG org.hibernate.mapping.BasicValue - Skipping column re-registration: asignacion.esObligatoria
2026-02-02 21:23:18.814 [main] DEBUG org.hibernate.boot.model.internal.PropertyBinder - Building property esObligatoria
2026-02-02 21:23:18.814 [main] DEBUG org.hibernate.boot.model.internal.AnnotatedColumn - Binding column: AnnotatedJoinColumn(column='id_lectura')
2026-02-02 21:23:18.814 [main] DEBUG org.hibernate.boot.model.internal.AnnotatedColumn - Binding column: AnnotatedColumn()
2026-02-02 21:23:18.814 [main] DEBUG org.hibernate.boot.model.internal.PropertyBinder - Building property lectura
2026-02-02 21:23:18.815 [main] DEBUG org.hibernate.boot.model.internal.AnnotatedColumn - Binding column: AnnotatedColumn()
2026-02-02 21:23:18.815 [main] DEBUG org.hibernate.boot.model.internal.PropertyBinder - MetadataSourceProcessor property tituloAsignacion with lazy=false
2026-02-02 21:23:18.815 [main] DEBUG org.hibernate.boot.model.internal.AbstractPropertyHolder - Attempting to locate auto-apply AttributeConverter for property [modelo.Asignacion:tituloAsignacion]
2026-02-02 21:23:18.815 [main] DEBUG org.hibernate.boot.model.internal.BasicValueBinder - building BasicValue for tituloAsignacion
2026-02-02 21:23:18.815 [main] DEBUG org.hibernate.mapping.BasicValue - Skipping column re-registration: asignacion.tituloAsignacion
2026-02-02 21:23:18.815 [main] DEBUG org.hibernate.boot.model.internal.PropertyBinder - Building property tituloAsignacion
2026-02-02 21:23:18.815 [main] DEBUG org.hibernate.boot.model.internal.AnnotatedColumn - Binding column: AnnotatedColumn()
2026-02-02 21:23:18.815 [main] DEBUG org.hibernate.boot.model.internal.PropertyBinder - MetadataSourceProcessor property totalAlumnos with lazy=false
2026-02-02 21:23:18.815 [main] DEBUG org.hibernate.boot.model.internal.AbstractPropertyHolder - Attempting to locate auto-apply AttributeConverter for property [modelo.Asignacion:totalAlumnos]
2026-02-02 21:23:18.815 [main] DEBUG org.hibernate.boot.model.internal.BasicValueBinder - building BasicValue for totalAlumnos
2026-02-02 21:23:18.816 [main] DEBUG org.hibernate.mapping.BasicValue - Skipping column re-registration: asignacion.totalAlumnos
2026-02-02 21:23:18.816 [main] DEBUG org.hibernate.boot.model.internal.PropertyBinder - Building property totalAlumnos
2026-02-02 21:23:18.817 [main] DEBUG org.hibernate.boot.registry.classloading.internal.ClassLoaderServiceImpl - HHH000194: Package not found or wo package-info.java: modelo
2026-02-02 21:23:18.817 [main] DEBUG org.hibernate.boot.model.internal.EntityBinder - Binding entity from annotated class: modelo.Docente
2026-02-02 21:23:18.817 [main] DEBUG org.hibernate.boot.model.internal.EntityBinder - Import with entity name Docente
2026-02-02 21:23:18.818 [main] DEBUG org.hibernate.boot.model.internal.EntityBinder - Bind entity modelo.Docente on table docente
2026-02-02 21:23:18.818 [main] DEBUG org.hibernate.boot.model.internal.AnnotatedColumn - Binding column: AnnotatedDiscriminatorColumn(column='DTYPE')
2026-02-02 21:23:18.818 [main] DEBUG org.hibernate.boot.model.internal.AnnotatedColumn - Binding column: AnnotatedColumn()
2026-02-02 21:23:18.819 [main] DEBUG org.hibernate.boot.internal.ClassLoaderAccessImpl - Not known whether passed class name [modelo.Docente] is safe
2026-02-02 21:23:18.819 [main] DEBUG org.hibernate.boot.internal.ClassLoaderAccessImpl - No temp ClassLoader provided; using live ClassLoader for loading potentially unsafe class : modelo.Docente
2026-02-02 21:23:18.819 [main] DEBUG org.hibernate.boot.model.internal.PropertyBinder - MetadataSourceProcessor property id_docente with lazy=false
2026-02-02 21:23:18.819 [main] DEBUG org.hibernate.boot.model.internal.AbstractPropertyHolder - Attempting to locate auto-apply AttributeConverter for property [modelo.Docente:id_docente]
2026-02-02 21:23:18.819 [main] DEBUG org.hibernate.boot.model.internal.BasicValueBinder - building BasicValue for id_docente
2026-02-02 21:23:18.819 [main] DEBUG org.hibernate.mapping.BasicValue - Skipping column re-registration: docente.id_docente
2026-02-02 21:23:18.819 [main] DEBUG org.hibernate.boot.model.internal.PropertyBinder - Building property id_docente
2026-02-02 21:23:18.819 [main] DEBUG org.hibernate.boot.model.internal.BinderHelper - #makeIdGenerator(BasicValue([Column(id_docente)]), id_docente, identity, , ...)
2026-02-02 21:23:18.819 [main] DEBUG org.hibernate.boot.model.internal.AnnotatedColumn - Binding column: AnnotatedColumn()
2026-02-02 21:23:18.819 [main] DEBUG org.hibernate.boot.model.internal.PropertyBinder - MetadataSourceProcessor property edad with lazy=false
2026-02-02 21:23:18.819 [main] DEBUG org.hibernate.boot.model.internal.AbstractPropertyHolder - Attempting to locate auto-apply AttributeConverter for property [modelo.Docente:edad]
2026-02-02 21:23:18.819 [main] DEBUG org.hibernate.boot.model.internal.BasicValueBinder - building BasicValue for edad
2026-02-02 21:23:18.819 [main] DEBUG org.hibernate.mapping.BasicValue - Skipping column re-registration: docente.edad
2026-02-02 21:23:18.820 [main] DEBUG org.hibernate.boot.model.internal.PropertyBinder - Building property edad
2026-02-02 21:23:18.820 [main] DEBUG org.hibernate.boot.model.internal.AnnotatedColumn - Binding column: AnnotatedColumn()
2026-02-02 21:23:18.820 [main] DEBUG org.hibernate.boot.model.internal.PropertyBinder - MetadataSourceProcessor property especialidad with lazy=false
2026-02-02 21:23:18.820 [main] DEBUG org.hibernate.boot.model.internal.AbstractPropertyHolder - Attempting to locate auto-apply AttributeConverter for property [modelo.Docente:especialidad]
2026-02-02 21:23:18.820 [main] DEBUG org.hibernate.boot.model.internal.BasicValueBinder - building BasicValue for especialidad
2026-02-02 21:23:18.820 [main] DEBUG org.hibernate.mapping.BasicValue - Skipping column re-registration: docente.especialidad
2026-02-02 21:23:18.820 [main] DEBUG org.hibernate.boot.model.internal.PropertyBinder - Building property especialidad
2026-02-02 21:23:18.820 [main] DEBUG org.hibernate.boot.model.internal.AnnotatedColumn - Binding column: AnnotatedColumn()
2026-02-02 21:23:18.820 [main] DEBUG org.hibernate.boot.model.internal.PropertyBinder - MetadataSourceProcessor property nombre with lazy=false
2026-02-02 21:23:18.820 [main] DEBUG org.hibernate.boot.model.internal.AbstractPropertyHolder - Attempting to locate auto-apply AttributeConverter for property [modelo.Docente:nombre]
2026-02-02 21:23:18.820 [main] DEBUG org.hibernate.boot.model.internal.BasicValueBinder - building BasicValue for nombre
2026-02-02 21:23:18.820 [main] DEBUG org.hibernate.mapping.BasicValue - Skipping column re-registration: docente.nombre
2026-02-02 21:23:18.820 [main] DEBUG org.hibernate.boot.model.internal.PropertyBinder - Building property nombre
2026-02-02 21:23:18.820 [main] DEBUG org.hibernate.boot.registry.classloading.internal.ClassLoaderServiceImpl - HHH000194: Package not found or wo package-info.java: modelo
2026-02-02 21:23:18.821 [main] DEBUG org.hibernate.boot.model.internal.EntityBinder - Binding entity from annotated class: modelo.Logro
2026-02-02 21:23:18.821 [main] DEBUG org.hibernate.boot.model.internal.EntityBinder - Import with entity name Logro
2026-02-02 21:23:18.821 [main] DEBUG org.hibernate.boot.model.internal.EntityBinder - Bind entity modelo.Logro on table logro
2026-02-02 21:23:18.821 [main] DEBUG org.hibernate.boot.model.internal.AnnotatedColumn - Binding column: AnnotatedDiscriminatorColumn(column='DTYPE')
2026-02-02 21:23:18.822 [main] DEBUG org.hibernate.boot.model.internal.AnnotatedColumn - Binding column: AnnotatedColumn()
2026-02-02 21:23:18.822 [main] DEBUG org.hibernate.boot.internal.ClassLoaderAccessImpl - Not known whether passed class name [modelo.Logro] is safe
2026-02-02 21:23:18.822 [main] DEBUG org.hibernate.boot.internal.ClassLoaderAccessImpl - No temp ClassLoader provided; using live ClassLoader for loading potentially unsafe class : modelo.Logro
2026-02-02 21:23:18.822 [main] DEBUG org.hibernate.boot.model.internal.PropertyBinder - MetadataSourceProcessor property id_logro with lazy=false
2026-02-02 21:23:18.822 [main] DEBUG org.hibernate.boot.model.internal.AbstractPropertyHolder - Attempting to locate auto-apply AttributeConverter for property [modelo.Logro:id_logro]
2026-02-02 21:23:18.822 [main] DEBUG org.hibernate.boot.model.internal.BasicValueBinder - building BasicValue for id_logro
2026-02-02 21:23:18.822 [main] DEBUG org.hibernate.mapping.BasicValue - Skipping column re-registration: logro.id_logro
2026-02-02 21:23:18.824 [main] DEBUG org.hibernate.boot.model.internal.PropertyBinder - Building property id_logro
2026-02-02 21:23:18.824 [main] DEBUG org.hibernate.boot.model.internal.BinderHelper - #makeIdGenerator(BasicValue([Column(id_logro)]), id_logro, identity, , ...)
2026-02-02 21:23:18.824 [main] DEBUG org.hibernate.boot.model.internal.AnnotatedColumn - Binding column: AnnotatedColumn()
2026-02-02 21:23:18.824 [main] DEBUG org.hibernate.boot.model.internal.PropertyBinder - MetadataSourceProcessor property descripcion with lazy=false
2026-02-02 21:23:18.824 [main] DEBUG org.hibernate.boot.model.internal.AbstractPropertyHolder - Attempting to locate auto-apply AttributeConverter for property [modelo.Logro:descripcion]
2026-02-02 21:23:18.824 [main] DEBUG org.hibernate.boot.model.internal.BasicValueBinder - building BasicValue for descripcion
2026-02-02 21:23:18.824 [main] DEBUG org.hibernate.mapping.BasicValue - Skipping column re-registration: logro.descripcion
2026-02-02 21:23:18.824 [main] DEBUG org.hibernate.boot.model.internal.PropertyBinder - Building property descripcion
2026-02-02 21:23:18.825 [main] DEBUG org.hibernate.boot.model.internal.AnnotatedColumn - Binding column: IndexColumn(column='estudiantes_ORDER')
2026-02-02 21:23:18.825 [main] DEBUG org.hibernate.boot.model.internal.AnnotatedColumn - Binding column: AnnotatedColumn()
2026-02-02 21:23:18.825 [main] DEBUG org.hibernate.boot.model.internal.AnnotatedColumn - Binding column: AnnotatedColumn(column='estudiantes_KEY')
2026-02-02 21:23:18.825 [main] DEBUG org.hibernate.boot.model.internal.AnnotatedColumn - Binding column: AnnotatedJoinColumn(column='estudiantes_KEY')
2026-02-02 21:23:18.826 [main] DEBUG org.hibernate.boot.model.internal.AnnotatedColumn - Binding column: AnnotatedJoinColumn()
2026-02-02 21:23:18.826 [main] DEBUG org.hibernate.boot.model.internal.AnnotatedColumn - Binding column: AnnotatedJoinColumn()
2026-02-02 21:23:18.826 [main] DEBUG org.hibernate.boot.model.internal.CollectionBinder - Collection role: modelo.Logro.estudiantes
2026-02-02 21:23:18.827 [main] DEBUG org.hibernate.boot.model.internal.PropertyBinder - Building property estudiantes
2026-02-02 21:23:18.827 [main] DEBUG org.hibernate.boot.model.internal.AnnotatedColumn - Binding column: AnnotatedColumn()
2026-02-02 21:23:18.827 [main] DEBUG org.hibernate.boot.model.internal.PropertyBinder - MetadataSourceProcessor property nombreLogro with lazy=false
2026-02-02 21:23:18.827 [main] DEBUG org.hibernate.boot.model.internal.AbstractPropertyHolder - Attempting to locate auto-apply AttributeConverter for property [modelo.Logro:nombreLogro]
2026-02-02 21:23:18.827 [main] DEBUG org.hibernate.boot.model.internal.BasicValueBinder - building BasicValue for nombreLogro
2026-02-02 21:23:18.827 [main] DEBUG org.hibernate.mapping.BasicValue - Skipping column re-registration: logro.nombreLogro
2026-02-02 21:23:18.827 [main] DEBUG org.hibernate.boot.model.internal.PropertyBinder - Building property nombreLogro
2026-02-02 21:23:18.828 [main] DEBUG org.hibernate.boot.registry.classloading.internal.ClassLoaderServiceImpl - HHH000194: Package not found or wo package-info.java: modelo
2026-02-02 21:23:18.828 [main] DEBUG org.hibernate.boot.model.internal.EntityBinder - Binding entity from annotated class: modelo.Estudiante
2026-02-02 21:23:18.829 [main] DEBUG org.hibernate.boot.model.internal.EntityBinder - Import with entity name Estudiante
2026-02-02 21:23:18.829 [main] DEBUG org.hibernate.boot.model.internal.EntityBinder - Bind entity modelo.Estudiante on table estudiante
2026-02-02 21:23:18.829 [main] DEBUG org.hibernate.boot.model.internal.AnnotatedColumn - Binding column: AnnotatedDiscriminatorColumn(column='DTYPE')
2026-02-02 21:23:18.830 [main] DEBUG org.hibernate.boot.model.internal.AnnotatedColumn - Binding column: AnnotatedColumn()
2026-02-02 21:23:18.830 [main] DEBUG org.hibernate.boot.internal.ClassLoaderAccessImpl - Not known whether passed class name [modelo.Estudiante] is safe
2026-02-02 21:23:18.830 [main] DEBUG org.hibernate.boot.internal.ClassLoaderAccessImpl - No temp ClassLoader provided; using live ClassLoader for loading potentially unsafe class : modelo.Estudiante
2026-02-02 21:23:18.830 [main] DEBUG org.hibernate.boot.model.internal.PropertyBinder - MetadataSourceProcessor property id_estudiante with lazy=false
2026-02-02 21:23:18.830 [main] DEBUG org.hibernate.boot.model.internal.AbstractPropertyHolder - Attempting to locate auto-apply AttributeConverter for property [modelo.Estudiante:id_estudiante]
2026-02-02 21:23:18.830 [main] DEBUG org.hibernate.boot.model.internal.BasicValueBinder - building BasicValue for id_estudiante
2026-02-02 21:23:18.830 [main] DEBUG org.hibernate.mapping.BasicValue - Skipping column re-registration: estudiante.id_estudiante
2026-02-02 21:23:18.830 [main] DEBUG org.hibernate.boot.model.internal.PropertyBinder - Building property id_estudiante
2026-02-02 21:23:18.830 [main] DEBUG org.hibernate.boot.model.internal.BinderHelper - #makeIdGenerator(BasicValue([Column(id_estudiante)]), id_estudiante, identity, , ...)
2026-02-02 21:23:18.830 [main] DEBUG org.hibernate.boot.model.internal.AnnotatedColumn - Binding column: IndexColumn(column='logros_ORDER')
2026-02-02 21:23:18.831 [main] DEBUG org.hibernate.boot.model.internal.AnnotatedColumn - Binding column: AnnotatedColumn()
2026-02-02 21:23:18.831 [main] DEBUG org.hibernate.boot.model.internal.AnnotatedColumn - Binding column: AnnotatedColumn(column='logros_KEY')
2026-02-02 21:23:18.832 [main] DEBUG org.hibernate.boot.model.internal.AnnotatedColumn - Binding column: AnnotatedJoinColumn(column='logros_KEY')
2026-02-02 21:23:18.832 [main] DEBUG org.hibernate.boot.model.internal.AnnotatedColumn - Binding column: AnnotatedJoinColumn()
2026-02-02 21:23:18.832 [main] DEBUG org.hibernate.boot.model.internal.AnnotatedColumn - Binding column: AnnotatedJoinColumn()
2026-02-02 21:23:18.832 [main] DEBUG org.hibernate.boot.model.internal.CollectionBinder - Collection role: modelo.Estudiante.logros
2026-02-02 21:23:18.832 [main] DEBUG org.hibernate.boot.model.internal.PropertyBinder - Building property logros
2026-02-02 21:23:18.832 [main] DEBUG org.hibernate.boot.model.internal.AnnotatedColumn - Binding column: AnnotatedColumn()
2026-02-02 21:23:18.832 [main] DEBUG org.hibernate.boot.model.internal.PropertyBinder - MetadataSourceProcessor property nivelActual with lazy=false
2026-02-02 21:23:18.832 [main] DEBUG org.hibernate.boot.model.internal.AbstractPropertyHolder - Attempting to locate auto-apply AttributeConverter for property [modelo.Estudiante:nivelActual]
2026-02-02 21:23:18.833 [main] DEBUG org.hibernate.boot.model.internal.BasicValueBinder - building BasicValue for nivelActual
2026-02-02 21:23:18.833 [main] DEBUG org.hibernate.mapping.BasicValue - Skipping column re-registration: estudiante.nivelActual
2026-02-02 21:23:18.833 [main] DEBUG org.hibernate.boot.model.internal.PropertyBinder - Building property nivelActual
2026-02-02 21:23:18.833 [main] DEBUG org.hibernate.boot.model.internal.AnnotatedColumn - Binding column: AnnotatedColumn()
2026-02-02 21:23:18.833 [main] DEBUG org.hibernate.boot.model.internal.PropertyBinder - MetadataSourceProcessor property puntosXP with lazy=false
2026-02-02 21:23:18.833 [main] DEBUG org.hibernate.boot.model.internal.AbstractPropertyHolder - Attempting to locate auto-apply AttributeConverter for property [modelo.Estudiante:puntosXP]
2026-02-02 21:23:18.833 [main] DEBUG org.hibernate.boot.model.internal.BasicValueBinder - building BasicValue for puntosXP
2026-02-02 21:23:18.833 [main] DEBUG org.hibernate.mapping.BasicValue - Skipping column re-registration: estudiante.puntosXP
2026-02-02 21:23:18.833 [main] DEBUG org.hibernate.boot.model.internal.PropertyBinder - Building property puntosXP
2026-02-02 21:23:18.833 [main] DEBUG org.hibernate.boot.model.internal.AnnotatedColumn - Binding column: AnnotatedJoinColumn(column='id_usuario')
2026-02-02 21:23:18.834 [main] DEBUG org.hibernate.boot.model.internal.AnnotatedColumn - Binding column: AnnotatedColumn()
2026-02-02 21:23:18.834 [main] DEBUG org.hibernate.boot.model.internal.PropertyBinder - Building property usuario
2026-02-02 21:23:18.834 [main] DEBUG org.hibernate.boot.registry.classloading.internal.ClassLoaderServiceImpl - HHH000194: Package not found or wo package-info.java: modelo
2026-02-02 21:23:18.835 [main] DEBUG org.hibernate.boot.model.internal.BasicValueBinder - Starting `BasicValueBinder#fillSimpleValue` for id_usuario
2026-02-02 21:23:18.836 [main] DEBUG org.hibernate.boot.model.internal.BasicValueBinder - Starting `BasicValueBinder#fillSimpleValue` for edad
2026-02-02 21:23:18.836 [main] DEBUG org.hibernate.boot.model.internal.BasicValueBinder - Starting `BasicValueBinder#fillSimpleValue` for nombreCompleto
2026-02-02 21:23:18.837 [main] DEBUG org.hibernate.boot.model.internal.BasicValueBinder - Starting `BasicValueBinder#fillSimpleValue` for puntosPorLogro
2026-02-02 21:23:18.837 [main] DEBUG org.hibernate.boot.model.internal.BasicValueBinder - Starting `BasicValueBinder#fillSimpleValue` for rolPrincipal
2026-02-02 21:23:18.837 [main] DEBUG org.hibernate.boot.model.internal.BasicValueBinder - Starting `BasicValueBinder#fillSimpleValue` for tipoUsuario
2026-02-02 21:23:18.838 [main] DEBUG org.hibernate.boot.model.internal.BasicValueBinder - Starting `BasicValueBinder#fillSimpleValue` for id_lectura
2026-02-02 21:23:18.838 [main] DEBUG org.hibernate.boot.model.internal.BasicValueBinder - Starting `BasicValueBinder#fillSimpleValue` for autor
2026-02-02 21:23:18.838 [main] DEBUG org.hibernate.boot.model.internal.BasicValueBinder - Starting `BasicValueBinder#fillSimpleValue` for genero
2026-02-02 21:23:18.838 [main] DEBUG org.hibernate.boot.model.internal.BasicValueBinder - Starting `BasicValueBinder#fillSimpleValue` for titulo
2026-02-02 21:23:18.838 [main] DEBUG org.hibernate.boot.model.internal.BasicValueBinder - Starting `BasicValueBinder#fillSimpleValue` for id_asignacion
2026-02-02 21:23:18.838 [main] DEBUG org.hibernate.boot.model.internal.BasicValueBinder - Starting `BasicValueBinder#fillSimpleValue` for codigoClase
2026-02-02 21:23:18.838 [main] DEBUG org.hibernate.boot.model.internal.BasicValueBinder - Starting `BasicValueBinder#fillSimpleValue` for esObligatoria
2026-02-02 21:23:18.838 [main] DEBUG org.hibernate.boot.model.internal.BasicValueBinder - Starting `BasicValueBinder#fillSimpleValue` for tituloAsignacion
2026-02-02 21:23:18.838 [main] DEBUG org.hibernate.boot.model.internal.BasicValueBinder - Starting `BasicValueBinder#fillSimpleValue` for totalAlumnos
2026-02-02 21:23:18.838 [main] DEBUG org.hibernate.boot.model.internal.BasicValueBinder - Starting `BasicValueBinder#fillSimpleValue` for id_docente
2026-02-02 21:23:18.838 [main] DEBUG org.hibernate.boot.model.internal.BasicValueBinder - Starting `BasicValueBinder#fillSimpleValue` for edad
2026-02-02 21:23:18.838 [main] DEBUG org.hibernate.boot.model.internal.BasicValueBinder - Starting `BasicValueBinder#fillSimpleValue` for especialidad
2026-02-02 21:23:18.838 [main] DEBUG org.hibernate.boot.model.internal.BasicValueBinder - Starting `BasicValueBinder#fillSimpleValue` for nombre
2026-02-02 21:23:18.838 [main] DEBUG org.hibernate.boot.model.internal.BasicValueBinder - Starting `BasicValueBinder#fillSimpleValue` for id_logro
2026-02-02 21:23:18.838 [main] DEBUG org.hibernate.boot.model.internal.BasicValueBinder - Starting `BasicValueBinder#fillSimpleValue` for descripcion
2026-02-02 21:23:18.838 [main] DEBUG org.hibernate.boot.model.internal.BasicValueBinder - Starting `BasicValueBinder#fillSimpleValue` for nombreLogro
2026-02-02 21:23:18.838 [main] DEBUG org.hibernate.boot.model.internal.BasicValueBinder - Starting `BasicValueBinder#fillSimpleValue` for id_estudiante
2026-02-02 21:23:18.838 [main] DEBUG org.hibernate.boot.model.internal.BasicValueBinder - Starting `BasicValueBinder#fillSimpleValue` for nivelActual
2026-02-02 21:23:18.838 [main] DEBUG org.hibernate.boot.model.internal.BasicValueBinder - Starting `BasicValueBinder#fillSimpleValue` for puntosXP
2026-02-02 21:23:18.845 [main] DEBUG org.hibernate.mapping.PrimaryKey - Forcing column [id_usuario] to be non-null as it is part of the primary key for table [usuario]
2026-02-02 21:23:18.845 [main] DEBUG org.hibernate.mapping.PrimaryKey - Forcing column [id_lectura] to be non-null as it is part of the primary key for table [lectura]
2026-02-02 21:23:18.845 [main] DEBUG org.hibernate.mapping.PrimaryKey - Forcing column [id_asignacion] to be non-null as it is part of the primary key for table [asignacion]
2026-02-02 21:23:18.845 [main] DEBUG org.hibernate.mapping.PrimaryKey - Forcing column [id_docente] to be non-null as it is part of the primary key for table [docente]
2026-02-02 21:23:18.845 [main] DEBUG org.hibernate.mapping.PrimaryKey - Forcing column [id_logro] to be non-null as it is part of the primary key for table [logro]
2026-02-02 21:23:18.845 [main] DEBUG org.hibernate.mapping.PrimaryKey - Forcing column [id_estudiante] to be non-null as it is part of the primary key for table [estudiante]
2026-02-02 21:23:18.845 [main] DEBUG org.hibernate.boot.model.internal.CollectionSecondPass - Second pass for collection: modelo.Logro.estudiantes
2026-02-02 21:23:18.845 [main] DEBUG org.hibernate.boot.model.internal.CollectionBinder - Binding a ManyToMany: modelo.Logro.estudiantes
2026-02-02 21:23:18.847 [main] DEBUG org.hibernate.boot.registry.classloading.internal.ClassLoaderServiceImpl - HHH000194: Package not found or wo package-info.java: modelo
2026-02-02 21:23:18.852 [main] DEBUG org.hibernate.mapping.PrimaryKey - Forcing column [logros_id_logro] to be non-null as it is part of the primary key for table [logro_estudiante]
2026-02-02 21:23:18.852 [main] DEBUG org.hibernate.mapping.PrimaryKey - Forcing column [estudiantes_id_estudiante] to be non-null as it is part of the primary key for table [logro_estudiante]
2026-02-02 21:23:18.852 [main] DEBUG org.hibernate.boot.model.internal.CollectionSecondPass - Mapped collection key: logros_id_logro, element: estudiantes_id_estudiante
2026-02-02 21:23:18.853 [main] DEBUG org.hibernate.boot.model.internal.CollectionSecondPass - Second pass for collection: modelo.Lectura.asignaciones
2026-02-02 21:23:18.853 [main] DEBUG org.hibernate.boot.model.internal.CollectionBinder - Binding a OneToMany: modelo.Lectura.asignaciones through a foreign key
2026-02-02 21:23:18.853 [main] DEBUG org.hibernate.boot.model.internal.CollectionBinder - Mapping collection: modelo.Lectura.asignaciones -> asignacion
2026-02-02 21:23:18.854 [main] DEBUG org.hibernate.boot.model.internal.TableBinder - Retrieving property modelo.Asignacion.lectura
2026-02-02 21:23:18.854 [main] DEBUG org.hibernate.boot.model.internal.CollectionSecondPass - Mapped collection key: id_lectura, one-to-many: modelo.Asignacion
2026-02-02 21:23:18.855 [main] DEBUG org.hibernate.boot.model.internal.CollectionSecondPass - Second pass for collection: modelo.Estudiante.logros
2026-02-02 21:23:18.855 [main] DEBUG org.hibernate.boot.model.internal.CollectionBinder - Binding a ManyToMany: modelo.Estudiante.logros
2026-02-02 21:23:18.855 [main] DEBUG org.hibernate.boot.registry.classloading.internal.ClassLoaderServiceImpl - HHH000194: Package not found or wo package-info.java: modelo
2026-02-02 21:23:18.855 [main] DEBUG org.hibernate.boot.model.internal.TableBinder - Retrieving property modelo.Logro.estudiantes
2026-02-02 21:23:18.855 [main] DEBUG org.hibernate.boot.model.internal.CollectionSecondPass - Mapped collection key: estudiantes_id_estudiante, element: logros_id_logro
2026-02-02 21:23:18.855 [main] DEBUG org.hibernate.boot.internal.InFlightMetadataCollectorImpl - Resolving reference to class: modelo.Docente
2026-02-02 21:23:18.857 [main] DEBUG org.hibernate.boot.internal.InFlightMetadataCollectorImpl - Resolving reference to class: modelo.Lectura
2026-02-02 21:23:18.857 [main] DEBUG org.hibernate.boot.internal.InFlightMetadataCollectorImpl - Resolving reference to class: modelo.Usuario
2026-02-02 21:23:18.857 [main] DEBUG org.hibernate.boot.internal.InFlightMetadataCollectorImpl - Resolving reference to class: modelo.Estudiante
2026-02-02 21:23:18.858 [main] DEBUG org.hibernate.boot.internal.InFlightMetadataCollectorImpl - Resolving reference to class: modelo.Logro
2026-02-02 21:23:18.858 [main] DEBUG org.hibernate.boot.internal.InFlightMetadataCollectorImpl - Resolving reference to class: modelo.Estudiante
2026-02-02 21:23:18.873 [main] DEBUG org.hibernate.boot.internal.InFlightMetadataCollectorImpl - Resolving reference to class: modelo.Docente
2026-02-02 21:23:18.873 [main] DEBUG org.hibernate.boot.internal.InFlightMetadataCollectorImpl - Resolving reference to class: modelo.Lectura
2026-02-02 21:23:18.873 [main] DEBUG org.hibernate.boot.internal.InFlightMetadataCollectorImpl - Resolving reference to class: modelo.Usuario
2026-02-02 21:23:18.873 [main] DEBUG org.hibernate.boot.internal.InFlightMetadataCollectorImpl - Resolving reference to class: modelo.Estudiante
2026-02-02 21:23:18.873 [main] DEBUG org.hibernate.boot.internal.InFlightMetadataCollectorImpl - Resolving reference to class: modelo.Logro
2026-02-02 21:23:18.874 [main] DEBUG org.hibernate.boot.internal.InFlightMetadataCollectorImpl - Resolving reference to class: modelo.Estudiante
2026-02-02 21:23:19.014 [main] DEBUG org.hibernate.internal.SessionFactoryImpl - Building session factory
2026-02-02 21:23:19.046 [main] DEBUG org.hibernate.service.internal.SessionFactoryServiceRegistryImpl - EventListenerRegistry access via ServiceRegistry is deprecated.  Use `sessionFactory.getEventEngine().getListenerRegistry()` instead
2026-02-02 21:23:19.046 [main] DEBUG org.hibernate.internal.SessionFactoryImpl - Instantiating SessionFactory with settings: {hibernate.format_sql=true, java.specification.version=21, sun.cpu.isalist=amd64, sun.jnu.encoding=Cp1252, hibernate.dialect=org.hibernate.dialect.MySQLDialect, java.class.path=C:\Users\Usuario\OneDrive\Desktop\SegundoDAM\Acceso a Datos\LitMindHibernate\target\classes;C:\Users\Usuario\.m2\repository\org\hibernate\orm\hibernate-core\6.4.4.Final\hibernate-core-6.4.4.Final.jar;C:\Users\Usuario\.m2\repository\jakarta\transaction\jakarta.transaction-api\2.0.1\jakarta.transaction-api-2.0.1.jar;C:\Users\Usuario\.m2\repository\org\jboss\logging\jboss-logging\3.5.0.Final\jboss-logging-3.5.0.Final.jar;C:\Users\Usuario\.m2\repository\org\hibernate\common\hibernate-commons-annotations\6.0.6.Final\hibernate-commons-annotations-6.0.6.Final.jar;C:\Users\Usuario\.m2\repository\io\smallrye\jandex\3.1.2\jandex-3.1.2.jar;C:\Users\Usuario\.m2\repository\com\fasterxml\classmate\1.5.1\classmate-1.5.1.jar;C:\Users\Usuario\.m2\repository\net\bytebuddy\byte-buddy\1.14.11\byte-buddy-1.14.11.jar;C:\Users\Usuario\.m2\repository\jakarta\xml\bind\jakarta.xml.bind-api\4.0.0\jakarta.xml.bind-api-4.0.0.jar;C:\Users\Usuario\.m2\repository\jakarta\activation\jakarta.activation-api\2.1.0\jakarta.activation-api-2.1.0.jar;C:\Users\Usuario\.m2\repository\org\glassfish\jaxb\jaxb-runtime\4.0.2\jaxb-runtime-4.0.2.jar;C:\Users\Usuario\.m2\repository\org\glassfish\jaxb\jaxb-core\4.0.2\jaxb-core-4.0.2.jar;C:\Users\Usuario\.m2\repository\org\eclipse\angus\angus-activation\2.0.0\angus-activation-2.0.0.jar;C:\Users\Usuario\.m2\repository\org\glassfish\jaxb\txw2\4.0.2\txw2-4.0.2.jar;C:\Users\Usuario\.m2\repository\com\sun\istack\istack-commons-runtime\4.1.1\istack-commons-runtime-4.1.1.jar;C:\Users\Usuario\.m2\repository\jakarta\inject\jakarta.inject-api\2.0.1\jakarta.inject-api-2.0.1.jar;C:\Users\Usuario\.m2\repository\org\antlr\antlr4-runtime\4.13.0\antlr4-runtime-4.13.0.jar;C:\Users\Usuario\.m2\repository\com\mysql\mysql-connector-j\8.4.0\mysql-connector-j-8.4.0.jar;C:\Users\Usuario\.m2\repository\com\google\protobuf\protobuf-java\3.25.1\protobuf-java-3.25.1.jar;C:\Users\Usuario\.m2\repository\jakarta\persistence\jakarta.persistence-api\3.1.0\jakarta.persistence-api-3.1.0.jar;C:\Users\Usuario\.m2\repository\org\apache\logging\log4j\log4j-api\2.13.0\log4j-api-2.13.0.jar;C:\Users\Usuario\.m2\repository\org\apache\logging\log4j\log4j-core\2.13.0\log4j-core-2.13.0.jar;C:\Users\Usuario\.m2\repository\com\google\code\gson\gson\2.10.1\gson-2.10.1.jar, java.vm.vendor=Oracle Corporation, sun.arch.data.model=64, user.variant=, java.vendor.url=https://java.oracle.com/, user.timezone=Europe/Madrid, org.apache.logging.log4j.assignedSequences=1091, java.vm.specification.version=21, os.name=Windows 11, sun.java.launcher=SUN_STANDARD, user.country=ES, sun.boot.library.path=C:\Program Files\Java\jdk-21\bin, sun.java.command=controlador.GestionaUsuarios, jdk.debug=release, sun.cpu.endian=little, user.home=C:\Users\Usuario, user.language=es, java.specification.vendor=Oracle Corporation, java.version.date=2025-07-15, java.home=C:\Program Files\Java\jdk-21, file.separator=\, java.vm.compressedOopsMode=Zero based, line.separator=
, java.vm.specification.vendor=Oracle Corporation, java.specification.name=Java Platform API Specification, hibernate.hbm2ddl.auto=create, user.script=, sun.management.compiler=HotSpot 64-Bit Tiered Compilers, java.runtime.version=21.0.8+12-LTS-250, user.name=Usuario, stdout.encoding=UTF-8, path.separator=;, hibernate.connection.username=****, os.version=10.0, java.runtime.name=Java(TM) SE Runtime Environment, hibernate.connection.url=jdbc:mysql://localhost:3307/LitMind?useSSL=false&serverTimezone=UTC, file.encoding=UTF-8, java.vm.name=Java HotSpot(TM) 64-Bit Server VM, hibernate.show_sql=true, hibernate.connection.driver_class=com.mysql.cj.jdbc.Driver, java.vendor.url.bug=https://bugreport.java.com/bugreport/, java.io.tmpdir=C:\Users\Usuario\AppData\Local\Temp\, java.version=21.0.8, user.dir=C:\Users\Usuario\OneDrive\Desktop\SegundoDAM\Acceso a Datos\LitMindHibernate, os.arch=amd64, java.vm.specification.name=Java Virtual Machine Specification, hibernate.connection.password=****, sun.os.patch.level=, hibernate.boot.CfgXmlAccessService.key=org.hibernate.boot.cfgxml.spi.LoadedConfig@493ac8d3, native.encoding=Cp1252, java.library.path=C:\Program Files\Java\jdk-21\bin;C:\WINDOWS\Sun\Java\bin;C:\WINDOWS\system32;C:\WINDOWS;C:/Users/Usuario/OneDrive/Desktop/sts-4.31.0.RELEASE/sts-4.31.0.RELEASE//plugins/org.eclipse.justj.openjdk.hotspot.jre.full.win32.x86_64_21.0.7.v20250502-0916/jre/bin/server;C:/Users/Usuario/OneDrive/Desktop/sts-4.31.0.RELEASE/sts-4.31.0.RELEASE//plugins/org.eclipse.justj.openjdk.hotspot.jre.full.win32.x86_64_21.0.7.v20250502-0916/jre/bin;C:\Program Files\Common Files\Oracle\Java\javapath;C:\Program Files (x86)\Common Files\Oracle\Java\javapath;C:\WINDOWS\system32;C:\WINDOWS;C:\WINDOWS\System32\Wbem;C:\WINDOWS\System32\WindowsPowerShell\v1.0\;C:\WINDOWS\System32\OpenSSH\;C:\Program Files (x86)\NVIDIA Corporation\PhysX\Common;C:\Program Files\dotnet\;C:\Program Files\Git\cmd;C:\Program Files\NVIDIA Corporation\NVIDIA App\NvDLISR;C:\Program Files\WireGuard\;C:\Program Files\nodejs\;C:\Program Files\Docker\Docker\resources\bin;C:\Users\Usuario\AppData\Local\Programs\Python\Python311\Scripts\;C:\Users\Usuario\AppData\Local\Programs\Python\Python311\;C:\Users\Usuario\AppData\Local\Programs\Python\Python313\Scripts\;C:\Users\Usuario\AppData\Local\Programs\Python\Python313\;C:\Users\Usuario\AppData\Local\Programs\Python\Launcher\;C:\Users\Usuario\AppData\Local\Microsoft\WindowsApps;C:\Users\Usuario\AppData\Local\Programs\Microsoft VS Code\bin;C:\Users\Usuario\AppData\Local\GitHubDesktop\bin;C:\Users\Usuario\AppData\Local\spicetify;C:\Users\Usuario\AppData\Roaming\npm;C:\Program Files (x86)\MongoDB Atlas CLI\;C:\Users\Usuario\OneDrive\Desktop\sts-4.31.0.RELEASE\sts-4.31.0.RELEASE;;., stderr.encoding=UTF-8, java.vendor=Oracle Corporation, java.vm.info=mixed mode, sharing, java.vm.version=21.0.8+12-LTS-250, sun.io.unicode.encoding=UnicodeLittle, java.class.version=65.0}
2026-02-02 21:23:19.050 [main] DEBUG org.hibernate.internal.SessionFactoryImpl - Session factory constructed with filter configurations : {}
2026-02-02 21:23:19.077 [main] DEBUG org.hibernate.query.sqm.function.SqmFunctionRegistry - Registered SqmFunctionTemplate [NamedSqmFunctionTemplate(max)] under max; prior registration was null
2026-02-02 21:23:19.077 [main] DEBUG org.hibernate.query.sqm.function.SqmFunctionRegistry - Registered SqmFunctionTemplate [NamedSqmFunctionTemplate(min)] under min; prior registration was null
2026-02-02 21:23:19.077 [main] DEBUG org.hibernate.query.sqm.function.SqmFunctionRegistry - Registered SqmFunctionTemplate [NamedSqmFunctionTemplate(sum)] under sum; prior registration was null
2026-02-02 21:23:19.078 [main] DEBUG org.hibernate.query.sqm.function.SqmFunctionRegistry - Registered SqmFunctionTemplate [NamedSqmFunctionTemplate(avg)] under avg; prior registration was null
2026-02-02 21:23:19.078 [main] DEBUG org.hibernate.query.sqm.function.SqmFunctionRegistry - Registered SqmFunctionTemplate [org.hibernate.dialect.function.CountFunction@75b6dd5b] under count; prior registration was null
2026-02-02 21:23:19.080 [main] DEBUG org.hibernate.query.sqm.function.SqmFunctionRegistry - Registered SqmFunctionTemplate [org.hibernate.dialect.function.EveryAnyEmulation@58f4b31a] under every; prior registration was null
2026-02-02 21:23:19.080 [main] DEBUG org.hibernate.query.sqm.function.SqmFunctionRegistry - Registered SqmFunctionTemplate [org.hibernate.dialect.function.EveryAnyEmulation@21a9a705] under any; prior registration was null
2026-02-02 21:23:19.080 [main] DEBUG org.hibernate.query.sqm.function.SqmFunctionRegistry - Registered SqmFunctionTemplate [NamedSqmFunctionTemplate(floor)] under floor; prior registration was null
2026-02-02 21:23:19.080 [main] DEBUG org.hibernate.query.sqm.function.SqmFunctionRegistry - Registered SqmFunctionTemplate [NamedSqmFunctionTemplate(ceiling)] under ceiling; prior registration was null
2026-02-02 21:23:19.080 [main] DEBUG org.hibernate.query.sqm.function.SqmFunctionRegistry - Registered SqmFunctionTemplate [NamedSqmFunctionTemplate(mod)] under mod; prior registration was null
2026-02-02 21:23:19.080 [main] DEBUG org.hibernate.query.sqm.function.SqmFunctionRegistry - Registered SqmFunctionTemplate [NamedSqmFunctionTemplate(abs)] under abs; prior registration was null
2026-02-02 21:23:19.080 [main] DEBUG org.hibernate.query.sqm.function.SqmFunctionRegistry - Registered SqmFunctionTemplate [NamedSqmFunctionTemplate(sign)] under sign; prior registration was null
2026-02-02 21:23:19.080 [main] DEBUG org.hibernate.query.sqm.function.SqmFunctionRegistry - Registered SqmFunctionTemplate [NamedSqmFunctionTemplate(sqrt)] under sqrt; prior registration was null
2026-02-02 21:23:19.080 [main] DEBUG org.hibernate.query.sqm.function.SqmFunctionRegistry - Registered SqmFunctionTemplate [NamedSqmFunctionTemplate(ln)] under ln; prior registration was null
2026-02-02 21:23:19.080 [main] DEBUG org.hibernate.query.sqm.function.SqmFunctionRegistry - Registered SqmFunctionTemplate [NamedSqmFunctionTemplate(exp)] under exp; prior registration was null
2026-02-02 21:23:19.081 [main] DEBUG org.hibernate.query.sqm.function.SqmFunctionRegistry - Registered SqmFunctionTemplate [NamedSqmFunctionTemplate(power)] under power; prior registration was null
2026-02-02 21:23:19.081 [main] DEBUG org.hibernate.query.sqm.function.SqmFunctionRegistry - Registered SqmFunctionTemplate [NamedSqmFunctionTemplate(round)] under round; prior registration was null
2026-02-02 21:23:19.081 [main] DEBUG org.hibernate.query.sqm.function.SqmFunctionRegistry - Registered SqmFunctionTemplate [NamedSqmFunctionTemplate(sin)] under sin; prior registration was null
2026-02-02 21:23:19.081 [main] DEBUG org.hibernate.query.sqm.function.SqmFunctionRegistry - Registered SqmFunctionTemplate [NamedSqmFunctionTemplate(cos)] under cos; prior registration was null
2026-02-02 21:23:19.081 [main] DEBUG org.hibernate.query.sqm.function.SqmFunctionRegistry - Registered SqmFunctionTemplate [NamedSqmFunctionTemplate(tan)] under tan; prior registration was null
2026-02-02 21:23:19.081 [main] DEBUG org.hibernate.query.sqm.function.SqmFunctionRegistry - Registered SqmFunctionTemplate [NamedSqmFunctionTemplate(asin)] under asin; prior registration was null
2026-02-02 21:23:19.081 [main] DEBUG org.hibernate.query.sqm.function.SqmFunctionRegistry - Registered SqmFunctionTemplate [NamedSqmFunctionTemplate(acos)] under acos; prior registration was null
2026-02-02 21:23:19.081 [main] DEBUG org.hibernate.query.sqm.function.SqmFunctionRegistry - Registered SqmFunctionTemplate [NamedSqmFunctionTemplate(atan)] under atan; prior registration was null
2026-02-02 21:23:19.081 [main] DEBUG org.hibernate.query.sqm.function.SqmFunctionRegistry - Registered SqmFunctionTemplate [NamedSqmFunctionTemplate(atan2)] under atan2; prior registration was null
2026-02-02 21:23:19.082 [main] DEBUG org.hibernate.query.sqm.function.SqmFunctionRegistry - Registered SqmFunctionTemplate [org.hibernate.query.sqm.function.PatternBasedSqmFunctionDescriptor@2e32fc22] under sinh; prior registration was null
2026-02-02 21:23:19.082 [main] DEBUG org.hibernate.query.sqm.function.SqmFunctionRegistry - Registered SqmFunctionTemplate [org.hibernate.query.sqm.function.PatternBasedSqmFunctionDescriptor@3f5156a6] under cosh; prior registration was null
2026-02-02 21:23:19.082 [main] DEBUG org.hibernate.query.sqm.function.SqmFunctionRegistry - Registered SqmFunctionTemplate [org.hibernate.query.sqm.function.PatternBasedSqmFunctionDescriptor@72bdd7c7] under tanh; prior registration was null
2026-02-02 21:23:19.082 [main] DEBUG org.hibernate.query.sqm.function.SqmFunctionRegistry - Registered SqmFunctionTemplate [org.hibernate.query.sqm.function.PatternBasedSqmFunctionDescriptor@7d17ee50] under pi; prior registration was null
2026-02-02 21:23:19.082 [main] DEBUG org.hibernate.query.sqm.function.SqmFunctionRegistry - Registered SqmFunctionTemplate [org.hibernate.query.sqm.function.PatternBasedSqmFunctionDescriptor@44fdce3c] under log; prior registration was null
2026-02-02 21:23:19.082 [main] DEBUG org.hibernate.query.sqm.function.SqmFunctionRegistry - Registered SqmFunctionTemplate [NamedSqmFunctionTemplate(coalesce)] under coalesce; prior registration was null
2026-02-02 21:23:19.083 [main] DEBUG org.hibernate.query.sqm.function.SqmFunctionRegistry - Registered SqmFunctionTemplate [NamedSqmFunctionTemplate(nullif)] under nullif; prior registration was null
2026-02-02 21:23:19.083 [main] DEBUG org.hibernate.query.sqm.function.SqmFunctionRegistry - Registered SqmFunctionTemplate [NamedSqmFunctionTemplate(left)] under left; prior registration was null
2026-02-02 21:23:19.083 [main] DEBUG org.hibernate.query.sqm.function.SqmFunctionRegistry - Registered SqmFunctionTemplate [NamedSqmFunctionTemplate(right)] under right; prior registration was null
2026-02-02 21:23:19.083 [main] DEBUG org.hibernate.query.sqm.function.SqmFunctionRegistry - Registered SqmFunctionTemplate [NamedSqmFunctionTemplate(replace)] under replace; prior registration was null
2026-02-02 21:23:19.083 [main] DEBUG org.hibernate.query.sqm.function.SqmFunctionRegistry - Registered SqmFunctionTemplate [NamedSqmFunctionTemplate(concat)] under concat; prior registration was null
2026-02-02 21:23:19.083 [main] DEBUG org.hibernate.query.sqm.function.SqmFunctionRegistry - Registered SqmFunctionTemplate [NamedSqmFunctionTemplate(lower)] under lower; prior registration was null
2026-02-02 21:23:19.083 [main] DEBUG org.hibernate.query.sqm.function.SqmFunctionRegistry - Registered SqmFunctionTemplate [NamedSqmFunctionTemplate(upper)] under upper; prior registration was null
2026-02-02 21:23:19.083 [main] DEBUG org.hibernate.query.sqm.function.SqmFunctionRegistry - Registered SqmFunctionTemplate [NamedSqmFunctionTemplate(substring)] under substring; prior registration was null
2026-02-02 21:23:19.083 [main] DEBUG org.hibernate.query.sqm.function.SqmFunctionRegistry - Registered SqmFunctionTemplate [NamedSqmFunctionTemplate(locate)] under locate; prior registration was null
2026-02-02 21:23:19.083 [main] DEBUG org.hibernate.query.sqm.function.SqmFunctionRegistry - Registered SqmFunctionTemplate [NamedSqmFunctionTemplate(character_length)] under character_length; prior registration was null
2026-02-02 21:23:19.083 [main] DEBUG org.hibernate.query.sqm.function.SqmFunctionRegistry - Registering alternate key : length -> character_length
2026-02-02 21:23:19.083 [main] DEBUG org.hibernate.query.sqm.function.SqmFunctionRegistry - Registered SqmFunctionTemplate [org.hibernate.dialect.function.LocatePositionEmulation@ffd4cba] under position; prior registration was null
2026-02-02 21:23:19.085 [main] DEBUG org.hibernate.query.sqm.function.SqmFunctionRegistry - Registered SqmFunctionTemplate [org.hibernate.dialect.function.InsertSubstringOverlayEmulation@6c8dbf56] under overlay; prior registration was null
2026-02-02 21:23:19.085 [main] DEBUG org.hibernate.query.sqm.function.SqmFunctionRegistry - Registered SqmFunctionTemplate [org.hibernate.dialect.function.TrimFunction@54089484] under trim; prior registration was null
2026-02-02 21:23:19.086 [main] DEBUG org.hibernate.query.sqm.function.SqmFunctionRegistry - Registered SqmFunctionTemplate [org.hibernate.dialect.function.CastFunction@273a5a8a] under cast; prior registration was null
2026-02-02 21:23:19.086 [main] DEBUG org.hibernate.query.sqm.function.SqmFunctionRegistry - Registered SqmFunctionTemplate [org.hibernate.query.sqm.function.PatternBasedSqmFunctionDescriptor@1823b9c4] under collate; prior registration was null
2026-02-02 21:23:19.086 [main] DEBUG org.hibernate.query.sqm.function.SqmFunctionRegistry - Registered SqmFunctionTemplate [org.hibernate.dialect.function.ExtractFunction@fb49fdf] under extract; prior registration was null
2026-02-02 21:23:19.086 [main] DEBUG org.hibernate.query.sqm.function.SqmFunctionRegistry - Registered SqmFunctionTemplate [NamedSqmFunctionTemplate(least)] under least; prior registration was null
2026-02-02 21:23:19.086 [main] DEBUG org.hibernate.query.sqm.function.SqmFunctionRegistry - Registered SqmFunctionTemplate [NamedSqmFunctionTemplate(greatest)] under greatest; prior registration was null
2026-02-02 21:23:19.087 [main] DEBUG org.hibernate.query.sqm.function.SqmFunctionRegistry - Registered SqmFunctionTemplate [org.hibernate.dialect.function.CoalesceIfnullEmulation@3b2553d9] under ifnull; prior registration was null
2026-02-02 21:23:19.087 [main] DEBUG org.hibernate.query.sqm.function.SqmFunctionRegistry - Registered SqmFunctionTemplate [NamedSqmFunctionTemplate(lpad)] under lpad; prior registration was null
2026-02-02 21:23:19.087 [main] DEBUG org.hibernate.query.sqm.function.SqmFunctionRegistry - Registered SqmFunctionTemplate [NamedSqmFunctionTemplate(rpad)] under rpad; prior registration was null
2026-02-02 21:23:19.087 [main] DEBUG org.hibernate.query.sqm.function.SqmFunctionRegistry - Registered SqmFunctionTemplate [org.hibernate.dialect.function.LpadRpadPadEmulation@309cedb6] under pad; prior registration was null
2026-02-02 21:23:19.087 [main] DEBUG org.hibernate.query.sqm.function.SqmFunctionRegistry - Registered SqmFunctionTemplate [org.hibernate.dialect.function.CastStrEmulation@7b3cde6f] under str; prior registration was null
2026-02-02 21:23:19.088 [main] DEBUG org.hibernate.query.sqm.function.SqmFunctionRegistry - Registered SqmFunctionTemplate [org.hibernate.dialect.function.FormatFunction@76fe6cdc] under format; prior registration was null
2026-02-02 21:23:19.088 [main] DEBUG org.hibernate.query.sqm.function.SqmFunctionRegistry - Registered SqmFunctionTemplate [org.hibernate.dialect.function.TimestampaddFunction@431e86b1] under timestampadd; prior registration was null
2026-02-02 21:23:19.088 [main] DEBUG org.hibernate.query.sqm.function.SqmFunctionRegistry - Registered SqmFunctionTemplate [org.hibernate.dialect.function.TimestampdiffFunction@5584d9c6] under timestampdiff; prior registration was null
2026-02-02 21:23:19.088 [main] DEBUG org.hibernate.query.sqm.function.SqmFunctionRegistry - Registering alternate key : dateadd -> timestampadd
2026-02-02 21:23:19.088 [main] DEBUG org.hibernate.query.sqm.function.SqmFunctionRegistry - Registering alternate key : datediff -> timestampdiff
2026-02-02 21:23:19.088 [main] DEBUG org.hibernate.query.sqm.function.SqmFunctionRegistry - Registered SqmFunctionTemplate [org.hibernate.dialect.function.CurrentFunction@6ef60295] under current_date; prior registration was null
2026-02-02 21:23:19.088 [main] DEBUG org.hibernate.query.sqm.function.SqmFunctionRegistry - Registered SqmFunctionTemplate [org.hibernate.dialect.function.CurrentFunction@3127cb44] under current_time; prior registration was null
2026-02-02 21:23:19.088 [main] DEBUG org.hibernate.query.sqm.function.SqmFunctionRegistry - Registered SqmFunctionTemplate [org.hibernate.dialect.function.CurrentFunction@3234474] under current_timestamp; prior registration was null
2026-02-02 21:23:19.088 [main] DEBUG org.hibernate.query.sqm.function.SqmFunctionRegistry - Registering alternate key : current date -> current_date
2026-02-02 21:23:19.090 [main] DEBUG org.hibernate.query.sqm.function.SqmFunctionRegistry - Registering alternate key : current time -> current_time
2026-02-02 21:23:19.090 [main] DEBUG org.hibernate.query.sqm.function.SqmFunctionRegistry - Registering alternate key : current timestamp -> current_timestamp
2026-02-02 21:23:19.090 [main] DEBUG org.hibernate.query.sqm.function.SqmFunctionRegistry - Registered SqmFunctionTemplate [org.hibernate.dialect.function.CurrentFunction@631cb129] under local_date; prior registration was null
2026-02-02 21:23:19.090 [main] DEBUG org.hibernate.query.sqm.function.SqmFunctionRegistry - Registered SqmFunctionTemplate [org.hibernate.dialect.function.CurrentFunction@3d20e575] under local_time; prior registration was null
2026-02-02 21:23:19.090 [main] DEBUG org.hibernate.query.sqm.function.SqmFunctionRegistry - Registered SqmFunctionTemplate [org.hibernate.dialect.function.CurrentFunction@3252747e] under local_datetime; prior registration was null
2026-02-02 21:23:19.090 [main] DEBUG org.hibernate.query.sqm.function.SqmFunctionRegistry - Registered SqmFunctionTemplate [org.hibernate.dialect.function.CurrentFunction@2b4b96a4] under offset_datetime; prior registration was null
2026-02-02 21:23:19.090 [main] DEBUG org.hibernate.query.sqm.function.SqmFunctionRegistry - Registering alternate key : local date -> local_date
2026-02-02 21:23:19.090 [main] DEBUG org.hibernate.query.sqm.function.SqmFunctionRegistry - Registering alternate key : local time -> local_time
2026-02-02 21:23:19.090 [main] DEBUG org.hibernate.query.sqm.function.SqmFunctionRegistry - Registering alternate key : local datetime -> local_datetime
2026-02-02 21:23:19.090 [main] DEBUG org.hibernate.query.sqm.function.SqmFunctionRegistry - Registering alternate key : offset datetime -> offset_datetime
2026-02-02 21:23:19.090 [main] DEBUG org.hibernate.query.sqm.function.SqmFunctionRegistry - Registered SqmFunctionTemplate [org.hibernate.dialect.function.CurrentFunction@2dd8ff1d] under instant; prior registration was null
2026-02-02 21:23:19.090 [main] DEBUG org.hibernate.query.sqm.function.SqmFunctionRegistry - Registering alternate key : current_instant -> instant
2026-02-02 21:23:19.090 [main] DEBUG org.hibernate.query.sqm.function.SqmFunctionRegistry - Registered SqmFunctionTemplate [org.hibernate.dialect.function.SqlFunction@2bfaba70] under sql; prior registration was null
2026-02-02 21:23:19.090 [main] DEBUG org.hibernate.query.sqm.function.SqmFunctionRegistry - Registered SqmFunctionTemplate [NamedSqmFunctionTemplate(soundex)] under soundex; prior registration was null
2026-02-02 21:23:19.090 [main] DEBUG org.hibernate.query.sqm.function.SqmFunctionRegistry - Registered SqmFunctionTemplate [NamedSqmFunctionTemplate(radians)] under radians; prior registration was null
2026-02-02 21:23:19.090 [main] DEBUG org.hibernate.query.sqm.function.SqmFunctionRegistry - Registered SqmFunctionTemplate [NamedSqmFunctionTemplate(degrees)] under degrees; prior registration was null
2026-02-02 21:23:19.090 [main] DEBUG org.hibernate.query.sqm.function.SqmFunctionRegistry - Registered SqmFunctionTemplate [NamedSqmFunctionTemplate(cot)] under cot; prior registration was null
2026-02-02 21:23:19.090 [main] DEBUG org.hibernate.query.sqm.function.SqmFunctionRegistry - Registered SqmFunctionTemplate [NamedSqmFunctionTemplate(log)] under log; prior registration was org.hibernate.query.sqm.function.PatternBasedSqmFunctionDescriptor@44fdce3c
2026-02-02 21:23:19.090 [main] DEBUG org.hibernate.query.sqm.function.SqmFunctionRegistry - Registered SqmFunctionTemplate [NamedSqmFunctionTemplate(log2)] under log2; prior registration was null
2026-02-02 21:23:19.090 [main] DEBUG org.hibernate.query.sqm.function.SqmFunctionRegistry - Registered SqmFunctionTemplate [NamedSqmFunctionTemplate(log10)] under log10; prior registration was null
2026-02-02 21:23:19.090 [main] DEBUG org.hibernate.query.sqm.function.SqmFunctionRegistry - Registered SqmFunctionTemplate [NamedSqmFunctionTemplate(ltrim)] under ltrim; prior registration was null
2026-02-02 21:23:19.090 [main] DEBUG org.hibernate.query.sqm.function.SqmFunctionRegistry - Registered SqmFunctionTemplate [NamedSqmFunctionTemplate(rtrim)] under rtrim; prior registration was null
2026-02-02 21:23:19.090 [main] DEBUG org.hibernate.query.sqm.function.SqmFunctionRegistry - Registered SqmFunctionTemplate [NamedSqmFunctionTemplate(octet_length)] under octet_length; prior registration was null
2026-02-02 21:23:19.090 [main] DEBUG org.hibernate.query.sqm.function.SqmFunctionRegistry - Registered SqmFunctionTemplate [NamedSqmFunctionTemplate(reverse)] under reverse; prior registration was null
2026-02-02 21:23:19.090 [main] DEBUG org.hibernate.query.sqm.function.SqmFunctionRegistry - Registered SqmFunctionTemplate [NamedSqmFunctionTemplate(space)] under space; prior registration was null
2026-02-02 21:23:19.090 [main] DEBUG org.hibernate.query.sqm.function.SqmFunctionRegistry - Registered SqmFunctionTemplate [NamedSqmFunctionTemplate(repeat)] under repeat; prior registration was null
2026-02-02 21:23:19.090 [main] DEBUG org.hibernate.query.sqm.function.SqmFunctionRegistry - Registered SqmFunctionTemplate [org.hibernate.query.sqm.function.MultipatternSqmFunctionDescriptor@3238e2aa] under lpad; prior registration was NamedSqmFunctionTemplate(lpad)
2026-02-02 21:23:19.090 [main] DEBUG org.hibernate.query.sqm.function.SqmFunctionRegistry - Registered SqmFunctionTemplate [org.hibernate.query.sqm.function.MultipatternSqmFunctionDescriptor@2c7db926] under rpad; prior registration was NamedSqmFunctionTemplate(rpad)
2026-02-02 21:23:19.090 [main] DEBUG org.hibernate.query.sqm.function.SqmFunctionRegistry - Registered SqmFunctionTemplate [NamedSqmFunctionTemplate(md5)] under md5; prior registration was null
2026-02-02 21:23:19.090 [main] DEBUG org.hibernate.query.sqm.function.SqmFunctionRegistry - Registered SqmFunctionTemplate [NamedSqmFunctionTemplate(day)] under day; prior registration was null
2026-02-02 21:23:19.090 [main] DEBUG org.hibernate.query.sqm.function.SqmFunctionRegistry - Registered SqmFunctionTemplate [NamedSqmFunctionTemplate(month)] under month; prior registration was null
2026-02-02 21:23:19.090 [main] DEBUG org.hibernate.query.sqm.function.SqmFunctionRegistry - Registered SqmFunctionTemplate [NamedSqmFunctionTemplate(year)] under year; prior registration was null
2026-02-02 21:23:19.090 [main] DEBUG org.hibernate.query.sqm.function.SqmFunctionRegistry - Registered SqmFunctionTemplate [NamedSqmFunctionTemplate(hour)] under hour; prior registration was null
2026-02-02 21:23:19.090 [main] DEBUG org.hibernate.query.sqm.function.SqmFunctionRegistry - Registered SqmFunctionTemplate [NamedSqmFunctionTemplate(minute)] under minute; prior registration was null
2026-02-02 21:23:19.090 [main] DEBUG org.hibernate.query.sqm.function.SqmFunctionRegistry - Registered SqmFunctionTemplate [NamedSqmFunctionTemplate(second)] under second; prior registration was null
2026-02-02 21:23:19.090 [main] DEBUG org.hibernate.query.sqm.function.SqmFunctionRegistry - Registered SqmFunctionTemplate [NamedSqmFunctionTemplate(microsecond)] under microsecond; prior registration was null
2026-02-02 21:23:19.091 [main] DEBUG org.hibernate.query.sqm.function.SqmFunctionRegistry - Registered SqmFunctionTemplate [NamedSqmFunctionTemplate(dayofweek)] under dayofweek; prior registration was null
2026-02-02 21:23:19.091 [main] DEBUG org.hibernate.query.sqm.function.SqmFunctionRegistry - Registered SqmFunctionTemplate [NamedSqmFunctionTemplate(dayofmonth)] under dayofmonth; prior registration was null
2026-02-02 21:23:19.091 [main] DEBUG org.hibernate.query.sqm.function.SqmFunctionRegistry - Registering alternate key : day -> dayofmonth
2026-02-02 21:23:19.091 [main] DEBUG org.hibernate.query.sqm.function.SqmFunctionRegistry - Registered SqmFunctionTemplate [NamedSqmFunctionTemplate(dayofyear)] under dayofyear; prior registration was null
2026-02-02 21:23:19.091 [main] DEBUG org.hibernate.query.sqm.function.SqmFunctionRegistry - Registered SqmFunctionTemplate [NamedSqmFunctionTemplate(week)] under week; prior registration was null
2026-02-02 21:23:19.091 [main] DEBUG org.hibernate.query.sqm.function.SqmFunctionRegistry - Registered SqmFunctionTemplate [NamedSqmFunctionTemplate(quarter)] under quarter; prior registration was null
2026-02-02 21:23:19.091 [main] DEBUG org.hibernate.query.sqm.function.SqmFunctionRegistry - Registered SqmFunctionTemplate [NamedSqmFunctionTemplate(monthname)] under monthname; prior registration was null
2026-02-02 21:23:19.091 [main] DEBUG org.hibernate.query.sqm.function.SqmFunctionRegistry - Registered SqmFunctionTemplate [NamedSqmFunctionTemplate(dayname)] under dayname; prior registration was null
2026-02-02 21:23:19.091 [main] DEBUG org.hibernate.query.sqm.function.SqmFunctionRegistry - Registered SqmFunctionTemplate [NamedSqmFunctionTemplate(last_day)] under last_day; prior registration was null
2026-02-02 21:23:19.091 [main] DEBUG org.hibernate.query.sqm.function.SqmFunctionRegistry - Registered SqmFunctionTemplate [NamedSqmFunctionTemplate(date)] under date; prior registration was null
2026-02-02 21:23:19.091 [main] DEBUG org.hibernate.query.sqm.function.SqmFunctionRegistry - Registered SqmFunctionTemplate [NamedSqmFunctionTemplate(timestamp)] under timestamp; prior registration was null
2026-02-02 21:23:19.091 [main] DEBUG org.hibernate.query.sqm.function.SqmFunctionRegistry - Registered SqmFunctionTemplate [NamedSqmFunctionTemplate(time)] under time; prior registration was null
2026-02-02 21:23:19.091 [main] DEBUG org.hibernate.query.sqm.function.SqmFunctionRegistry - Registered SqmFunctionTemplate [NamedSqmFunctionTemplate(utc_date)] under utc_date; prior registration was null
2026-02-02 21:23:19.091 [main] DEBUG org.hibernate.query.sqm.function.SqmFunctionRegistry - Registered SqmFunctionTemplate [NamedSqmFunctionTemplate(utc_time)] under utc_time; prior registration was null
2026-02-02 21:23:19.091 [main] DEBUG org.hibernate.query.sqm.function.SqmFunctionRegistry - Registered SqmFunctionTemplate [NamedSqmFunctionTemplate(utc_timestamp)] under utc_timestamp; prior registration was null
2026-02-02 21:23:19.091 [main] DEBUG org.hibernate.query.sqm.function.SqmFunctionRegistry - Registered SqmFunctionTemplate [NamedSqmFunctionTemplate(rand)] under rand; prior registration was null
2026-02-02 21:23:19.091 [main] DEBUG org.hibernate.query.sqm.function.SqmFunctionRegistry - Registered SqmFunctionTemplate [NamedSqmFunctionTemplate(crc32)] under crc32; prior registration was null
2026-02-02 21:23:19.091 [main] DEBUG org.hibernate.query.sqm.function.SqmFunctionRegistry - Registered SqmFunctionTemplate [NamedSqmFunctionTemplate(sha1)] under sha1; prior registration was null
2026-02-02 21:23:19.091 [main] DEBUG org.hibernate.query.sqm.function.SqmFunctionRegistry - Registered SqmFunctionTemplate [NamedSqmFunctionTemplate(sha2)] under sha2; prior registration was null
2026-02-02 21:23:19.091 [main] DEBUG org.hibernate.query.sqm.function.SqmFunctionRegistry - Registered SqmFunctionTemplate [NamedSqmFunctionTemplate(sha)] under sha; prior registration was null
2026-02-02 21:23:19.091 [main] DEBUG org.hibernate.query.sqm.function.SqmFunctionRegistry - Registered SqmFunctionTemplate [NamedSqmFunctionTemplate(bit_length)] under bit_length; prior registration was null
2026-02-02 21:23:19.091 [main] DEBUG org.hibernate.query.sqm.function.SqmFunctionRegistry - Registered SqmFunctionTemplate [NamedSqmFunctionTemplate(octet_length)] under octet_length; prior registration was NamedSqmFunctionTemplate(octet_length)
2026-02-02 21:23:19.091 [main] DEBUG org.hibernate.query.sqm.function.SqmFunctionRegistry - Registered SqmFunctionTemplate [NamedSqmFunctionTemplate(ascii)] under ascii; prior registration was null
2026-02-02 21:23:19.091 [main] DEBUG org.hibernate.query.sqm.function.SqmFunctionRegistry - Registered SqmFunctionTemplate [NamedSqmFunctionTemplate(instr)] under instr; prior registration was null
2026-02-02 21:23:19.091 [main] DEBUG org.hibernate.query.sqm.function.SqmFunctionRegistry - Registered SqmFunctionTemplate [NamedSqmFunctionTemplate(substr)] under substr; prior registration was null
2026-02-02 21:23:19.091 [main] DEBUG org.hibernate.query.sqm.function.SqmFunctionRegistry - Registered SqmFunctionTemplate [org.hibernate.query.sqm.function.PatternBasedSqmFunctionDescriptor@2577a95d] under position; prior registration was org.hibernate.dialect.function.LocatePositionEmulation@ffd4cba
2026-02-02 21:23:19.091 [main] DEBUG org.hibernate.query.sqm.function.SqmFunctionRegistry - Registered SqmFunctionTemplate [NamedSqmFunctionTemplate(curtime)] under curtime; prior registration was null
2026-02-02 21:23:19.091 [main] DEBUG org.hibernate.query.sqm.function.SqmFunctionRegistry - Registered SqmFunctionTemplate [NamedSqmFunctionTemplate(curdate)] under curdate; prior registration was null
2026-02-02 21:23:19.091 [main] DEBUG org.hibernate.query.sqm.function.SqmFunctionRegistry - Registered SqmFunctionTemplate [NamedSqmFunctionTemplate(now)] under now; prior registration was null
2026-02-02 21:23:19.094 [main] DEBUG org.hibernate.query.sqm.function.SqmFunctionRegistry - Registered SqmFunctionTemplate [org.hibernate.dialect.function.TruncFunction@d70f722] under trunc; prior registration was null
2026-02-02 21:23:19.094 [main] DEBUG org.hibernate.query.sqm.function.SqmFunctionRegistry - Registering alternate key : truncate -> trunc
2026-02-02 21:23:19.094 [main] DEBUG org.hibernate.query.sqm.function.SqmFunctionRegistry - Registered SqmFunctionTemplate [NamedSqmFunctionTemplate(insert)] under insert; prior registration was null
2026-02-02 21:23:19.094 [main] DEBUG org.hibernate.query.sqm.function.SqmFunctionRegistry - Registered SqmFunctionTemplate [org.hibernate.query.sqm.function.PatternBasedSqmFunctionDescriptor@1e1eeedd] under bitand; prior registration was null
2026-02-02 21:23:19.094 [main] DEBUG org.hibernate.query.sqm.function.SqmFunctionRegistry - Registered SqmFunctionTemplate [org.hibernate.query.sqm.function.PatternBasedSqmFunctionDescriptor@798256c5] under bitor; prior registration was null
2026-02-02 21:23:19.094 [main] DEBUG org.hibernate.query.sqm.function.SqmFunctionRegistry - Registered SqmFunctionTemplate [org.hibernate.query.sqm.function.PatternBasedSqmFunctionDescriptor@7ec95456] under bitxor; prior registration was null
2026-02-02 21:23:19.094 [main] DEBUG org.hibernate.query.sqm.function.SqmFunctionRegistry - Registered SqmFunctionTemplate [org.hibernate.query.sqm.function.PatternBasedSqmFunctionDescriptor@748a654a] under bitnot; prior registration was null
2026-02-02 21:23:19.094 [main] DEBUG org.hibernate.query.sqm.function.SqmFunctionRegistry - Registered SqmFunctionTemplate [NamedSqmFunctionTemplate(bit_and)] under bit_and; prior registration was null
2026-02-02 21:23:19.094 [main] DEBUG org.hibernate.query.sqm.function.SqmFunctionRegistry - Registered SqmFunctionTemplate [NamedSqmFunctionTemplate(bit_or)] under bit_or; prior registration was null
2026-02-02 21:23:19.094 [main] DEBUG org.hibernate.query.sqm.function.SqmFunctionRegistry - Registered SqmFunctionTemplate [NamedSqmFunctionTemplate(stddev)] under stddev; prior registration was null
2026-02-02 21:23:19.094 [main] DEBUG org.hibernate.query.sqm.function.SqmFunctionRegistry - Registered SqmFunctionTemplate [NamedSqmFunctionTemplate(stddev_pop)] under stddev_pop; prior registration was null
2026-02-02 21:23:19.094 [main] DEBUG org.hibernate.query.sqm.function.SqmFunctionRegistry - Registered SqmFunctionTemplate [NamedSqmFunctionTemplate(stddev_samp)] under stddev_samp; prior registration was null
2026-02-02 21:23:19.094 [main] DEBUG org.hibernate.query.sqm.function.SqmFunctionRegistry - Registered SqmFunctionTemplate [NamedSqmFunctionTemplate(variance)] under variance; prior registration was null
2026-02-02 21:23:19.094 [main] DEBUG org.hibernate.query.sqm.function.SqmFunctionRegistry - Registered SqmFunctionTemplate [NamedSqmFunctionTemplate(var_pop)] under var_pop; prior registration was null
2026-02-02 21:23:19.094 [main] DEBUG org.hibernate.query.sqm.function.SqmFunctionRegistry - Registered SqmFunctionTemplate [NamedSqmFunctionTemplate(var_samp)] under var_samp; prior registration was null
2026-02-02 21:23:19.094 [main] DEBUG org.hibernate.query.sqm.function.SqmFunctionRegistry - Registered SqmFunctionTemplate [NamedSqmFunctionTemplate(datediff)] under datediff; prior registration was null
2026-02-02 21:23:19.094 [main] DEBUG org.hibernate.query.sqm.function.SqmFunctionRegistry - Registered SqmFunctionTemplate [NamedSqmFunctionTemplate(adddate)] under adddate; prior registration was null
2026-02-02 21:23:19.094 [main] DEBUG org.hibernate.query.sqm.function.SqmFunctionRegistry - Registered SqmFunctionTemplate [NamedSqmFunctionTemplate(subdate)] under subdate; prior registration was null
2026-02-02 21:23:19.094 [main] DEBUG org.hibernate.query.sqm.function.SqmFunctionRegistry - Registered SqmFunctionTemplate [NamedSqmFunctionTemplate(addtime)] under addtime; prior registration was null
2026-02-02 21:23:19.094 [main] DEBUG org.hibernate.query.sqm.function.SqmFunctionRegistry - Registered SqmFunctionTemplate [NamedSqmFunctionTemplate(subtime)] under subtime; prior registration was null
2026-02-02 21:23:19.094 [main] DEBUG org.hibernate.query.sqm.function.SqmFunctionRegistry - Registered SqmFunctionTemplate [org.hibernate.dialect.function.FormatFunction@1d8b0500] under format; prior registration was org.hibernate.dialect.function.FormatFunction@76fe6cdc
2026-02-02 21:23:19.095 [main] DEBUG org.hibernate.query.sqm.function.SqmFunctionRegistry - Registered SqmFunctionTemplate [NamedSqmFunctionTemplate(makedate)] under makedate; prior registration was null
2026-02-02 21:23:19.095 [main] DEBUG org.hibernate.query.sqm.function.SqmFunctionRegistry - Registered SqmFunctionTemplate [NamedSqmFunctionTemplate(maketime)] under maketime; prior registration was null
2026-02-02 21:23:19.095 [main] DEBUG org.hibernate.query.sqm.function.SqmFunctionRegistry - Registered SqmFunctionTemplate [NamedSqmFunctionTemplate(localtime)] under localtime; prior registration was null
2026-02-02 21:23:19.095 [main] DEBUG org.hibernate.query.sqm.function.SqmFunctionRegistry - Registered SqmFunctionTemplate [NamedSqmFunctionTemplate(localtimestamp)] under localtimestamp; prior registration was null
2026-02-02 21:23:19.095 [main] DEBUG org.hibernate.query.sqm.function.SqmFunctionRegistry - Registered SqmFunctionTemplate [NamedSqmFunctionTemplate(localtime)] under local_time; prior registration was org.hibernate.dialect.function.CurrentFunction@3d20e575
2026-02-02 21:23:19.095 [main] DEBUG org.hibernate.query.sqm.function.SqmFunctionRegistry - Registered SqmFunctionTemplate [NamedSqmFunctionTemplate(localtimestamp)] under local_datetime; prior registration was org.hibernate.dialect.function.CurrentFunction@3252747e
2026-02-02 21:23:19.095 [main] DEBUG org.hibernate.query.sqm.function.SqmFunctionRegistry - Registered SqmFunctionTemplate [NamedSqmFunctionTemplate(localtime)] under localtime; prior registration was NamedSqmFunctionTemplate(localtime)
2026-02-02 21:23:19.095 [main] DEBUG org.hibernate.query.sqm.function.SqmFunctionRegistry - Registered SqmFunctionTemplate [org.hibernate.query.sqm.function.PatternBasedSqmFunctionDescriptor@76544c0a] under pi; prior registration was org.hibernate.query.sqm.function.PatternBasedSqmFunctionDescriptor@7d17ee50
2026-02-02 21:23:19.095 [main] DEBUG org.hibernate.query.sqm.function.SqmFunctionRegistry - Registered SqmFunctionTemplate [org.hibernate.query.sqm.function.PatternBasedSqmFunctionDescriptor@428bdd72] under chr; prior registration was null
2026-02-02 21:23:19.095 [main] DEBUG org.hibernate.query.sqm.function.SqmFunctionRegistry - Registering alternate key : char -> chr
2026-02-02 21:23:19.095 [main] DEBUG org.hibernate.query.sqm.function.SqmFunctionRegistry - Registered SqmFunctionTemplate [org.hibernate.query.sqm.function.PatternBasedSqmFunctionDescriptor@650c405c] under sysdate; prior registration was null
2026-02-02 21:23:19.095 [main] DEBUG org.hibernate.query.sqm.function.SqmFunctionRegistry - Registered SqmFunctionTemplate [NamedSqmFunctionTemplate(row_number)] under row_number; prior registration was null
2026-02-02 21:23:19.095 [main] DEBUG org.hibernate.query.sqm.function.SqmFunctionRegistry - Registered SqmFunctionTemplate [NamedSqmFunctionTemplate(lag)] under lag; prior registration was null
2026-02-02 21:23:19.095 [main] DEBUG org.hibernate.query.sqm.function.SqmFunctionRegistry - Registered SqmFunctionTemplate [NamedSqmFunctionTemplate(lead)] under lead; prior registration was null
2026-02-02 21:23:19.095 [main] DEBUG org.hibernate.query.sqm.function.SqmFunctionRegistry - Registered SqmFunctionTemplate [NamedSqmFunctionTemplate(first_value)] under first_value; prior registration was null
2026-02-02 21:23:19.095 [main] DEBUG org.hibernate.query.sqm.function.SqmFunctionRegistry - Registered SqmFunctionTemplate [NamedSqmFunctionTemplate(last_value)] under last_value; prior registration was null
2026-02-02 21:23:19.095 [main] DEBUG org.hibernate.query.sqm.function.SqmFunctionRegistry - Registered SqmFunctionTemplate [NamedSqmFunctionTemplate(nth_value)] under nth_value; prior registration was null
2026-02-02 21:23:19.096 [main] DEBUG org.hibernate.query.sqm.function.SqmFunctionRegistry - Registered SqmFunctionTemplate [org.hibernate.dialect.function.HypotheticalSetWindowEmulation@2db1b657] under rank; prior registration was null
2026-02-02 21:23:19.096 [main] DEBUG org.hibernate.query.sqm.function.SqmFunctionRegistry - Registered SqmFunctionTemplate [org.hibernate.dialect.function.HypotheticalSetWindowEmulation@7e351d7] under dense_rank; prior registration was null
2026-02-02 21:23:19.097 [main] DEBUG org.hibernate.query.sqm.function.SqmFunctionRegistry - Registered SqmFunctionTemplate [org.hibernate.dialect.function.HypotheticalSetWindowEmulation@43c57161] under percent_rank; prior registration was null
2026-02-02 21:23:19.097 [main] DEBUG org.hibernate.query.sqm.function.SqmFunctionRegistry - Registered SqmFunctionTemplate [org.hibernate.dialect.function.HypotheticalSetWindowEmulation@d902300] under cume_dist; prior registration was null
2026-02-02 21:23:19.097 [main] DEBUG org.hibernate.query.sqm.function.SqmFunctionRegistry - Registered SqmFunctionTemplate [org.hibernate.dialect.function.ListaggGroupConcatEmulation@54e12f4c] under listagg; prior registration was null
2026-02-02 21:23:19.099 [main] DEBUG org.hibernate.HQL_FUNCTIONS - abs(NUMERIC arg)
2026-02-02 21:23:19.100 [main] DEBUG org.hibernate.HQL_FUNCTIONS - Double acos(NUMERIC arg)
2026-02-02 21:23:19.100 [main] DEBUG org.hibernate.HQL_FUNCTIONS - adddate(DATE datetime, INTEGER days)
2026-02-02 21:23:19.100 [main] DEBUG org.hibernate.HQL_FUNCTIONS - addtime(TIME datetime, TIME time)
2026-02-02 21:23:19.100 [main] DEBUG org.hibernate.HQL_FUNCTIONS - Boolean any(BOOLEAN arg)
2026-02-02 21:23:19.100 [main] DEBUG org.hibernate.HQL_FUNCTIONS - Integer ascii(STRING arg)
2026-02-02 21:23:19.100 [main] DEBUG org.hibernate.HQL_FUNCTIONS - Double asin(NUMERIC arg)
2026-02-02 21:23:19.100 [main] DEBUG org.hibernate.HQL_FUNCTIONS - Double atan(NUMERIC arg)
2026-02-02 21:23:19.100 [main] DEBUG org.hibernate.HQL_FUNCTIONS - Double atan2(NUMERIC arg0, NUMERIC arg1)
2026-02-02 21:23:19.100 [main] DEBUG org.hibernate.HQL_FUNCTIONS - avg(arg)
2026-02-02 21:23:19.100 [main] DEBUG org.hibernate.HQL_FUNCTIONS - bit_and(arg)
2026-02-02 21:23:19.100 [main] DEBUG org.hibernate.HQL_FUNCTIONS - Integer bit_length(STRING_OR_CLOB arg)
2026-02-02 21:23:19.100 [main] DEBUG org.hibernate.HQL_FUNCTIONS - bit_or(arg)
2026-02-02 21:23:19.100 [main] DEBUG org.hibernate.HQL_FUNCTIONS - bitand(arg0, arg1)
2026-02-02 21:23:19.100 [main] DEBUG org.hibernate.HQL_FUNCTIONS - bitnot(arg)
2026-02-02 21:23:19.100 [main] DEBUG org.hibernate.HQL_FUNCTIONS - bitor(arg0, arg1)
2026-02-02 21:23:19.100 [main] DEBUG org.hibernate.HQL_FUNCTIONS - bitxor(arg0, arg1)
2026-02-02 21:23:19.100 [main] DEBUG org.hibernate.HQL_FUNCTIONS - cast(arg as Type)
2026-02-02 21:23:19.100 [main] DEBUG org.hibernate.HQL_FUNCTIONS - ceiling(NUMERIC arg)
2026-02-02 21:23:19.100 [main] DEBUG org.hibernate.HQL_FUNCTIONS - Character char(INTEGER arg)
2026-02-02 21:23:19.100 [main] DEBUG org.hibernate.HQL_FUNCTIONS - Integer character_length(STRING_OR_CLOB arg)
2026-02-02 21:23:19.100 [main] DEBUG org.hibernate.HQL_FUNCTIONS - Character chr(INTEGER arg)
2026-02-02 21:23:19.100 [main] DEBUG org.hibernate.HQL_FUNCTIONS - coalesce(arg0[, arg1[, ...]])
2026-02-02 21:23:19.100 [main] DEBUG org.hibernate.HQL_FUNCTIONS - String collate(STRING string as COLLATION collation)
2026-02-02 21:23:19.100 [main] DEBUG org.hibernate.HQL_FUNCTIONS - String concat(STRING string0[, STRING string1[, ...]])
2026-02-02 21:23:19.100 [main] DEBUG org.hibernate.HQL_FUNCTIONS - Double cos(NUMERIC arg)
2026-02-02 21:23:19.100 [main] DEBUG org.hibernate.HQL_FUNCTIONS - Double cosh(NUMERIC arg)
2026-02-02 21:23:19.100 [main] DEBUG org.hibernate.HQL_FUNCTIONS - Double cot(NUMERIC arg)
2026-02-02 21:23:19.100 [main] DEBUG org.hibernate.HQL_FUNCTIONS - Long count([distinct ]{arg|*})
2026-02-02 21:23:19.100 [main] DEBUG org.hibernate.HQL_FUNCTIONS - Integer crc32(arg)
2026-02-02 21:23:19.100 [main] DEBUG org.hibernate.HQL_FUNCTIONS - Double cume_dist([arg0[, ...]])
2026-02-02 21:23:19.100 [main] DEBUG org.hibernate.HQL_FUNCTIONS - Date curdate()
2026-02-02 21:23:19.100 [main] DEBUG org.hibernate.HQL_FUNCTIONS - Date current date
2026-02-02 21:23:19.100 [main] DEBUG org.hibernate.HQL_FUNCTIONS - Time current time
2026-02-02 21:23:19.100 [main] DEBUG org.hibernate.HQL_FUNCTIONS - Timestamp current timestamp
2026-02-02 21:23:19.100 [main] DEBUG org.hibernate.HQL_FUNCTIONS - Date current_date
2026-02-02 21:23:19.100 [main] DEBUG org.hibernate.HQL_FUNCTIONS - Instant current_instant
2026-02-02 21:23:19.100 [main] DEBUG org.hibernate.HQL_FUNCTIONS - Time current_time
2026-02-02 21:23:19.100 [main] DEBUG org.hibernate.HQL_FUNCTIONS - Timestamp current_timestamp
2026-02-02 21:23:19.100 [main] DEBUG org.hibernate.HQL_FUNCTIONS - Time curtime()
2026-02-02 21:23:19.101 [main] DEBUG org.hibernate.HQL_FUNCTIONS - Date date(arg)
2026-02-02 21:23:19.101 [main] DEBUG org.hibernate.HQL_FUNCTIONS - dateadd(TEMPORAL_UNIT field, INTEGER magnitude, TEMPORAL datetime)
2026-02-02 21:23:19.101 [main] DEBUG org.hibernate.HQL_FUNCTIONS - Integer datediff(DATE end, DATE start)
2026-02-02 21:23:19.101 [main] DEBUG org.hibernate.HQL_FUNCTIONS - Integer day(DATE arg)
2026-02-02 21:23:19.101 [main] DEBUG org.hibernate.HQL_FUNCTIONS - String dayname(DATE arg)
2026-02-02 21:23:19.101 [main] DEBUG org.hibernate.HQL_FUNCTIONS - Integer dayofmonth(DATE arg)
2026-02-02 21:23:19.101 [main] DEBUG org.hibernate.HQL_FUNCTIONS - Integer dayofweek(DATE arg)
2026-02-02 21:23:19.101 [main] DEBUG org.hibernate.HQL_FUNCTIONS - Integer dayofyear(DATE arg)
2026-02-02 21:23:19.101 [main] DEBUG org.hibernate.HQL_FUNCTIONS - Double degrees(NUMERIC arg)
2026-02-02 21:23:19.101 [main] DEBUG org.hibernate.HQL_FUNCTIONS - Long dense_rank([arg0[, ...]])
2026-02-02 21:23:19.101 [main] DEBUG org.hibernate.HQL_FUNCTIONS - Boolean every(BOOLEAN arg)
2026-02-02 21:23:19.101 [main] DEBUG org.hibernate.HQL_FUNCTIONS - Double exp(NUMERIC arg)
2026-02-02 21:23:19.101 [main] DEBUG org.hibernate.HQL_FUNCTIONS - extract(TEMPORAL_UNIT field from TEMPORAL arg)
2026-02-02 21:23:19.101 [main] DEBUG org.hibernate.HQL_FUNCTIONS - first_valueANY value
2026-02-02 21:23:19.101 [main] DEBUG org.hibernate.HQL_FUNCTIONS - floor(NUMERIC arg)
2026-02-02 21:23:19.101 [main] DEBUG org.hibernate.HQL_FUNCTIONS - String format(TEMPORAL datetime as STRING pattern)
2026-02-02 21:23:19.101 [main] DEBUG org.hibernate.HQL_FUNCTIONS - greatest(COMPARABLE arg0, COMPARABLE arg1[, arg2[, ...]])
2026-02-02 21:23:19.101 [main] DEBUG org.hibernate.HQL_FUNCTIONS - Integer hour(TIME arg)
2026-02-02 21:23:19.101 [main] DEBUG org.hibernate.HQL_FUNCTIONS - ifnull(arg0, arg1)
2026-02-02 21:23:19.101 [main] DEBUG org.hibernate.HQL_FUNCTIONS - String insert(STRING string, INTEGER start, INTEGER length, STRING replacement)
2026-02-02 21:23:19.101 [main] DEBUG org.hibernate.HQL_FUNCTIONS - Instant instant
2026-02-02 21:23:19.101 [main] DEBUG org.hibernate.HQL_FUNCTIONS - Integer instr(STRING string, STRING pattern[, INTEGER start[, INTEGER occurrence]])
2026-02-02 21:23:19.101 [main] DEBUG org.hibernate.HQL_FUNCTIONS - lagANY value[, INTEGER offset[, ANY default]]
2026-02-02 21:23:19.101 [main] DEBUG org.hibernate.HQL_FUNCTIONS - Date last_day(DATE arg)
2026-02-02 21:23:19.101 [main] DEBUG org.hibernate.HQL_FUNCTIONS - last_valueANY value
2026-02-02 21:23:19.101 [main] DEBUG org.hibernate.HQL_FUNCTIONS - leadANY value[, INTEGER offset[, ANY default]]
2026-02-02 21:23:19.101 [main] DEBUG org.hibernate.HQL_FUNCTIONS - least(COMPARABLE arg0, COMPARABLE arg1[, arg2[, ...]])
2026-02-02 21:23:19.101 [main] DEBUG org.hibernate.HQL_FUNCTIONS - String left(STRING string, INTEGER length)
2026-02-02 21:23:19.101 [main] DEBUG org.hibernate.HQL_FUNCTIONS - Integer length(STRING_OR_CLOB arg)
2026-02-02 21:23:19.101 [main] DEBUG org.hibernate.HQL_FUNCTIONS - String listagg(STRING arg0, STRING arg1)
2026-02-02 21:23:19.101 [main] DEBUG org.hibernate.HQL_FUNCTIONS - Double ln(NUMERIC arg)
2026-02-02 21:23:19.101 [main] DEBUG org.hibernate.HQL_FUNCTIONS - LocalDate local date
2026-02-02 21:23:19.101 [main] DEBUG org.hibernate.HQL_FUNCTIONS - LocalDateTime local datetime
2026-02-02 21:23:19.101 [main] DEBUG org.hibernate.HQL_FUNCTIONS - LocalTime local time
2026-02-02 21:23:19.102 [main] DEBUG org.hibernate.HQL_FUNCTIONS - LocalDate local_date
2026-02-02 21:23:19.102 [main] DEBUG org.hibernate.HQL_FUNCTIONS - LocalDateTime local_datetime
2026-02-02 21:23:19.102 [main] DEBUG org.hibernate.HQL_FUNCTIONS - LocalTime local_time
2026-02-02 21:23:19.102 [main] DEBUG org.hibernate.HQL_FUNCTIONS - Timestamp localtime
2026-02-02 21:23:19.102 [main] DEBUG org.hibernate.HQL_FUNCTIONS - Timestamp localtimestamp
2026-02-02 21:23:19.102 [main] DEBUG org.hibernate.HQL_FUNCTIONS - Integer locate(STRING pattern, STRING string[, INTEGER start])
2026-02-02 21:23:19.102 [main] DEBUG org.hibernate.HQL_FUNCTIONS - Double log(NUMERIC arg0[, NUMERIC arg1])
2026-02-02 21:23:19.102 [main] DEBUG org.hibernate.HQL_FUNCTIONS - Double log10(NUMERIC arg)
2026-02-02 21:23:19.102 [main] DEBUG org.hibernate.HQL_FUNCTIONS - Double log2(NUMERIC arg)
2026-02-02 21:23:19.102 [main] DEBUG org.hibernate.HQL_FUNCTIONS - String lower(STRING string)
2026-02-02 21:23:19.102 [main] DEBUG org.hibernate.HQL_FUNCTIONS - String lpad(string, length[, padding])
2026-02-02 21:23:19.102 [main] DEBUG org.hibernate.HQL_FUNCTIONS - String ltrim(STRING string[, STRING characters])
2026-02-02 21:23:19.102 [main] DEBUG org.hibernate.HQL_FUNCTIONS - Date makedate(INTEGER year, INTEGER dayofyear)
2026-02-02 21:23:19.102 [main] DEBUG org.hibernate.HQL_FUNCTIONS - Time maketime(INTEGER hour, INTEGER min, INTEGER sec)
2026-02-02 21:23:19.102 [main] DEBUG org.hibernate.HQL_FUNCTIONS - max(COMPARABLE arg)
2026-02-02 21:23:19.102 [main] DEBUG org.hibernate.HQL_FUNCTIONS - String md5(arg)
2026-02-02 21:23:19.102 [main] DEBUG org.hibernate.HQL_FUNCTIONS - Integer microsecond(TIME arg)
2026-02-02 21:23:19.102 [main] DEBUG org.hibernate.HQL_FUNCTIONS - min(COMPARABLE arg)
2026-02-02 21:23:19.102 [main] DEBUG org.hibernate.HQL_FUNCTIONS - Integer minute(TIME arg)
2026-02-02 21:23:19.102 [main] DEBUG org.hibernate.HQL_FUNCTIONS - Integer mod(INTEGER arg0, INTEGER arg1)
2026-02-02 21:23:19.102 [main] DEBUG org.hibernate.HQL_FUNCTIONS - Integer month(DATE arg)
2026-02-02 21:23:19.102 [main] DEBUG org.hibernate.HQL_FUNCTIONS - String monthname(DATE arg)
2026-02-02 21:23:19.102 [main] DEBUG org.hibernate.HQL_FUNCTIONS - Timestamp now()
2026-02-02 21:23:19.102 [main] DEBUG org.hibernate.HQL_FUNCTIONS - nth_valueANY value, INTEGER nth
2026-02-02 21:23:19.102 [main] DEBUG org.hibernate.HQL_FUNCTIONS - nullif(arg0, arg1)
2026-02-02 21:23:19.102 [main] DEBUG org.hibernate.HQL_FUNCTIONS - Integer octet_length(STRING_OR_CLOB arg)
2026-02-02 21:23:19.102 [main] DEBUG org.hibernate.HQL_FUNCTIONS - OffsetDateTime offset datetime
2026-02-02 21:23:19.102 [main] DEBUG org.hibernate.HQL_FUNCTIONS - OffsetDateTime offset_datetime
2026-02-02 21:23:19.102 [main] DEBUG org.hibernate.HQL_FUNCTIONS - String overlay(STRING string placing STRING replacement from INTEGER start[ for INTEGER length])
2026-02-02 21:23:19.102 [main] DEBUG org.hibernate.HQL_FUNCTIONS - String pad(STRING string with INTEGER length {leading|trailing}[ STRING character])
2026-02-02 21:23:19.102 [main] DEBUG org.hibernate.HQL_FUNCTIONS - Double percent_rank([arg0[, ...]])
2026-02-02 21:23:19.102 [main] DEBUG org.hibernate.HQL_FUNCTIONS - Double pi
2026-02-02 21:23:19.102 [main] DEBUG org.hibernate.HQL_FUNCTIONS - Integer position(STRING pattern in STRING string)
2026-02-02 21:23:19.102 [main] DEBUG org.hibernate.HQL_FUNCTIONS - Double power(NUMERIC arg0, NUMERIC arg1)
2026-02-02 21:23:19.102 [main] DEBUG org.hibernate.HQL_FUNCTIONS - Integer quarter(DATE arg)
2026-02-02 21:23:19.102 [main] DEBUG org.hibernate.HQL_FUNCTIONS - Double radians(NUMERIC arg)
2026-02-02 21:23:19.102 [main] DEBUG org.hibernate.HQL_FUNCTIONS - Double rand([INTEGER seed])
2026-02-02 21:23:19.102 [main] DEBUG org.hibernate.HQL_FUNCTIONS - Long rank([arg0[, ...]])
2026-02-02 21:23:19.102 [main] DEBUG org.hibernate.HQL_FUNCTIONS - String repeat(STRING string, INTEGER times)
2026-02-02 21:23:19.102 [main] DEBUG org.hibernate.HQL_FUNCTIONS - String replace(STRING string, STRING pattern, STRING replacement)
2026-02-02 21:23:19.102 [main] DEBUG org.hibernate.HQL_FUNCTIONS - String reverse(STRING arg)
2026-02-02 21:23:19.102 [main] DEBUG org.hibernate.HQL_FUNCTIONS - String right(STRING string, INTEGER length)
2026-02-02 21:23:19.102 [main] DEBUG org.hibernate.HQL_FUNCTIONS - round(NUMERIC number[, INTEGER places])
2026-02-02 21:23:19.102 [main] DEBUG org.hibernate.HQL_FUNCTIONS - Long row_number()
2026-02-02 21:23:19.103 [main] DEBUG org.hibernate.HQL_FUNCTIONS - String rpad(string, length[, padding])
2026-02-02 21:23:19.103 [main] DEBUG org.hibernate.HQL_FUNCTIONS - String rtrim(STRING string[, STRING characters])
2026-02-02 21:23:19.103 [main] DEBUG org.hibernate.HQL_FUNCTIONS - Integer second(TIME arg)
2026-02-02 21:23:19.103 [main] DEBUG org.hibernate.HQL_FUNCTIONS - String sha(arg)
2026-02-02 21:23:19.103 [main] DEBUG org.hibernate.HQL_FUNCTIONS - String sha1(arg)
2026-02-02 21:23:19.103 [main] DEBUG org.hibernate.HQL_FUNCTIONS - String sha2(arg0, arg1)
2026-02-02 21:23:19.103 [main] DEBUG org.hibernate.HQL_FUNCTIONS - Integer sign(NUMERIC arg)
2026-02-02 21:23:19.103 [main] DEBUG org.hibernate.HQL_FUNCTIONS - Double sin(NUMERIC arg)
2026-02-02 21:23:19.103 [main] DEBUG org.hibernate.HQL_FUNCTIONS - Double sinh(NUMERIC arg)
2026-02-02 21:23:19.103 [main] DEBUG org.hibernate.HQL_FUNCTIONS - String soundex(arg)
2026-02-02 21:23:19.103 [main] DEBUG org.hibernate.HQL_FUNCTIONS - String space(INTEGER arg)
2026-02-02 21:23:19.103 [main] DEBUG org.hibernate.HQL_FUNCTIONS - Object sql
2026-02-02 21:23:19.103 [main] DEBUG org.hibernate.HQL_FUNCTIONS - Double sqrt(NUMERIC arg)
2026-02-02 21:23:19.103 [main] DEBUG org.hibernate.HQL_FUNCTIONS - Double stddev(NUMERIC arg)
2026-02-02 21:23:19.103 [main] DEBUG org.hibernate.HQL_FUNCTIONS - Double stddev_pop(NUMERIC arg)
2026-02-02 21:23:19.103 [main] DEBUG org.hibernate.HQL_FUNCTIONS - Double stddev_samp(NUMERIC arg)
2026-02-02 21:23:19.103 [main] DEBUG org.hibernate.HQL_FUNCTIONS - String str(arg)
2026-02-02 21:23:19.103 [main] DEBUG org.hibernate.HQL_FUNCTIONS - subdate(DATE datetime, INTEGER days)
2026-02-02 21:23:19.103 [main] DEBUG org.hibernate.HQL_FUNCTIONS - String substr(STRING string, INTEGER start[, INTEGER length])
2026-02-02 21:23:19.103 [main] DEBUG org.hibernate.HQL_FUNCTIONS - String substring(STRING string{ from|,} INTEGER start[{ for|,} INTEGER length])
2026-02-02 21:23:19.103 [main] DEBUG org.hibernate.HQL_FUNCTIONS - subtime(TIME datetime, TIME time)
2026-02-02 21:23:19.103 [main] DEBUG org.hibernate.HQL_FUNCTIONS - sum(arg)
2026-02-02 21:23:19.103 [main] DEBUG org.hibernate.HQL_FUNCTIONS - Timestamp sysdate()
2026-02-02 21:23:19.103 [main] DEBUG org.hibernate.HQL_FUNCTIONS - Double tan(NUMERIC arg)
2026-02-02 21:23:19.103 [main] DEBUG org.hibernate.HQL_FUNCTIONS - Double tanh(NUMERIC arg)
2026-02-02 21:23:19.103 [main] DEBUG org.hibernate.HQL_FUNCTIONS - String time(arg)
2026-02-02 21:23:19.103 [main] DEBUG org.hibernate.HQL_FUNCTIONS - Timestamp timestamp(arg0[, arg1])
2026-02-02 21:23:19.103 [main] DEBUG org.hibernate.HQL_FUNCTIONS - timestampadd(TEMPORAL_UNIT field, INTEGER magnitude, TEMPORAL datetime)
2026-02-02 21:23:19.103 [main] DEBUG org.hibernate.HQL_FUNCTIONS - basicType@18(java.lang.Long,-5)|basicType@20(java.lang.Double,8) timestampdiff(TEMPORAL_UNIT field, TEMPORAL start, TEMPORAL end)
2026-02-02 21:23:19.103 [main] DEBUG org.hibernate.HQL_FUNCTIONS - String trim([[{leading|trailing|both} ][STRING arg0 ]from] STRING arg1)
2026-02-02 21:23:19.103 [main] DEBUG org.hibernate.HQL_FUNCTIONS - trunc( ... )
2026-02-02 21:23:19.103 [main] DEBUG org.hibernate.HQL_FUNCTIONS - truncate( ... )
2026-02-02 21:23:19.103 [main] DEBUG org.hibernate.HQL_FUNCTIONS - String upper(STRING string)
2026-02-02 21:23:19.103 [main] DEBUG org.hibernate.HQL_FUNCTIONS - Date utc_date
2026-02-02 21:23:19.103 [main] DEBUG org.hibernate.HQL_FUNCTIONS - Time utc_time
2026-02-02 21:23:19.103 [main] DEBUG org.hibernate.HQL_FUNCTIONS - Timestamp utc_timestamp
2026-02-02 21:23:19.103 [main] DEBUG org.hibernate.HQL_FUNCTIONS - Double var_pop(NUMERIC arg)
2026-02-02 21:23:19.103 [main] DEBUG org.hibernate.HQL_FUNCTIONS - Double var_samp(NUMERIC arg)
2026-02-02 21:23:19.103 [main] DEBUG org.hibernate.HQL_FUNCTIONS - Double variance(NUMERIC arg)
2026-02-02 21:23:19.103 [main] DEBUG org.hibernate.HQL_FUNCTIONS - Integer week(DATE arg)
2026-02-02 21:23:19.103 [main] DEBUG org.hibernate.HQL_FUNCTIONS - Integer year(DATE arg)
2026-02-02 21:23:19.107 [main] DEBUG org.hibernate.orm.query.plan.cache - Starting QueryInterpretationCache(2048)
2026-02-02 21:23:19.152 [main] DEBUG org.hibernate.service.internal.SessionFactoryServiceRegistryImpl - EventListenerRegistry access via ServiceRegistry is deprecated.  Use `sessionFactory.getEventEngine().getListenerRegistry()` instead
2026-02-02 21:23:19.153 [main] DEBUG org.hibernate.event.internal.EntityCopyObserverFactoryInitiator - Configured EntityCopyObserver strategy: disallow
2026-02-02 21:23:19.200 [main] DEBUG org.hibernate.boot.internal.ClassLoaderAccessImpl - Not known whether passed class name [modelo.Logro] is safe
2026-02-02 21:23:19.200 [main] DEBUG org.hibernate.boot.internal.ClassLoaderAccessImpl - No temp ClassLoader provided; using live ClassLoader for loading potentially unsafe class : modelo.Logro
2026-02-02 21:23:19.338 [main] DEBUG org.hibernate.bytecode.internal.bytebuddy.BytecodeProviderImpl - HHH000513: Unable to create the ReflectionOptimizer for [modelo.Logro]: private accessor [descripcion]
2026-02-02 21:23:19.359 [main] DEBUG org.hibernate.ormbytecode.interceptor - To-one property `modelo.Asignacion#docente` was mapped with LAZY + NO_PROXY but the class was not enhanced
2026-02-02 21:23:19.360 [main] DEBUG org.hibernate.ormbytecode.interceptor - To-one property `modelo.Asignacion#docente` was mapped with LAZY + NO_PROXY but the class was not enhanced
2026-02-02 21:23:19.360 [main] DEBUG org.hibernate.ormbytecode.interceptor - To-one property `modelo.Asignacion#lectura` was mapped with LAZY + NO_PROXY but the class was not enhanced
2026-02-02 21:23:19.360 [main] DEBUG org.hibernate.ormbytecode.interceptor - To-one property `modelo.Asignacion#lectura` was mapped with LAZY + NO_PROXY but the class was not enhanced
2026-02-02 21:23:19.360 [main] DEBUG org.hibernate.boot.internal.ClassLoaderAccessImpl - Not known whether passed class name [modelo.Asignacion] is safe
2026-02-02 21:23:19.360 [main] DEBUG org.hibernate.boot.internal.ClassLoaderAccessImpl - No temp ClassLoader provided; using live ClassLoader for loading potentially unsafe class : modelo.Asignacion
2026-02-02 21:23:19.372 [main] DEBUG org.hibernate.bytecode.internal.bytebuddy.BytecodeProviderImpl - HHH000513: Unable to create the ReflectionOptimizer for [modelo.Asignacion]: private accessor [codigoClase]
2026-02-02 21:23:19.372 [main] DEBUG org.hibernate.ormbytecode.interceptor - To-one property `modelo.Asignacion#docente` was mapped with LAZY + NO_PROXY but the class was not enhanced
2026-02-02 21:23:19.372 [main] DEBUG org.hibernate.ormbytecode.interceptor - To-one property `modelo.Asignacion#lectura` was mapped with LAZY + NO_PROXY but the class was not enhanced
2026-02-02 21:23:19.373 [main] DEBUG org.hibernate.ormbytecode.interceptor - To-one property `modelo.Estudiante#usuario` was mapped with LAZY + NO_PROXY but the class was not enhanced
2026-02-02 21:23:19.373 [main] DEBUG org.hibernate.ormbytecode.interceptor - To-one property `modelo.Estudiante#usuario` was mapped with LAZY + NO_PROXY but the class was not enhanced
2026-02-02 21:23:19.373 [main] DEBUG org.hibernate.boot.internal.ClassLoaderAccessImpl - Not known whether passed class name [modelo.Estudiante] is safe
2026-02-02 21:23:19.373 [main] DEBUG org.hibernate.boot.internal.ClassLoaderAccessImpl - No temp ClassLoader provided; using live ClassLoader for loading potentially unsafe class : modelo.Estudiante
2026-02-02 21:23:19.383 [main] DEBUG org.hibernate.bytecode.internal.bytebuddy.BytecodeProviderImpl - HHH000513: Unable to create the ReflectionOptimizer for [modelo.Estudiante]: private accessor [logros]
2026-02-02 21:23:19.383 [main] DEBUG org.hibernate.ormbytecode.interceptor - To-one property `modelo.Estudiante#usuario` was mapped with LAZY + NO_PROXY but the class was not enhanced
2026-02-02 21:23:19.384 [main] DEBUG org.hibernate.boot.internal.ClassLoaderAccessImpl - Not known whether passed class name [modelo.Lectura] is safe
2026-02-02 21:23:19.384 [main] DEBUG org.hibernate.boot.internal.ClassLoaderAccessImpl - No temp ClassLoader provided; using live ClassLoader for loading potentially unsafe class : modelo.Lectura
2026-02-02 21:23:19.392 [main] DEBUG org.hibernate.bytecode.internal.bytebuddy.BytecodeProviderImpl - HHH000513: Unable to create the ReflectionOptimizer for [modelo.Lectura]: private accessor [asignaciones]
2026-02-02 21:23:19.392 [main] DEBUG org.hibernate.boot.internal.ClassLoaderAccessImpl - Not known whether passed class name [modelo.Docente] is safe
2026-02-02 21:23:19.392 [main] DEBUG org.hibernate.boot.internal.ClassLoaderAccessImpl - No temp ClassLoader provided; using live ClassLoader for loading potentially unsafe class : modelo.Docente
2026-02-02 21:23:19.399 [main] DEBUG org.hibernate.bytecode.internal.bytebuddy.BytecodeProviderImpl - HHH000513: Unable to create the ReflectionOptimizer for [modelo.Docente]: private accessor [edad]
2026-02-02 21:23:19.399 [main] DEBUG org.hibernate.ormbytecode.interceptor - To-one property `modelo.Usuario#estudiante` was mapped with LAZY + NO_PROXY but the class was not enhanced
2026-02-02 21:23:19.399 [main] DEBUG org.hibernate.ormbytecode.interceptor - To-one property `modelo.Usuario#estudiante` was mapped with LAZY + NO_PROXY but the class was not enhanced
2026-02-02 21:23:19.399 [main] DEBUG org.hibernate.boot.internal.ClassLoaderAccessImpl - Not known whether passed class name [modelo.Usuario] is safe
2026-02-02 21:23:19.399 [main] DEBUG org.hibernate.boot.internal.ClassLoaderAccessImpl - No temp ClassLoader provided; using live ClassLoader for loading potentially unsafe class : modelo.Usuario
2026-02-02 21:23:19.415 [main] DEBUG org.hibernate.bytecode.internal.bytebuddy.BytecodeProviderImpl - HHH000513: Unable to create the ReflectionOptimizer for [modelo.Usuario]: private accessor [edad]
2026-02-02 21:23:19.415 [main] DEBUG org.hibernate.ormbytecode.interceptor - To-one property `modelo.Usuario#estudiante` was mapped with LAZY + NO_PROXY but the class was not enhanced
2026-02-02 21:23:19.429 [main] DEBUG org.hibernate.orm.jdbc.mutation - Skipping collection row updates - modelo.Logro.estudiantes
2026-02-02 21:23:19.431 [main] DEBUG org.hibernate.orm.jdbc.mutation - Skipping collection (re)creation - modelo.Lectura.asignaciones
2026-02-02 21:23:19.432 [main] DEBUG org.hibernate.orm.jdbc.mutation - Skipping collection row deletions - modelo.Lectura.asignaciones
2026-02-02 21:23:19.432 [main] DEBUG org.hibernate.orm.jdbc.mutation - Skipping collection removals - modelo.Lectura.asignaciones
2026-02-02 21:23:19.432 [main] DEBUG org.hibernate.orm.jdbc.mutation - Skipping collection inserts - modelo.Estudiante.logros
2026-02-02 21:23:19.432 [main] DEBUG org.hibernate.orm.jdbc.mutation - Skipping collection row updates - modelo.Estudiante.logros
2026-02-02 21:23:19.432 [main] DEBUG org.hibernate.orm.jdbc.mutation - Skipping collection row deletions - modelo.Estudiante.logros
2026-02-02 21:23:19.432 [main] DEBUG org.hibernate.orm.jdbc.mutation - Skipping collection removals - modelo.Estudiante.logros
2026-02-02 21:23:19.452 [main] DEBUG org.hibernate.orm.model.mapping.creation - Starting post-init callbacks
2026-02-02 21:23:19.452 [main] DEBUG org.hibernate.orm.model.mapping.creation - Starting PostInitCallbackEntry : PluralAttributeMapping( NavigableRole[modelo.Logro.estudiantes#{element}]) - element descriptor
2026-02-02 21:23:19.454 [main] DEBUG org.hibernate.orm.model.mapping.creation - Starting PostInitCallbackEntry : PluralAttributeMapping(modelo.Logro.estudiantes)#finishInitialization
2026-02-02 21:23:19.454 [main] DEBUG org.hibernate.orm.model.mapping.creation - Starting PostInitCallbackEntry : PluralAttributeMapping(modelo.Logro.estudiantes) - key descriptor
2026-02-02 21:23:19.454 [main] DEBUG org.hibernate.orm.model.mapping.creation - Starting PostInitCallbackEntry : Entity(modelo.Logro) `staticFetchableList` generator
2026-02-02 21:23:19.454 [main] DEBUG org.hibernate.orm.model.mapping.creation - Starting PostInitCallbackEntry : To-one key - NavigableRole[modelo.Asignacion.docente]
2026-02-02 21:23:19.455 [main] DEBUG org.hibernate.orm.model.mapping.creation - Starting PostInitCallbackEntry : To-one key - NavigableRole[modelo.Asignacion.lectura]
2026-02-02 21:23:19.455 [main] DEBUG org.hibernate.orm.model.mapping.creation - Starting PostInitCallbackEntry : Entity(modelo.Asignacion) `staticFetchableList` generator
2026-02-02 21:23:19.455 [main] DEBUG org.hibernate.orm.model.mapping.creation - Starting PostInitCallbackEntry : PluralAttributeMapping( NavigableRole[modelo.Estudiante.logros#{element}]) - element descriptor
2026-02-02 21:23:19.455 [main] DEBUG org.hibernate.orm.model.mapping.creation - Starting PostInitCallbackEntry : PluralAttributeMapping(modelo.Estudiante.logros)#finishInitialization
2026-02-02 21:23:19.455 [main] DEBUG org.hibernate.orm.model.mapping.creation - Starting PostInitCallbackEntry : PluralAttributeMapping(modelo.Estudiante.logros) - key descriptor
2026-02-02 21:23:19.455 [main] DEBUG org.hibernate.orm.model.mapping.creation - Starting PostInitCallbackEntry : To-one key - NavigableRole[modelo.Estudiante.usuario]
2026-02-02 21:23:19.455 [main] DEBUG org.hibernate.orm.model.mapping.creation - Starting PostInitCallbackEntry : Entity(modelo.Estudiante) `staticFetchableList` generator
2026-02-02 21:23:19.455 [main] DEBUG org.hibernate.orm.model.mapping.creation - Starting PostInitCallbackEntry : PluralAttributeMapping( NavigableRole[modelo.Lectura.asignaciones#{element}]) - element descriptor
2026-02-02 21:23:19.455 [main] DEBUG org.hibernate.orm.model.mapping.creation - Starting PostInitCallbackEntry : PluralAttributeMapping(modelo.Lectura.asignaciones)#finishInitialization
2026-02-02 21:23:19.455 [main] DEBUG org.hibernate.orm.model.mapping.creation - Starting PostInitCallbackEntry : PluralAttributeMapping(modelo.Lectura.asignaciones) - key descriptor
2026-02-02 21:23:19.455 [main] DEBUG org.hibernate.orm.model.mapping.creation - Starting PostInitCallbackEntry : Entity(modelo.Lectura) `staticFetchableList` generator
2026-02-02 21:23:19.455 [main] DEBUG org.hibernate.orm.model.mapping.creation - Starting PostInitCallbackEntry : Entity(modelo.Docente) `staticFetchableList` generator
2026-02-02 21:23:19.455 [main] DEBUG org.hibernate.orm.model.mapping.creation - Starting PostInitCallbackEntry : To-one key - NavigableRole[modelo.Usuario.estudiante]
2026-02-02 21:23:19.455 [main] DEBUG org.hibernate.orm.model.mapping.creation - Starting PostInitCallbackEntry : Entity(modelo.Usuario) `staticFetchableList` generator
2026-02-02 21:23:19.455 [main] DEBUG org.hibernate.orm.model.mapping.creation - Starting PostInitCallbackEntry : PluralAttributeMapping( NavigableRole[modelo.Lectura.asignaciones#{element}]) - element descriptor
2026-02-02 21:23:19.504 [main] DEBUG org.hibernate.orm.sql.ast.create - Created new SQL alias : l1_0
2026-02-02 21:23:19.507 [main] DEBUG org.hibernate.orm.sql.ast.create - Registration of TableGroup [StandardTableGroup(modelo.Logro)] with identifierForTableGroup [modelo.Logro] for NavigablePath [modelo.Logro] 
2026-02-02 21:23:19.520 [main] DEBUG org.hibernate.orm.results.graph.AST - DomainResult Graph:
 \-EntityResultImpl [modelo.Logro]
 |  +-BasicFetch [modelo.Logro.descripcion]
 |  +-DelayedCollectionFetch [modelo.Logro.estudiantes]
 |  \-BasicFetch [modelo.Logro.nombreLogro]

2026-02-02 21:23:19.521 [main] DEBUG org.hibernate.orm.sql.ast.tree - SQL AST Tree:
    SelectStatement {
      FromClause {
        StandardTableGroup (l1 : modelo.Logro) {
          primaryTableReference : logro as l1_0
        }
      }
    }

2026-02-02 21:23:19.528 [main] DEBUG org.hibernate.persister.entity.AbstractEntityPersister - Static SQL for entity: modelo.Logro
2026-02-02 21:23:19.528 [main] DEBUG org.hibernate.persister.entity.AbstractEntityPersister -  Version select: select id_logro from logro where id_logro=?
2026-02-02 21:23:19.528 [main] DEBUG org.hibernate.persister.entity.AbstractEntityPersister -  Insert (0): insert into logro (descripcion,nombreLogro) values (?,?)
2026-02-02 21:23:19.528 [main] DEBUG org.hibernate.persister.entity.AbstractEntityPersister -  Update (0): update logro set descripcion=?,nombreLogro=? where id_logro=?
2026-02-02 21:23:19.528 [main] DEBUG org.hibernate.persister.entity.AbstractEntityPersister -  Delete (0): delete from logro where id_logro=?
2026-02-02 21:23:19.528 [main] DEBUG org.hibernate.orm.sql.ast.create - Created new SQL alias : a1_0
2026-02-02 21:23:19.528 [main] DEBUG org.hibernate.orm.sql.ast.create - Registration of TableGroup [StandardTableGroup(modelo.Asignacion)] with identifierForTableGroup [modelo.Asignacion] for NavigablePath [modelo.Asignacion] 
2026-02-02 21:23:19.533 [main] DEBUG org.hibernate.orm.sql.ast.create - Registration of TableGroup [org.hibernate.sql.ast.tree.from.LazyTableGroup@2ccc9681] with identifierForTableGroup [modelo.Asignacion.docente] for NavigablePath [modelo.Asignacion.docente] 
2026-02-02 21:23:19.533 [main] DEBUG org.hibernate.orm.sql.ast.create - Created new SQL alias : d1_0
2026-02-02 21:23:19.535 [main] DEBUG org.hibernate.orm.sql.ast.create - Registration of TableGroup [org.hibernate.sql.ast.tree.from.LazyTableGroup@203b953c] with identifierForTableGroup [modelo.Asignacion.lectura] for NavigablePath [modelo.Asignacion.lectura] 
2026-02-02 21:23:19.535 [main] DEBUG org.hibernate.orm.sql.ast.create - Created new SQL alias : l1_0
2026-02-02 21:23:19.535 [main] DEBUG org.hibernate.orm.results.graph.AST - DomainResult Graph:
 \-EntityResultImpl [modelo.Asignacion]
 |  +-BasicFetch [modelo.Asignacion.codigoClase]
 |  +-EntityFetchJoinedImpl [modelo.Asignacion.docente]
 |  +-BasicFetch [modelo.Asignacion.esObligatoria]
 |  +-EntityFetchJoinedImpl [modelo.Asignacion.lectura]
 |  +-BasicFetch [modelo.Asignacion.tituloAsignacion]
 |  \-BasicFetch [modelo.Asignacion.totalAlumnos]

2026-02-02 21:23:19.536 [main] DEBUG org.hibernate.orm.sql.ast.tree - SQL AST Tree:
    SelectStatement {
      FromClause {
        StandardTableGroup (a1 : modelo.Asignacion) {
          primaryTableReference : asignacion as a1_0
          TableGroupJoins {
            left  join LazyTableGroup (d1 : modelo.Asignacion.docente) {
              primaryTableReference : docente as d1_0
            }
            left  join LazyTableGroup (l1 : modelo.Asignacion.lectura) {
              primaryTableReference : lectura as l1_0
            }
          }
        }
      }
    }

2026-02-02 21:23:19.536 [main] DEBUG org.hibernate.persister.entity.AbstractEntityPersister - Static SQL for entity: modelo.Asignacion
2026-02-02 21:23:19.536 [main] DEBUG org.hibernate.persister.entity.AbstractEntityPersister -  Version select: select id_asignacion from asignacion where id_asignacion=?
2026-02-02 21:23:19.536 [main] DEBUG org.hibernate.persister.entity.AbstractEntityPersister -  Insert (0): insert into asignacion (codigoClase,id_docente,esObligatoria,id_lectura,tituloAsignacion,totalAlumnos) values (?,?,?,?,?,?)
2026-02-02 21:23:19.536 [main] DEBUG org.hibernate.persister.entity.AbstractEntityPersister -  Update (0): update asignacion set codigoClase=?,id_docente=?,esObligatoria=?,id_lectura=?,tituloAsignacion=?,totalAlumnos=? where id_asignacion=?
2026-02-02 21:23:19.536 [main] DEBUG org.hibernate.persister.entity.AbstractEntityPersister -  Delete (0): delete from asignacion where id_asignacion=?
2026-02-02 21:23:19.536 [main] DEBUG org.hibernate.orm.sql.ast.create - Created new SQL alias : e1_0
2026-02-02 21:23:19.536 [main] DEBUG org.hibernate.orm.sql.ast.create - Registration of TableGroup [StandardTableGroup(modelo.Estudiante)] with identifierForTableGroup [modelo.Estudiante] for NavigablePath [modelo.Estudiante] 
2026-02-02 21:23:19.536 [main] DEBUG org.hibernate.orm.sql.ast.create - Registration of TableGroup [org.hibernate.sql.ast.tree.from.LazyTableGroup@5873f3f0] with identifierForTableGroup [modelo.Estudiante.usuario] for NavigablePath [modelo.Estudiante.usuario] 
2026-02-02 21:23:19.536 [main] DEBUG org.hibernate.orm.sql.ast.create - Created new SQL alias : u1_0
2026-02-02 21:23:19.536 [main] DEBUG org.hibernate.orm.sql.ast.create - Registration of TableGroup [org.hibernate.sql.ast.tree.from.LazyTableGroup@684372d0] with identifierForTableGroup [modelo.Estudiante.usuario.estudiante] for NavigablePath [modelo.Estudiante.usuario.estudiante] 
2026-02-02 21:23:19.536 [main] DEBUG org.hibernate.orm.sql.ast.create - Created new SQL alias : e2_0
2026-02-02 21:23:19.539 [main] DEBUG org.hibernate.orm.sql.ast.create - Registration of TableGroup [org.hibernate.sql.ast.tree.from.LazyTableGroup@27bc1d44] with identifierForTableGroup [modelo.Estudiante.usuario.estudiante.usuario] for NavigablePath [modelo.Estudiante.usuario.estudiante.usuario] 
2026-02-02 21:23:19.539 [main] DEBUG org.hibernate.orm.results.graph.AST - DomainResult Graph:
 \-EntityResultImpl [modelo.Estudiante]
 |  +-DelayedCollectionFetch [modelo.Estudiante.logros]
 |  +-BasicFetch [modelo.Estudiante.nivelActual]
 |  +-BasicFetch [modelo.Estudiante.puntosXP]
 |  \-EntityFetchJoinedImpl [modelo.Estudiante.usuario]

2026-02-02 21:23:19.539 [main] DEBUG org.hibernate.orm.sql.ast.tree - SQL AST Tree:
    SelectStatement {
      FromClause {
        StandardTableGroup (e1 : modelo.Estudiante) {
          primaryTableReference : estudiante as e1_0
          TableGroupJoins {
            left  join LazyTableGroup (u1 : modelo.Estudiante.usuario) {
              primaryTableReference : usuario as u1_0
              TableGroupJoins {
                left  join LazyTableGroup (e2 : modelo.Estudiante.usuario.estudiante) {
                  primaryTableReference : estudiante as e2_0
                  TableGroupJoins {
                    left  join LazyTableGroup (u2 : modelo.Estudiante.usuario.estudiante.usuario) {
                    }
                  }
                }
              }
            }
          }
        }
      }
    }

2026-02-02 21:23:19.540 [main] DEBUG org.hibernate.persister.entity.AbstractEntityPersister - Static SQL for entity: modelo.Estudiante
2026-02-02 21:23:19.540 [main] DEBUG org.hibernate.persister.entity.AbstractEntityPersister -  Version select: select id_estudiante from estudiante where id_estudiante=?
2026-02-02 21:23:19.540 [main] DEBUG org.hibernate.persister.entity.AbstractEntityPersister -  Insert (0): insert into estudiante (nivelActual,puntosXP,id_usuario) values (?,?,?)
2026-02-02 21:23:19.540 [main] DEBUG org.hibernate.persister.entity.AbstractEntityPersister -  Update (0): update estudiante set nivelActual=?,puntosXP=?,id_usuario=? where id_estudiante=?
2026-02-02 21:23:19.540 [main] DEBUG org.hibernate.persister.entity.AbstractEntityPersister -  Delete (0): delete from estudiante where id_estudiante=?
2026-02-02 21:23:19.540 [main] DEBUG org.hibernate.orm.sql.ast.create - Created new SQL alias : l1_0
2026-02-02 21:23:19.540 [main] DEBUG org.hibernate.orm.sql.ast.create - Registration of TableGroup [StandardTableGroup(modelo.Lectura)] with identifierForTableGroup [modelo.Lectura] for NavigablePath [modelo.Lectura] 
2026-02-02 21:23:19.540 [main] DEBUG org.hibernate.orm.results.graph.AST - DomainResult Graph:
 \-EntityResultImpl [modelo.Lectura]
 |  +-DelayedCollectionFetch [modelo.Lectura.asignaciones]
 |  +-BasicFetch [modelo.Lectura.autor]
 |  +-BasicFetch [modelo.Lectura.genero]
 |  \-BasicFetch [modelo.Lectura.titulo]

2026-02-02 21:23:19.540 [main] DEBUG org.hibernate.orm.sql.ast.tree - SQL AST Tree:
    SelectStatement {
      FromClause {
        StandardTableGroup (l1 : modelo.Lectura) {
          primaryTableReference : lectura as l1_0
        }
      }
    }

2026-02-02 21:23:19.540 [main] DEBUG org.hibernate.persister.entity.AbstractEntityPersister - Static SQL for entity: modelo.Lectura
2026-02-02 21:23:19.540 [main] DEBUG org.hibernate.persister.entity.AbstractEntityPersister -  Version select: select id_lectura from lectura where id_lectura=?
2026-02-02 21:23:19.540 [main] DEBUG org.hibernate.persister.entity.AbstractEntityPersister -  Insert (0): insert into lectura (autor,genero,titulo) values (?,?,?)
2026-02-02 21:23:19.540 [main] DEBUG org.hibernate.persister.entity.AbstractEntityPersister -  Update (0): update lectura set autor=?,genero=?,titulo=? where id_lectura=?
2026-02-02 21:23:19.540 [main] DEBUG org.hibernate.persister.entity.AbstractEntityPersister -  Delete (0): delete from lectura where id_lectura=?
2026-02-02 21:23:19.540 [main] DEBUG org.hibernate.orm.sql.ast.create - Created new SQL alias : d1_0
2026-02-02 21:23:19.540 [main] DEBUG org.hibernate.orm.sql.ast.create - Registration of TableGroup [StandardTableGroup(modelo.Docente)] with identifierForTableGroup [modelo.Docente] for NavigablePath [modelo.Docente] 
2026-02-02 21:23:19.540 [main] DEBUG org.hibernate.orm.results.graph.AST - DomainResult Graph:
 \-EntityResultImpl [modelo.Docente]
 |  +-BasicFetch [modelo.Docente.edad]
 |  +-BasicFetch [modelo.Docente.especialidad]
 |  \-BasicFetch [modelo.Docente.nombre]

2026-02-02 21:23:19.540 [main] DEBUG org.hibernate.orm.sql.ast.tree - SQL AST Tree:
    SelectStatement {
      FromClause {
        StandardTableGroup (d1 : modelo.Docente) {
          primaryTableReference : docente as d1_0
        }
      }
    }

2026-02-02 21:23:19.540 [main] DEBUG org.hibernate.persister.entity.AbstractEntityPersister - Static SQL for entity: modelo.Docente
2026-02-02 21:23:19.540 [main] DEBUG org.hibernate.persister.entity.AbstractEntityPersister -  Version select: select id_docente from docente where id_docente=?
2026-02-02 21:23:19.540 [main] DEBUG org.hibernate.persister.entity.AbstractEntityPersister -  Insert (0): insert into docente (edad,especialidad,nombre) values (?,?,?)
2026-02-02 21:23:19.540 [main] DEBUG org.hibernate.persister.entity.AbstractEntityPersister -  Update (0): update docente set edad=?,especialidad=?,nombre=? where id_docente=?
2026-02-02 21:23:19.540 [main] DEBUG org.hibernate.persister.entity.AbstractEntityPersister -  Delete (0): delete from docente where id_docente=?
2026-02-02 21:23:19.540 [main] DEBUG org.hibernate.orm.sql.ast.create - Created new SQL alias : u1_0
2026-02-02 21:23:19.540 [main] DEBUG org.hibernate.orm.sql.ast.create - Registration of TableGroup [StandardTableGroup(modelo.Usuario)] with identifierForTableGroup [modelo.Usuario] for NavigablePath [modelo.Usuario] 
2026-02-02 21:23:19.540 [main] DEBUG org.hibernate.orm.sql.ast.create - Registration of TableGroup [org.hibernate.sql.ast.tree.from.LazyTableGroup@1cba0321] with identifierForTableGroup [modelo.Usuario.estudiante] for NavigablePath [modelo.Usuario.estudiante] 
2026-02-02 21:23:19.540 [main] DEBUG org.hibernate.orm.sql.ast.create - Created new SQL alias : e1_0
2026-02-02 21:23:19.540 [main] DEBUG org.hibernate.orm.sql.ast.create - Registration of TableGroup [org.hibernate.sql.ast.tree.from.LazyTableGroup@795f6681] with identifierForTableGroup [modelo.Usuario.estudiante.usuario] for NavigablePath [modelo.Usuario.estudiante.usuario] 
2026-02-02 21:23:19.541 [main] DEBUG org.hibernate.orm.sql.ast.create - Created new SQL alias : u2_0
2026-02-02 21:23:19.541 [main] DEBUG org.hibernate.orm.sql.ast.create - Registration of TableGroup [org.hibernate.sql.ast.tree.from.LazyTableGroup@66d3b881] with identifierForTableGroup [modelo.Usuario.estudiante.usuario.estudiante] for NavigablePath [modelo.Usuario.estudiante.usuario.estudiante] 
2026-02-02 21:23:19.541 [main] DEBUG org.hibernate.orm.results.graph.AST - DomainResult Graph:
 \-EntityResultImpl [modelo.Usuario]
 |  +-BasicFetch [modelo.Usuario.edad]
 |  +-EntityFetchJoinedImpl [modelo.Usuario.estudiante]
 |  +-BasicFetch [modelo.Usuario.nombreCompleto]
 |  +-BasicFetch [modelo.Usuario.puntosPorLogro]
 |  +-BasicFetch [modelo.Usuario.rolPrincipal]
 |  \-BasicFetch [modelo.Usuario.tipoUsuario]

2026-02-02 21:23:19.541 [main] DEBUG org.hibernate.orm.sql.ast.tree - SQL AST Tree:
    SelectStatement {
      FromClause {
        StandardTableGroup (u1 : modelo.Usuario) {
          primaryTableReference : usuario as u1_0
          TableGroupJoins {
            left  join LazyTableGroup (e1 : modelo.Usuario.estudiante) {
              primaryTableReference : estudiante as e1_0
              TableGroupJoins {
                left  join LazyTableGroup (u2 : modelo.Usuario.estudiante.usuario) {
                  primaryTableReference : usuario as u2_0
                  TableGroupJoins {
                    left  join LazyTableGroup (e2 : modelo.Usuario.estudiante.usuario.estudiante) {
                    }
                  }
                }
              }
            }
          }
        }
      }
    }

2026-02-02 21:23:19.541 [main] DEBUG org.hibernate.persister.entity.AbstractEntityPersister - Static SQL for entity: modelo.Usuario
2026-02-02 21:23:19.541 [main] DEBUG org.hibernate.persister.entity.AbstractEntityPersister -  Version select: select id_usuario from usuario where id_usuario=?
2026-02-02 21:23:19.541 [main] DEBUG org.hibernate.persister.entity.AbstractEntityPersister -  Insert (0): insert into usuario (edad,estudiante_id_estudiante,nombreCompleto,puntosPorLogro,rolPrincipal,tipoUsuario) values (?,?,?,?,?,?)
2026-02-02 21:23:19.541 [main] DEBUG org.hibernate.persister.entity.AbstractEntityPersister -  Update (0): update usuario set edad=?,estudiante_id_estudiante=?,nombreCompleto=?,puntosPorLogro=?,rolPrincipal=?,tipoUsuario=? where id_usuario=?
2026-02-02 21:23:19.541 [main] DEBUG org.hibernate.persister.entity.AbstractEntityPersister -  Delete (0): delete from usuario where id_usuario=?
2026-02-02 21:23:19.542 [main] DEBUG org.hibernate.orm.sql.ast.create - Created new SQL alias : e1_0
2026-02-02 21:23:19.543 [main] DEBUG org.hibernate.orm.sql.ast.create - Registration of TableGroup [CollectionTableGroup(modelo.Logro.estudiantes)] with identifierForTableGroup [modelo.Logro.estudiantes] for NavigablePath [modelo.Logro.estudiantes] 
2026-02-02 21:23:19.543 [main] DEBUG org.hibernate.orm.sql.ast.create - Registration of TableGroup [org.hibernate.sql.ast.tree.from.LazyTableGroup@3271ec2a] with identifierForTableGroup [modelo.Logro.estudiantes.{element}] for NavigablePath [modelo.Logro.estudiantes.{element}] 
2026-02-02 21:23:19.545 [main] DEBUG org.hibernate.orm.sql.ast.create - Created new SQL alias : e1_1
2026-02-02 21:23:19.545 [main] DEBUG org.hibernate.orm.sql.ast.create - Registration of TableGroup [org.hibernate.sql.ast.tree.from.LazyTableGroup@2c99c8d] with identifierForTableGroup [modelo.Logro.estudiantes.{element}.usuario] for NavigablePath [modelo.Logro.estudiantes.{element}.usuario] 
2026-02-02 21:23:19.545 [main] DEBUG org.hibernate.orm.sql.ast.create - Created new SQL alias : u1_0
2026-02-02 21:23:19.545 [main] DEBUG org.hibernate.orm.sql.ast.create - Registration of TableGroup [org.hibernate.sql.ast.tree.from.LazyTableGroup@59d6642a] with identifierForTableGroup [modelo.Logro.estudiantes.{element}.usuario.estudiante] for NavigablePath [modelo.Logro.estudiantes.{element}.usuario.estudiante] 
2026-02-02 21:23:19.545 [main] DEBUG org.hibernate.orm.sql.ast.create - Created new SQL alias : e2_0
2026-02-02 21:23:19.546 [main] DEBUG org.hibernate.orm.sql.ast.create - Registration of TableGroup [org.hibernate.sql.ast.tree.from.LazyTableGroup@365cef67] with identifierForTableGroup [modelo.Logro.estudiantes.{element}.usuario.estudiante.usuario] for NavigablePath [modelo.Logro.estudiantes.{element}.usuario.estudiante.usuario] 
2026-02-02 21:23:19.547 [main] DEBUG org.hibernate.orm.results.graph.AST - DomainResult Graph:
 \-CollectionDomainResult [modelo.Logro.estudiantes]

2026-02-02 21:23:19.547 [main] DEBUG org.hibernate.orm.sql.ast.tree - SQL AST Tree:
    SelectStatement {
      FromClause {
        CollectionTableGroup (e1 : modelo.Logro.estudiantes) {
          primaryTableReference : logro_estudiante as e1_0
          TableGroupJoins {
             join LazyTableGroup (e1 : modelo.Logro.estudiantes.{element}) {
              primaryTableReference : estudiante as e1_1
              TableGroupJoins {
                left  join LazyTableGroup (u1 : modelo.Logro.estudiantes.{element}.usuario) {
                  primaryTableReference : usuario as u1_0
                  TableGroupJoins {
                    left  join LazyTableGroup (e2 : modelo.Logro.estudiantes.{element}.usuario.estudiante) {
                      primaryTableReference : estudiante as e2_0
                      TableGroupJoins {
                        left  join LazyTableGroup (u2 : modelo.Logro.estudiantes.{element}.usuario.estudiante.usuario) {
                        }
                      }
                    }
                  }
                }
              }
            }
          }
        }
      }
    }

2026-02-02 21:23:19.547 [main] DEBUG org.hibernate.orm.jdbc.mutation - Static SQL for collection: modelo.Logro.estudiantes
2026-02-02 21:23:19.548 [main] DEBUG org.hibernate.orm.jdbc.mutation -  Row insert: insert into logro_estudiante (logros_id_logro,estudiantes_id_estudiante) values (?,?)
2026-02-02 21:23:19.548 [main] DEBUG org.hibernate.orm.jdbc.mutation -  Row delete: delete from logro_estudiante where logros_id_logro=? and estudiantes_id_estudiante=?
2026-02-02 21:23:19.548 [main] DEBUG org.hibernate.orm.jdbc.mutation -  One-shot delete: delete from logro_estudiante where logros_id_logro=?
2026-02-02 21:23:19.549 [main] DEBUG org.hibernate.orm.sql.ast.create - Created new SQL alias : a1_0
2026-02-02 21:23:19.549 [main] DEBUG org.hibernate.orm.sql.ast.create - Registration of TableGroup [org.hibernate.sql.ast.tree.from.OneToManyTableGroup@78479f2b] with identifierForTableGroup [modelo.Lectura.asignaciones] for NavigablePath [modelo.Lectura.asignaciones] 
2026-02-02 21:23:19.549 [main] DEBUG org.hibernate.orm.sql.ast.create - Registration of TableGroup [StandardTableGroup(modelo.Lectura.asignaciones.{element})] with identifierForTableGroup [modelo.Lectura.asignaciones.{element}] for NavigablePath [modelo.Lectura.asignaciones.{element}] 
2026-02-02 21:23:19.549 [main] DEBUG org.hibernate.orm.sql.ast.create - Registration of TableGroup [org.hibernate.sql.ast.tree.from.LazyTableGroup@2755617b] with identifierForTableGroup [modelo.Lectura.asignaciones.{element}.docente] for NavigablePath [modelo.Lectura.asignaciones.{element}.docente] 
2026-02-02 21:23:19.549 [main] DEBUG org.hibernate.orm.sql.ast.create - Created new SQL alias : d1_0
2026-02-02 21:23:19.550 [main] DEBUG org.hibernate.orm.sql.ast.create - Registration of TableGroup [org.hibernate.sql.ast.tree.from.LazyTableGroup@49653791] with identifierForTableGroup [modelo.Lectura.asignaciones.{element}.lectura] for NavigablePath [modelo.Lectura.asignaciones.{element}.lectura] 
2026-02-02 21:23:19.550 [main] DEBUG org.hibernate.orm.results.graph.AST - DomainResult Graph:
 \-CollectionDomainResult [modelo.Lectura.asignaciones]

2026-02-02 21:23:19.551 [main] DEBUG org.hibernate.orm.sql.ast.tree - SQL AST Tree:
    SelectStatement {
      FromClause {
        OneToManyTableGroup (a1 : modelo.Lectura.asignaciones) {
          primaryTableReference : asignacion as a1_0
          TableGroupJoins {
            left  join LazyTableGroup (d1 : modelo.Lectura.asignaciones.{element}.docente) {
              primaryTableReference : docente as d1_0
            }
            left  join LazyTableGroup (l1 : modelo.Lectura.asignaciones.{element}.lectura) {
            }
          }
        }
      }
    }

2026-02-02 21:23:19.551 [main] DEBUG org.hibernate.orm.jdbc.mutation - Static SQL for collection: modelo.Lectura.asignaciones
2026-02-02 21:23:19.551 [main] DEBUG org.hibernate.orm.sql.ast.create - Created new SQL alias : l1_0
2026-02-02 21:23:19.551 [main] DEBUG org.hibernate.orm.sql.ast.create - Registration of TableGroup [CollectionTableGroup(modelo.Estudiante.logros)] with identifierForTableGroup [modelo.Estudiante.logros] for NavigablePath [modelo.Estudiante.logros] 
2026-02-02 21:23:19.551 [main] DEBUG org.hibernate.orm.sql.ast.create - Registration of TableGroup [org.hibernate.sql.ast.tree.from.LazyTableGroup@6009cd34] with identifierForTableGroup [modelo.Estudiante.logros.{element}] for NavigablePath [modelo.Estudiante.logros.{element}] 
2026-02-02 21:23:19.551 [main] DEBUG org.hibernate.orm.sql.ast.create - Created new SQL alias : l1_1
2026-02-02 21:23:19.551 [main] DEBUG org.hibernate.orm.results.graph.AST - DomainResult Graph:
 \-CollectionDomainResult [modelo.Estudiante.logros]

2026-02-02 21:23:19.551 [main] DEBUG org.hibernate.orm.sql.ast.tree - SQL AST Tree:
    SelectStatement {
      FromClause {
        CollectionTableGroup (l1 : modelo.Estudiante.logros) {
          primaryTableReference : logro_estudiante as l1_0
          TableGroupJoins {
             join LazyTableGroup (l1 : modelo.Estudiante.logros.{element}) {
              primaryTableReference : logro as l1_1
            }
          }
        }
      }
    }

2026-02-02 21:23:19.551 [main] DEBUG org.hibernate.orm.jdbc.mutation - Static SQL for collection: modelo.Estudiante.logros
2026-02-02 21:23:19.575 [main] DEBUG org.hibernate.engine.transaction.jta.platform.internal.JtaPlatformInitiator - No JtaPlatform was specified, checking resolver
2026-02-02 21:23:19.575 [main] DEBUG org.hibernate.engine.transaction.jta.platform.internal.JtaPlatformResolverInitiator - No JtaPlatformResolver was specified, using default [org.hibernate.engine.transaction.jta.platform.internal.StandardJtaPlatformResolver]
2026-02-02 21:23:19.578 [main] DEBUG org.hibernate.engine.transaction.jta.platform.internal.StandardJtaPlatformResolver - Could not resolve JtaPlatform, using default [org.hibernate.engine.transaction.jta.platform.internal.NoJtaPlatform]
2026-02-02 21:23:19.578 [main] INFO  org.hibernate.engine.transaction.jta.platform.internal.JtaPlatformInitiator - HHH000489: No JTA platform available (set 'hibernate.transaction.jta.platform' to enable JTA platform integration)
2026-02-02 21:23:19.579 [main] DEBUG org.hibernate.type.spi.TypeConfiguration$Scope - Scoping TypeConfiguration [org.hibernate.type.spi.TypeConfiguration@640dc4c6] to SessionFactoryImplementor [org.hibernate.internal.SessionFactoryImpl@21733cbe]
2026-02-02 21:23:19.579 [main] DEBUG org.hibernate.query.named.NamedObjectRepository - Checking 0 named HQL queries
2026-02-02 21:23:19.579 [main] DEBUG org.hibernate.query.named.NamedObjectRepository - Checking 0 named SQL queries
2026-02-02 21:23:19.592 [main] DEBUG org.hibernate.SQL - 
    alter table asignacion 
       drop 
       foreign key FKovu95a00puuf9x61ve5frg9lr
2026-02-02 21:23:19.593 [main] INFO  org.hibernate.orm.connections.access - HHH10001501: Connection obtained from JdbcConnectionAccess [org.hibernate.engine.jdbc.env.internal.JdbcEnvironmentInitiator$ConnectionProviderJdbcConnectionAccess@3a861417] for (non-JTA) DDL execution was not in auto-commit mode; the Connection 'local transaction' will be committed and the Connection will be set into auto-commit mode.
2026-02-02 21:23:19.627 [main] DEBUG org.hibernate.SQL - 
    alter table asignacion 
       drop 
       foreign key FKjgqxbxgacasc7rw6ft78k5wxe
2026-02-02 21:23:19.657 [main] DEBUG org.hibernate.SQL - 
    alter table estudiante 
       drop 
       foreign key FK5a2y49gqj50k58rcckgh5cdue
2026-02-02 21:23:19.688 [main] DEBUG org.hibernate.SQL - 
    alter table logro_estudiante 
       drop 
       foreign key FK4cxmv62j6nj1yqc6c0dpx67mk
2026-02-02 21:23:19.724 [main] DEBUG org.hibernate.SQL - 
    alter table logro_estudiante 
       drop 
       foreign key FKbi1xfyefu6l3t4586nbr5vtpy
2026-02-02 21:23:19.751 [main] DEBUG org.hibernate.SQL - 
    alter table usuario 
       drop 
       foreign key FKdw89kie2kf1uequ0rwgjn8dk7
2026-02-02 21:23:19.792 [main] DEBUG org.hibernate.SQL - 
    drop table if exists asignacion
2026-02-02 21:23:19.854 [main] DEBUG org.hibernate.SQL - 
    drop table if exists docente
2026-02-02 21:23:19.917 [main] DEBUG org.hibernate.SQL - 
    drop table if exists estudiante
2026-02-02 21:23:19.980 [main] DEBUG org.hibernate.SQL - 
    drop table if exists lectura
2026-02-02 21:23:20.044 [main] DEBUG org.hibernate.SQL - 
    drop table if exists logro
2026-02-02 21:23:20.104 [main] DEBUG org.hibernate.SQL - 
    drop table if exists logro_estudiante
2026-02-02 21:23:20.171 [main] DEBUG org.hibernate.SQL - 
    drop table if exists usuario
2026-02-02 21:23:20.247 [main] DEBUG org.hibernate.SQL - 
    create table asignacion (
        esObligatoria bit not null,
        id_asignacion integer not null auto_increment,
        id_docente integer,
        id_lectura integer,
        totalAlumnos integer not null,
        codigoClase varchar(255),
        tituloAsignacion varchar(255),
        primary key (id_asignacion)
    ) engine=InnoDB
2026-02-02 21:23:20.248 [main] INFO  org.hibernate.orm.connections.access - HHH10001501: Connection obtained from JdbcConnectionAccess [org.hibernate.engine.jdbc.env.internal.JdbcEnvironmentInitiator$ConnectionProviderJdbcConnectionAccess@c497a55] for (non-JTA) DDL execution was not in auto-commit mode; the Connection 'local transaction' will be committed and the Connection will be set into auto-commit mode.
2026-02-02 21:23:20.331 [main] DEBUG org.hibernate.SQL - 
    create table docente (
        id_docente integer not null auto_increment,
        edad varchar(255),
        especialidad varchar(255),
        nombre varchar(255),
        primary key (id_docente)
    ) engine=InnoDB
2026-02-02 21:23:20.462 [main] DEBUG org.hibernate.SQL - 
    create table estudiante (
        id_estudiante integer not null auto_increment,
        id_usuario integer,
        nivelActual integer not null,
        puntosXP integer not null,
        primary key (id_estudiante)
    ) engine=InnoDB
2026-02-02 21:23:20.552 [main] DEBUG org.hibernate.SQL - 
    create table lectura (
        genero tinyint check (genero between 0 and 10),
        id_lectura integer not null auto_increment,
        autor varchar(255),
        titulo varchar(255),
        primary key (id_lectura)
    ) engine=InnoDB
2026-02-02 21:23:20.633 [main] DEBUG org.hibernate.SQL - 
    create table logro (
        id_logro integer not null auto_increment,
        descripcion varchar(255),
        nombreLogro varchar(255),
        primary key (id_logro)
    ) engine=InnoDB
2026-02-02 21:23:20.710 [main] DEBUG org.hibernate.SQL - 
    create table logro_estudiante (
        estudiantes_id_estudiante integer not null,
        logros_id_logro integer not null,
        primary key (estudiantes_id_estudiante, logros_id_logro)
    ) engine=InnoDB
2026-02-02 21:23:20.792 [main] DEBUG org.hibernate.SQL - 
    create table usuario (
        edad integer not null,
        estudiante_id_estudiante integer,
        id_usuario integer not null auto_increment,
        puntosPorLogro integer not null,
        nombreCompleto varchar(255),
        rolPrincipal enum ('PADRES','PROFESOR','TUTORLEGAL','ESTUDIANTE'),
        tipoUsuario enum ('PRINCIPIANTE','BASICO','INTERMEDIO','AVANZADO'),
        primary key (id_usuario)
    ) engine=InnoDB
2026-02-02 21:23:20.890 [main] DEBUG org.hibernate.SQL - 
    alter table estudiante 
       add constraint UK_r3enlfo0jgcja2ctu1pgnjtgg unique (id_usuario)
2026-02-02 21:23:20.943 [main] DEBUG org.hibernate.SQL - 
    alter table usuario 
       add constraint UK_sce1w9rc494545uqe2yfw0nf5 unique (estudiante_id_estudiante)
2026-02-02 21:23:21.000 [main] DEBUG org.hibernate.SQL - 
    alter table asignacion 
       add constraint FKovu95a00puuf9x61ve5frg9lr 
       foreign key (id_docente) 
       references docente (id_docente)
2026-02-02 21:23:21.241 [main] DEBUG org.hibernate.SQL - 
    alter table asignacion 
       add constraint FKjgqxbxgacasc7rw6ft78k5wxe 
       foreign key (id_lectura) 
       references lectura (id_lectura)
2026-02-02 21:23:21.487 [main] DEBUG org.hibernate.SQL - 
    alter table estudiante 
       add constraint FK5a2y49gqj50k58rcckgh5cdue 
       foreign key (id_usuario) 
       references usuario (id_usuario)
2026-02-02 21:23:21.753 [main] DEBUG org.hibernate.SQL - 
    alter table logro_estudiante 
       add constraint FK4cxmv62j6nj1yqc6c0dpx67mk 
       foreign key (estudiantes_id_estudiante) 
       references estudiante (id_estudiante)
2026-02-02 21:23:21.962 [main] DEBUG org.hibernate.SQL - 
    alter table logro_estudiante 
       add constraint FKbi1xfyefu6l3t4586nbr5vtpy 
       foreign key (logros_id_logro) 
       references logro (id_logro)
2026-02-02 21:23:22.201 [main] DEBUG org.hibernate.SQL - 
    alter table usuario 
       add constraint FKdw89kie2kf1uequ0rwgjn8dk7 
       foreign key (estudiante_id_estudiante) 
       references estudiante (id_estudiante)
2026-02-02 21:23:22.462 [main] DEBUG org.hibernate.internal.SessionFactoryRegistry - Initializing SessionFactoryRegistry : org.hibernate.internal.SessionFactoryRegistry@4fbb1144
2026-02-02 21:23:22.462 [main] DEBUG org.hibernate.internal.SessionFactoryRegistry - Registering SessionFactory: dafe1013-6b97-4720-ad44-47a8a5bf254a (<unnamed>)
2026-02-02 21:23:22.462 [main] DEBUG org.hibernate.internal.SessionFactoryRegistry - Not binding SessionFactory to JNDI, no JNDI name configured
2026-02-02 21:23:22.462 [main] DEBUG org.hibernate.internal.SessionFactoryImpl - Instantiated SessionFactory
2026-02-02 21:23:22.486 [main] DEBUG org.hibernate.stat.internal.StatisticsInitiator - Statistics initialized [enabled=false]
2026-02-02 21:23:22.489 [main] DEBUG org.hibernate.engine.transaction.internal.TransactionImpl - On TransactionImpl creation, JpaCompliance#isJpaTransactionComplianceEnabled == false
2026-02-02 21:23:22.489 [main] DEBUG org.hibernate.engine.transaction.internal.TransactionImpl - begin
2026-02-02 21:23:22.497 [main] DEBUG org.hibernate.engine.spi.ActionQueue - Executing identity-insert immediately
2026-02-02 21:23:22.501 [main] DEBUG org.hibernate.SQL - 
    insert 
    into
        usuario
        (edad, estudiante_id_estudiante, nombreCompleto, puntosPorLogro, rolPrincipal, tipoUsuario) 
    values
        (?, ?, ?, ?, ?, ?)
2026-02-02 21:23:22.512 [main] DEBUG org.hibernate.id.IdentifierGeneratorHelper - Natively generated identity (modelo.Usuario) : 1
2026-02-02 21:23:22.514 [main] DEBUG org.hibernate.engine.transaction.internal.TransactionImpl - committing
2026-02-02 21:23:22.515 [main] DEBUG org.hibernate.event.internal.AbstractFlushingEventListener - Processing flush-time cascades
2026-02-02 21:23:22.515 [main] DEBUG org.hibernate.event.internal.AbstractFlushingEventListener - Dirty checking collections
2026-02-02 21:23:22.518 [main] DEBUG org.hibernate.event.internal.AbstractFlushingEventListener - Flushed: 0 insertions, 0 updates, 0 deletions to 1 objects
2026-02-02 21:23:22.518 [main] DEBUG org.hibernate.event.internal.AbstractFlushingEventListener - Flushed: 0 (re)creations, 0 updates, 0 removals to 0 collections
2026-02-02 21:23:22.519 [main] DEBUG org.hibernate.internal.util.EntityPrinter - Listing entities:
2026-02-02 21:23:22.519 [main] DEBUG org.hibernate.internal.util.EntityPrinter - modelo.Usuario{estudiante=null, id_usuario=1, tipoUsuario=BASICO, nombreCompleto=U001, edad=20, puntosPorLogro=0, rolPrincipal=ESTUDIANTE}
2026-02-02 21:23:22.538 [main] DEBUG org.hibernate.resource.jdbc.internal.LogicalConnectionManagedImpl - Initiating JDBC connection release from afterTransaction
2026-02-02 21:23:22.540 [main] DEBUG org.hibernate.resource.jdbc.internal.LogicalConnectionManagedImpl - Initiating JDBC connection release from afterTransaction
2026-02-02 21:23:22.540 [main] DEBUG org.hibernate.engine.transaction.internal.TransactionImpl - On TransactionImpl creation, JpaCompliance#isJpaTransactionComplianceEnabled == false
2026-02-02 21:23:22.540 [main] DEBUG org.hibernate.engine.transaction.internal.TransactionImpl - begin
2026-02-02 21:23:22.542 [main] DEBUG org.hibernate.engine.spi.ActionQueue - Executing identity-insert immediately
2026-02-02 21:23:22.542 [main] DEBUG org.hibernate.SQL - 
    insert 
    into
        docente
        (edad, especialidad, nombre) 
    values
        (?, ?, ?)
2026-02-02 21:23:22.543 [main] DEBUG org.hibernate.id.IdentifierGeneratorHelper - Natively generated identity (modelo.Docente) : 1
2026-02-02 21:23:22.544 [main] DEBUG org.hibernate.engine.transaction.internal.TransactionImpl - committing
2026-02-02 21:23:22.544 [main] DEBUG org.hibernate.event.internal.AbstractFlushingEventListener - Processing flush-time cascades
2026-02-02 21:23:22.544 [main] DEBUG org.hibernate.event.internal.AbstractFlushingEventListener - Dirty checking collections
2026-02-02 21:23:22.544 [main] DEBUG org.hibernate.event.internal.AbstractFlushingEventListener - Flushed: 0 insertions, 0 updates, 0 deletions to 1 objects
2026-02-02 21:23:22.544 [main] DEBUG org.hibernate.event.internal.AbstractFlushingEventListener - Flushed: 0 (re)creations, 0 updates, 0 removals to 0 collections
2026-02-02 21:23:22.544 [main] DEBUG org.hibernate.internal.util.EntityPrinter - Listing entities:
2026-02-02 21:23:22.544 [main] DEBUG org.hibernate.internal.util.EntityPrinter - modelo.Docente{id_docente=1, edad=profesor@cole.com, especialidad=Juan Perez, nombre=Matemáticas}
2026-02-02 21:23:22.558 [main] DEBUG org.hibernate.resource.jdbc.internal.LogicalConnectionManagedImpl - Initiating JDBC connection release from afterTransaction
2026-02-02 21:23:22.560 [main] DEBUG org.hibernate.resource.jdbc.internal.LogicalConnectionManagedImpl - Initiating JDBC connection release from afterTransaction
2026-02-02 21:23:22.560 [main] DEBUG org.hibernate.engine.transaction.internal.TransactionImpl - On TransactionImpl creation, JpaCompliance#isJpaTransactionComplianceEnabled == false
2026-02-02 21:23:22.560 [main] DEBUG org.hibernate.engine.transaction.internal.TransactionImpl - begin
2026-02-02 21:23:22.562 [main] DEBUG org.hibernate.engine.spi.ActionQueue - Executing identity-insert immediately
2026-02-02 21:23:22.563 [main] DEBUG org.hibernate.SQL - 
    insert 
    into
        lectura
        (autor, genero, titulo) 
    values
        (?, ?, ?)
2026-02-02 21:23:22.564 [main] DEBUG org.hibernate.id.IdentifierGeneratorHelper - Natively generated identity (modelo.Lectura) : 1
2026-02-02 21:23:22.564 [main] DEBUG org.hibernate.engine.transaction.internal.TransactionImpl - committing
2026-02-02 21:23:22.564 [main] DEBUG org.hibernate.event.internal.AbstractFlushingEventListener - Processing flush-time cascades
2026-02-02 21:23:22.564 [main] DEBUG org.hibernate.event.internal.AbstractFlushingEventListener - Dirty checking collections
2026-02-02 21:23:22.565 [main] DEBUG org.hibernate.event.internal.AbstractFlushingEventListener - Flushed: 0 insertions, 0 updates, 0 deletions to 1 objects
2026-02-02 21:23:22.565 [main] DEBUG org.hibernate.event.internal.AbstractFlushingEventListener - Flushed: 0 (re)creations, 0 updates, 0 removals to 0 collections
2026-02-02 21:23:22.565 [main] DEBUG org.hibernate.internal.util.EntityPrinter - Listing entities:
2026-02-02 21:23:22.565 [main] DEBUG org.hibernate.internal.util.EntityPrinter - modelo.Lectura{genero=AVENTURA, id_lectura=1, titulo=L001, asignaciones=null, autor=El Quijote}
2026-02-02 21:23:22.579 [main] DEBUG org.hibernate.resource.jdbc.internal.LogicalConnectionManagedImpl - Initiating JDBC connection release from afterTransaction
2026-02-02 21:23:22.579 [main] DEBUG org.hibernate.resource.jdbc.internal.LogicalConnectionManagedImpl - Initiating JDBC connection release from afterTransaction
2026-02-02 21:23:22.580 [main] DEBUG org.hibernate.engine.transaction.internal.TransactionImpl - On TransactionImpl creation, JpaCompliance#isJpaTransactionComplianceEnabled == false
2026-02-02 21:23:22.580 [main] DEBUG org.hibernate.engine.transaction.internal.TransactionImpl - begin
2026-02-02 21:23:22.584 [main] DEBUG org.hibernate.engine.spi.ActionQueue - Executing identity-insert immediately
2026-02-02 21:23:22.584 [main] DEBUG org.hibernate.SQL - 
    insert 
    into
        logro
        (descripcion, nombreLogro) 
    values
        (?, ?)
2026-02-02 21:23:22.586 [main] DEBUG org.hibernate.id.IdentifierGeneratorHelper - Natively generated identity (modelo.Logro) : 1
2026-02-02 21:23:22.587 [main] DEBUG org.hibernate.engine.transaction.internal.TransactionImpl - committing
2026-02-02 21:23:22.587 [main] DEBUG org.hibernate.event.internal.AbstractFlushingEventListener - Processing flush-time cascades
2026-02-02 21:23:22.587 [main] DEBUG org.hibernate.event.internal.AbstractFlushingEventListener - Dirty checking collections
2026-02-02 21:23:22.588 [main] DEBUG org.hibernate.engine.internal.Collections - Collection found: [modelo.Logro.estudiantes#1], was: [<unreferenced>] (initialized)
2026-02-02 21:23:22.589 [main] DEBUG org.hibernate.event.internal.AbstractFlushingEventListener - Flushed: 0 insertions, 0 updates, 0 deletions to 1 objects
2026-02-02 21:23:22.589 [main] DEBUG org.hibernate.event.internal.AbstractFlushingEventListener - Flushed: 1 (re)creations, 0 updates, 0 removals to 1 collections
2026-02-02 21:23:22.589 [main] DEBUG org.hibernate.internal.util.EntityPrinter - Listing entities:
2026-02-02 21:23:22.590 [main] DEBUG org.hibernate.internal.util.EntityPrinter - modelo.Logro{descripcion=Leídas 5 lecturas, id_logro=1, estudiantes=[], nombreLogro=Gran Lector}
2026-02-02 21:23:22.591 [main] DEBUG org.hibernate.orm.jdbc.mutation - Inserting collection rows - modelo.Logro.estudiantes : 1
2026-02-02 21:23:22.592 [main] DEBUG org.hibernate.orm.jdbc.mutation - No collection rows to insert - modelo.Logro.estudiantes : 1
2026-02-02 21:23:22.606 [main] DEBUG org.hibernate.resource.jdbc.internal.LogicalConnectionManagedImpl - Initiating JDBC connection release from afterTransaction
2026-02-02 21:23:22.606 [main] DEBUG org.hibernate.resource.jdbc.internal.LogicalConnectionManagedImpl - Initiating JDBC connection release from afterTransaction
2026-02-02 21:23:22.607 [main] DEBUG org.hibernate.engine.transaction.internal.TransactionImpl - On TransactionImpl creation, JpaCompliance#isJpaTransactionComplianceEnabled == false
2026-02-02 21:23:22.607 [main] DEBUG org.hibernate.engine.transaction.internal.TransactionImpl - begin
2026-02-02 21:23:22.609 [main] DEBUG org.hibernate.engine.spi.ActionQueue - Executing identity-insert immediately
2026-02-02 21:23:22.609 [main] DEBUG org.hibernate.SQL - 
    insert 
    into
        estudiante
        (nivelActual, puntosXP, id_usuario) 
    values
        (?, ?, ?)
2026-02-02 21:23:22.611 [main] DEBUG org.hibernate.id.IdentifierGeneratorHelper - Natively generated identity (modelo.Estudiante) : 1
2026-02-02 21:23:22.612 [main] DEBUG org.hibernate.engine.transaction.internal.TransactionImpl - committing
2026-02-02 21:23:22.612 [main] DEBUG org.hibernate.event.internal.AbstractFlushingEventListener - Processing flush-time cascades
2026-02-02 21:23:22.612 [main] DEBUG org.hibernate.event.internal.AbstractFlushingEventListener - Dirty checking collections
2026-02-02 21:23:22.612 [main] DEBUG org.hibernate.engine.internal.Collections - Collection found: [modelo.Estudiante.logros#1], was: [<unreferenced>] (initialized)
2026-02-02 21:23:22.612 [main] DEBUG org.hibernate.event.internal.AbstractFlushingEventListener - Flushed: 0 insertions, 0 updates, 0 deletions to 1 objects
2026-02-02 21:23:22.612 [main] DEBUG org.hibernate.event.internal.AbstractFlushingEventListener - Flushed: 1 (re)creations, 0 updates, 0 removals to 1 collections
2026-02-02 21:23:22.612 [main] DEBUG org.hibernate.internal.util.EntityPrinter - Listing entities:
2026-02-02 21:23:22.612 [main] DEBUG org.hibernate.internal.util.EntityPrinter - modelo.Estudiante{id_estudiante=1, logros=[], usuario=modelo.Usuario#1, nivelActual=500, puntosXP=1}
2026-02-02 21:23:22.626 [main] DEBUG org.hibernate.resource.jdbc.internal.LogicalConnectionManagedImpl - Initiating JDBC connection release from afterTransaction
2026-02-02 21:23:22.627 [main] DEBUG org.hibernate.resource.jdbc.internal.LogicalConnectionManagedImpl - Initiating JDBC connection release from afterTransaction
2026-02-02 21:23:22.627 [main] DEBUG org.hibernate.engine.transaction.internal.TransactionImpl - On TransactionImpl creation, JpaCompliance#isJpaTransactionComplianceEnabled == false
2026-02-02 21:23:22.627 [main] DEBUG org.hibernate.engine.transaction.internal.TransactionImpl - begin
2026-02-02 21:23:22.632 [main] DEBUG org.hibernate.resource.transaction.backend.jdbc.internal.JdbcResourceLocalTransactionCoordinatorImpl - JDBC transaction marked for rollback-only (exception provided for stack trace)
java.lang.Exception: exception just for purpose of providing stack trace
	at org.hibernate.resource.transaction.backend.jdbc.internal.JdbcResourceLocalTransactionCoordinatorImpl$TransactionDriverControlImpl.markRollbackOnly(JdbcResourceLocalTransactionCoordinatorImpl.java:310) ~[hibernate-core-6.4.4.Final.jar:6.4.4.Final]
	at org.hibernate.engine.transaction.internal.TransactionImpl.markRollbackOnly(TransactionImpl.java:203) ~[hibernate-core-6.4.4.Final.jar:6.4.4.Final]
	at org.hibernate.internal.AbstractSharedSessionContract.markForRollbackOnly(AbstractSharedSessionContract.java:500) ~[hibernate-core-6.4.4.Final.jar:6.4.4.Final]
	at org.hibernate.internal.ExceptionConverterImpl.rollbackIfNecessary(ExceptionConverterImpl.java:264) ~[hibernate-core-6.4.4.Final.jar:6.4.4.Final]
	at org.hibernate.internal.ExceptionConverterImpl.convert(ExceptionConverterImpl.java:127) ~[hibernate-core-6.4.4.Final.jar:6.4.4.Final]
	at org.hibernate.internal.ExceptionConverterImpl.convert(ExceptionConverterImpl.java:167) ~[hibernate-core-6.4.4.Final.jar:6.4.4.Final]
	at org.hibernate.internal.ExceptionConverterImpl.convert(ExceptionConverterImpl.java:173) ~[hibernate-core-6.4.4.Final.jar:6.4.4.Final]
	at org.hibernate.internal.SessionImpl.firePersist(SessionImpl.java:802) ~[hibernate-core-6.4.4.Final.jar:6.4.4.Final]
	at org.hibernate.internal.SessionImpl.persist(SessionImpl.java:744) ~[hibernate-core-6.4.4.Final.jar:6.4.4.Final]
	at org.hibernate.engine.spi.CascadingActions$7.cascade(CascadingActions.java:290) ~[hibernate-core-6.4.4.Final.jar:6.4.4.Final]
	at org.hibernate.engine.spi.CascadingActions$7.cascade(CascadingActions.java:280) ~[hibernate-core-6.4.4.Final.jar:6.4.4.Final]
	at org.hibernate.engine.internal.Cascade.cascadeToOne(Cascade.java:517) ~[hibernate-core-6.4.4.Final.jar:6.4.4.Final]
	at org.hibernate.engine.internal.Cascade.cascadeAssociation(Cascade.java:439) ~[hibernate-core-6.4.4.Final.jar:6.4.4.Final]
	at org.hibernate.engine.internal.Cascade.cascadeProperty(Cascade.java:224) ~[hibernate-core-6.4.4.Final.jar:6.4.4.Final]
	at org.hibernate.engine.internal.Cascade.cascade(Cascade.java:157) ~[hibernate-core-6.4.4.Final.jar:6.4.4.Final]
	at org.hibernate.event.internal.AbstractSaveEventListener.cascadeBeforeSave(AbstractSaveEventListener.java:482) ~[hibernate-core-6.4.4.Final.jar:6.4.4.Final]
	at org.hibernate.event.internal.AbstractSaveEventListener.performSaveOrReplicate(AbstractSaveEventListener.java:298) ~[hibernate-core-6.4.4.Final.jar:6.4.4.Final]
	at org.hibernate.event.internal.AbstractSaveEventListener.performSave(AbstractSaveEventListener.java:219) ~[hibernate-core-6.4.4.Final.jar:6.4.4.Final]
	at org.hibernate.event.internal.AbstractSaveEventListener.saveWithGeneratedId(AbstractSaveEventListener.java:134) ~[hibernate-core-6.4.4.Final.jar:6.4.4.Final]
	at org.hibernate.event.internal.DefaultPersistEventListener.entityIsTransient(DefaultPersistEventListener.java:175) ~[hibernate-core-6.4.4.Final.jar:6.4.4.Final]
	at org.hibernate.event.internal.DefaultPersistEventListener.persist(DefaultPersistEventListener.java:93) ~[hibernate-core-6.4.4.Final.jar:6.4.4.Final]
	at org.hibernate.event.internal.DefaultPersistEventListener.onPersist(DefaultPersistEventListener.java:77) ~[hibernate-core-6.4.4.Final.jar:6.4.4.Final]
	at org.hibernate.event.internal.DefaultPersistEventListener.onPersist(DefaultPersistEventListener.java:54) ~[hibernate-core-6.4.4.Final.jar:6.4.4.Final]
	at org.hibernate.event.service.internal.EventListenerGroupImpl.fireEventOnEachListener(EventListenerGroupImpl.java:127) [hibernate-core-6.4.4.Final.jar:6.4.4.Final]
	at org.hibernate.internal.SessionImpl.firePersist(SessionImpl.java:754) [hibernate-core-6.4.4.Final.jar:6.4.4.Final]
	at org.hibernate.internal.SessionImpl.persist(SessionImpl.java:738) [hibernate-core-6.4.4.Final.jar:6.4.4.Final]
	at utils.AbstractDao.executeInsideTransaction(AbstractDao.java:88) [classes/:?]
	at utils.AbstractDao.executeInsideTransaction(AbstractDao.java:102) [classes/:?]
	at utils.AbstractDao.create(AbstractDao.java:14) [classes/:?]
	at controlador.GestionaUsuarios.main(GestionaUsuarios.java:57) [classes/:?]
2026-02-02 21:23:22.637 [main] DEBUG org.hibernate.resource.transaction.backend.jdbc.internal.JdbcResourceLocalTransactionCoordinatorImpl - JDBC transaction marked for rollback-only (exception provided for stack trace)
java.lang.Exception: exception just for purpose of providing stack trace
	at org.hibernate.resource.transaction.backend.jdbc.internal.JdbcResourceLocalTransactionCoordinatorImpl$TransactionDriverControlImpl.markRollbackOnly(JdbcResourceLocalTransactionCoordinatorImpl.java:310) [hibernate-core-6.4.4.Final.jar:6.4.4.Final]
	at org.hibernate.engine.transaction.internal.TransactionImpl.markRollbackOnly(TransactionImpl.java:203) [hibernate-core-6.4.4.Final.jar:6.4.4.Final]
	at org.hibernate.internal.AbstractSharedSessionContract.markForRollbackOnly(AbstractSharedSessionContract.java:500) [hibernate-core-6.4.4.Final.jar:6.4.4.Final]
	at org.hibernate.internal.ExceptionConverterImpl.convert(ExceptionConverterImpl.java:176) [hibernate-core-6.4.4.Final.jar:6.4.4.Final]
	at org.hibernate.internal.SessionImpl.firePersist(SessionImpl.java:760) [hibernate-core-6.4.4.Final.jar:6.4.4.Final]
	at org.hibernate.internal.SessionImpl.persist(SessionImpl.java:738) [hibernate-core-6.4.4.Final.jar:6.4.4.Final]
	at utils.AbstractDao.executeInsideTransaction(AbstractDao.java:88) [classes/:?]
	at utils.AbstractDao.executeInsideTransaction(AbstractDao.java:102) [classes/:?]
	at utils.AbstractDao.create(AbstractDao.java:14) [classes/:?]
	at controlador.GestionaUsuarios.main(GestionaUsuarios.java:57) [classes/:?]
2026-02-02 21:23:22.638 [main] DEBUG org.hibernate.engine.transaction.internal.TransactionImpl - rolling back
2026-02-02 21:23:22.639 [main] DEBUG org.hibernate.resource.jdbc.internal.LogicalConnectionManagedImpl - Initiating JDBC connection release from afterTransaction
2026-02-02 21:23:22.640 [main] DEBUG org.hibernate.resource.jdbc.internal.LogicalConnectionManagedImpl - Initiating JDBC connection release from afterTransaction
2026-02-02 21:24:01.199 [main] DEBUG org.jboss.logging - Logging Provider: org.jboss.logging.Log4j2LoggerProvider
2026-02-02 21:24:01.211 [main] DEBUG org.hibernate.integrator.internal.IntegratorServiceImpl - Adding Integrator [org.hibernate.boot.beanvalidation.BeanValidationIntegrator].
2026-02-02 21:24:01.213 [main] DEBUG org.hibernate.integrator.internal.IntegratorServiceImpl - Adding Integrator [org.hibernate.cache.internal.CollectionCacheInvalidator].
2026-02-02 21:24:01.231 [main] INFO  org.hibernate.Version - HHH000412: Hibernate ORM core version 6.4.4.Final
2026-02-02 21:24:01.232 [main] DEBUG org.hibernate.cfg.Environment - HHH000206: 'hibernate.properties' not found
2026-02-02 21:24:01.256 [main] DEBUG org.hibernate.boot.jaxb.internal.stax.LocalXmlResourceResolver - Checking public/system identifiers `-//Hibernate/Hibernate Configuration DTD 3.0//EN`/`https://hibernate.org/dtd/hibernate-configuration-3.0.dtd` as DTD references
2026-02-02 21:24:01.261 [main] DEBUG org.hibernate.boot.cfgxml.internal.JaxbCfgProcessor - cfg.xml document did not define namespaces; wrapping in custom event reader to introduce namespace information
2026-02-02 21:24:01.409 [main] DEBUG org.hibernate.orm.idgen.factory - Ignoring CDI for resolving IdentifierGenerator instances as extended or delayed CDI support was enabled
2026-02-02 21:24:01.412 [main] DEBUG org.hibernate.orm.idgen.factory - Registering IdentifierGenerator strategy [uuid2] -> [org.hibernate.id.UUIDGenerator]
2026-02-02 21:24:01.412 [main] DEBUG org.hibernate.orm.idgen.factory - Registering IdentifierGenerator strategy [guid] -> [org.hibernate.id.GUIDGenerator]
2026-02-02 21:24:01.413 [main] DEBUG org.hibernate.orm.idgen.factory - Registering IdentifierGenerator strategy [uuid] -> [org.hibernate.id.UUIDHexGenerator]
2026-02-02 21:24:01.413 [main] DEBUG org.hibernate.orm.idgen.factory - Registering IdentifierGenerator strategy [uuid.hex] -> [org.hibernate.id.UUIDHexGenerator]
2026-02-02 21:24:01.413 [main] DEBUG org.hibernate.orm.idgen.factory - Registering IdentifierGenerator strategy [assigned] -> [org.hibernate.id.Assigned]
2026-02-02 21:24:01.414 [main] DEBUG org.hibernate.orm.idgen.factory - Registering IdentifierGenerator strategy [identity] -> [org.hibernate.id.IdentityGenerator]
2026-02-02 21:24:01.414 [main] DEBUG org.hibernate.orm.idgen.factory - Registering IdentifierGenerator strategy [select] -> [org.hibernate.id.SelectGenerator]
2026-02-02 21:24:01.414 [main] DEBUG org.hibernate.orm.idgen.factory - Registering IdentifierGenerator strategy [sequence] -> [org.hibernate.id.enhanced.SequenceStyleGenerator]
2026-02-02 21:24:01.416 [main] DEBUG org.hibernate.orm.idgen.factory - Registering IdentifierGenerator strategy [increment] -> [org.hibernate.id.IncrementGenerator]
2026-02-02 21:24:01.416 [main] DEBUG org.hibernate.orm.idgen.factory - Registering IdentifierGenerator strategy [foreign] -> [org.hibernate.id.ForeignGenerator]
2026-02-02 21:24:01.416 [main] DEBUG org.hibernate.orm.idgen.factory - Registering IdentifierGenerator strategy [enhanced-sequence] -> [org.hibernate.id.enhanced.SequenceStyleGenerator]
2026-02-02 21:24:01.417 [main] DEBUG org.hibernate.orm.idgen.factory - Registering IdentifierGenerator strategy [enhanced-table] -> [org.hibernate.id.enhanced.TableGenerator]
2026-02-02 21:24:01.423 [main] DEBUG org.hibernate.cache.internal.RegionFactoryInitiator - Cannot default RegionFactory based on registered strategies as `[]` RegionFactory strategies were registered
2026-02-02 21:24:01.423 [main] INFO  org.hibernate.cache.internal.RegionFactoryInitiator - HHH000026: Second-level cache disabled
2026-02-02 21:24:01.485 [main] DEBUG org.hibernate.type.BasicTypeRegistry - Adding type registration boolean -> org.hibernate.type.BasicTypeReference@2ca47471
2026-02-02 21:24:01.485 [main] DEBUG org.hibernate.type.BasicTypeRegistry - Adding type registration boolean -> org.hibernate.type.BasicTypeReference@2ca47471
2026-02-02 21:24:01.485 [main] DEBUG org.hibernate.type.BasicTypeRegistry - Adding type registration java.lang.Boolean -> org.hibernate.type.BasicTypeReference@2ca47471
2026-02-02 21:24:01.485 [main] DEBUG org.hibernate.type.BasicTypeRegistry - Adding type registration numeric_boolean -> org.hibernate.type.BasicTypeReference@5a021cb9
2026-02-02 21:24:01.485 [main] DEBUG org.hibernate.type.BasicTypeRegistry - Adding type registration org.hibernate.type.NumericBooleanConverter -> org.hibernate.type.BasicTypeReference@5a021cb9
2026-02-02 21:24:01.485 [main] DEBUG org.hibernate.type.BasicTypeRegistry - Adding type registration true_false -> org.hibernate.type.BasicTypeReference@51768776
2026-02-02 21:24:01.486 [main] DEBUG org.hibernate.type.BasicTypeRegistry - Adding type registration org.hibernate.type.TrueFalseConverter -> org.hibernate.type.BasicTypeReference@51768776
2026-02-02 21:24:01.486 [main] DEBUG org.hibernate.type.BasicTypeRegistry - Adding type registration yes_no -> org.hibernate.type.BasicTypeReference@f31c0c6
2026-02-02 21:24:01.486 [main] DEBUG org.hibernate.type.BasicTypeRegistry - Adding type registration org.hibernate.type.YesNoConverter -> org.hibernate.type.BasicTypeReference@f31c0c6
2026-02-02 21:24:01.486 [main] DEBUG org.hibernate.type.BasicTypeRegistry - Adding type registration byte -> org.hibernate.type.BasicTypeReference@b93aad
2026-02-02 21:24:01.486 [main] DEBUG org.hibernate.type.BasicTypeRegistry - Adding type registration byte -> org.hibernate.type.BasicTypeReference@b93aad
2026-02-02 21:24:01.486 [main] DEBUG org.hibernate.type.BasicTypeRegistry - Adding type registration java.lang.Byte -> org.hibernate.type.BasicTypeReference@b93aad
2026-02-02 21:24:01.486 [main] DEBUG org.hibernate.type.BasicTypeRegistry - Adding type registration binary -> org.hibernate.type.BasicTypeReference@4a9419d7
2026-02-02 21:24:01.486 [main] DEBUG org.hibernate.type.BasicTypeRegistry - Adding type registration byte[] -> org.hibernate.type.BasicTypeReference@4a9419d7
2026-02-02 21:24:01.486 [main] DEBUG org.hibernate.type.BasicTypeRegistry - Adding type registration [B -> org.hibernate.type.BasicTypeReference@4a9419d7
2026-02-02 21:24:01.486 [main] DEBUG org.hibernate.type.BasicTypeRegistry - Adding type registration binary_wrapper -> org.hibernate.type.BasicTypeReference@2f3c6ac4
2026-02-02 21:24:01.486 [main] DEBUG org.hibernate.type.BasicTypeRegistry - Adding type registration wrapper-binary -> org.hibernate.type.BasicTypeReference@2f3c6ac4
2026-02-02 21:24:01.487 [main] DEBUG org.hibernate.type.BasicTypeRegistry - Adding type registration image -> org.hibernate.type.BasicTypeReference@2e8ab815
2026-02-02 21:24:01.487 [main] DEBUG org.hibernate.type.BasicTypeRegistry - Adding type registration blob -> org.hibernate.type.BasicTypeReference@67af833b
2026-02-02 21:24:01.487 [main] DEBUG org.hibernate.type.BasicTypeRegistry - Adding type registration java.sql.Blob -> org.hibernate.type.BasicTypeReference@67af833b
2026-02-02 21:24:01.487 [main] DEBUG org.hibernate.type.BasicTypeRegistry - Adding type registration materialized_blob -> org.hibernate.type.BasicTypeReference@d1f74b8
2026-02-02 21:24:01.487 [main] DEBUG org.hibernate.type.BasicTypeRegistry - Adding type registration materialized_blob_wrapper -> org.hibernate.type.BasicTypeReference@41394595
2026-02-02 21:24:01.487 [main] DEBUG org.hibernate.type.BasicTypeRegistry - Adding type registration short -> org.hibernate.type.BasicTypeReference@3a0807b7
2026-02-02 21:24:01.487 [main] DEBUG org.hibernate.type.BasicTypeRegistry - Adding type registration short -> org.hibernate.type.BasicTypeReference@3a0807b7
2026-02-02 21:24:01.487 [main] DEBUG org.hibernate.type.BasicTypeRegistry - Adding type registration java.lang.Short -> org.hibernate.type.BasicTypeReference@3a0807b7
2026-02-02 21:24:01.488 [main] DEBUG org.hibernate.type.BasicTypeRegistry - Adding type registration integer -> org.hibernate.type.BasicTypeReference@21a5fd96
2026-02-02 21:24:01.488 [main] DEBUG org.hibernate.type.BasicTypeRegistry - Adding type registration int -> org.hibernate.type.BasicTypeReference@21a5fd96
2026-02-02 21:24:01.488 [main] DEBUG org.hibernate.type.BasicTypeRegistry - Adding type registration java.lang.Integer -> org.hibernate.type.BasicTypeReference@21a5fd96
2026-02-02 21:24:01.488 [main] DEBUG org.hibernate.type.BasicTypeRegistry - Adding type registration long -> org.hibernate.type.BasicTypeReference@5769e7ae
2026-02-02 21:24:01.488 [main] DEBUG org.hibernate.type.BasicTypeRegistry - Adding type registration long -> org.hibernate.type.BasicTypeReference@5769e7ae
2026-02-02 21:24:01.488 [main] DEBUG org.hibernate.type.BasicTypeRegistry - Adding type registration java.lang.Long -> org.hibernate.type.BasicTypeReference@5769e7ae
2026-02-02 21:24:01.489 [main] DEBUG org.hibernate.type.BasicTypeRegistry - Adding type registration float -> org.hibernate.type.BasicTypeReference@5c77053b
2026-02-02 21:24:01.489 [main] DEBUG org.hibernate.type.BasicTypeRegistry - Adding type registration float -> org.hibernate.type.BasicTypeReference@5c77053b
2026-02-02 21:24:01.489 [main] DEBUG org.hibernate.type.BasicTypeRegistry - Adding type registration java.lang.Float -> org.hibernate.type.BasicTypeReference@5c77053b
2026-02-02 21:24:01.489 [main] DEBUG org.hibernate.type.BasicTypeRegistry - Adding type registration double -> org.hibernate.type.BasicTypeReference@26b894bd
2026-02-02 21:24:01.489 [main] DEBUG org.hibernate.type.BasicTypeRegistry - Adding type registration double -> org.hibernate.type.BasicTypeReference@26b894bd
2026-02-02 21:24:01.489 [main] DEBUG org.hibernate.type.BasicTypeRegistry - Adding type registration java.lang.Double -> org.hibernate.type.BasicTypeReference@26b894bd
2026-02-02 21:24:01.489 [main] DEBUG org.hibernate.type.BasicTypeRegistry - Adding type registration big_integer -> org.hibernate.type.BasicTypeReference@287f94b1
2026-02-02 21:24:01.489 [main] DEBUG org.hibernate.type.BasicTypeRegistry - Adding type registration java.math.BigInteger -> org.hibernate.type.BasicTypeReference@287f94b1
2026-02-02 21:24:01.489 [main] DEBUG org.hibernate.type.BasicTypeRegistry - Adding type registration big_decimal -> org.hibernate.type.BasicTypeReference@30b34287
2026-02-02 21:24:01.489 [main] DEBUG org.hibernate.type.BasicTypeRegistry - Adding type registration java.math.BigDecimal -> org.hibernate.type.BasicTypeReference@30b34287
2026-02-02 21:24:01.489 [main] DEBUG org.hibernate.type.BasicTypeRegistry - Adding type registration character -> org.hibernate.type.BasicTypeReference@5489c777
2026-02-02 21:24:01.489 [main] DEBUG org.hibernate.type.BasicTypeRegistry - Adding type registration char -> org.hibernate.type.BasicTypeReference@5489c777
2026-02-02 21:24:01.489 [main] DEBUG org.hibernate.type.BasicTypeRegistry - Adding type registration java.lang.Character -> org.hibernate.type.BasicTypeReference@5489c777
2026-02-02 21:24:01.489 [main] DEBUG org.hibernate.type.BasicTypeRegistry - Adding type registration character_nchar -> org.hibernate.type.BasicTypeReference@3676ac27
2026-02-02 21:24:01.489 [main] DEBUG org.hibernate.type.BasicTypeRegistry - Adding type registration string -> org.hibernate.type.BasicTypeReference@62f87c44
2026-02-02 21:24:01.490 [main] DEBUG org.hibernate.type.BasicTypeRegistry - Adding type registration java.lang.String -> org.hibernate.type.BasicTypeReference@62f87c44
2026-02-02 21:24:01.490 [main] DEBUG org.hibernate.type.BasicTypeRegistry - Adding type registration nstring -> org.hibernate.type.BasicTypeReference@48f5bde6
2026-02-02 21:24:01.490 [main] DEBUG org.hibernate.type.BasicTypeRegistry - Adding type registration characters -> org.hibernate.type.BasicTypeReference@525d79f0
2026-02-02 21:24:01.490 [main] DEBUG org.hibernate.type.BasicTypeRegistry - Adding type registration char[] -> org.hibernate.type.BasicTypeReference@525d79f0
2026-02-02 21:24:01.490 [main] DEBUG org.hibernate.type.BasicTypeRegistry - Adding type registration [C -> org.hibernate.type.BasicTypeReference@525d79f0
2026-02-02 21:24:01.490 [main] DEBUG org.hibernate.type.BasicTypeRegistry - Adding type registration wrapper-characters -> org.hibernate.type.BasicTypeReference@5149f008
2026-02-02 21:24:01.490 [main] DEBUG org.hibernate.type.BasicTypeRegistry - Adding type registration text -> org.hibernate.type.BasicTypeReference@7072bc39
2026-02-02 21:24:01.490 [main] DEBUG org.hibernate.type.BasicTypeRegistry - Adding type registration ntext -> org.hibernate.type.BasicTypeReference@158d255c
2026-02-02 21:24:01.490 [main] DEBUG org.hibernate.type.BasicTypeRegistry - Adding type registration clob -> org.hibernate.type.BasicTypeReference@2ca65ce4
2026-02-02 21:24:01.490 [main] DEBUG org.hibernate.type.BasicTypeRegistry - Adding type registration java.sql.Clob -> org.hibernate.type.BasicTypeReference@2ca65ce4
2026-02-02 21:24:01.490 [main] DEBUG org.hibernate.type.BasicTypeRegistry - Adding type registration nclob -> org.hibernate.type.BasicTypeReference@327120c8
2026-02-02 21:24:01.490 [main] DEBUG org.hibernate.type.BasicTypeRegistry - Adding type registration java.sql.NClob -> org.hibernate.type.BasicTypeReference@327120c8
2026-02-02 21:24:01.490 [main] DEBUG org.hibernate.type.BasicTypeRegistry - Adding type registration materialized_clob -> org.hibernate.type.BasicTypeReference@5707c1cb
2026-02-02 21:24:01.490 [main] DEBUG org.hibernate.type.BasicTypeRegistry - Adding type registration materialized_clob_char_array -> org.hibernate.type.BasicTypeReference@2b5cb9b2
2026-02-02 21:24:01.490 [main] DEBUG org.hibernate.type.BasicTypeRegistry - Adding type registration materialized_clob_character_array -> org.hibernate.type.BasicTypeReference@35038141
2026-02-02 21:24:01.490 [main] DEBUG org.hibernate.type.BasicTypeRegistry - Adding type registration materialized_nclob -> org.hibernate.type.BasicTypeReference@ecf9049
2026-02-02 21:24:01.490 [main] DEBUG org.hibernate.type.BasicTypeRegistry - Adding type registration materialized_nclob_character_array -> org.hibernate.type.BasicTypeReference@672f11c2
2026-02-02 21:24:01.492 [main] DEBUG org.hibernate.type.BasicTypeRegistry - Adding type registration materialized_nclob_char_array -> org.hibernate.type.BasicTypeReference@2970a5bc
2026-02-02 21:24:01.492 [main] DEBUG org.hibernate.type.BasicTypeRegistry - Adding type registration Duration -> org.hibernate.type.BasicTypeReference@50305a
2026-02-02 21:24:01.492 [main] DEBUG org.hibernate.type.BasicTypeRegistry - Adding type registration java.time.Duration -> org.hibernate.type.BasicTypeReference@50305a
2026-02-02 21:24:01.492 [main] DEBUG org.hibernate.type.BasicTypeRegistry - Adding type registration LocalDateTime -> org.hibernate.type.BasicTypeReference@72efb5c1
2026-02-02 21:24:01.492 [main] DEBUG org.hibernate.type.BasicTypeRegistry - Adding type registration java.time.LocalDateTime -> org.hibernate.type.BasicTypeReference@72efb5c1
2026-02-02 21:24:01.492 [main] DEBUG org.hibernate.type.BasicTypeRegistry - Adding type registration LocalDate -> org.hibernate.type.BasicTypeReference@6d511b5f
2026-02-02 21:24:01.492 [main] DEBUG org.hibernate.type.BasicTypeRegistry - Adding type registration java.time.LocalDate -> org.hibernate.type.BasicTypeReference@6d511b5f
2026-02-02 21:24:01.492 [main] DEBUG org.hibernate.type.BasicTypeRegistry - Adding type registration LocalTime -> org.hibernate.type.BasicTypeReference@41200e0c
2026-02-02 21:24:01.492 [main] DEBUG org.hibernate.type.BasicTypeRegistry - Adding type registration java.time.LocalTime -> org.hibernate.type.BasicTypeReference@41200e0c
2026-02-02 21:24:01.492 [main] DEBUG org.hibernate.type.BasicTypeRegistry - Adding type registration OffsetDateTime -> org.hibernate.type.BasicTypeReference@40f33492
2026-02-02 21:24:01.492 [main] DEBUG org.hibernate.type.BasicTypeRegistry - Adding type registration java.time.OffsetDateTime -> org.hibernate.type.BasicTypeReference@40f33492
2026-02-02 21:24:01.492 [main] DEBUG org.hibernate.type.BasicTypeRegistry - Adding type registration OffsetDateTimeWithTimezone -> org.hibernate.type.BasicTypeReference@4fbdc0f0
2026-02-02 21:24:01.493 [main] DEBUG org.hibernate.type.BasicTypeRegistry - Adding type registration OffsetDateTimeWithoutTimezone -> org.hibernate.type.BasicTypeReference@2ad3a1bb
2026-02-02 21:24:01.493 [main] DEBUG org.hibernate.type.BasicTypeRegistry - Adding type registration OffsetTime -> org.hibernate.type.BasicTypeReference@6bc28a83
2026-02-02 21:24:01.493 [main] DEBUG org.hibernate.type.BasicTypeRegistry - Adding type registration java.time.OffsetTime -> org.hibernate.type.BasicTypeReference@6bc28a83
2026-02-02 21:24:01.493 [main] DEBUG org.hibernate.type.BasicTypeRegistry - Adding type registration OffsetTimeUtc -> org.hibernate.type.BasicTypeReference@324c64cd
2026-02-02 21:24:01.493 [main] DEBUG org.hibernate.type.BasicTypeRegistry - Adding type registration OffsetTimeWithTimezone -> org.hibernate.type.BasicTypeReference@13579834
2026-02-02 21:24:01.493 [main] DEBUG org.hibernate.type.BasicTypeRegistry - Adding type registration OffsetTimeWithoutTimezone -> org.hibernate.type.BasicTypeReference@24be2d9c
2026-02-02 21:24:01.493 [main] DEBUG org.hibernate.type.BasicTypeRegistry - Adding type registration ZonedDateTime -> org.hibernate.type.BasicTypeReference@5bd73d1a
2026-02-02 21:24:01.493 [main] DEBUG org.hibernate.type.BasicTypeRegistry - Adding type registration java.time.ZonedDateTime -> org.hibernate.type.BasicTypeReference@5bd73d1a
2026-02-02 21:24:01.493 [main] DEBUG org.hibernate.type.BasicTypeRegistry - Adding type registration ZonedDateTimeWithTimezone -> org.hibernate.type.BasicTypeReference@aec50a1
2026-02-02 21:24:01.493 [main] DEBUG org.hibernate.type.BasicTypeRegistry - Adding type registration ZonedDateTimeWithoutTimezone -> org.hibernate.type.BasicTypeReference@2555fff0
2026-02-02 21:24:01.493 [main] DEBUG org.hibernate.type.BasicTypeRegistry - Adding type registration date -> org.hibernate.type.BasicTypeReference@70d2e40b
2026-02-02 21:24:01.493 [main] DEBUG org.hibernate.type.BasicTypeRegistry - Adding type registration java.sql.Date -> org.hibernate.type.BasicTypeReference@70d2e40b
2026-02-02 21:24:01.493 [main] DEBUG org.hibernate.type.BasicTypeRegistry - Adding type registration time -> org.hibernate.type.BasicTypeReference@120f38e6
2026-02-02 21:24:01.493 [main] DEBUG org.hibernate.type.BasicTypeRegistry - Adding type registration java.sql.Time -> org.hibernate.type.BasicTypeReference@120f38e6
2026-02-02 21:24:01.493 [main] DEBUG org.hibernate.type.BasicTypeRegistry - Adding type registration timestamp -> org.hibernate.type.BasicTypeReference@7a0e1b5e
2026-02-02 21:24:01.493 [main] DEBUG org.hibernate.type.BasicTypeRegistry - Adding type registration java.sql.Timestamp -> org.hibernate.type.BasicTypeReference@7a0e1b5e
2026-02-02 21:24:01.493 [main] DEBUG org.hibernate.type.BasicTypeRegistry - Adding type registration java.util.Date -> org.hibernate.type.BasicTypeReference@7a0e1b5e
2026-02-02 21:24:01.494 [main] DEBUG org.hibernate.type.BasicTypeRegistry - Adding type registration calendar -> org.hibernate.type.BasicTypeReference@702ed190
2026-02-02 21:24:01.494 [main] DEBUG org.hibernate.type.BasicTypeRegistry - Adding type registration java.util.Calendar -> org.hibernate.type.BasicTypeReference@702ed190
2026-02-02 21:24:01.494 [main] DEBUG org.hibernate.type.BasicTypeRegistry - Adding type registration java.util.GregorianCalendar -> org.hibernate.type.BasicTypeReference@702ed190
2026-02-02 21:24:01.494 [main] DEBUG org.hibernate.type.BasicTypeRegistry - Adding type registration calendar_date -> org.hibernate.type.BasicTypeReference@173b9122
2026-02-02 21:24:01.494 [main] DEBUG org.hibernate.type.BasicTypeRegistry - Adding type registration calendar_time -> org.hibernate.type.BasicTypeReference@7c18432b
2026-02-02 21:24:01.494 [main] DEBUG org.hibernate.type.BasicTypeRegistry - Adding type registration instant -> org.hibernate.type.BasicTypeReference@7646731d
2026-02-02 21:24:01.494 [main] DEBUG org.hibernate.type.BasicTypeRegistry - Adding type registration java.time.Instant -> org.hibernate.type.BasicTypeReference@7646731d
2026-02-02 21:24:01.494 [main] DEBUG org.hibernate.type.BasicTypeRegistry - Adding type registration uuid -> org.hibernate.type.BasicTypeReference@70e29e14
2026-02-02 21:24:01.494 [main] DEBUG org.hibernate.type.BasicTypeRegistry - Adding type registration java.util.UUID -> org.hibernate.type.BasicTypeReference@70e29e14
2026-02-02 21:24:01.494 [main] DEBUG org.hibernate.type.BasicTypeRegistry - Adding type registration pg-uuid -> org.hibernate.type.BasicTypeReference@70e29e14
2026-02-02 21:24:01.494 [main] DEBUG org.hibernate.type.BasicTypeRegistry - Adding type registration uuid-binary -> org.hibernate.type.BasicTypeReference@3b1bb3ab
2026-02-02 21:24:01.494 [main] DEBUG org.hibernate.type.BasicTypeRegistry - Adding type registration uuid-char -> org.hibernate.type.BasicTypeReference@5a4bef8
2026-02-02 21:24:01.495 [main] DEBUG org.hibernate.type.BasicTypeRegistry - Adding type registration class -> org.hibernate.type.BasicTypeReference@40bffbca
2026-02-02 21:24:01.495 [main] DEBUG org.hibernate.type.BasicTypeRegistry - Adding type registration java.lang.Class -> org.hibernate.type.BasicTypeReference@40bffbca
2026-02-02 21:24:01.495 [main] DEBUG org.hibernate.type.BasicTypeRegistry - Adding type registration currency -> org.hibernate.type.BasicTypeReference@2449cff7
2026-02-02 21:24:01.495 [main] DEBUG org.hibernate.type.BasicTypeRegistry - Adding type registration Currency -> org.hibernate.type.BasicTypeReference@2449cff7
2026-02-02 21:24:01.495 [main] DEBUG org.hibernate.type.BasicTypeRegistry - Adding type registration java.util.Currency -> org.hibernate.type.BasicTypeReference@2449cff7
2026-02-02 21:24:01.495 [main] DEBUG org.hibernate.type.BasicTypeRegistry - Adding type registration locale -> org.hibernate.type.BasicTypeReference@42a9a63e
2026-02-02 21:24:01.495 [main] DEBUG org.hibernate.type.BasicTypeRegistry - Adding type registration java.util.Locale -> org.hibernate.type.BasicTypeReference@42a9a63e
2026-02-02 21:24:01.495 [main] DEBUG org.hibernate.type.BasicTypeRegistry - Adding type registration serializable -> org.hibernate.type.BasicTypeReference@62da83ed
2026-02-02 21:24:01.495 [main] DEBUG org.hibernate.type.BasicTypeRegistry - Adding type registration java.io.Serializable -> org.hibernate.type.BasicTypeReference@62da83ed
2026-02-02 21:24:01.495 [main] DEBUG org.hibernate.type.BasicTypeRegistry - Adding type registration timezone -> org.hibernate.type.BasicTypeReference@5d8445d7
2026-02-02 21:24:01.496 [main] DEBUG org.hibernate.type.BasicTypeRegistry - Adding type registration java.util.TimeZone -> org.hibernate.type.BasicTypeReference@5d8445d7
2026-02-02 21:24:01.496 [main] DEBUG org.hibernate.type.BasicTypeRegistry - Adding type registration ZoneOffset -> org.hibernate.type.BasicTypeReference@37d80fe7
2026-02-02 21:24:01.496 [main] DEBUG org.hibernate.type.BasicTypeRegistry - Adding type registration java.time.ZoneOffset -> org.hibernate.type.BasicTypeReference@37d80fe7
2026-02-02 21:24:01.496 [main] DEBUG org.hibernate.type.BasicTypeRegistry - Adding type registration url -> org.hibernate.type.BasicTypeReference@384fc774
2026-02-02 21:24:01.496 [main] DEBUG org.hibernate.type.BasicTypeRegistry - Adding type registration java.net.URL -> org.hibernate.type.BasicTypeReference@384fc774
2026-02-02 21:24:01.496 [main] DEBUG org.hibernate.type.BasicTypeRegistry - Adding type registration vector -> org.hibernate.type.BasicTypeReference@e3cee7b
2026-02-02 21:24:01.496 [main] DEBUG org.hibernate.type.BasicTypeRegistry - Adding type registration row_version -> org.hibernate.type.BasicTypeReference@71e9a896
2026-02-02 21:24:01.501 [main] DEBUG org.hibernate.type.BasicTypeRegistry - Adding type registration object -> org.hibernate.type.JavaObjectType@7dac3fd8
2026-02-02 21:24:01.501 [main] DEBUG org.hibernate.type.BasicTypeRegistry - Adding type registration java.lang.Object -> org.hibernate.type.JavaObjectType@7dac3fd8
2026-02-02 21:24:01.501 [main] DEBUG org.hibernate.type.BasicTypeRegistry - Adding type registration null -> org.hibernate.type.NullType@6e33c391
2026-02-02 21:24:01.501 [main] DEBUG org.hibernate.type.BasicTypeRegistry - Adding type registration imm_date -> org.hibernate.type.BasicTypeReference@6c451c9c
2026-02-02 21:24:01.501 [main] DEBUG org.hibernate.type.BasicTypeRegistry - Adding type registration imm_time -> org.hibernate.type.BasicTypeReference@31c269fd
2026-02-02 21:24:01.501 [main] DEBUG org.hibernate.type.BasicTypeRegistry - Adding type registration imm_timestamp -> org.hibernate.type.BasicTypeReference@372b0d86
2026-02-02 21:24:01.502 [main] DEBUG org.hibernate.type.BasicTypeRegistry - Adding type registration imm_calendar -> org.hibernate.type.BasicTypeReference@47747fb9
2026-02-02 21:24:01.502 [main] DEBUG org.hibernate.type.BasicTypeRegistry - Adding type registration imm_calendar_date -> org.hibernate.type.BasicTypeReference@3113a37
2026-02-02 21:24:01.502 [main] DEBUG org.hibernate.type.BasicTypeRegistry - Adding type registration imm_calendar_time -> org.hibernate.type.BasicTypeReference@213e3629
2026-02-02 21:24:01.502 [main] DEBUG org.hibernate.type.BasicTypeRegistry - Adding type registration imm_binary -> org.hibernate.type.BasicTypeReference@4e9658b5
2026-02-02 21:24:01.502 [main] DEBUG org.hibernate.type.BasicTypeRegistry - Adding type registration imm_serializable -> org.hibernate.type.BasicTypeReference@2a7b6f69
2026-02-02 21:24:01.523 [main] WARN  org.hibernate.orm.connections.pooling - HHH10001002: Using built-in connection pool (not intended for production use)
2026-02-02 21:24:01.527 [main] INFO  org.hibernate.orm.connections.pooling - HHH10001005: Loaded JDBC driver class: com.mysql.cj.jdbc.Driver
2026-02-02 21:24:01.527 [main] INFO  org.hibernate.orm.connections.pooling - HHH10001012: Connecting with JDBC URL [jdbc:mysql://localhost:3307/LitMind?useSSL=false&serverTimezone=UTC]
2026-02-02 21:24:01.527 [main] INFO  org.hibernate.orm.connections.pooling - HHH10001001: Connection properties: {password=angela, user=angela}
2026-02-02 21:24:01.527 [main] INFO  org.hibernate.orm.connections.pooling - HHH10001003: Autocommit mode: false
2026-02-02 21:24:01.529 [main] DEBUG org.hibernate.orm.connections.pooling - Initializing Connection pool with 1 Connections
2026-02-02 21:24:01.529 [main] INFO  org.hibernate.orm.connections.pooling - HHH10001115: Connection pool size: 20 (min=1)
2026-02-02 21:24:01.674 [main] DEBUG org.hibernate.engine.jdbc.env.internal.JdbcEnvironmentInitiator - Database ->
       name : MySQL
    version : 8.4.7
      major : 8
      minor : 4
2026-02-02 21:24:01.674 [main] DEBUG org.hibernate.engine.jdbc.env.internal.JdbcEnvironmentInitiator - Driver ->
       name : MySQL Connector/J
    version : mysql-connector-j-8.4.0 (Revision: 1c3f5c149e0bfe31c7fbeb24e2d260cd890972c4)
      major : 8
      minor : 4
2026-02-02 21:24:01.674 [main] DEBUG org.hibernate.engine.jdbc.env.internal.JdbcEnvironmentInitiator - JDBC version : 4.2
2026-02-02 21:24:01.719 [main] WARN  org.hibernate.orm.deprecation - HHH90000025: MySQLDialect does not need to be specified explicitly using 'hibernate.dialect' (remove the property setting and it will be selected by default)
2026-02-02 21:24:01.721 [main] DEBUG org.hibernate.orm.dialect - HHH035001: Using dialect: org.hibernate.dialect.MySQLDialect, version: 8.4.7
2026-02-02 21:24:01.727 [main] DEBUG org.hibernate.engine.jdbc.env.spi.IdentifierHelperBuilder - JDBC driver metadata reported database stores quoted identifiers in more than one case
2026-02-02 21:24:01.727 [main] DEBUG org.hibernate.engine.jdbc.env.spi.IdentifierHelperBuilder - IdentifierCaseStrategy for both quoted and unquoted identifiers was set to the same strategy [MIXED]; that will likely lead to problems in schema update and validation if using quoted identifiers
2026-02-02 21:24:01.742 [main] DEBUG org.hibernate.type.descriptor.sql.spi.DdlTypeRegistry - addDescriptor(12, org.hibernate.type.descriptor.sql.internal.CapacityDependentDdlType@2d2acd89) replaced previous registration(org.hibernate.type.descriptor.sql.internal.CapacityDependentDdlType@7baf6acf)
2026-02-02 21:24:01.742 [main] DEBUG org.hibernate.type.descriptor.sql.spi.DdlTypeRegistry - addDescriptor(-9, org.hibernate.type.descriptor.sql.internal.CapacityDependentDdlType@1e6dad8) replaced previous registration(org.hibernate.type.descriptor.sql.internal.CapacityDependentDdlType@7b3315a5)
2026-02-02 21:24:01.742 [main] DEBUG org.hibernate.type.descriptor.sql.spi.DdlTypeRegistry - addDescriptor(-3, org.hibernate.type.descriptor.sql.internal.CapacityDependentDdlType@8ed9cf) replaced previous registration(org.hibernate.type.descriptor.sql.internal.CapacityDependentDdlType@f72203)
2026-02-02 21:24:01.742 [main] DEBUG org.hibernate.type.descriptor.sql.spi.DdlTypeRegistry - addDescriptor(4003, org.hibernate.type.descriptor.sql.internal.DdlTypeImpl@377008df) replaced previous registration(org.hibernate.type.descriptor.sql.internal.DdlTypeImpl@540dbda9)
2026-02-02 21:24:01.742 [main] DEBUG org.hibernate.type.descriptor.sql.spi.DdlTypeRegistry - addDescriptor(4001, org.hibernate.type.descriptor.sql.internal.DdlTypeImpl@22bb5646) replaced previous registration(org.hibernate.type.descriptor.sql.internal.DdlTypeImpl@1be59f28)
2026-02-02 21:24:01.742 [main] DEBUG org.hibernate.type.descriptor.sql.spi.DdlTypeRegistry - addDescriptor(4002, org.hibernate.type.descriptor.sql.internal.DdlTypeImpl@2ce45a7b) replaced previous registration(org.hibernate.type.descriptor.sql.internal.DdlTypeImpl@153d4abb)
2026-02-02 21:24:01.743 [main] DEBUG org.hibernate.type.descriptor.sql.spi.DdlTypeRegistry - addDescriptor(2004, org.hibernate.type.descriptor.sql.internal.CapacityDependentDdlType@6d4c273c) replaced previous registration(org.hibernate.type.descriptor.sql.internal.DdlTypeImpl@5a67e962)
2026-02-02 21:24:01.743 [main] DEBUG org.hibernate.type.descriptor.sql.spi.DdlTypeRegistry - addDescriptor(2005, org.hibernate.type.descriptor.sql.internal.CapacityDependentDdlType@545e57d7) replaced previous registration(org.hibernate.type.descriptor.sql.internal.DdlTypeImpl@2bc9a775)
2026-02-02 21:24:01.743 [main] DEBUG org.hibernate.type.descriptor.sql.spi.DdlTypeRegistry - addDescriptor(2011, org.hibernate.type.descriptor.sql.internal.CapacityDependentDdlType@27b000f7) replaced previous registration(org.hibernate.type.descriptor.sql.internal.DdlTypeImpl@42f9c19a)
2026-02-02 21:24:01.744 [main] DEBUG org.hibernate.type.descriptor.jdbc.spi.JdbcTypeRegistry - addDescriptor(NCharTypeDescriptor) replaced previous registration(CharTypeDescriptor)
2026-02-02 21:24:01.744 [main] DEBUG org.hibernate.type.descriptor.jdbc.spi.JdbcTypeRegistry - addDescriptor(NVarcharTypeDescriptor) replaced previous registration(VarcharTypeDescriptor)
2026-02-02 21:24:01.745 [main] DEBUG org.hibernate.type.descriptor.jdbc.spi.JdbcTypeRegistry - addDescriptor(LongNVarcharTypeDescriptor) replaced previous registration(LongVarcharTypeDescriptor)
2026-02-02 21:24:01.746 [main] DEBUG org.hibernate.type.descriptor.jdbc.spi.JdbcTypeRegistry - addDescriptor(NClobTypeDescriptor(DEFAULT)) replaced previous registration(ClobTypeDescriptor(DEFAULT))
2026-02-02 21:24:01.746 [main] DEBUG org.hibernate.type.descriptor.jdbc.spi.JdbcTypeRegistry - addDescriptor(2005, ClobTypeDescriptor(STREAM_BINDING)) replaced previous registration(ClobTypeDescriptor(DEFAULT))
2026-02-02 21:24:01.749 [main] DEBUG org.hibernate.type.BasicTypeRegistry - Adding type registration null -> org.hibernate.type.NullType@3eee3e2b
2026-02-02 21:24:01.749 [main] DEBUG org.hibernate.type.BasicTypeRegistry - Type registration key [null] overrode previous entry : `org.hibernate.type.NullType@6e33c391`
2026-02-02 21:24:01.753 [main] DEBUG org.hibernate.type.BasicTypeRegistry - Adding type registration org.hibernate.type.DurationType -> basicType@1(java.time.Duration,3015)
2026-02-02 21:24:01.753 [main] DEBUG org.hibernate.type.BasicTypeRegistry - Adding type registration Duration -> basicType@1(java.time.Duration,3015)
2026-02-02 21:24:01.753 [main] DEBUG org.hibernate.type.BasicTypeRegistry - Adding type registration java.time.Duration -> basicType@1(java.time.Duration,3015)
2026-02-02 21:24:01.756 [main] DEBUG org.hibernate.type.BasicTypeRegistry - Adding type registration org.hibernate.type.OffsetDateTimeType -> basicType@2(java.time.OffsetDateTime,3003)
2026-02-02 21:24:01.756 [main] DEBUG org.hibernate.type.BasicTypeRegistry - Adding type registration OffsetDateTime -> basicType@2(java.time.OffsetDateTime,3003)
2026-02-02 21:24:01.756 [main] DEBUG org.hibernate.type.BasicTypeRegistry - Adding type registration java.time.OffsetDateTime -> basicType@2(java.time.OffsetDateTime,3003)
2026-02-02 21:24:01.756 [main] DEBUG org.hibernate.type.BasicTypeRegistry - Adding type registration org.hibernate.type.ZonedDateTimeType -> basicType@3(java.time.ZonedDateTime,3003)
2026-02-02 21:24:01.756 [main] DEBUG org.hibernate.type.BasicTypeRegistry - Adding type registration ZonedDateTime -> basicType@3(java.time.ZonedDateTime,3003)
2026-02-02 21:24:01.756 [main] DEBUG org.hibernate.type.BasicTypeRegistry - Adding type registration java.time.ZonedDateTime -> basicType@3(java.time.ZonedDateTime,3003)
2026-02-02 21:24:01.756 [main] DEBUG org.hibernate.type.BasicTypeRegistry - Adding type registration org.hibernate.type.OffsetTimeType -> basicType@4(java.time.OffsetTime,3007)
2026-02-02 21:24:01.756 [main] DEBUG org.hibernate.type.BasicTypeRegistry - Adding type registration OffsetTime -> basicType@4(java.time.OffsetTime,3007)
2026-02-02 21:24:01.756 [main] DEBUG org.hibernate.type.BasicTypeRegistry - Adding type registration java.time.OffsetTime -> basicType@4(java.time.OffsetTime,3007)
2026-02-02 21:24:01.758 [main] DEBUG org.hibernate.type.spi.TypeConfiguration$Scope - Scoping TypeConfiguration [org.hibernate.type.spi.TypeConfiguration@640dc4c6] to MetadataBuildingContext [org.hibernate.boot.internal.MetadataBuildingContextRootImpl@4b54af3d]
2026-02-02 21:24:01.788 [main] DEBUG org.hibernate.boot.model.relational.Namespace - Created database namespace [logicalName=Name{catalog=null, schema=null}, physicalName=Name{catalog=null, schema=null}]
2026-02-02 21:24:01.809 [main] DEBUG org.hibernate.boot.model.internal.EntityBinder - Binding entity from annotated class: modelo.Usuario
2026-02-02 21:24:01.817 [main] DEBUG org.hibernate.boot.model.internal.EntityBinder - Import with entity name Usuario
2026-02-02 21:24:01.823 [main] DEBUG org.hibernate.boot.model.internal.EntityBinder - Bind entity modelo.Usuario on table usuario
2026-02-02 21:24:01.830 [main] DEBUG org.hibernate.boot.model.internal.AnnotatedColumn - Binding column: AnnotatedDiscriminatorColumn(column='DTYPE')
2026-02-02 21:24:01.847 [main] DEBUG org.hibernate.boot.model.internal.AnnotatedColumn - Binding column: AnnotatedColumn()
2026-02-02 21:24:01.847 [main] DEBUG org.hibernate.boot.internal.ClassLoaderAccessImpl - Not known whether passed class name [modelo.Usuario] is safe
2026-02-02 21:24:01.848 [main] DEBUG org.hibernate.boot.internal.ClassLoaderAccessImpl - No temp ClassLoader provided; using live ClassLoader for loading potentially unsafe class : modelo.Usuario
2026-02-02 21:24:01.849 [main] DEBUG org.hibernate.boot.model.internal.PropertyBinder - MetadataSourceProcessor property id_usuario with lazy=false
2026-02-02 21:24:01.855 [main] DEBUG org.hibernate.boot.model.internal.AbstractPropertyHolder - Attempting to locate auto-apply AttributeConverter for property [modelo.Usuario:id_usuario]
2026-02-02 21:24:01.858 [main] DEBUG org.hibernate.boot.model.internal.BasicValueBinder - building BasicValue for id_usuario
2026-02-02 21:24:01.861 [main] DEBUG org.hibernate.mapping.BasicValue - Skipping column re-registration: usuario.id_usuario
2026-02-02 21:24:01.862 [main] DEBUG org.hibernate.boot.model.internal.PropertyBinder - Building property id_usuario
2026-02-02 21:24:01.864 [main] DEBUG org.hibernate.boot.model.internal.BinderHelper - #makeIdGenerator(BasicValue([Column(id_usuario)]), id_usuario, identity, , ...)
2026-02-02 21:24:01.864 [main] DEBUG org.hibernate.boot.model.internal.AnnotatedColumn - Binding column: AnnotatedColumn()
2026-02-02 21:24:01.865 [main] DEBUG org.hibernate.boot.model.internal.PropertyBinder - MetadataSourceProcessor property edad with lazy=false
2026-02-02 21:24:01.865 [main] DEBUG org.hibernate.boot.model.internal.AbstractPropertyHolder - Attempting to locate auto-apply AttributeConverter for property [modelo.Usuario:edad]
2026-02-02 21:24:01.865 [main] DEBUG org.hibernate.boot.model.internal.BasicValueBinder - building BasicValue for edad
2026-02-02 21:24:01.865 [main] DEBUG org.hibernate.mapping.BasicValue - Skipping column re-registration: usuario.edad
2026-02-02 21:24:01.865 [main] DEBUG org.hibernate.boot.model.internal.PropertyBinder - Building property edad
2026-02-02 21:24:01.866 [main] DEBUG org.hibernate.boot.model.internal.AnnotatedColumn - Binding column: AnnotatedJoinColumn()
2026-02-02 21:24:01.866 [main] DEBUG org.hibernate.boot.model.internal.AnnotatedColumn - Binding column: AnnotatedColumn()
2026-02-02 21:24:01.870 [main] DEBUG org.hibernate.boot.model.internal.PropertyBinder - Building property estudiante
2026-02-02 21:24:01.871 [main] DEBUG org.hibernate.boot.model.internal.AnnotatedColumn - Binding column: AnnotatedColumn()
2026-02-02 21:24:01.871 [main] DEBUG org.hibernate.boot.model.internal.PropertyBinder - MetadataSourceProcessor property nombreCompleto with lazy=false
2026-02-02 21:24:01.871 [main] DEBUG org.hibernate.boot.model.internal.AbstractPropertyHolder - Attempting to locate auto-apply AttributeConverter for property [modelo.Usuario:nombreCompleto]
2026-02-02 21:24:01.872 [main] DEBUG org.hibernate.boot.model.internal.BasicValueBinder - building BasicValue for nombreCompleto
2026-02-02 21:24:01.872 [main] DEBUG org.hibernate.mapping.BasicValue - Skipping column re-registration: usuario.nombreCompleto
2026-02-02 21:24:01.872 [main] DEBUG org.hibernate.boot.model.internal.PropertyBinder - Building property nombreCompleto
2026-02-02 21:24:01.872 [main] DEBUG org.hibernate.boot.model.internal.AnnotatedColumn - Binding column: AnnotatedColumn()
2026-02-02 21:24:01.872 [main] DEBUG org.hibernate.boot.model.internal.PropertyBinder - MetadataSourceProcessor property puntosPorLogro with lazy=false
2026-02-02 21:24:01.872 [main] DEBUG org.hibernate.boot.model.internal.AbstractPropertyHolder - Attempting to locate auto-apply AttributeConverter for property [modelo.Usuario:puntosPorLogro]
2026-02-02 21:24:01.872 [main] DEBUG org.hibernate.boot.model.internal.BasicValueBinder - building BasicValue for puntosPorLogro
2026-02-02 21:24:01.872 [main] DEBUG org.hibernate.mapping.BasicValue - Skipping column re-registration: usuario.puntosPorLogro
2026-02-02 21:24:01.872 [main] DEBUG org.hibernate.boot.model.internal.PropertyBinder - Building property puntosPorLogro
2026-02-02 21:24:01.872 [main] DEBUG org.hibernate.boot.model.internal.AnnotatedColumn - Binding column: AnnotatedColumn()
2026-02-02 21:24:01.873 [main] DEBUG org.hibernate.boot.model.internal.PropertyBinder - MetadataSourceProcessor property rolPrincipal with lazy=false
2026-02-02 21:24:01.873 [main] DEBUG org.hibernate.boot.model.internal.AbstractPropertyHolder - Attempting to locate auto-apply AttributeConverter for property [modelo.Usuario:rolPrincipal]
2026-02-02 21:24:01.873 [main] DEBUG org.hibernate.boot.model.internal.BasicValueBinder - building BasicValue for rolPrincipal
2026-02-02 21:24:01.873 [main] DEBUG org.hibernate.mapping.BasicValue - Skipping column re-registration: usuario.rolPrincipal
2026-02-02 21:24:01.873 [main] DEBUG org.hibernate.boot.model.internal.PropertyBinder - Building property rolPrincipal
2026-02-02 21:24:01.873 [main] DEBUG org.hibernate.boot.model.internal.AnnotatedColumn - Binding column: AnnotatedColumn()
2026-02-02 21:24:01.873 [main] DEBUG org.hibernate.boot.model.internal.PropertyBinder - MetadataSourceProcessor property tipoUsuario with lazy=false
2026-02-02 21:24:01.873 [main] DEBUG org.hibernate.boot.model.internal.AbstractPropertyHolder - Attempting to locate auto-apply AttributeConverter for property [modelo.Usuario:tipoUsuario]
2026-02-02 21:24:01.873 [main] DEBUG org.hibernate.boot.model.internal.BasicValueBinder - building BasicValue for tipoUsuario
2026-02-02 21:24:01.873 [main] DEBUG org.hibernate.mapping.BasicValue - Skipping column re-registration: usuario.tipoUsuario
2026-02-02 21:24:01.874 [main] DEBUG org.hibernate.boot.model.internal.PropertyBinder - Building property tipoUsuario
2026-02-02 21:24:01.874 [main] DEBUG org.hibernate.boot.registry.classloading.internal.ClassLoaderServiceImpl - HHH000194: Package not found or wo package-info.java: modelo
2026-02-02 21:24:01.878 [main] DEBUG org.hibernate.boot.model.internal.EntityBinder - Binding entity from annotated class: modelo.Lectura
2026-02-02 21:24:01.878 [main] DEBUG org.hibernate.boot.model.internal.EntityBinder - Import with entity name Lectura
2026-02-02 21:24:01.879 [main] DEBUG org.hibernate.boot.model.internal.EntityBinder - Bind entity modelo.Lectura on table lectura
2026-02-02 21:24:01.879 [main] DEBUG org.hibernate.boot.model.internal.AnnotatedColumn - Binding column: AnnotatedDiscriminatorColumn(column='DTYPE')
2026-02-02 21:24:01.880 [main] DEBUG org.hibernate.boot.model.internal.AnnotatedColumn - Binding column: AnnotatedColumn()
2026-02-02 21:24:01.880 [main] DEBUG org.hibernate.boot.internal.ClassLoaderAccessImpl - Not known whether passed class name [modelo.Lectura] is safe
2026-02-02 21:24:01.880 [main] DEBUG org.hibernate.boot.internal.ClassLoaderAccessImpl - No temp ClassLoader provided; using live ClassLoader for loading potentially unsafe class : modelo.Lectura
2026-02-02 21:24:01.880 [main] DEBUG org.hibernate.boot.model.internal.PropertyBinder - MetadataSourceProcessor property id_lectura with lazy=false
2026-02-02 21:24:01.880 [main] DEBUG org.hibernate.boot.model.internal.AbstractPropertyHolder - Attempting to locate auto-apply AttributeConverter for property [modelo.Lectura:id_lectura]
2026-02-02 21:24:01.880 [main] DEBUG org.hibernate.boot.model.internal.BasicValueBinder - building BasicValue for id_lectura
2026-02-02 21:24:01.880 [main] DEBUG org.hibernate.mapping.BasicValue - Skipping column re-registration: lectura.id_lectura
2026-02-02 21:24:01.881 [main] DEBUG org.hibernate.boot.model.internal.PropertyBinder - Building property id_lectura
2026-02-02 21:24:01.881 [main] DEBUG org.hibernate.boot.model.internal.BinderHelper - #makeIdGenerator(BasicValue([Column(id_lectura)]), id_lectura, identity, , ...)
2026-02-02 21:24:01.881 [main] DEBUG org.hibernate.boot.model.internal.AnnotatedColumn - Binding column: AnnotatedJoinColumn()
2026-02-02 21:24:01.881 [main] DEBUG org.hibernate.boot.model.internal.AnnotatedColumn - Binding column: AnnotatedColumn()
2026-02-02 21:24:01.890 [main] DEBUG org.hibernate.boot.model.internal.AnnotatedColumn - Binding column: IndexColumn(column='asignaciones_ORDER')
2026-02-02 21:24:01.894 [main] DEBUG org.hibernate.boot.model.internal.AnnotatedColumn - Binding column: AnnotatedColumn()
2026-02-02 21:24:01.894 [main] DEBUG org.hibernate.boot.model.internal.AnnotatedColumn - Binding column: AnnotatedColumn(column='asignaciones_KEY')
2026-02-02 21:24:01.894 [main] DEBUG org.hibernate.boot.model.internal.AnnotatedColumn - Binding column: AnnotatedJoinColumn(column='asignaciones_KEY')
2026-02-02 21:24:01.896 [main] DEBUG org.hibernate.boot.model.internal.AnnotatedColumn - Binding column: AnnotatedJoinColumn()
2026-02-02 21:24:01.896 [main] DEBUG org.hibernate.boot.model.internal.AnnotatedColumn - Binding column: AnnotatedJoinColumn()
2026-02-02 21:24:01.897 [main] DEBUG org.hibernate.boot.model.internal.CollectionBinder - Collection role: modelo.Lectura.asignaciones
2026-02-02 21:24:01.898 [main] DEBUG org.hibernate.boot.model.internal.PropertyBinder - Building property asignaciones
2026-02-02 21:24:01.898 [main] DEBUG org.hibernate.boot.model.internal.AnnotatedColumn - Binding column: AnnotatedColumn()
2026-02-02 21:24:01.898 [main] DEBUG org.hibernate.boot.model.internal.PropertyBinder - MetadataSourceProcessor property autor with lazy=false
2026-02-02 21:24:01.898 [main] DEBUG org.hibernate.boot.model.internal.AbstractPropertyHolder - Attempting to locate auto-apply AttributeConverter for property [modelo.Lectura:autor]
2026-02-02 21:24:01.898 [main] DEBUG org.hibernate.boot.model.internal.BasicValueBinder - building BasicValue for autor
2026-02-02 21:24:01.898 [main] DEBUG org.hibernate.mapping.BasicValue - Skipping column re-registration: lectura.autor
2026-02-02 21:24:01.899 [main] DEBUG org.hibernate.boot.model.internal.PropertyBinder - Building property autor
2026-02-02 21:24:01.899 [main] DEBUG org.hibernate.boot.model.internal.AnnotatedColumn - Binding column: AnnotatedColumn()
2026-02-02 21:24:01.899 [main] DEBUG org.hibernate.boot.model.internal.PropertyBinder - MetadataSourceProcessor property genero with lazy=false
2026-02-02 21:24:01.899 [main] DEBUG org.hibernate.boot.model.internal.AbstractPropertyHolder - Attempting to locate auto-apply AttributeConverter for property [modelo.Lectura:genero]
2026-02-02 21:24:01.899 [main] DEBUG org.hibernate.boot.model.internal.BasicValueBinder - building BasicValue for genero
2026-02-02 21:24:01.899 [main] DEBUG org.hibernate.mapping.BasicValue - Skipping column re-registration: lectura.genero
2026-02-02 21:24:01.899 [main] DEBUG org.hibernate.boot.model.internal.PropertyBinder - Building property genero
2026-02-02 21:24:01.899 [main] DEBUG org.hibernate.boot.model.internal.AnnotatedColumn - Binding column: AnnotatedColumn()
2026-02-02 21:24:01.899 [main] DEBUG org.hibernate.boot.model.internal.PropertyBinder - MetadataSourceProcessor property titulo with lazy=false
2026-02-02 21:24:01.899 [main] DEBUG org.hibernate.boot.model.internal.AbstractPropertyHolder - Attempting to locate auto-apply AttributeConverter for property [modelo.Lectura:titulo]
2026-02-02 21:24:01.899 [main] DEBUG org.hibernate.boot.model.internal.BasicValueBinder - building BasicValue for titulo
2026-02-02 21:24:01.899 [main] DEBUG org.hibernate.mapping.BasicValue - Skipping column re-registration: lectura.titulo
2026-02-02 21:24:01.899 [main] DEBUG org.hibernate.boot.model.internal.PropertyBinder - Building property titulo
2026-02-02 21:24:01.899 [main] DEBUG org.hibernate.boot.registry.classloading.internal.ClassLoaderServiceImpl - HHH000194: Package not found or wo package-info.java: modelo
2026-02-02 21:24:01.900 [main] DEBUG org.hibernate.boot.model.internal.EntityBinder - Binding entity from annotated class: modelo.Asignacion
2026-02-02 21:24:01.900 [main] DEBUG org.hibernate.boot.model.internal.EntityBinder - Import with entity name Asignacion
2026-02-02 21:24:01.901 [main] DEBUG org.hibernate.boot.model.internal.EntityBinder - Bind entity modelo.Asignacion on table asignacion
2026-02-02 21:24:01.901 [main] DEBUG org.hibernate.boot.model.internal.AnnotatedColumn - Binding column: AnnotatedDiscriminatorColumn(column='DTYPE')
2026-02-02 21:24:01.903 [main] DEBUG org.hibernate.boot.model.internal.AnnotatedColumn - Binding column: AnnotatedColumn()
2026-02-02 21:24:01.903 [main] DEBUG org.hibernate.boot.internal.ClassLoaderAccessImpl - Not known whether passed class name [modelo.Asignacion] is safe
2026-02-02 21:24:01.903 [main] DEBUG org.hibernate.boot.internal.ClassLoaderAccessImpl - No temp ClassLoader provided; using live ClassLoader for loading potentially unsafe class : modelo.Asignacion
2026-02-02 21:24:01.904 [main] DEBUG org.hibernate.boot.model.internal.PropertyBinder - MetadataSourceProcessor property id_asignacion with lazy=false
2026-02-02 21:24:01.904 [main] DEBUG org.hibernate.boot.model.internal.AbstractPropertyHolder - Attempting to locate auto-apply AttributeConverter for property [modelo.Asignacion:id_asignacion]
2026-02-02 21:24:01.904 [main] DEBUG org.hibernate.boot.model.internal.BasicValueBinder - building BasicValue for id_asignacion
2026-02-02 21:24:01.904 [main] DEBUG org.hibernate.mapping.BasicValue - Skipping column re-registration: asignacion.id_asignacion
2026-02-02 21:24:01.904 [main] DEBUG org.hibernate.boot.model.internal.PropertyBinder - Building property id_asignacion
2026-02-02 21:24:01.904 [main] DEBUG org.hibernate.boot.model.internal.BinderHelper - #makeIdGenerator(BasicValue([Column(id_asignacion)]), id_asignacion, identity, , ...)
2026-02-02 21:24:01.904 [main] DEBUG org.hibernate.boot.model.internal.AnnotatedColumn - Binding column: AnnotatedColumn()
2026-02-02 21:24:01.904 [main] DEBUG org.hibernate.boot.model.internal.PropertyBinder - MetadataSourceProcessor property codigoClase with lazy=false
2026-02-02 21:24:01.904 [main] DEBUG org.hibernate.boot.model.internal.AbstractPropertyHolder - Attempting to locate auto-apply AttributeConverter for property [modelo.Asignacion:codigoClase]
2026-02-02 21:24:01.904 [main] DEBUG org.hibernate.boot.model.internal.BasicValueBinder - building BasicValue for codigoClase
2026-02-02 21:24:01.904 [main] DEBUG org.hibernate.mapping.BasicValue - Skipping column re-registration: asignacion.codigoClase
2026-02-02 21:24:01.906 [main] DEBUG org.hibernate.boot.model.internal.PropertyBinder - Building property codigoClase
2026-02-02 21:24:01.907 [main] DEBUG org.hibernate.boot.model.internal.AnnotatedColumn - Binding column: AnnotatedJoinColumn(column='id_docente')
2026-02-02 21:24:01.907 [main] DEBUG org.hibernate.boot.model.internal.AnnotatedColumn - Binding column: AnnotatedColumn()
2026-02-02 21:24:01.907 [main] DEBUG org.hibernate.boot.model.internal.PropertyBinder - Building property docente
2026-02-02 21:24:01.907 [main] DEBUG org.hibernate.boot.model.internal.AnnotatedColumn - Binding column: AnnotatedColumn()
2026-02-02 21:24:01.907 [main] DEBUG org.hibernate.boot.model.internal.PropertyBinder - MetadataSourceProcessor property esObligatoria with lazy=false
2026-02-02 21:24:01.907 [main] DEBUG org.hibernate.boot.model.internal.AbstractPropertyHolder - Attempting to locate auto-apply AttributeConverter for property [modelo.Asignacion:esObligatoria]
2026-02-02 21:24:01.907 [main] DEBUG org.hibernate.boot.model.internal.BasicValueBinder - building BasicValue for esObligatoria
2026-02-02 21:24:01.907 [main] DEBUG org.hibernate.mapping.BasicValue - Skipping column re-registration: asignacion.esObligatoria
2026-02-02 21:24:01.908 [main] DEBUG org.hibernate.boot.model.internal.PropertyBinder - Building property esObligatoria
2026-02-02 21:24:01.908 [main] DEBUG org.hibernate.boot.model.internal.AnnotatedColumn - Binding column: AnnotatedJoinColumn(column='id_lectura')
2026-02-02 21:24:01.908 [main] DEBUG org.hibernate.boot.model.internal.AnnotatedColumn - Binding column: AnnotatedColumn()
2026-02-02 21:24:01.908 [main] DEBUG org.hibernate.boot.model.internal.PropertyBinder - Building property lectura
2026-02-02 21:24:01.908 [main] DEBUG org.hibernate.boot.model.internal.AnnotatedColumn - Binding column: AnnotatedColumn()
2026-02-02 21:24:01.908 [main] DEBUG org.hibernate.boot.model.internal.PropertyBinder - MetadataSourceProcessor property tituloAsignacion with lazy=false
2026-02-02 21:24:01.908 [main] DEBUG org.hibernate.boot.model.internal.AbstractPropertyHolder - Attempting to locate auto-apply AttributeConverter for property [modelo.Asignacion:tituloAsignacion]
2026-02-02 21:24:01.908 [main] DEBUG org.hibernate.boot.model.internal.BasicValueBinder - building BasicValue for tituloAsignacion
2026-02-02 21:24:01.908 [main] DEBUG org.hibernate.mapping.BasicValue - Skipping column re-registration: asignacion.tituloAsignacion
2026-02-02 21:24:01.909 [main] DEBUG org.hibernate.boot.model.internal.PropertyBinder - Building property tituloAsignacion
2026-02-02 21:24:01.909 [main] DEBUG org.hibernate.boot.model.internal.AnnotatedColumn - Binding column: AnnotatedColumn()
2026-02-02 21:24:01.909 [main] DEBUG org.hibernate.boot.model.internal.PropertyBinder - MetadataSourceProcessor property totalAlumnos with lazy=false
2026-02-02 21:24:01.909 [main] DEBUG org.hibernate.boot.model.internal.AbstractPropertyHolder - Attempting to locate auto-apply AttributeConverter for property [modelo.Asignacion:totalAlumnos]
2026-02-02 21:24:01.909 [main] DEBUG org.hibernate.boot.model.internal.BasicValueBinder - building BasicValue for totalAlumnos
2026-02-02 21:24:01.909 [main] DEBUG org.hibernate.mapping.BasicValue - Skipping column re-registration: asignacion.totalAlumnos
2026-02-02 21:24:01.909 [main] DEBUG org.hibernate.boot.model.internal.PropertyBinder - Building property totalAlumnos
2026-02-02 21:24:01.909 [main] DEBUG org.hibernate.boot.registry.classloading.internal.ClassLoaderServiceImpl - HHH000194: Package not found or wo package-info.java: modelo
2026-02-02 21:24:01.910 [main] DEBUG org.hibernate.boot.model.internal.EntityBinder - Binding entity from annotated class: modelo.Docente
2026-02-02 21:24:01.910 [main] DEBUG org.hibernate.boot.model.internal.EntityBinder - Import with entity name Docente
2026-02-02 21:24:01.910 [main] DEBUG org.hibernate.boot.model.internal.EntityBinder - Bind entity modelo.Docente on table docente
2026-02-02 21:24:01.910 [main] DEBUG org.hibernate.boot.model.internal.AnnotatedColumn - Binding column: AnnotatedDiscriminatorColumn(column='DTYPE')
2026-02-02 21:24:01.911 [main] DEBUG org.hibernate.boot.model.internal.AnnotatedColumn - Binding column: AnnotatedColumn()
2026-02-02 21:24:01.911 [main] DEBUG org.hibernate.boot.internal.ClassLoaderAccessImpl - Not known whether passed class name [modelo.Docente] is safe
2026-02-02 21:24:01.911 [main] DEBUG org.hibernate.boot.internal.ClassLoaderAccessImpl - No temp ClassLoader provided; using live ClassLoader for loading potentially unsafe class : modelo.Docente
2026-02-02 21:24:01.911 [main] DEBUG org.hibernate.boot.model.internal.PropertyBinder - MetadataSourceProcessor property id_docente with lazy=false
2026-02-02 21:24:01.911 [main] DEBUG org.hibernate.boot.model.internal.AbstractPropertyHolder - Attempting to locate auto-apply AttributeConverter for property [modelo.Docente:id_docente]
2026-02-02 21:24:01.911 [main] DEBUG org.hibernate.boot.model.internal.BasicValueBinder - building BasicValue for id_docente
2026-02-02 21:24:01.911 [main] DEBUG org.hibernate.mapping.BasicValue - Skipping column re-registration: docente.id_docente
2026-02-02 21:24:01.911 [main] DEBUG org.hibernate.boot.model.internal.PropertyBinder - Building property id_docente
2026-02-02 21:24:01.911 [main] DEBUG org.hibernate.boot.model.internal.BinderHelper - #makeIdGenerator(BasicValue([Column(id_docente)]), id_docente, identity, , ...)
2026-02-02 21:24:01.911 [main] DEBUG org.hibernate.boot.model.internal.AnnotatedColumn - Binding column: AnnotatedColumn()
2026-02-02 21:24:01.911 [main] DEBUG org.hibernate.boot.model.internal.PropertyBinder - MetadataSourceProcessor property edad with lazy=false
2026-02-02 21:24:01.911 [main] DEBUG org.hibernate.boot.model.internal.AbstractPropertyHolder - Attempting to locate auto-apply AttributeConverter for property [modelo.Docente:edad]
2026-02-02 21:24:01.911 [main] DEBUG org.hibernate.boot.model.internal.BasicValueBinder - building BasicValue for edad
2026-02-02 21:24:01.912 [main] DEBUG org.hibernate.mapping.BasicValue - Skipping column re-registration: docente.edad
2026-02-02 21:24:01.912 [main] DEBUG org.hibernate.boot.model.internal.PropertyBinder - Building property edad
2026-02-02 21:24:01.912 [main] DEBUG org.hibernate.boot.model.internal.AnnotatedColumn - Binding column: AnnotatedColumn()
2026-02-02 21:24:01.912 [main] DEBUG org.hibernate.boot.model.internal.PropertyBinder - MetadataSourceProcessor property especialidad with lazy=false
2026-02-02 21:24:01.912 [main] DEBUG org.hibernate.boot.model.internal.AbstractPropertyHolder - Attempting to locate auto-apply AttributeConverter for property [modelo.Docente:especialidad]
2026-02-02 21:24:01.912 [main] DEBUG org.hibernate.boot.model.internal.BasicValueBinder - building BasicValue for especialidad
2026-02-02 21:24:01.912 [main] DEBUG org.hibernate.mapping.BasicValue - Skipping column re-registration: docente.especialidad
2026-02-02 21:24:01.912 [main] DEBUG org.hibernate.boot.model.internal.PropertyBinder - Building property especialidad
2026-02-02 21:24:01.912 [main] DEBUG org.hibernate.boot.model.internal.AnnotatedColumn - Binding column: AnnotatedColumn()
2026-02-02 21:24:01.912 [main] DEBUG org.hibernate.boot.model.internal.PropertyBinder - MetadataSourceProcessor property nombre with lazy=false
2026-02-02 21:24:01.912 [main] DEBUG org.hibernate.boot.model.internal.AbstractPropertyHolder - Attempting to locate auto-apply AttributeConverter for property [modelo.Docente:nombre]
2026-02-02 21:24:01.912 [main] DEBUG org.hibernate.boot.model.internal.BasicValueBinder - building BasicValue for nombre
2026-02-02 21:24:01.913 [main] DEBUG org.hibernate.mapping.BasicValue - Skipping column re-registration: docente.nombre
2026-02-02 21:24:01.913 [main] DEBUG org.hibernate.boot.model.internal.PropertyBinder - Building property nombre
2026-02-02 21:24:01.913 [main] DEBUG org.hibernate.boot.registry.classloading.internal.ClassLoaderServiceImpl - HHH000194: Package not found or wo package-info.java: modelo
2026-02-02 21:24:01.913 [main] DEBUG org.hibernate.boot.model.internal.EntityBinder - Binding entity from annotated class: modelo.Logro
2026-02-02 21:24:01.914 [main] DEBUG org.hibernate.boot.model.internal.EntityBinder - Import with entity name Logro
2026-02-02 21:24:01.914 [main] DEBUG org.hibernate.boot.model.internal.EntityBinder - Bind entity modelo.Logro on table logro
2026-02-02 21:24:01.914 [main] DEBUG org.hibernate.boot.model.internal.AnnotatedColumn - Binding column: AnnotatedDiscriminatorColumn(column='DTYPE')
2026-02-02 21:24:01.915 [main] DEBUG org.hibernate.boot.model.internal.AnnotatedColumn - Binding column: AnnotatedColumn()
2026-02-02 21:24:01.915 [main] DEBUG org.hibernate.boot.internal.ClassLoaderAccessImpl - Not known whether passed class name [modelo.Logro] is safe
2026-02-02 21:24:01.915 [main] DEBUG org.hibernate.boot.internal.ClassLoaderAccessImpl - No temp ClassLoader provided; using live ClassLoader for loading potentially unsafe class : modelo.Logro
2026-02-02 21:24:01.915 [main] DEBUG org.hibernate.boot.model.internal.PropertyBinder - MetadataSourceProcessor property id_logro with lazy=false
2026-02-02 21:24:01.915 [main] DEBUG org.hibernate.boot.model.internal.AbstractPropertyHolder - Attempting to locate auto-apply AttributeConverter for property [modelo.Logro:id_logro]
2026-02-02 21:24:01.915 [main] DEBUG org.hibernate.boot.model.internal.BasicValueBinder - building BasicValue for id_logro
2026-02-02 21:24:01.916 [main] DEBUG org.hibernate.mapping.BasicValue - Skipping column re-registration: logro.id_logro
2026-02-02 21:24:01.916 [main] DEBUG org.hibernate.boot.model.internal.PropertyBinder - Building property id_logro
2026-02-02 21:24:01.916 [main] DEBUG org.hibernate.boot.model.internal.BinderHelper - #makeIdGenerator(BasicValue([Column(id_logro)]), id_logro, identity, , ...)
2026-02-02 21:24:01.916 [main] DEBUG org.hibernate.boot.model.internal.AnnotatedColumn - Binding column: AnnotatedColumn()
2026-02-02 21:24:01.916 [main] DEBUG org.hibernate.boot.model.internal.PropertyBinder - MetadataSourceProcessor property descripcion with lazy=false
2026-02-02 21:24:01.916 [main] DEBUG org.hibernate.boot.model.internal.AbstractPropertyHolder - Attempting to locate auto-apply AttributeConverter for property [modelo.Logro:descripcion]
2026-02-02 21:24:01.916 [main] DEBUG org.hibernate.boot.model.internal.BasicValueBinder - building BasicValue for descripcion
2026-02-02 21:24:01.916 [main] DEBUG org.hibernate.mapping.BasicValue - Skipping column re-registration: logro.descripcion
2026-02-02 21:24:01.916 [main] DEBUG org.hibernate.boot.model.internal.PropertyBinder - Building property descripcion
2026-02-02 21:24:01.916 [main] DEBUG org.hibernate.boot.model.internal.AnnotatedColumn - Binding column: IndexColumn(column='estudiantes_ORDER')
2026-02-02 21:24:01.916 [main] DEBUG org.hibernate.boot.model.internal.AnnotatedColumn - Binding column: AnnotatedColumn()
2026-02-02 21:24:01.916 [main] DEBUG org.hibernate.boot.model.internal.AnnotatedColumn - Binding column: AnnotatedColumn(column='estudiantes_KEY')
2026-02-02 21:24:01.916 [main] DEBUG org.hibernate.boot.model.internal.AnnotatedColumn - Binding column: AnnotatedJoinColumn(column='estudiantes_KEY')
2026-02-02 21:24:01.916 [main] DEBUG org.hibernate.boot.model.internal.AnnotatedColumn - Binding column: AnnotatedJoinColumn()
2026-02-02 21:24:01.916 [main] DEBUG org.hibernate.boot.model.internal.AnnotatedColumn - Binding column: AnnotatedJoinColumn()
2026-02-02 21:24:01.917 [main] DEBUG org.hibernate.boot.model.internal.CollectionBinder - Collection role: modelo.Logro.estudiantes
2026-02-02 21:24:01.917 [main] DEBUG org.hibernate.boot.model.internal.PropertyBinder - Building property estudiantes
2026-02-02 21:24:01.917 [main] DEBUG org.hibernate.boot.model.internal.AnnotatedColumn - Binding column: AnnotatedColumn()
2026-02-02 21:24:01.918 [main] DEBUG org.hibernate.boot.model.internal.PropertyBinder - MetadataSourceProcessor property nombreLogro with lazy=false
2026-02-02 21:24:01.918 [main] DEBUG org.hibernate.boot.model.internal.AbstractPropertyHolder - Attempting to locate auto-apply AttributeConverter for property [modelo.Logro:nombreLogro]
2026-02-02 21:24:01.918 [main] DEBUG org.hibernate.boot.model.internal.BasicValueBinder - building BasicValue for nombreLogro
2026-02-02 21:24:01.918 [main] DEBUG org.hibernate.mapping.BasicValue - Skipping column re-registration: logro.nombreLogro
2026-02-02 21:24:01.918 [main] DEBUG org.hibernate.boot.model.internal.PropertyBinder - Building property nombreLogro
2026-02-02 21:24:01.918 [main] DEBUG org.hibernate.boot.registry.classloading.internal.ClassLoaderServiceImpl - HHH000194: Package not found or wo package-info.java: modelo
2026-02-02 21:24:01.919 [main] DEBUG org.hibernate.boot.model.internal.EntityBinder - Binding entity from annotated class: modelo.Estudiante
2026-02-02 21:24:01.919 [main] DEBUG org.hibernate.boot.model.internal.EntityBinder - Import with entity name Estudiante
2026-02-02 21:24:01.919 [main] DEBUG org.hibernate.boot.model.internal.EntityBinder - Bind entity modelo.Estudiante on table estudiante
2026-02-02 21:24:01.919 [main] DEBUG org.hibernate.boot.model.internal.AnnotatedColumn - Binding column: AnnotatedDiscriminatorColumn(column='DTYPE')
2026-02-02 21:24:01.920 [main] DEBUG org.hibernate.boot.model.internal.AnnotatedColumn - Binding column: AnnotatedColumn()
2026-02-02 21:24:01.920 [main] DEBUG org.hibernate.boot.internal.ClassLoaderAccessImpl - Not known whether passed class name [modelo.Estudiante] is safe
2026-02-02 21:24:01.920 [main] DEBUG org.hibernate.boot.internal.ClassLoaderAccessImpl - No temp ClassLoader provided; using live ClassLoader for loading potentially unsafe class : modelo.Estudiante
2026-02-02 21:24:01.920 [main] DEBUG org.hibernate.boot.model.internal.PropertyBinder - MetadataSourceProcessor property id_estudiante with lazy=false
2026-02-02 21:24:01.920 [main] DEBUG org.hibernate.boot.model.internal.AbstractPropertyHolder - Attempting to locate auto-apply AttributeConverter for property [modelo.Estudiante:id_estudiante]
2026-02-02 21:24:01.920 [main] DEBUG org.hibernate.boot.model.internal.BasicValueBinder - building BasicValue for id_estudiante
2026-02-02 21:24:01.920 [main] DEBUG org.hibernate.mapping.BasicValue - Skipping column re-registration: estudiante.id_estudiante
2026-02-02 21:24:01.920 [main] DEBUG org.hibernate.boot.model.internal.PropertyBinder - Building property id_estudiante
2026-02-02 21:24:01.920 [main] DEBUG org.hibernate.boot.model.internal.BinderHelper - #makeIdGenerator(BasicValue([Column(id_estudiante)]), id_estudiante, identity, , ...)
2026-02-02 21:24:01.920 [main] DEBUG org.hibernate.boot.model.internal.AnnotatedColumn - Binding column: IndexColumn(column='logros_ORDER')
2026-02-02 21:24:01.920 [main] DEBUG org.hibernate.boot.model.internal.AnnotatedColumn - Binding column: AnnotatedColumn()
2026-02-02 21:24:01.920 [main] DEBUG org.hibernate.boot.model.internal.AnnotatedColumn - Binding column: AnnotatedColumn(column='logros_KEY')
2026-02-02 21:24:01.920 [main] DEBUG org.hibernate.boot.model.internal.AnnotatedColumn - Binding column: AnnotatedJoinColumn(column='logros_KEY')
2026-02-02 21:24:01.920 [main] DEBUG org.hibernate.boot.model.internal.AnnotatedColumn - Binding column: AnnotatedJoinColumn()
2026-02-02 21:24:01.920 [main] DEBUG org.hibernate.boot.model.internal.AnnotatedColumn - Binding column: AnnotatedJoinColumn()
2026-02-02 21:24:01.920 [main] DEBUG org.hibernate.boot.model.internal.CollectionBinder - Collection role: modelo.Estudiante.logros
2026-02-02 21:24:01.922 [main] DEBUG org.hibernate.boot.model.internal.PropertyBinder - Building property logros
2026-02-02 21:24:01.922 [main] DEBUG org.hibernate.boot.model.internal.AnnotatedColumn - Binding column: AnnotatedColumn()
2026-02-02 21:24:01.922 [main] DEBUG org.hibernate.boot.model.internal.PropertyBinder - MetadataSourceProcessor property nivelActual with lazy=false
2026-02-02 21:24:01.922 [main] DEBUG org.hibernate.boot.model.internal.AbstractPropertyHolder - Attempting to locate auto-apply AttributeConverter for property [modelo.Estudiante:nivelActual]
2026-02-02 21:24:01.922 [main] DEBUG org.hibernate.boot.model.internal.BasicValueBinder - building BasicValue for nivelActual
2026-02-02 21:24:01.922 [main] DEBUG org.hibernate.mapping.BasicValue - Skipping column re-registration: estudiante.nivelActual
2026-02-02 21:24:01.922 [main] DEBUG org.hibernate.boot.model.internal.PropertyBinder - Building property nivelActual
2026-02-02 21:24:01.922 [main] DEBUG org.hibernate.boot.model.internal.AnnotatedColumn - Binding column: AnnotatedColumn()
2026-02-02 21:24:01.922 [main] DEBUG org.hibernate.boot.model.internal.PropertyBinder - MetadataSourceProcessor property puntosXP with lazy=false
2026-02-02 21:24:01.922 [main] DEBUG org.hibernate.boot.model.internal.AbstractPropertyHolder - Attempting to locate auto-apply AttributeConverter for property [modelo.Estudiante:puntosXP]
2026-02-02 21:24:01.922 [main] DEBUG org.hibernate.boot.model.internal.BasicValueBinder - building BasicValue for puntosXP
2026-02-02 21:24:01.922 [main] DEBUG org.hibernate.mapping.BasicValue - Skipping column re-registration: estudiante.puntosXP
2026-02-02 21:24:01.923 [main] DEBUG org.hibernate.boot.model.internal.PropertyBinder - Building property puntosXP
2026-02-02 21:24:01.923 [main] DEBUG org.hibernate.boot.model.internal.AnnotatedColumn - Binding column: AnnotatedJoinColumn(column='id_usuario')
2026-02-02 21:24:01.923 [main] DEBUG org.hibernate.boot.model.internal.AnnotatedColumn - Binding column: AnnotatedColumn()
2026-02-02 21:24:01.923 [main] DEBUG org.hibernate.boot.model.internal.PropertyBinder - Building property usuario
2026-02-02 21:24:01.923 [main] DEBUG org.hibernate.boot.registry.classloading.internal.ClassLoaderServiceImpl - HHH000194: Package not found or wo package-info.java: modelo
2026-02-02 21:24:01.924 [main] DEBUG org.hibernate.boot.model.internal.BasicValueBinder - Starting `BasicValueBinder#fillSimpleValue` for id_usuario
2026-02-02 21:24:01.924 [main] DEBUG org.hibernate.boot.model.internal.BasicValueBinder - Starting `BasicValueBinder#fillSimpleValue` for edad
2026-02-02 21:24:01.924 [main] DEBUG org.hibernate.boot.model.internal.BasicValueBinder - Starting `BasicValueBinder#fillSimpleValue` for nombreCompleto
2026-02-02 21:24:01.925 [main] DEBUG org.hibernate.boot.model.internal.BasicValueBinder - Starting `BasicValueBinder#fillSimpleValue` for puntosPorLogro
2026-02-02 21:24:01.925 [main] DEBUG org.hibernate.boot.model.internal.BasicValueBinder - Starting `BasicValueBinder#fillSimpleValue` for rolPrincipal
2026-02-02 21:24:01.926 [main] DEBUG org.hibernate.boot.model.internal.BasicValueBinder - Starting `BasicValueBinder#fillSimpleValue` for tipoUsuario
2026-02-02 21:24:01.926 [main] DEBUG org.hibernate.boot.model.internal.BasicValueBinder - Starting `BasicValueBinder#fillSimpleValue` for id_lectura
2026-02-02 21:24:01.926 [main] DEBUG org.hibernate.boot.model.internal.BasicValueBinder - Starting `BasicValueBinder#fillSimpleValue` for autor
2026-02-02 21:24:01.926 [main] DEBUG org.hibernate.boot.model.internal.BasicValueBinder - Starting `BasicValueBinder#fillSimpleValue` for genero
2026-02-02 21:24:01.926 [main] DEBUG org.hibernate.boot.model.internal.BasicValueBinder - Starting `BasicValueBinder#fillSimpleValue` for titulo
2026-02-02 21:24:01.926 [main] DEBUG org.hibernate.boot.model.internal.BasicValueBinder - Starting `BasicValueBinder#fillSimpleValue` for id_asignacion
2026-02-02 21:24:01.926 [main] DEBUG org.hibernate.boot.model.internal.BasicValueBinder - Starting `BasicValueBinder#fillSimpleValue` for codigoClase
2026-02-02 21:24:01.926 [main] DEBUG org.hibernate.boot.model.internal.BasicValueBinder - Starting `BasicValueBinder#fillSimpleValue` for esObligatoria
2026-02-02 21:24:01.926 [main] DEBUG org.hibernate.boot.model.internal.BasicValueBinder - Starting `BasicValueBinder#fillSimpleValue` for tituloAsignacion
2026-02-02 21:24:01.926 [main] DEBUG org.hibernate.boot.model.internal.BasicValueBinder - Starting `BasicValueBinder#fillSimpleValue` for totalAlumnos
2026-02-02 21:24:01.926 [main] DEBUG org.hibernate.boot.model.internal.BasicValueBinder - Starting `BasicValueBinder#fillSimpleValue` for id_docente
2026-02-02 21:24:01.926 [main] DEBUG org.hibernate.boot.model.internal.BasicValueBinder - Starting `BasicValueBinder#fillSimpleValue` for edad
2026-02-02 21:24:01.926 [main] DEBUG org.hibernate.boot.model.internal.BasicValueBinder - Starting `BasicValueBinder#fillSimpleValue` for especialidad
2026-02-02 21:24:01.926 [main] DEBUG org.hibernate.boot.model.internal.BasicValueBinder - Starting `BasicValueBinder#fillSimpleValue` for nombre
2026-02-02 21:24:01.926 [main] DEBUG org.hibernate.boot.model.internal.BasicValueBinder - Starting `BasicValueBinder#fillSimpleValue` for id_logro
2026-02-02 21:24:01.926 [main] DEBUG org.hibernate.boot.model.internal.BasicValueBinder - Starting `BasicValueBinder#fillSimpleValue` for descripcion
2026-02-02 21:24:01.927 [main] DEBUG org.hibernate.boot.model.internal.BasicValueBinder - Starting `BasicValueBinder#fillSimpleValue` for nombreLogro
2026-02-02 21:24:01.927 [main] DEBUG org.hibernate.boot.model.internal.BasicValueBinder - Starting `BasicValueBinder#fillSimpleValue` for id_estudiante
2026-02-02 21:24:01.927 [main] DEBUG org.hibernate.boot.model.internal.BasicValueBinder - Starting `BasicValueBinder#fillSimpleValue` for nivelActual
2026-02-02 21:24:01.927 [main] DEBUG org.hibernate.boot.model.internal.BasicValueBinder - Starting `BasicValueBinder#fillSimpleValue` for puntosXP
2026-02-02 21:24:01.933 [main] DEBUG org.hibernate.mapping.PrimaryKey - Forcing column [id_usuario] to be non-null as it is part of the primary key for table [usuario]
2026-02-02 21:24:01.933 [main] DEBUG org.hibernate.mapping.PrimaryKey - Forcing column [id_lectura] to be non-null as it is part of the primary key for table [lectura]
2026-02-02 21:24:01.933 [main] DEBUG org.hibernate.mapping.PrimaryKey - Forcing column [id_asignacion] to be non-null as it is part of the primary key for table [asignacion]
2026-02-02 21:24:01.933 [main] DEBUG org.hibernate.mapping.PrimaryKey - Forcing column [id_docente] to be non-null as it is part of the primary key for table [docente]
2026-02-02 21:24:01.933 [main] DEBUG org.hibernate.mapping.PrimaryKey - Forcing column [id_logro] to be non-null as it is part of the primary key for table [logro]
2026-02-02 21:24:01.933 [main] DEBUG org.hibernate.mapping.PrimaryKey - Forcing column [id_estudiante] to be non-null as it is part of the primary key for table [estudiante]
2026-02-02 21:24:01.933 [main] DEBUG org.hibernate.boot.model.internal.CollectionSecondPass - Second pass for collection: modelo.Logro.estudiantes
2026-02-02 21:24:01.933 [main] DEBUG org.hibernate.boot.model.internal.CollectionBinder - Binding a ManyToMany: modelo.Logro.estudiantes
2026-02-02 21:24:01.935 [main] DEBUG org.hibernate.boot.registry.classloading.internal.ClassLoaderServiceImpl - HHH000194: Package not found or wo package-info.java: modelo
2026-02-02 21:24:01.939 [main] DEBUG org.hibernate.mapping.PrimaryKey - Forcing column [logros_id_logro] to be non-null as it is part of the primary key for table [logro_estudiante]
2026-02-02 21:24:01.939 [main] DEBUG org.hibernate.mapping.PrimaryKey - Forcing column [estudiantes_id_estudiante] to be non-null as it is part of the primary key for table [logro_estudiante]
2026-02-02 21:24:01.939 [main] DEBUG org.hibernate.boot.model.internal.CollectionSecondPass - Mapped collection key: logros_id_logro, element: estudiantes_id_estudiante
2026-02-02 21:24:01.940 [main] DEBUG org.hibernate.boot.model.internal.CollectionSecondPass - Second pass for collection: modelo.Lectura.asignaciones
2026-02-02 21:24:01.940 [main] DEBUG org.hibernate.boot.model.internal.CollectionBinder - Binding a OneToMany: modelo.Lectura.asignaciones through a foreign key
2026-02-02 21:24:01.941 [main] DEBUG org.hibernate.boot.model.internal.CollectionBinder - Mapping collection: modelo.Lectura.asignaciones -> asignacion
2026-02-02 21:24:01.941 [main] DEBUG org.hibernate.boot.model.internal.TableBinder - Retrieving property modelo.Asignacion.lectura
2026-02-02 21:24:01.941 [main] DEBUG org.hibernate.boot.model.internal.CollectionSecondPass - Mapped collection key: id_lectura, one-to-many: modelo.Asignacion
2026-02-02 21:24:01.941 [main] DEBUG org.hibernate.boot.model.internal.CollectionSecondPass - Second pass for collection: modelo.Estudiante.logros
2026-02-02 21:24:01.941 [main] DEBUG org.hibernate.boot.model.internal.CollectionBinder - Binding a ManyToMany: modelo.Estudiante.logros
2026-02-02 21:24:01.942 [main] DEBUG org.hibernate.boot.registry.classloading.internal.ClassLoaderServiceImpl - HHH000194: Package not found or wo package-info.java: modelo
2026-02-02 21:24:01.942 [main] DEBUG org.hibernate.boot.model.internal.TableBinder - Retrieving property modelo.Logro.estudiantes
2026-02-02 21:24:01.942 [main] DEBUG org.hibernate.boot.model.internal.CollectionSecondPass - Mapped collection key: estudiantes_id_estudiante, element: logros_id_logro
2026-02-02 21:24:01.942 [main] DEBUG org.hibernate.boot.internal.InFlightMetadataCollectorImpl - Resolving reference to class: modelo.Docente
2026-02-02 21:24:01.945 [main] DEBUG org.hibernate.boot.internal.InFlightMetadataCollectorImpl - Resolving reference to class: modelo.Lectura
2026-02-02 21:24:01.945 [main] DEBUG org.hibernate.boot.internal.InFlightMetadataCollectorImpl - Resolving reference to class: modelo.Usuario
2026-02-02 21:24:01.945 [main] DEBUG org.hibernate.boot.internal.InFlightMetadataCollectorImpl - Resolving reference to class: modelo.Estudiante
2026-02-02 21:24:01.945 [main] DEBUG org.hibernate.boot.internal.InFlightMetadataCollectorImpl - Resolving reference to class: modelo.Logro
2026-02-02 21:24:01.945 [main] DEBUG org.hibernate.boot.internal.InFlightMetadataCollectorImpl - Resolving reference to class: modelo.Estudiante
2026-02-02 21:24:01.961 [main] DEBUG org.hibernate.boot.internal.InFlightMetadataCollectorImpl - Resolving reference to class: modelo.Docente
2026-02-02 21:24:01.961 [main] DEBUG org.hibernate.boot.internal.InFlightMetadataCollectorImpl - Resolving reference to class: modelo.Lectura
2026-02-02 21:24:01.961 [main] DEBUG org.hibernate.boot.internal.InFlightMetadataCollectorImpl - Resolving reference to class: modelo.Usuario
2026-02-02 21:24:01.961 [main] DEBUG org.hibernate.boot.internal.InFlightMetadataCollectorImpl - Resolving reference to class: modelo.Estudiante
2026-02-02 21:24:01.961 [main] DEBUG org.hibernate.boot.internal.InFlightMetadataCollectorImpl - Resolving reference to class: modelo.Logro
2026-02-02 21:24:01.961 [main] DEBUG org.hibernate.boot.internal.InFlightMetadataCollectorImpl - Resolving reference to class: modelo.Estudiante
2026-02-02 21:24:02.099 [main] DEBUG org.hibernate.internal.SessionFactoryImpl - Building session factory
2026-02-02 21:24:02.132 [main] DEBUG org.hibernate.service.internal.SessionFactoryServiceRegistryImpl - EventListenerRegistry access via ServiceRegistry is deprecated.  Use `sessionFactory.getEventEngine().getListenerRegistry()` instead
2026-02-02 21:24:02.133 [main] DEBUG org.hibernate.internal.SessionFactoryImpl - Instantiating SessionFactory with settings: {hibernate.format_sql=true, java.specification.version=21, sun.cpu.isalist=amd64, sun.jnu.encoding=Cp1252, hibernate.dialect=org.hibernate.dialect.MySQLDialect, java.class.path=C:\Users\Usuario\OneDrive\Desktop\SegundoDAM\Acceso a Datos\LitMindHibernate\target\classes;C:\Users\Usuario\.m2\repository\org\hibernate\orm\hibernate-core\6.4.4.Final\hibernate-core-6.4.4.Final.jar;C:\Users\Usuario\.m2\repository\jakarta\transaction\jakarta.transaction-api\2.0.1\jakarta.transaction-api-2.0.1.jar;C:\Users\Usuario\.m2\repository\org\jboss\logging\jboss-logging\3.5.0.Final\jboss-logging-3.5.0.Final.jar;C:\Users\Usuario\.m2\repository\org\hibernate\common\hibernate-commons-annotations\6.0.6.Final\hibernate-commons-annotations-6.0.6.Final.jar;C:\Users\Usuario\.m2\repository\io\smallrye\jandex\3.1.2\jandex-3.1.2.jar;C:\Users\Usuario\.m2\repository\com\fasterxml\classmate\1.5.1\classmate-1.5.1.jar;C:\Users\Usuario\.m2\repository\net\bytebuddy\byte-buddy\1.14.11\byte-buddy-1.14.11.jar;C:\Users\Usuario\.m2\repository\jakarta\xml\bind\jakarta.xml.bind-api\4.0.0\jakarta.xml.bind-api-4.0.0.jar;C:\Users\Usuario\.m2\repository\jakarta\activation\jakarta.activation-api\2.1.0\jakarta.activation-api-2.1.0.jar;C:\Users\Usuario\.m2\repository\org\glassfish\jaxb\jaxb-runtime\4.0.2\jaxb-runtime-4.0.2.jar;C:\Users\Usuario\.m2\repository\org\glassfish\jaxb\jaxb-core\4.0.2\jaxb-core-4.0.2.jar;C:\Users\Usuario\.m2\repository\org\eclipse\angus\angus-activation\2.0.0\angus-activation-2.0.0.jar;C:\Users\Usuario\.m2\repository\org\glassfish\jaxb\txw2\4.0.2\txw2-4.0.2.jar;C:\Users\Usuario\.m2\repository\com\sun\istack\istack-commons-runtime\4.1.1\istack-commons-runtime-4.1.1.jar;C:\Users\Usuario\.m2\repository\jakarta\inject\jakarta.inject-api\2.0.1\jakarta.inject-api-2.0.1.jar;C:\Users\Usuario\.m2\repository\org\antlr\antlr4-runtime\4.13.0\antlr4-runtime-4.13.0.jar;C:\Users\Usuario\.m2\repository\com\mysql\mysql-connector-j\8.4.0\mysql-connector-j-8.4.0.jar;C:\Users\Usuario\.m2\repository\com\google\protobuf\protobuf-java\3.25.1\protobuf-java-3.25.1.jar;C:\Users\Usuario\.m2\repository\jakarta\persistence\jakarta.persistence-api\3.1.0\jakarta.persistence-api-3.1.0.jar;C:\Users\Usuario\.m2\repository\org\apache\logging\log4j\log4j-api\2.13.0\log4j-api-2.13.0.jar;C:\Users\Usuario\.m2\repository\org\apache\logging\log4j\log4j-core\2.13.0\log4j-core-2.13.0.jar;C:\Users\Usuario\.m2\repository\com\google\code\gson\gson\2.10.1\gson-2.10.1.jar, java.vm.vendor=Oracle Corporation, sun.arch.data.model=64, user.variant=, java.vendor.url=https://java.oracle.com/, user.timezone=Europe/Madrid, org.apache.logging.log4j.assignedSequences=12113, java.vm.specification.version=21, os.name=Windows 11, sun.java.launcher=SUN_STANDARD, user.country=ES, sun.boot.library.path=C:\Program Files\Java\jdk-21\bin, sun.java.command=controlador.GestionaUsuarios, jdk.debug=release, sun.cpu.endian=little, user.home=C:\Users\Usuario, user.language=es, java.specification.vendor=Oracle Corporation, java.version.date=2025-07-15, java.home=C:\Program Files\Java\jdk-21, file.separator=\, java.vm.compressedOopsMode=Zero based, line.separator=
, java.vm.specification.vendor=Oracle Corporation, java.specification.name=Java Platform API Specification, hibernate.hbm2ddl.auto=create, user.script=, sun.management.compiler=HotSpot 64-Bit Tiered Compilers, java.runtime.version=21.0.8+12-LTS-250, user.name=Usuario, stdout.encoding=UTF-8, path.separator=;, hibernate.connection.username=****, os.version=10.0, java.runtime.name=Java(TM) SE Runtime Environment, hibernate.connection.url=jdbc:mysql://localhost:3307/LitMind?useSSL=false&serverTimezone=UTC, file.encoding=UTF-8, java.vm.name=Java HotSpot(TM) 64-Bit Server VM, hibernate.show_sql=true, hibernate.connection.driver_class=com.mysql.cj.jdbc.Driver, java.vendor.url.bug=https://bugreport.java.com/bugreport/, java.io.tmpdir=C:\Users\Usuario\AppData\Local\Temp\, java.version=21.0.8, user.dir=C:\Users\Usuario\OneDrive\Desktop\SegundoDAM\Acceso a Datos\LitMindHibernate, os.arch=amd64, java.vm.specification.name=Java Virtual Machine Specification, hibernate.connection.password=****, sun.os.patch.level=, hibernate.boot.CfgXmlAccessService.key=org.hibernate.boot.cfgxml.spi.LoadedConfig@493ac8d3, native.encoding=Cp1252, java.library.path=C:\Program Files\Java\jdk-21\bin;C:\WINDOWS\Sun\Java\bin;C:\WINDOWS\system32;C:\WINDOWS;C:/Users/Usuario/OneDrive/Desktop/sts-4.31.0.RELEASE/sts-4.31.0.RELEASE//plugins/org.eclipse.justj.openjdk.hotspot.jre.full.win32.x86_64_21.0.7.v20250502-0916/jre/bin/server;C:/Users/Usuario/OneDrive/Desktop/sts-4.31.0.RELEASE/sts-4.31.0.RELEASE//plugins/org.eclipse.justj.openjdk.hotspot.jre.full.win32.x86_64_21.0.7.v20250502-0916/jre/bin;C:\Program Files\Common Files\Oracle\Java\javapath;C:\Program Files (x86)\Common Files\Oracle\Java\javapath;C:\WINDOWS\system32;C:\WINDOWS;C:\WINDOWS\System32\Wbem;C:\WINDOWS\System32\WindowsPowerShell\v1.0\;C:\WINDOWS\System32\OpenSSH\;C:\Program Files (x86)\NVIDIA Corporation\PhysX\Common;C:\Program Files\dotnet\;C:\Program Files\Git\cmd;C:\Program Files\NVIDIA Corporation\NVIDIA App\NvDLISR;C:\Program Files\WireGuard\;C:\Program Files\nodejs\;C:\Program Files\Docker\Docker\resources\bin;C:\Users\Usuario\AppData\Local\Programs\Python\Python311\Scripts\;C:\Users\Usuario\AppData\Local\Programs\Python\Python311\;C:\Users\Usuario\AppData\Local\Programs\Python\Python313\Scripts\;C:\Users\Usuario\AppData\Local\Programs\Python\Python313\;C:\Users\Usuario\AppData\Local\Programs\Python\Launcher\;C:\Users\Usuario\AppData\Local\Microsoft\WindowsApps;C:\Users\Usuario\AppData\Local\Programs\Microsoft VS Code\bin;C:\Users\Usuario\AppData\Local\GitHubDesktop\bin;C:\Users\Usuario\AppData\Local\spicetify;C:\Users\Usuario\AppData\Roaming\npm;C:\Program Files (x86)\MongoDB Atlas CLI\;C:\Users\Usuario\OneDrive\Desktop\sts-4.31.0.RELEASE\sts-4.31.0.RELEASE;;., stderr.encoding=UTF-8, java.vendor=Oracle Corporation, java.vm.info=mixed mode, sharing, java.vm.version=21.0.8+12-LTS-250, sun.io.unicode.encoding=UnicodeLittle, java.class.version=65.0}
2026-02-02 21:24:02.137 [main] DEBUG org.hibernate.internal.SessionFactoryImpl - Session factory constructed with filter configurations : {}
2026-02-02 21:24:02.164 [main] DEBUG org.hibernate.query.sqm.function.SqmFunctionRegistry - Registered SqmFunctionTemplate [NamedSqmFunctionTemplate(max)] under max; prior registration was null
2026-02-02 21:24:02.164 [main] DEBUG org.hibernate.query.sqm.function.SqmFunctionRegistry - Registered SqmFunctionTemplate [NamedSqmFunctionTemplate(min)] under min; prior registration was null
2026-02-02 21:24:02.164 [main] DEBUG org.hibernate.query.sqm.function.SqmFunctionRegistry - Registered SqmFunctionTemplate [NamedSqmFunctionTemplate(sum)] under sum; prior registration was null
2026-02-02 21:24:02.166 [main] DEBUG org.hibernate.query.sqm.function.SqmFunctionRegistry - Registered SqmFunctionTemplate [NamedSqmFunctionTemplate(avg)] under avg; prior registration was null
2026-02-02 21:24:02.167 [main] DEBUG org.hibernate.query.sqm.function.SqmFunctionRegistry - Registered SqmFunctionTemplate [org.hibernate.dialect.function.CountFunction@75b6dd5b] under count; prior registration was null
2026-02-02 21:24:02.168 [main] DEBUG org.hibernate.query.sqm.function.SqmFunctionRegistry - Registered SqmFunctionTemplate [org.hibernate.dialect.function.EveryAnyEmulation@58f4b31a] under every; prior registration was null
2026-02-02 21:24:02.168 [main] DEBUG org.hibernate.query.sqm.function.SqmFunctionRegistry - Registered SqmFunctionTemplate [org.hibernate.dialect.function.EveryAnyEmulation@21a9a705] under any; prior registration was null
2026-02-02 21:24:02.168 [main] DEBUG org.hibernate.query.sqm.function.SqmFunctionRegistry - Registered SqmFunctionTemplate [NamedSqmFunctionTemplate(floor)] under floor; prior registration was null
2026-02-02 21:24:02.168 [main] DEBUG org.hibernate.query.sqm.function.SqmFunctionRegistry - Registered SqmFunctionTemplate [NamedSqmFunctionTemplate(ceiling)] under ceiling; prior registration was null
2026-02-02 21:24:02.168 [main] DEBUG org.hibernate.query.sqm.function.SqmFunctionRegistry - Registered SqmFunctionTemplate [NamedSqmFunctionTemplate(mod)] under mod; prior registration was null
2026-02-02 21:24:02.168 [main] DEBUG org.hibernate.query.sqm.function.SqmFunctionRegistry - Registered SqmFunctionTemplate [NamedSqmFunctionTemplate(abs)] under abs; prior registration was null
2026-02-02 21:24:02.168 [main] DEBUG org.hibernate.query.sqm.function.SqmFunctionRegistry - Registered SqmFunctionTemplate [NamedSqmFunctionTemplate(sign)] under sign; prior registration was null
2026-02-02 21:24:02.168 [main] DEBUG org.hibernate.query.sqm.function.SqmFunctionRegistry - Registered SqmFunctionTemplate [NamedSqmFunctionTemplate(sqrt)] under sqrt; prior registration was null
2026-02-02 21:24:02.169 [main] DEBUG org.hibernate.query.sqm.function.SqmFunctionRegistry - Registered SqmFunctionTemplate [NamedSqmFunctionTemplate(ln)] under ln; prior registration was null
2026-02-02 21:24:02.169 [main] DEBUG org.hibernate.query.sqm.function.SqmFunctionRegistry - Registered SqmFunctionTemplate [NamedSqmFunctionTemplate(exp)] under exp; prior registration was null
2026-02-02 21:24:02.169 [main] DEBUG org.hibernate.query.sqm.function.SqmFunctionRegistry - Registered SqmFunctionTemplate [NamedSqmFunctionTemplate(power)] under power; prior registration was null
2026-02-02 21:24:02.169 [main] DEBUG org.hibernate.query.sqm.function.SqmFunctionRegistry - Registered SqmFunctionTemplate [NamedSqmFunctionTemplate(round)] under round; prior registration was null
2026-02-02 21:24:02.169 [main] DEBUG org.hibernate.query.sqm.function.SqmFunctionRegistry - Registered SqmFunctionTemplate [NamedSqmFunctionTemplate(sin)] under sin; prior registration was null
2026-02-02 21:24:02.169 [main] DEBUG org.hibernate.query.sqm.function.SqmFunctionRegistry - Registered SqmFunctionTemplate [NamedSqmFunctionTemplate(cos)] under cos; prior registration was null
2026-02-02 21:24:02.169 [main] DEBUG org.hibernate.query.sqm.function.SqmFunctionRegistry - Registered SqmFunctionTemplate [NamedSqmFunctionTemplate(tan)] under tan; prior registration was null
2026-02-02 21:24:02.169 [main] DEBUG org.hibernate.query.sqm.function.SqmFunctionRegistry - Registered SqmFunctionTemplate [NamedSqmFunctionTemplate(asin)] under asin; prior registration was null
2026-02-02 21:24:02.170 [main] DEBUG org.hibernate.query.sqm.function.SqmFunctionRegistry - Registered SqmFunctionTemplate [NamedSqmFunctionTemplate(acos)] under acos; prior registration was null
2026-02-02 21:24:02.170 [main] DEBUG org.hibernate.query.sqm.function.SqmFunctionRegistry - Registered SqmFunctionTemplate [NamedSqmFunctionTemplate(atan)] under atan; prior registration was null
2026-02-02 21:24:02.170 [main] DEBUG org.hibernate.query.sqm.function.SqmFunctionRegistry - Registered SqmFunctionTemplate [NamedSqmFunctionTemplate(atan2)] under atan2; prior registration was null
2026-02-02 21:24:02.171 [main] DEBUG org.hibernate.query.sqm.function.SqmFunctionRegistry - Registered SqmFunctionTemplate [org.hibernate.query.sqm.function.PatternBasedSqmFunctionDescriptor@2e32fc22] under sinh; prior registration was null
2026-02-02 21:24:02.171 [main] DEBUG org.hibernate.query.sqm.function.SqmFunctionRegistry - Registered SqmFunctionTemplate [org.hibernate.query.sqm.function.PatternBasedSqmFunctionDescriptor@3f5156a6] under cosh; prior registration was null
2026-02-02 21:24:02.171 [main] DEBUG org.hibernate.query.sqm.function.SqmFunctionRegistry - Registered SqmFunctionTemplate [org.hibernate.query.sqm.function.PatternBasedSqmFunctionDescriptor@72bdd7c7] under tanh; prior registration was null
2026-02-02 21:24:02.171 [main] DEBUG org.hibernate.query.sqm.function.SqmFunctionRegistry - Registered SqmFunctionTemplate [org.hibernate.query.sqm.function.PatternBasedSqmFunctionDescriptor@7d17ee50] under pi; prior registration was null
2026-02-02 21:24:02.171 [main] DEBUG org.hibernate.query.sqm.function.SqmFunctionRegistry - Registered SqmFunctionTemplate [org.hibernate.query.sqm.function.PatternBasedSqmFunctionDescriptor@44fdce3c] under log; prior registration was null
2026-02-02 21:24:02.171 [main] DEBUG org.hibernate.query.sqm.function.SqmFunctionRegistry - Registered SqmFunctionTemplate [NamedSqmFunctionTemplate(coalesce)] under coalesce; prior registration was null
2026-02-02 21:24:02.171 [main] DEBUG org.hibernate.query.sqm.function.SqmFunctionRegistry - Registered SqmFunctionTemplate [NamedSqmFunctionTemplate(nullif)] under nullif; prior registration was null
2026-02-02 21:24:02.171 [main] DEBUG org.hibernate.query.sqm.function.SqmFunctionRegistry - Registered SqmFunctionTemplate [NamedSqmFunctionTemplate(left)] under left; prior registration was null
2026-02-02 21:24:02.171 [main] DEBUG org.hibernate.query.sqm.function.SqmFunctionRegistry - Registered SqmFunctionTemplate [NamedSqmFunctionTemplate(right)] under right; prior registration was null
2026-02-02 21:24:02.171 [main] DEBUG org.hibernate.query.sqm.function.SqmFunctionRegistry - Registered SqmFunctionTemplate [NamedSqmFunctionTemplate(replace)] under replace; prior registration was null
2026-02-02 21:24:02.172 [main] DEBUG org.hibernate.query.sqm.function.SqmFunctionRegistry - Registered SqmFunctionTemplate [NamedSqmFunctionTemplate(concat)] under concat; prior registration was null
2026-02-02 21:24:02.172 [main] DEBUG org.hibernate.query.sqm.function.SqmFunctionRegistry - Registered SqmFunctionTemplate [NamedSqmFunctionTemplate(lower)] under lower; prior registration was null
2026-02-02 21:24:02.172 [main] DEBUG org.hibernate.query.sqm.function.SqmFunctionRegistry - Registered SqmFunctionTemplate [NamedSqmFunctionTemplate(upper)] under upper; prior registration was null
2026-02-02 21:24:02.172 [main] DEBUG org.hibernate.query.sqm.function.SqmFunctionRegistry - Registered SqmFunctionTemplate [NamedSqmFunctionTemplate(substring)] under substring; prior registration was null
2026-02-02 21:24:02.172 [main] DEBUG org.hibernate.query.sqm.function.SqmFunctionRegistry - Registered SqmFunctionTemplate [NamedSqmFunctionTemplate(locate)] under locate; prior registration was null
2026-02-02 21:24:02.172 [main] DEBUG org.hibernate.query.sqm.function.SqmFunctionRegistry - Registered SqmFunctionTemplate [NamedSqmFunctionTemplate(character_length)] under character_length; prior registration was null
2026-02-02 21:24:02.172 [main] DEBUG org.hibernate.query.sqm.function.SqmFunctionRegistry - Registering alternate key : length -> character_length
2026-02-02 21:24:02.172 [main] DEBUG org.hibernate.query.sqm.function.SqmFunctionRegistry - Registered SqmFunctionTemplate [org.hibernate.dialect.function.LocatePositionEmulation@ffd4cba] under position; prior registration was null
2026-02-02 21:24:02.173 [main] DEBUG org.hibernate.query.sqm.function.SqmFunctionRegistry - Registered SqmFunctionTemplate [org.hibernate.dialect.function.InsertSubstringOverlayEmulation@6c8dbf56] under overlay; prior registration was null
2026-02-02 21:24:02.174 [main] DEBUG org.hibernate.query.sqm.function.SqmFunctionRegistry - Registered SqmFunctionTemplate [org.hibernate.dialect.function.TrimFunction@54089484] under trim; prior registration was null
2026-02-02 21:24:02.174 [main] DEBUG org.hibernate.query.sqm.function.SqmFunctionRegistry - Registered SqmFunctionTemplate [org.hibernate.dialect.function.CastFunction@273a5a8a] under cast; prior registration was null
2026-02-02 21:24:02.174 [main] DEBUG org.hibernate.query.sqm.function.SqmFunctionRegistry - Registered SqmFunctionTemplate [org.hibernate.query.sqm.function.PatternBasedSqmFunctionDescriptor@1823b9c4] under collate; prior registration was null
2026-02-02 21:24:02.175 [main] DEBUG org.hibernate.query.sqm.function.SqmFunctionRegistry - Registered SqmFunctionTemplate [org.hibernate.dialect.function.ExtractFunction@fb49fdf] under extract; prior registration was null
2026-02-02 21:24:02.175 [main] DEBUG org.hibernate.query.sqm.function.SqmFunctionRegistry - Registered SqmFunctionTemplate [NamedSqmFunctionTemplate(least)] under least; prior registration was null
2026-02-02 21:24:02.175 [main] DEBUG org.hibernate.query.sqm.function.SqmFunctionRegistry - Registered SqmFunctionTemplate [NamedSqmFunctionTemplate(greatest)] under greatest; prior registration was null
2026-02-02 21:24:02.175 [main] DEBUG org.hibernate.query.sqm.function.SqmFunctionRegistry - Registered SqmFunctionTemplate [org.hibernate.dialect.function.CoalesceIfnullEmulation@3b2553d9] under ifnull; prior registration was null
2026-02-02 21:24:02.175 [main] DEBUG org.hibernate.query.sqm.function.SqmFunctionRegistry - Registered SqmFunctionTemplate [NamedSqmFunctionTemplate(lpad)] under lpad; prior registration was null
2026-02-02 21:24:02.175 [main] DEBUG org.hibernate.query.sqm.function.SqmFunctionRegistry - Registered SqmFunctionTemplate [NamedSqmFunctionTemplate(rpad)] under rpad; prior registration was null
2026-02-02 21:24:02.175 [main] DEBUG org.hibernate.query.sqm.function.SqmFunctionRegistry - Registered SqmFunctionTemplate [org.hibernate.dialect.function.LpadRpadPadEmulation@309cedb6] under pad; prior registration was null
2026-02-02 21:24:02.175 [main] DEBUG org.hibernate.query.sqm.function.SqmFunctionRegistry - Registered SqmFunctionTemplate [org.hibernate.dialect.function.CastStrEmulation@7b3cde6f] under str; prior registration was null
2026-02-02 21:24:02.176 [main] DEBUG org.hibernate.query.sqm.function.SqmFunctionRegistry - Registered SqmFunctionTemplate [org.hibernate.dialect.function.FormatFunction@76fe6cdc] under format; prior registration was null
2026-02-02 21:24:02.176 [main] DEBUG org.hibernate.query.sqm.function.SqmFunctionRegistry - Registered SqmFunctionTemplate [org.hibernate.dialect.function.TimestampaddFunction@431e86b1] under timestampadd; prior registration was null
2026-02-02 21:24:02.177 [main] DEBUG org.hibernate.query.sqm.function.SqmFunctionRegistry - Registered SqmFunctionTemplate [org.hibernate.dialect.function.TimestampdiffFunction@5584d9c6] under timestampdiff; prior registration was null
2026-02-02 21:24:02.177 [main] DEBUG org.hibernate.query.sqm.function.SqmFunctionRegistry - Registering alternate key : dateadd -> timestampadd
2026-02-02 21:24:02.177 [main] DEBUG org.hibernate.query.sqm.function.SqmFunctionRegistry - Registering alternate key : datediff -> timestampdiff
2026-02-02 21:24:02.177 [main] DEBUG org.hibernate.query.sqm.function.SqmFunctionRegistry - Registered SqmFunctionTemplate [org.hibernate.dialect.function.CurrentFunction@6ef60295] under current_date; prior registration was null
2026-02-02 21:24:02.177 [main] DEBUG org.hibernate.query.sqm.function.SqmFunctionRegistry - Registered SqmFunctionTemplate [org.hibernate.dialect.function.CurrentFunction@3127cb44] under current_time; prior registration was null
2026-02-02 21:24:02.177 [main] DEBUG org.hibernate.query.sqm.function.SqmFunctionRegistry - Registered SqmFunctionTemplate [org.hibernate.dialect.function.CurrentFunction@3234474] under current_timestamp; prior registration was null
2026-02-02 21:24:02.177 [main] DEBUG org.hibernate.query.sqm.function.SqmFunctionRegistry - Registering alternate key : current date -> current_date
2026-02-02 21:24:02.177 [main] DEBUG org.hibernate.query.sqm.function.SqmFunctionRegistry - Registering alternate key : current time -> current_time
2026-02-02 21:24:02.177 [main] DEBUG org.hibernate.query.sqm.function.SqmFunctionRegistry - Registering alternate key : current timestamp -> current_timestamp
2026-02-02 21:24:02.177 [main] DEBUG org.hibernate.query.sqm.function.SqmFunctionRegistry - Registered SqmFunctionTemplate [org.hibernate.dialect.function.CurrentFunction@631cb129] under local_date; prior registration was null
2026-02-02 21:24:02.177 [main] DEBUG org.hibernate.query.sqm.function.SqmFunctionRegistry - Registered SqmFunctionTemplate [org.hibernate.dialect.function.CurrentFunction@3d20e575] under local_time; prior registration was null
2026-02-02 21:24:02.177 [main] DEBUG org.hibernate.query.sqm.function.SqmFunctionRegistry - Registered SqmFunctionTemplate [org.hibernate.dialect.function.CurrentFunction@3252747e] under local_datetime; prior registration was null
2026-02-02 21:24:02.177 [main] DEBUG org.hibernate.query.sqm.function.SqmFunctionRegistry - Registered SqmFunctionTemplate [org.hibernate.dialect.function.CurrentFunction@2b4b96a4] under offset_datetime; prior registration was null
2026-02-02 21:24:02.177 [main] DEBUG org.hibernate.query.sqm.function.SqmFunctionRegistry - Registering alternate key : local date -> local_date
2026-02-02 21:24:02.177 [main] DEBUG org.hibernate.query.sqm.function.SqmFunctionRegistry - Registering alternate key : local time -> local_time
2026-02-02 21:24:02.177 [main] DEBUG org.hibernate.query.sqm.function.SqmFunctionRegistry - Registering alternate key : local datetime -> local_datetime
2026-02-02 21:24:02.177 [main] DEBUG org.hibernate.query.sqm.function.SqmFunctionRegistry - Registering alternate key : offset datetime -> offset_datetime
2026-02-02 21:24:02.177 [main] DEBUG org.hibernate.query.sqm.function.SqmFunctionRegistry - Registered SqmFunctionTemplate [org.hibernate.dialect.function.CurrentFunction@2dd8ff1d] under instant; prior registration was null
2026-02-02 21:24:02.177 [main] DEBUG org.hibernate.query.sqm.function.SqmFunctionRegistry - Registering alternate key : current_instant -> instant
2026-02-02 21:24:02.178 [main] DEBUG org.hibernate.query.sqm.function.SqmFunctionRegistry - Registered SqmFunctionTemplate [org.hibernate.dialect.function.SqlFunction@2bfaba70] under sql; prior registration was null
2026-02-02 21:24:02.178 [main] DEBUG org.hibernate.query.sqm.function.SqmFunctionRegistry - Registered SqmFunctionTemplate [NamedSqmFunctionTemplate(soundex)] under soundex; prior registration was null
2026-02-02 21:24:02.178 [main] DEBUG org.hibernate.query.sqm.function.SqmFunctionRegistry - Registered SqmFunctionTemplate [NamedSqmFunctionTemplate(radians)] under radians; prior registration was null
2026-02-02 21:24:02.178 [main] DEBUG org.hibernate.query.sqm.function.SqmFunctionRegistry - Registered SqmFunctionTemplate [NamedSqmFunctionTemplate(degrees)] under degrees; prior registration was null
2026-02-02 21:24:02.178 [main] DEBUG org.hibernate.query.sqm.function.SqmFunctionRegistry - Registered SqmFunctionTemplate [NamedSqmFunctionTemplate(cot)] under cot; prior registration was null
2026-02-02 21:24:02.178 [main] DEBUG org.hibernate.query.sqm.function.SqmFunctionRegistry - Registered SqmFunctionTemplate [NamedSqmFunctionTemplate(log)] under log; prior registration was org.hibernate.query.sqm.function.PatternBasedSqmFunctionDescriptor@44fdce3c
2026-02-02 21:24:02.178 [main] DEBUG org.hibernate.query.sqm.function.SqmFunctionRegistry - Registered SqmFunctionTemplate [NamedSqmFunctionTemplate(log2)] under log2; prior registration was null
2026-02-02 21:24:02.178 [main] DEBUG org.hibernate.query.sqm.function.SqmFunctionRegistry - Registered SqmFunctionTemplate [NamedSqmFunctionTemplate(log10)] under log10; prior registration was null
2026-02-02 21:24:02.178 [main] DEBUG org.hibernate.query.sqm.function.SqmFunctionRegistry - Registered SqmFunctionTemplate [NamedSqmFunctionTemplate(ltrim)] under ltrim; prior registration was null
2026-02-02 21:24:02.178 [main] DEBUG org.hibernate.query.sqm.function.SqmFunctionRegistry - Registered SqmFunctionTemplate [NamedSqmFunctionTemplate(rtrim)] under rtrim; prior registration was null
2026-02-02 21:24:02.178 [main] DEBUG org.hibernate.query.sqm.function.SqmFunctionRegistry - Registered SqmFunctionTemplate [NamedSqmFunctionTemplate(octet_length)] under octet_length; prior registration was null
2026-02-02 21:24:02.178 [main] DEBUG org.hibernate.query.sqm.function.SqmFunctionRegistry - Registered SqmFunctionTemplate [NamedSqmFunctionTemplate(reverse)] under reverse; prior registration was null
2026-02-02 21:24:02.178 [main] DEBUG org.hibernate.query.sqm.function.SqmFunctionRegistry - Registered SqmFunctionTemplate [NamedSqmFunctionTemplate(space)] under space; prior registration was null
2026-02-02 21:24:02.178 [main] DEBUG org.hibernate.query.sqm.function.SqmFunctionRegistry - Registered SqmFunctionTemplate [NamedSqmFunctionTemplate(repeat)] under repeat; prior registration was null
2026-02-02 21:24:02.179 [main] DEBUG org.hibernate.query.sqm.function.SqmFunctionRegistry - Registered SqmFunctionTemplate [org.hibernate.query.sqm.function.MultipatternSqmFunctionDescriptor@3238e2aa] under lpad; prior registration was NamedSqmFunctionTemplate(lpad)
2026-02-02 21:24:02.179 [main] DEBUG org.hibernate.query.sqm.function.SqmFunctionRegistry - Registered SqmFunctionTemplate [org.hibernate.query.sqm.function.MultipatternSqmFunctionDescriptor@2c7db926] under rpad; prior registration was NamedSqmFunctionTemplate(rpad)
2026-02-02 21:24:02.179 [main] DEBUG org.hibernate.query.sqm.function.SqmFunctionRegistry - Registered SqmFunctionTemplate [NamedSqmFunctionTemplate(md5)] under md5; prior registration was null
2026-02-02 21:24:02.179 [main] DEBUG org.hibernate.query.sqm.function.SqmFunctionRegistry - Registered SqmFunctionTemplate [NamedSqmFunctionTemplate(day)] under day; prior registration was null
2026-02-02 21:24:02.179 [main] DEBUG org.hibernate.query.sqm.function.SqmFunctionRegistry - Registered SqmFunctionTemplate [NamedSqmFunctionTemplate(month)] under month; prior registration was null
2026-02-02 21:24:02.179 [main] DEBUG org.hibernate.query.sqm.function.SqmFunctionRegistry - Registered SqmFunctionTemplate [NamedSqmFunctionTemplate(year)] under year; prior registration was null
2026-02-02 21:24:02.179 [main] DEBUG org.hibernate.query.sqm.function.SqmFunctionRegistry - Registered SqmFunctionTemplate [NamedSqmFunctionTemplate(hour)] under hour; prior registration was null
2026-02-02 21:24:02.179 [main] DEBUG org.hibernate.query.sqm.function.SqmFunctionRegistry - Registered SqmFunctionTemplate [NamedSqmFunctionTemplate(minute)] under minute; prior registration was null
2026-02-02 21:24:02.179 [main] DEBUG org.hibernate.query.sqm.function.SqmFunctionRegistry - Registered SqmFunctionTemplate [NamedSqmFunctionTemplate(second)] under second; prior registration was null
2026-02-02 21:24:02.179 [main] DEBUG org.hibernate.query.sqm.function.SqmFunctionRegistry - Registered SqmFunctionTemplate [NamedSqmFunctionTemplate(microsecond)] under microsecond; prior registration was null
2026-02-02 21:24:02.179 [main] DEBUG org.hibernate.query.sqm.function.SqmFunctionRegistry - Registered SqmFunctionTemplate [NamedSqmFunctionTemplate(dayofweek)] under dayofweek; prior registration was null
2026-02-02 21:24:02.179 [main] DEBUG org.hibernate.query.sqm.function.SqmFunctionRegistry - Registered SqmFunctionTemplate [NamedSqmFunctionTemplate(dayofmonth)] under dayofmonth; prior registration was null
2026-02-02 21:24:02.179 [main] DEBUG org.hibernate.query.sqm.function.SqmFunctionRegistry - Registering alternate key : day -> dayofmonth
2026-02-02 21:24:02.179 [main] DEBUG org.hibernate.query.sqm.function.SqmFunctionRegistry - Registered SqmFunctionTemplate [NamedSqmFunctionTemplate(dayofyear)] under dayofyear; prior registration was null
2026-02-02 21:24:02.179 [main] DEBUG org.hibernate.query.sqm.function.SqmFunctionRegistry - Registered SqmFunctionTemplate [NamedSqmFunctionTemplate(week)] under week; prior registration was null
2026-02-02 21:24:02.179 [main] DEBUG org.hibernate.query.sqm.function.SqmFunctionRegistry - Registered SqmFunctionTemplate [NamedSqmFunctionTemplate(quarter)] under quarter; prior registration was null
2026-02-02 21:24:02.179 [main] DEBUG org.hibernate.query.sqm.function.SqmFunctionRegistry - Registered SqmFunctionTemplate [NamedSqmFunctionTemplate(monthname)] under monthname; prior registration was null
2026-02-02 21:24:02.179 [main] DEBUG org.hibernate.query.sqm.function.SqmFunctionRegistry - Registered SqmFunctionTemplate [NamedSqmFunctionTemplate(dayname)] under dayname; prior registration was null
2026-02-02 21:24:02.179 [main] DEBUG org.hibernate.query.sqm.function.SqmFunctionRegistry - Registered SqmFunctionTemplate [NamedSqmFunctionTemplate(last_day)] under last_day; prior registration was null
2026-02-02 21:24:02.179 [main] DEBUG org.hibernate.query.sqm.function.SqmFunctionRegistry - Registered SqmFunctionTemplate [NamedSqmFunctionTemplate(date)] under date; prior registration was null
2026-02-02 21:24:02.179 [main] DEBUG org.hibernate.query.sqm.function.SqmFunctionRegistry - Registered SqmFunctionTemplate [NamedSqmFunctionTemplate(timestamp)] under timestamp; prior registration was null
2026-02-02 21:24:02.179 [main] DEBUG org.hibernate.query.sqm.function.SqmFunctionRegistry - Registered SqmFunctionTemplate [NamedSqmFunctionTemplate(time)] under time; prior registration was null
2026-02-02 21:24:02.179 [main] DEBUG org.hibernate.query.sqm.function.SqmFunctionRegistry - Registered SqmFunctionTemplate [NamedSqmFunctionTemplate(utc_date)] under utc_date; prior registration was null
2026-02-02 21:24:02.179 [main] DEBUG org.hibernate.query.sqm.function.SqmFunctionRegistry - Registered SqmFunctionTemplate [NamedSqmFunctionTemplate(utc_time)] under utc_time; prior registration was null
2026-02-02 21:24:02.179 [main] DEBUG org.hibernate.query.sqm.function.SqmFunctionRegistry - Registered SqmFunctionTemplate [NamedSqmFunctionTemplate(utc_timestamp)] under utc_timestamp; prior registration was null
2026-02-02 21:24:02.179 [main] DEBUG org.hibernate.query.sqm.function.SqmFunctionRegistry - Registered SqmFunctionTemplate [NamedSqmFunctionTemplate(rand)] under rand; prior registration was null
2026-02-02 21:24:02.179 [main] DEBUG org.hibernate.query.sqm.function.SqmFunctionRegistry - Registered SqmFunctionTemplate [NamedSqmFunctionTemplate(crc32)] under crc32; prior registration was null
2026-02-02 21:24:02.180 [main] DEBUG org.hibernate.query.sqm.function.SqmFunctionRegistry - Registered SqmFunctionTemplate [NamedSqmFunctionTemplate(sha1)] under sha1; prior registration was null
2026-02-02 21:24:02.180 [main] DEBUG org.hibernate.query.sqm.function.SqmFunctionRegistry - Registered SqmFunctionTemplate [NamedSqmFunctionTemplate(sha2)] under sha2; prior registration was null
2026-02-02 21:24:02.180 [main] DEBUG org.hibernate.query.sqm.function.SqmFunctionRegistry - Registered SqmFunctionTemplate [NamedSqmFunctionTemplate(sha)] under sha; prior registration was null
2026-02-02 21:24:02.180 [main] DEBUG org.hibernate.query.sqm.function.SqmFunctionRegistry - Registered SqmFunctionTemplate [NamedSqmFunctionTemplate(bit_length)] under bit_length; prior registration was null
2026-02-02 21:24:02.180 [main] DEBUG org.hibernate.query.sqm.function.SqmFunctionRegistry - Registered SqmFunctionTemplate [NamedSqmFunctionTemplate(octet_length)] under octet_length; prior registration was NamedSqmFunctionTemplate(octet_length)
2026-02-02 21:24:02.180 [main] DEBUG org.hibernate.query.sqm.function.SqmFunctionRegistry - Registered SqmFunctionTemplate [NamedSqmFunctionTemplate(ascii)] under ascii; prior registration was null
2026-02-02 21:24:02.180 [main] DEBUG org.hibernate.query.sqm.function.SqmFunctionRegistry - Registered SqmFunctionTemplate [NamedSqmFunctionTemplate(instr)] under instr; prior registration was null
2026-02-02 21:24:02.180 [main] DEBUG org.hibernate.query.sqm.function.SqmFunctionRegistry - Registered SqmFunctionTemplate [NamedSqmFunctionTemplate(substr)] under substr; prior registration was null
2026-02-02 21:24:02.180 [main] DEBUG org.hibernate.query.sqm.function.SqmFunctionRegistry - Registered SqmFunctionTemplate [org.hibernate.query.sqm.function.PatternBasedSqmFunctionDescriptor@2577a95d] under position; prior registration was org.hibernate.dialect.function.LocatePositionEmulation@ffd4cba
2026-02-02 21:24:02.180 [main] DEBUG org.hibernate.query.sqm.function.SqmFunctionRegistry - Registered SqmFunctionTemplate [NamedSqmFunctionTemplate(curtime)] under curtime; prior registration was null
2026-02-02 21:24:02.180 [main] DEBUG org.hibernate.query.sqm.function.SqmFunctionRegistry - Registered SqmFunctionTemplate [NamedSqmFunctionTemplate(curdate)] under curdate; prior registration was null
2026-02-02 21:24:02.180 [main] DEBUG org.hibernate.query.sqm.function.SqmFunctionRegistry - Registered SqmFunctionTemplate [NamedSqmFunctionTemplate(now)] under now; prior registration was null
2026-02-02 21:24:02.183 [main] DEBUG org.hibernate.query.sqm.function.SqmFunctionRegistry - Registered SqmFunctionTemplate [org.hibernate.dialect.function.TruncFunction@d70f722] under trunc; prior registration was null
2026-02-02 21:24:02.183 [main] DEBUG org.hibernate.query.sqm.function.SqmFunctionRegistry - Registering alternate key : truncate -> trunc
2026-02-02 21:24:02.183 [main] DEBUG org.hibernate.query.sqm.function.SqmFunctionRegistry - Registered SqmFunctionTemplate [NamedSqmFunctionTemplate(insert)] under insert; prior registration was null
2026-02-02 21:24:02.183 [main] DEBUG org.hibernate.query.sqm.function.SqmFunctionRegistry - Registered SqmFunctionTemplate [org.hibernate.query.sqm.function.PatternBasedSqmFunctionDescriptor@1e1eeedd] under bitand; prior registration was null
2026-02-02 21:24:02.183 [main] DEBUG org.hibernate.query.sqm.function.SqmFunctionRegistry - Registered SqmFunctionTemplate [org.hibernate.query.sqm.function.PatternBasedSqmFunctionDescriptor@798256c5] under bitor; prior registration was null
2026-02-02 21:24:02.183 [main] DEBUG org.hibernate.query.sqm.function.SqmFunctionRegistry - Registered SqmFunctionTemplate [org.hibernate.query.sqm.function.PatternBasedSqmFunctionDescriptor@7ec95456] under bitxor; prior registration was null
2026-02-02 21:24:02.183 [main] DEBUG org.hibernate.query.sqm.function.SqmFunctionRegistry - Registered SqmFunctionTemplate [org.hibernate.query.sqm.function.PatternBasedSqmFunctionDescriptor@748a654a] under bitnot; prior registration was null
2026-02-02 21:24:02.183 [main] DEBUG org.hibernate.query.sqm.function.SqmFunctionRegistry - Registered SqmFunctionTemplate [NamedSqmFunctionTemplate(bit_and)] under bit_and; prior registration was null
2026-02-02 21:24:02.183 [main] DEBUG org.hibernate.query.sqm.function.SqmFunctionRegistry - Registered SqmFunctionTemplate [NamedSqmFunctionTemplate(bit_or)] under bit_or; prior registration was null
2026-02-02 21:24:02.183 [main] DEBUG org.hibernate.query.sqm.function.SqmFunctionRegistry - Registered SqmFunctionTemplate [NamedSqmFunctionTemplate(stddev)] under stddev; prior registration was null
2026-02-02 21:24:02.183 [main] DEBUG org.hibernate.query.sqm.function.SqmFunctionRegistry - Registered SqmFunctionTemplate [NamedSqmFunctionTemplate(stddev_pop)] under stddev_pop; prior registration was null
2026-02-02 21:24:02.183 [main] DEBUG org.hibernate.query.sqm.function.SqmFunctionRegistry - Registered SqmFunctionTemplate [NamedSqmFunctionTemplate(stddev_samp)] under stddev_samp; prior registration was null
2026-02-02 21:24:02.183 [main] DEBUG org.hibernate.query.sqm.function.SqmFunctionRegistry - Registered SqmFunctionTemplate [NamedSqmFunctionTemplate(variance)] under variance; prior registration was null
2026-02-02 21:24:02.183 [main] DEBUG org.hibernate.query.sqm.function.SqmFunctionRegistry - Registered SqmFunctionTemplate [NamedSqmFunctionTemplate(var_pop)] under var_pop; prior registration was null
2026-02-02 21:24:02.183 [main] DEBUG org.hibernate.query.sqm.function.SqmFunctionRegistry - Registered SqmFunctionTemplate [NamedSqmFunctionTemplate(var_samp)] under var_samp; prior registration was null
2026-02-02 21:24:02.183 [main] DEBUG org.hibernate.query.sqm.function.SqmFunctionRegistry - Registered SqmFunctionTemplate [NamedSqmFunctionTemplate(datediff)] under datediff; prior registration was null
2026-02-02 21:24:02.183 [main] DEBUG org.hibernate.query.sqm.function.SqmFunctionRegistry - Registered SqmFunctionTemplate [NamedSqmFunctionTemplate(adddate)] under adddate; prior registration was null
2026-02-02 21:24:02.183 [main] DEBUG org.hibernate.query.sqm.function.SqmFunctionRegistry - Registered SqmFunctionTemplate [NamedSqmFunctionTemplate(subdate)] under subdate; prior registration was null
2026-02-02 21:24:02.183 [main] DEBUG org.hibernate.query.sqm.function.SqmFunctionRegistry - Registered SqmFunctionTemplate [NamedSqmFunctionTemplate(addtime)] under addtime; prior registration was null
2026-02-02 21:24:02.183 [main] DEBUG org.hibernate.query.sqm.function.SqmFunctionRegistry - Registered SqmFunctionTemplate [NamedSqmFunctionTemplate(subtime)] under subtime; prior registration was null
2026-02-02 21:24:02.183 [main] DEBUG org.hibernate.query.sqm.function.SqmFunctionRegistry - Registered SqmFunctionTemplate [org.hibernate.dialect.function.FormatFunction@1d8b0500] under format; prior registration was org.hibernate.dialect.function.FormatFunction@76fe6cdc
2026-02-02 21:24:02.183 [main] DEBUG org.hibernate.query.sqm.function.SqmFunctionRegistry - Registered SqmFunctionTemplate [NamedSqmFunctionTemplate(makedate)] under makedate; prior registration was null
2026-02-02 21:24:02.183 [main] DEBUG org.hibernate.query.sqm.function.SqmFunctionRegistry - Registered SqmFunctionTemplate [NamedSqmFunctionTemplate(maketime)] under maketime; prior registration was null
2026-02-02 21:24:02.183 [main] DEBUG org.hibernate.query.sqm.function.SqmFunctionRegistry - Registered SqmFunctionTemplate [NamedSqmFunctionTemplate(localtime)] under localtime; prior registration was null
2026-02-02 21:24:02.183 [main] DEBUG org.hibernate.query.sqm.function.SqmFunctionRegistry - Registered SqmFunctionTemplate [NamedSqmFunctionTemplate(localtimestamp)] under localtimestamp; prior registration was null
2026-02-02 21:24:02.183 [main] DEBUG org.hibernate.query.sqm.function.SqmFunctionRegistry - Registered SqmFunctionTemplate [NamedSqmFunctionTemplate(localtime)] under local_time; prior registration was org.hibernate.dialect.function.CurrentFunction@3d20e575
2026-02-02 21:24:02.183 [main] DEBUG org.hibernate.query.sqm.function.SqmFunctionRegistry - Registered SqmFunctionTemplate [NamedSqmFunctionTemplate(localtimestamp)] under local_datetime; prior registration was org.hibernate.dialect.function.CurrentFunction@3252747e
2026-02-02 21:24:02.183 [main] DEBUG org.hibernate.query.sqm.function.SqmFunctionRegistry - Registered SqmFunctionTemplate [NamedSqmFunctionTemplate(localtime)] under localtime; prior registration was NamedSqmFunctionTemplate(localtime)
2026-02-02 21:24:02.183 [main] DEBUG org.hibernate.query.sqm.function.SqmFunctionRegistry - Registered SqmFunctionTemplate [org.hibernate.query.sqm.function.PatternBasedSqmFunctionDescriptor@76544c0a] under pi; prior registration was org.hibernate.query.sqm.function.PatternBasedSqmFunctionDescriptor@7d17ee50
2026-02-02 21:24:02.183 [main] DEBUG org.hibernate.query.sqm.function.SqmFunctionRegistry - Registered SqmFunctionTemplate [org.hibernate.query.sqm.function.PatternBasedSqmFunctionDescriptor@428bdd72] under chr; prior registration was null
2026-02-02 21:24:02.183 [main] DEBUG org.hibernate.query.sqm.function.SqmFunctionRegistry - Registering alternate key : char -> chr
2026-02-02 21:24:02.183 [main] DEBUG org.hibernate.query.sqm.function.SqmFunctionRegistry - Registered SqmFunctionTemplate [org.hibernate.query.sqm.function.PatternBasedSqmFunctionDescriptor@650c405c] under sysdate; prior registration was null
2026-02-02 21:24:02.183 [main] DEBUG org.hibernate.query.sqm.function.SqmFunctionRegistry - Registered SqmFunctionTemplate [NamedSqmFunctionTemplate(row_number)] under row_number; prior registration was null
2026-02-02 21:24:02.184 [main] DEBUG org.hibernate.query.sqm.function.SqmFunctionRegistry - Registered SqmFunctionTemplate [NamedSqmFunctionTemplate(lag)] under lag; prior registration was null
2026-02-02 21:24:02.184 [main] DEBUG org.hibernate.query.sqm.function.SqmFunctionRegistry - Registered SqmFunctionTemplate [NamedSqmFunctionTemplate(lead)] under lead; prior registration was null
2026-02-02 21:24:02.184 [main] DEBUG org.hibernate.query.sqm.function.SqmFunctionRegistry - Registered SqmFunctionTemplate [NamedSqmFunctionTemplate(first_value)] under first_value; prior registration was null
2026-02-02 21:24:02.184 [main] DEBUG org.hibernate.query.sqm.function.SqmFunctionRegistry - Registered SqmFunctionTemplate [NamedSqmFunctionTemplate(last_value)] under last_value; prior registration was null
2026-02-02 21:24:02.184 [main] DEBUG org.hibernate.query.sqm.function.SqmFunctionRegistry - Registered SqmFunctionTemplate [NamedSqmFunctionTemplate(nth_value)] under nth_value; prior registration was null
2026-02-02 21:24:02.184 [main] DEBUG org.hibernate.query.sqm.function.SqmFunctionRegistry - Registered SqmFunctionTemplate [org.hibernate.dialect.function.HypotheticalSetWindowEmulation@2db1b657] under rank; prior registration was null
2026-02-02 21:24:02.184 [main] DEBUG org.hibernate.query.sqm.function.SqmFunctionRegistry - Registered SqmFunctionTemplate [org.hibernate.dialect.function.HypotheticalSetWindowEmulation@7e351d7] under dense_rank; prior registration was null
2026-02-02 21:24:02.184 [main] DEBUG org.hibernate.query.sqm.function.SqmFunctionRegistry - Registered SqmFunctionTemplate [org.hibernate.dialect.function.HypotheticalSetWindowEmulation@43c57161] under percent_rank; prior registration was null
2026-02-02 21:24:02.184 [main] DEBUG org.hibernate.query.sqm.function.SqmFunctionRegistry - Registered SqmFunctionTemplate [org.hibernate.dialect.function.HypotheticalSetWindowEmulation@d902300] under cume_dist; prior registration was null
2026-02-02 21:24:02.186 [main] DEBUG org.hibernate.query.sqm.function.SqmFunctionRegistry - Registered SqmFunctionTemplate [org.hibernate.dialect.function.ListaggGroupConcatEmulation@54e12f4c] under listagg; prior registration was null
2026-02-02 21:24:02.188 [main] DEBUG org.hibernate.HQL_FUNCTIONS - abs(NUMERIC arg)
2026-02-02 21:24:02.188 [main] DEBUG org.hibernate.HQL_FUNCTIONS - Double acos(NUMERIC arg)
2026-02-02 21:24:02.188 [main] DEBUG org.hibernate.HQL_FUNCTIONS - adddate(DATE datetime, INTEGER days)
2026-02-02 21:24:02.188 [main] DEBUG org.hibernate.HQL_FUNCTIONS - addtime(TIME datetime, TIME time)
2026-02-02 21:24:02.188 [main] DEBUG org.hibernate.HQL_FUNCTIONS - Boolean any(BOOLEAN arg)
2026-02-02 21:24:02.188 [main] DEBUG org.hibernate.HQL_FUNCTIONS - Integer ascii(STRING arg)
2026-02-02 21:24:02.188 [main] DEBUG org.hibernate.HQL_FUNCTIONS - Double asin(NUMERIC arg)
2026-02-02 21:24:02.188 [main] DEBUG org.hibernate.HQL_FUNCTIONS - Double atan(NUMERIC arg)
2026-02-02 21:24:02.188 [main] DEBUG org.hibernate.HQL_FUNCTIONS - Double atan2(NUMERIC arg0, NUMERIC arg1)
2026-02-02 21:24:02.188 [main] DEBUG org.hibernate.HQL_FUNCTIONS - avg(arg)
2026-02-02 21:24:02.188 [main] DEBUG org.hibernate.HQL_FUNCTIONS - bit_and(arg)
2026-02-02 21:24:02.188 [main] DEBUG org.hibernate.HQL_FUNCTIONS - Integer bit_length(STRING_OR_CLOB arg)
2026-02-02 21:24:02.188 [main] DEBUG org.hibernate.HQL_FUNCTIONS - bit_or(arg)
2026-02-02 21:24:02.188 [main] DEBUG org.hibernate.HQL_FUNCTIONS - bitand(arg0, arg1)
2026-02-02 21:24:02.188 [main] DEBUG org.hibernate.HQL_FUNCTIONS - bitnot(arg)
2026-02-02 21:24:02.188 [main] DEBUG org.hibernate.HQL_FUNCTIONS - bitor(arg0, arg1)
2026-02-02 21:24:02.188 [main] DEBUG org.hibernate.HQL_FUNCTIONS - bitxor(arg0, arg1)
2026-02-02 21:24:02.188 [main] DEBUG org.hibernate.HQL_FUNCTIONS - cast(arg as Type)
2026-02-02 21:24:02.188 [main] DEBUG org.hibernate.HQL_FUNCTIONS - ceiling(NUMERIC arg)
2026-02-02 21:24:02.188 [main] DEBUG org.hibernate.HQL_FUNCTIONS - Character char(INTEGER arg)
2026-02-02 21:24:02.188 [main] DEBUG org.hibernate.HQL_FUNCTIONS - Integer character_length(STRING_OR_CLOB arg)
2026-02-02 21:24:02.189 [main] DEBUG org.hibernate.HQL_FUNCTIONS - Character chr(INTEGER arg)
2026-02-02 21:24:02.189 [main] DEBUG org.hibernate.HQL_FUNCTIONS - coalesce(arg0[, arg1[, ...]])
2026-02-02 21:24:02.189 [main] DEBUG org.hibernate.HQL_FUNCTIONS - String collate(STRING string as COLLATION collation)
2026-02-02 21:24:02.189 [main] DEBUG org.hibernate.HQL_FUNCTIONS - String concat(STRING string0[, STRING string1[, ...]])
2026-02-02 21:24:02.189 [main] DEBUG org.hibernate.HQL_FUNCTIONS - Double cos(NUMERIC arg)
2026-02-02 21:24:02.189 [main] DEBUG org.hibernate.HQL_FUNCTIONS - Double cosh(NUMERIC arg)
2026-02-02 21:24:02.189 [main] DEBUG org.hibernate.HQL_FUNCTIONS - Double cot(NUMERIC arg)
2026-02-02 21:24:02.189 [main] DEBUG org.hibernate.HQL_FUNCTIONS - Long count([distinct ]{arg|*})
2026-02-02 21:24:02.189 [main] DEBUG org.hibernate.HQL_FUNCTIONS - Integer crc32(arg)
2026-02-02 21:24:02.189 [main] DEBUG org.hibernate.HQL_FUNCTIONS - Double cume_dist([arg0[, ...]])
2026-02-02 21:24:02.189 [main] DEBUG org.hibernate.HQL_FUNCTIONS - Date curdate()
2026-02-02 21:24:02.189 [main] DEBUG org.hibernate.HQL_FUNCTIONS - Date current date
2026-02-02 21:24:02.189 [main] DEBUG org.hibernate.HQL_FUNCTIONS - Time current time
2026-02-02 21:24:02.189 [main] DEBUG org.hibernate.HQL_FUNCTIONS - Timestamp current timestamp
2026-02-02 21:24:02.189 [main] DEBUG org.hibernate.HQL_FUNCTIONS - Date current_date
2026-02-02 21:24:02.189 [main] DEBUG org.hibernate.HQL_FUNCTIONS - Instant current_instant
2026-02-02 21:24:02.189 [main] DEBUG org.hibernate.HQL_FUNCTIONS - Time current_time
2026-02-02 21:24:02.189 [main] DEBUG org.hibernate.HQL_FUNCTIONS - Timestamp current_timestamp
2026-02-02 21:24:02.189 [main] DEBUG org.hibernate.HQL_FUNCTIONS - Time curtime()
2026-02-02 21:24:02.189 [main] DEBUG org.hibernate.HQL_FUNCTIONS - Date date(arg)
2026-02-02 21:24:02.189 [main] DEBUG org.hibernate.HQL_FUNCTIONS - dateadd(TEMPORAL_UNIT field, INTEGER magnitude, TEMPORAL datetime)
2026-02-02 21:24:02.189 [main] DEBUG org.hibernate.HQL_FUNCTIONS - Integer datediff(DATE end, DATE start)
2026-02-02 21:24:02.189 [main] DEBUG org.hibernate.HQL_FUNCTIONS - Integer day(DATE arg)
2026-02-02 21:24:02.189 [main] DEBUG org.hibernate.HQL_FUNCTIONS - String dayname(DATE arg)
2026-02-02 21:24:02.189 [main] DEBUG org.hibernate.HQL_FUNCTIONS - Integer dayofmonth(DATE arg)
2026-02-02 21:24:02.189 [main] DEBUG org.hibernate.HQL_FUNCTIONS - Integer dayofweek(DATE arg)
2026-02-02 21:24:02.189 [main] DEBUG org.hibernate.HQL_FUNCTIONS - Integer dayofyear(DATE arg)
2026-02-02 21:24:02.189 [main] DEBUG org.hibernate.HQL_FUNCTIONS - Double degrees(NUMERIC arg)
2026-02-02 21:24:02.189 [main] DEBUG org.hibernate.HQL_FUNCTIONS - Long dense_rank([arg0[, ...]])
2026-02-02 21:24:02.189 [main] DEBUG org.hibernate.HQL_FUNCTIONS - Boolean every(BOOLEAN arg)
2026-02-02 21:24:02.189 [main] DEBUG org.hibernate.HQL_FUNCTIONS - Double exp(NUMERIC arg)
2026-02-02 21:24:02.189 [main] DEBUG org.hibernate.HQL_FUNCTIONS - extract(TEMPORAL_UNIT field from TEMPORAL arg)
2026-02-02 21:24:02.189 [main] DEBUG org.hibernate.HQL_FUNCTIONS - first_valueANY value
2026-02-02 21:24:02.189 [main] DEBUG org.hibernate.HQL_FUNCTIONS - floor(NUMERIC arg)
2026-02-02 21:24:02.189 [main] DEBUG org.hibernate.HQL_FUNCTIONS - String format(TEMPORAL datetime as STRING pattern)
2026-02-02 21:24:02.189 [main] DEBUG org.hibernate.HQL_FUNCTIONS - greatest(COMPARABLE arg0, COMPARABLE arg1[, arg2[, ...]])
2026-02-02 21:24:02.189 [main] DEBUG org.hibernate.HQL_FUNCTIONS - Integer hour(TIME arg)
2026-02-02 21:24:02.189 [main] DEBUG org.hibernate.HQL_FUNCTIONS - ifnull(arg0, arg1)
2026-02-02 21:24:02.189 [main] DEBUG org.hibernate.HQL_FUNCTIONS - String insert(STRING string, INTEGER start, INTEGER length, STRING replacement)
2026-02-02 21:24:02.189 [main] DEBUG org.hibernate.HQL_FUNCTIONS - Instant instant
2026-02-02 21:24:02.189 [main] DEBUG org.hibernate.HQL_FUNCTIONS - Integer instr(STRING string, STRING pattern[, INTEGER start[, INTEGER occurrence]])
2026-02-02 21:24:02.189 [main] DEBUG org.hibernate.HQL_FUNCTIONS - lagANY value[, INTEGER offset[, ANY default]]
2026-02-02 21:24:02.189 [main] DEBUG org.hibernate.HQL_FUNCTIONS - Date last_day(DATE arg)
2026-02-02 21:24:02.190 [main] DEBUG org.hibernate.HQL_FUNCTIONS - last_valueANY value
2026-02-02 21:24:02.190 [main] DEBUG org.hibernate.HQL_FUNCTIONS - leadANY value[, INTEGER offset[, ANY default]]
2026-02-02 21:24:02.190 [main] DEBUG org.hibernate.HQL_FUNCTIONS - least(COMPARABLE arg0, COMPARABLE arg1[, arg2[, ...]])
2026-02-02 21:24:02.190 [main] DEBUG org.hibernate.HQL_FUNCTIONS - String left(STRING string, INTEGER length)
2026-02-02 21:24:02.190 [main] DEBUG org.hibernate.HQL_FUNCTIONS - Integer length(STRING_OR_CLOB arg)
2026-02-02 21:24:02.190 [main] DEBUG org.hibernate.HQL_FUNCTIONS - String listagg(STRING arg0, STRING arg1)
2026-02-02 21:24:02.190 [main] DEBUG org.hibernate.HQL_FUNCTIONS - Double ln(NUMERIC arg)
2026-02-02 21:24:02.190 [main] DEBUG org.hibernate.HQL_FUNCTIONS - LocalDate local date
2026-02-02 21:24:02.190 [main] DEBUG org.hibernate.HQL_FUNCTIONS - LocalDateTime local datetime
2026-02-02 21:24:02.190 [main] DEBUG org.hibernate.HQL_FUNCTIONS - LocalTime local time
2026-02-02 21:24:02.190 [main] DEBUG org.hibernate.HQL_FUNCTIONS - LocalDate local_date
2026-02-02 21:24:02.190 [main] DEBUG org.hibernate.HQL_FUNCTIONS - LocalDateTime local_datetime
2026-02-02 21:24:02.190 [main] DEBUG org.hibernate.HQL_FUNCTIONS - LocalTime local_time
2026-02-02 21:24:02.190 [main] DEBUG org.hibernate.HQL_FUNCTIONS - Timestamp localtime
2026-02-02 21:24:02.190 [main] DEBUG org.hibernate.HQL_FUNCTIONS - Timestamp localtimestamp
2026-02-02 21:24:02.190 [main] DEBUG org.hibernate.HQL_FUNCTIONS - Integer locate(STRING pattern, STRING string[, INTEGER start])
2026-02-02 21:24:02.190 [main] DEBUG org.hibernate.HQL_FUNCTIONS - Double log(NUMERIC arg0[, NUMERIC arg1])
2026-02-02 21:24:02.190 [main] DEBUG org.hibernate.HQL_FUNCTIONS - Double log10(NUMERIC arg)
2026-02-02 21:24:02.190 [main] DEBUG org.hibernate.HQL_FUNCTIONS - Double log2(NUMERIC arg)
2026-02-02 21:24:02.190 [main] DEBUG org.hibernate.HQL_FUNCTIONS - String lower(STRING string)
2026-02-02 21:24:02.190 [main] DEBUG org.hibernate.HQL_FUNCTIONS - String lpad(string, length[, padding])
2026-02-02 21:24:02.190 [main] DEBUG org.hibernate.HQL_FUNCTIONS - String ltrim(STRING string[, STRING characters])
2026-02-02 21:24:02.190 [main] DEBUG org.hibernate.HQL_FUNCTIONS - Date makedate(INTEGER year, INTEGER dayofyear)
2026-02-02 21:24:02.190 [main] DEBUG org.hibernate.HQL_FUNCTIONS - Time maketime(INTEGER hour, INTEGER min, INTEGER sec)
2026-02-02 21:24:02.190 [main] DEBUG org.hibernate.HQL_FUNCTIONS - max(COMPARABLE arg)
2026-02-02 21:24:02.190 [main] DEBUG org.hibernate.HQL_FUNCTIONS - String md5(arg)
2026-02-02 21:24:02.190 [main] DEBUG org.hibernate.HQL_FUNCTIONS - Integer microsecond(TIME arg)
2026-02-02 21:24:02.190 [main] DEBUG org.hibernate.HQL_FUNCTIONS - min(COMPARABLE arg)
2026-02-02 21:24:02.190 [main] DEBUG org.hibernate.HQL_FUNCTIONS - Integer minute(TIME arg)
2026-02-02 21:24:02.190 [main] DEBUG org.hibernate.HQL_FUNCTIONS - Integer mod(INTEGER arg0, INTEGER arg1)
2026-02-02 21:24:02.190 [main] DEBUG org.hibernate.HQL_FUNCTIONS - Integer month(DATE arg)
2026-02-02 21:24:02.190 [main] DEBUG org.hibernate.HQL_FUNCTIONS - String monthname(DATE arg)
2026-02-02 21:24:02.190 [main] DEBUG org.hibernate.HQL_FUNCTIONS - Timestamp now()
2026-02-02 21:24:02.190 [main] DEBUG org.hibernate.HQL_FUNCTIONS - nth_valueANY value, INTEGER nth
2026-02-02 21:24:02.190 [main] DEBUG org.hibernate.HQL_FUNCTIONS - nullif(arg0, arg1)
2026-02-02 21:24:02.190 [main] DEBUG org.hibernate.HQL_FUNCTIONS - Integer octet_length(STRING_OR_CLOB arg)
2026-02-02 21:24:02.190 [main] DEBUG org.hibernate.HQL_FUNCTIONS - OffsetDateTime offset datetime
2026-02-02 21:24:02.190 [main] DEBUG org.hibernate.HQL_FUNCTIONS - OffsetDateTime offset_datetime
2026-02-02 21:24:02.190 [main] DEBUG org.hibernate.HQL_FUNCTIONS - String overlay(STRING string placing STRING replacement from INTEGER start[ for INTEGER length])
2026-02-02 21:24:02.190 [main] DEBUG org.hibernate.HQL_FUNCTIONS - String pad(STRING string with INTEGER length {leading|trailing}[ STRING character])
2026-02-02 21:24:02.190 [main] DEBUG org.hibernate.HQL_FUNCTIONS - Double percent_rank([arg0[, ...]])
2026-02-02 21:24:02.190 [main] DEBUG org.hibernate.HQL_FUNCTIONS - Double pi
2026-02-02 21:24:02.190 [main] DEBUG org.hibernate.HQL_FUNCTIONS - Integer position(STRING pattern in STRING string)
2026-02-02 21:24:02.190 [main] DEBUG org.hibernate.HQL_FUNCTIONS - Double power(NUMERIC arg0, NUMERIC arg1)
2026-02-02 21:24:02.191 [main] DEBUG org.hibernate.HQL_FUNCTIONS - Integer quarter(DATE arg)
2026-02-02 21:24:02.191 [main] DEBUG org.hibernate.HQL_FUNCTIONS - Double radians(NUMERIC arg)
2026-02-02 21:24:02.191 [main] DEBUG org.hibernate.HQL_FUNCTIONS - Double rand([INTEGER seed])
2026-02-02 21:24:02.191 [main] DEBUG org.hibernate.HQL_FUNCTIONS - Long rank([arg0[, ...]])
2026-02-02 21:24:02.191 [main] DEBUG org.hibernate.HQL_FUNCTIONS - String repeat(STRING string, INTEGER times)
2026-02-02 21:24:02.191 [main] DEBUG org.hibernate.HQL_FUNCTIONS - String replace(STRING string, STRING pattern, STRING replacement)
2026-02-02 21:24:02.191 [main] DEBUG org.hibernate.HQL_FUNCTIONS - String reverse(STRING arg)
2026-02-02 21:24:02.191 [main] DEBUG org.hibernate.HQL_FUNCTIONS - String right(STRING string, INTEGER length)
2026-02-02 21:24:02.191 [main] DEBUG org.hibernate.HQL_FUNCTIONS - round(NUMERIC number[, INTEGER places])
2026-02-02 21:24:02.191 [main] DEBUG org.hibernate.HQL_FUNCTIONS - Long row_number()
2026-02-02 21:24:02.191 [main] DEBUG org.hibernate.HQL_FUNCTIONS - String rpad(string, length[, padding])
2026-02-02 21:24:02.191 [main] DEBUG org.hibernate.HQL_FUNCTIONS - String rtrim(STRING string[, STRING characters])
2026-02-02 21:24:02.191 [main] DEBUG org.hibernate.HQL_FUNCTIONS - Integer second(TIME arg)
2026-02-02 21:24:02.191 [main] DEBUG org.hibernate.HQL_FUNCTIONS - String sha(arg)
2026-02-02 21:24:02.191 [main] DEBUG org.hibernate.HQL_FUNCTIONS - String sha1(arg)
2026-02-02 21:24:02.191 [main] DEBUG org.hibernate.HQL_FUNCTIONS - String sha2(arg0, arg1)
2026-02-02 21:24:02.191 [main] DEBUG org.hibernate.HQL_FUNCTIONS - Integer sign(NUMERIC arg)
2026-02-02 21:24:02.191 [main] DEBUG org.hibernate.HQL_FUNCTIONS - Double sin(NUMERIC arg)
2026-02-02 21:24:02.191 [main] DEBUG org.hibernate.HQL_FUNCTIONS - Double sinh(NUMERIC arg)
2026-02-02 21:24:02.191 [main] DEBUG org.hibernate.HQL_FUNCTIONS - String soundex(arg)
2026-02-02 21:24:02.191 [main] DEBUG org.hibernate.HQL_FUNCTIONS - String space(INTEGER arg)
2026-02-02 21:24:02.191 [main] DEBUG org.hibernate.HQL_FUNCTIONS - Object sql
2026-02-02 21:24:02.191 [main] DEBUG org.hibernate.HQL_FUNCTIONS - Double sqrt(NUMERIC arg)
2026-02-02 21:24:02.191 [main] DEBUG org.hibernate.HQL_FUNCTIONS - Double stddev(NUMERIC arg)
2026-02-02 21:24:02.191 [main] DEBUG org.hibernate.HQL_FUNCTIONS - Double stddev_pop(NUMERIC arg)
2026-02-02 21:24:02.191 [main] DEBUG org.hibernate.HQL_FUNCTIONS - Double stddev_samp(NUMERIC arg)
2026-02-02 21:24:02.191 [main] DEBUG org.hibernate.HQL_FUNCTIONS - String str(arg)
2026-02-02 21:24:02.191 [main] DEBUG org.hibernate.HQL_FUNCTIONS - subdate(DATE datetime, INTEGER days)
2026-02-02 21:24:02.191 [main] DEBUG org.hibernate.HQL_FUNCTIONS - String substr(STRING string, INTEGER start[, INTEGER length])
2026-02-02 21:24:02.191 [main] DEBUG org.hibernate.HQL_FUNCTIONS - String substring(STRING string{ from|,} INTEGER start[{ for|,} INTEGER length])
2026-02-02 21:24:02.191 [main] DEBUG org.hibernate.HQL_FUNCTIONS - subtime(TIME datetime, TIME time)
2026-02-02 21:24:02.191 [main] DEBUG org.hibernate.HQL_FUNCTIONS - sum(arg)
2026-02-02 21:24:02.191 [main] DEBUG org.hibernate.HQL_FUNCTIONS - Timestamp sysdate()
2026-02-02 21:24:02.191 [main] DEBUG org.hibernate.HQL_FUNCTIONS - Double tan(NUMERIC arg)
2026-02-02 21:24:02.192 [main] DEBUG org.hibernate.HQL_FUNCTIONS - Double tanh(NUMERIC arg)
2026-02-02 21:24:02.192 [main] DEBUG org.hibernate.HQL_FUNCTIONS - String time(arg)
2026-02-02 21:24:02.192 [main] DEBUG org.hibernate.HQL_FUNCTIONS - Timestamp timestamp(arg0[, arg1])
2026-02-02 21:24:02.192 [main] DEBUG org.hibernate.HQL_FUNCTIONS - timestampadd(TEMPORAL_UNIT field, INTEGER magnitude, TEMPORAL datetime)
2026-02-02 21:24:02.192 [main] DEBUG org.hibernate.HQL_FUNCTIONS - basicType@18(java.lang.Long,-5)|basicType@20(java.lang.Double,8) timestampdiff(TEMPORAL_UNIT field, TEMPORAL start, TEMPORAL end)
2026-02-02 21:24:02.192 [main] DEBUG org.hibernate.HQL_FUNCTIONS - String trim([[{leading|trailing|both} ][STRING arg0 ]from] STRING arg1)
2026-02-02 21:24:02.192 [main] DEBUG org.hibernate.HQL_FUNCTIONS - trunc( ... )
2026-02-02 21:24:02.192 [main] DEBUG org.hibernate.HQL_FUNCTIONS - truncate( ... )
2026-02-02 21:24:02.192 [main] DEBUG org.hibernate.HQL_FUNCTIONS - String upper(STRING string)
2026-02-02 21:24:02.192 [main] DEBUG org.hibernate.HQL_FUNCTIONS - Date utc_date
2026-02-02 21:24:02.192 [main] DEBUG org.hibernate.HQL_FUNCTIONS - Time utc_time
2026-02-02 21:24:02.192 [main] DEBUG org.hibernate.HQL_FUNCTIONS - Timestamp utc_timestamp
2026-02-02 21:24:02.192 [main] DEBUG org.hibernate.HQL_FUNCTIONS - Double var_pop(NUMERIC arg)
2026-02-02 21:24:02.192 [main] DEBUG org.hibernate.HQL_FUNCTIONS - Double var_samp(NUMERIC arg)
2026-02-02 21:24:02.192 [main] DEBUG org.hibernate.HQL_FUNCTIONS - Double variance(NUMERIC arg)
2026-02-02 21:24:02.192 [main] DEBUG org.hibernate.HQL_FUNCTIONS - Integer week(DATE arg)
2026-02-02 21:24:02.192 [main] DEBUG org.hibernate.HQL_FUNCTIONS - Integer year(DATE arg)
2026-02-02 21:24:02.196 [main] DEBUG org.hibernate.orm.query.plan.cache - Starting QueryInterpretationCache(2048)
2026-02-02 21:24:02.246 [main] DEBUG org.hibernate.service.internal.SessionFactoryServiceRegistryImpl - EventListenerRegistry access via ServiceRegistry is deprecated.  Use `sessionFactory.getEventEngine().getListenerRegistry()` instead
2026-02-02 21:24:02.247 [main] DEBUG org.hibernate.event.internal.EntityCopyObserverFactoryInitiator - Configured EntityCopyObserver strategy: disallow
2026-02-02 21:24:02.293 [main] DEBUG org.hibernate.boot.internal.ClassLoaderAccessImpl - Not known whether passed class name [modelo.Logro] is safe
2026-02-02 21:24:02.293 [main] DEBUG org.hibernate.boot.internal.ClassLoaderAccessImpl - No temp ClassLoader provided; using live ClassLoader for loading potentially unsafe class : modelo.Logro
2026-02-02 21:24:02.430 [main] DEBUG org.hibernate.bytecode.internal.bytebuddy.BytecodeProviderImpl - HHH000513: Unable to create the ReflectionOptimizer for [modelo.Logro]: private accessor [descripcion]
2026-02-02 21:24:02.452 [main] DEBUG org.hibernate.ormbytecode.interceptor - To-one property `modelo.Asignacion#docente` was mapped with LAZY + NO_PROXY but the class was not enhanced
2026-02-02 21:24:02.453 [main] DEBUG org.hibernate.ormbytecode.interceptor - To-one property `modelo.Asignacion#docente` was mapped with LAZY + NO_PROXY but the class was not enhanced
2026-02-02 21:24:02.453 [main] DEBUG org.hibernate.ormbytecode.interceptor - To-one property `modelo.Asignacion#lectura` was mapped with LAZY + NO_PROXY but the class was not enhanced
2026-02-02 21:24:02.453 [main] DEBUG org.hibernate.ormbytecode.interceptor - To-one property `modelo.Asignacion#lectura` was mapped with LAZY + NO_PROXY but the class was not enhanced
2026-02-02 21:24:02.453 [main] DEBUG org.hibernate.boot.internal.ClassLoaderAccessImpl - Not known whether passed class name [modelo.Asignacion] is safe
2026-02-02 21:24:02.453 [main] DEBUG org.hibernate.boot.internal.ClassLoaderAccessImpl - No temp ClassLoader provided; using live ClassLoader for loading potentially unsafe class : modelo.Asignacion
2026-02-02 21:24:02.465 [main] DEBUG org.hibernate.bytecode.internal.bytebuddy.BytecodeProviderImpl - HHH000513: Unable to create the ReflectionOptimizer for [modelo.Asignacion]: private accessor [codigoClase]
2026-02-02 21:24:02.466 [main] DEBUG org.hibernate.ormbytecode.interceptor - To-one property `modelo.Asignacion#docente` was mapped with LAZY + NO_PROXY but the class was not enhanced
2026-02-02 21:24:02.466 [main] DEBUG org.hibernate.ormbytecode.interceptor - To-one property `modelo.Asignacion#lectura` was mapped with LAZY + NO_PROXY but the class was not enhanced
2026-02-02 21:24:02.468 [main] DEBUG org.hibernate.ormbytecode.interceptor - To-one property `modelo.Estudiante#usuario` was mapped with LAZY + NO_PROXY but the class was not enhanced
2026-02-02 21:24:02.468 [main] DEBUG org.hibernate.ormbytecode.interceptor - To-one property `modelo.Estudiante#usuario` was mapped with LAZY + NO_PROXY but the class was not enhanced
2026-02-02 21:24:02.468 [main] DEBUG org.hibernate.boot.internal.ClassLoaderAccessImpl - Not known whether passed class name [modelo.Estudiante] is safe
2026-02-02 21:24:02.468 [main] DEBUG org.hibernate.boot.internal.ClassLoaderAccessImpl - No temp ClassLoader provided; using live ClassLoader for loading potentially unsafe class : modelo.Estudiante
2026-02-02 21:24:02.478 [main] DEBUG org.hibernate.bytecode.internal.bytebuddy.BytecodeProviderImpl - HHH000513: Unable to create the ReflectionOptimizer for [modelo.Estudiante]: private accessor [logros]
2026-02-02 21:24:02.478 [main] DEBUG org.hibernate.ormbytecode.interceptor - To-one property `modelo.Estudiante#usuario` was mapped with LAZY + NO_PROXY but the class was not enhanced
2026-02-02 21:24:02.479 [main] DEBUG org.hibernate.boot.internal.ClassLoaderAccessImpl - Not known whether passed class name [modelo.Lectura] is safe
2026-02-02 21:24:02.479 [main] DEBUG org.hibernate.boot.internal.ClassLoaderAccessImpl - No temp ClassLoader provided; using live ClassLoader for loading potentially unsafe class : modelo.Lectura
2026-02-02 21:24:02.487 [main] DEBUG org.hibernate.bytecode.internal.bytebuddy.BytecodeProviderImpl - HHH000513: Unable to create the ReflectionOptimizer for [modelo.Lectura]: private accessor [asignaciones]
2026-02-02 21:24:02.487 [main] DEBUG org.hibernate.boot.internal.ClassLoaderAccessImpl - Not known whether passed class name [modelo.Docente] is safe
2026-02-02 21:24:02.487 [main] DEBUG org.hibernate.boot.internal.ClassLoaderAccessImpl - No temp ClassLoader provided; using live ClassLoader for loading potentially unsafe class : modelo.Docente
2026-02-02 21:24:02.493 [main] DEBUG org.hibernate.bytecode.internal.bytebuddy.BytecodeProviderImpl - HHH000513: Unable to create the ReflectionOptimizer for [modelo.Docente]: private accessor [edad]
2026-02-02 21:24:02.494 [main] DEBUG org.hibernate.ormbytecode.interceptor - To-one property `modelo.Usuario#estudiante` was mapped with LAZY + NO_PROXY but the class was not enhanced
2026-02-02 21:24:02.494 [main] DEBUG org.hibernate.ormbytecode.interceptor - To-one property `modelo.Usuario#estudiante` was mapped with LAZY + NO_PROXY but the class was not enhanced
2026-02-02 21:24:02.494 [main] DEBUG org.hibernate.boot.internal.ClassLoaderAccessImpl - Not known whether passed class name [modelo.Usuario] is safe
2026-02-02 21:24:02.494 [main] DEBUG org.hibernate.boot.internal.ClassLoaderAccessImpl - No temp ClassLoader provided; using live ClassLoader for loading potentially unsafe class : modelo.Usuario
2026-02-02 21:24:02.508 [main] DEBUG org.hibernate.bytecode.internal.bytebuddy.BytecodeProviderImpl - HHH000513: Unable to create the ReflectionOptimizer for [modelo.Usuario]: private accessor [edad]
2026-02-02 21:24:02.508 [main] DEBUG org.hibernate.ormbytecode.interceptor - To-one property `modelo.Usuario#estudiante` was mapped with LAZY + NO_PROXY but the class was not enhanced
2026-02-02 21:24:02.523 [main] DEBUG org.hibernate.orm.jdbc.mutation - Skipping collection row updates - modelo.Logro.estudiantes
2026-02-02 21:24:02.525 [main] DEBUG org.hibernate.orm.jdbc.mutation - Skipping collection (re)creation - modelo.Lectura.asignaciones
2026-02-02 21:24:02.525 [main] DEBUG org.hibernate.orm.jdbc.mutation - Skipping collection row deletions - modelo.Lectura.asignaciones
2026-02-02 21:24:02.525 [main] DEBUG org.hibernate.orm.jdbc.mutation - Skipping collection removals - modelo.Lectura.asignaciones
2026-02-02 21:24:02.526 [main] DEBUG org.hibernate.orm.jdbc.mutation - Skipping collection inserts - modelo.Estudiante.logros
2026-02-02 21:24:02.526 [main] DEBUG org.hibernate.orm.jdbc.mutation - Skipping collection row updates - modelo.Estudiante.logros
2026-02-02 21:24:02.526 [main] DEBUG org.hibernate.orm.jdbc.mutation - Skipping collection row deletions - modelo.Estudiante.logros
2026-02-02 21:24:02.526 [main] DEBUG org.hibernate.orm.jdbc.mutation - Skipping collection removals - modelo.Estudiante.logros
2026-02-02 21:24:02.545 [main] DEBUG org.hibernate.orm.model.mapping.creation - Starting post-init callbacks
2026-02-02 21:24:02.545 [main] DEBUG org.hibernate.orm.model.mapping.creation - Starting PostInitCallbackEntry : PluralAttributeMapping( NavigableRole[modelo.Logro.estudiantes#{element}]) - element descriptor
2026-02-02 21:24:02.548 [main] DEBUG org.hibernate.orm.model.mapping.creation - Starting PostInitCallbackEntry : PluralAttributeMapping(modelo.Logro.estudiantes)#finishInitialization
2026-02-02 21:24:02.548 [main] DEBUG org.hibernate.orm.model.mapping.creation - Starting PostInitCallbackEntry : PluralAttributeMapping(modelo.Logro.estudiantes) - key descriptor
2026-02-02 21:24:02.548 [main] DEBUG org.hibernate.orm.model.mapping.creation - Starting PostInitCallbackEntry : Entity(modelo.Logro) `staticFetchableList` generator
2026-02-02 21:24:02.548 [main] DEBUG org.hibernate.orm.model.mapping.creation - Starting PostInitCallbackEntry : To-one key - NavigableRole[modelo.Asignacion.docente]
2026-02-02 21:24:02.549 [main] DEBUG org.hibernate.orm.model.mapping.creation - Starting PostInitCallbackEntry : To-one key - NavigableRole[modelo.Asignacion.lectura]
2026-02-02 21:24:02.549 [main] DEBUG org.hibernate.orm.model.mapping.creation - Starting PostInitCallbackEntry : Entity(modelo.Asignacion) `staticFetchableList` generator
2026-02-02 21:24:02.549 [main] DEBUG org.hibernate.orm.model.mapping.creation - Starting PostInitCallbackEntry : PluralAttributeMapping( NavigableRole[modelo.Estudiante.logros#{element}]) - element descriptor
2026-02-02 21:24:02.549 [main] DEBUG org.hibernate.orm.model.mapping.creation - Starting PostInitCallbackEntry : PluralAttributeMapping(modelo.Estudiante.logros)#finishInitialization
2026-02-02 21:24:02.549 [main] DEBUG org.hibernate.orm.model.mapping.creation - Starting PostInitCallbackEntry : PluralAttributeMapping(modelo.Estudiante.logros) - key descriptor
2026-02-02 21:24:02.549 [main] DEBUG org.hibernate.orm.model.mapping.creation - Starting PostInitCallbackEntry : To-one key - NavigableRole[modelo.Estudiante.usuario]
2026-02-02 21:24:02.549 [main] DEBUG org.hibernate.orm.model.mapping.creation - Starting PostInitCallbackEntry : Entity(modelo.Estudiante) `staticFetchableList` generator
2026-02-02 21:24:02.549 [main] DEBUG org.hibernate.orm.model.mapping.creation - Starting PostInitCallbackEntry : PluralAttributeMapping( NavigableRole[modelo.Lectura.asignaciones#{element}]) - element descriptor
2026-02-02 21:24:02.549 [main] DEBUG org.hibernate.orm.model.mapping.creation - Starting PostInitCallbackEntry : PluralAttributeMapping(modelo.Lectura.asignaciones)#finishInitialization
2026-02-02 21:24:02.549 [main] DEBUG org.hibernate.orm.model.mapping.creation - Starting PostInitCallbackEntry : PluralAttributeMapping(modelo.Lectura.asignaciones) - key descriptor
2026-02-02 21:24:02.549 [main] DEBUG org.hibernate.orm.model.mapping.creation - Starting PostInitCallbackEntry : Entity(modelo.Lectura) `staticFetchableList` generator
2026-02-02 21:24:02.549 [main] DEBUG org.hibernate.orm.model.mapping.creation - Starting PostInitCallbackEntry : Entity(modelo.Docente) `staticFetchableList` generator
2026-02-02 21:24:02.549 [main] DEBUG org.hibernate.orm.model.mapping.creation - Starting PostInitCallbackEntry : To-one key - NavigableRole[modelo.Usuario.estudiante]
2026-02-02 21:24:02.549 [main] DEBUG org.hibernate.orm.model.mapping.creation - Starting PostInitCallbackEntry : Entity(modelo.Usuario) `staticFetchableList` generator
2026-02-02 21:24:02.549 [main] DEBUG org.hibernate.orm.model.mapping.creation - Starting PostInitCallbackEntry : PluralAttributeMapping( NavigableRole[modelo.Lectura.asignaciones#{element}]) - element descriptor
2026-02-02 21:24:02.601 [main] DEBUG org.hibernate.orm.sql.ast.create - Created new SQL alias : l1_0
2026-02-02 21:24:02.602 [main] DEBUG org.hibernate.orm.sql.ast.create - Registration of TableGroup [StandardTableGroup(modelo.Logro)] with identifierForTableGroup [modelo.Logro] for NavigablePath [modelo.Logro] 
2026-02-02 21:24:02.613 [main] DEBUG org.hibernate.orm.results.graph.AST - DomainResult Graph:
 \-EntityResultImpl [modelo.Logro]
 |  +-BasicFetch [modelo.Logro.descripcion]
 |  +-DelayedCollectionFetch [modelo.Logro.estudiantes]
 |  \-BasicFetch [modelo.Logro.nombreLogro]

2026-02-02 21:24:02.615 [main] DEBUG org.hibernate.orm.sql.ast.tree - SQL AST Tree:
    SelectStatement {
      FromClause {
        StandardTableGroup (l1 : modelo.Logro) {
          primaryTableReference : logro as l1_0
        }
      }
    }

2026-02-02 21:24:02.624 [main] DEBUG org.hibernate.persister.entity.AbstractEntityPersister - Static SQL for entity: modelo.Logro
2026-02-02 21:24:02.624 [main] DEBUG org.hibernate.persister.entity.AbstractEntityPersister -  Version select: select id_logro from logro where id_logro=?
2026-02-02 21:24:02.624 [main] DEBUG org.hibernate.persister.entity.AbstractEntityPersister -  Insert (0): insert into logro (descripcion,nombreLogro) values (?,?)
2026-02-02 21:24:02.624 [main] DEBUG org.hibernate.persister.entity.AbstractEntityPersister -  Update (0): update logro set descripcion=?,nombreLogro=? where id_logro=?
2026-02-02 21:24:02.624 [main] DEBUG org.hibernate.persister.entity.AbstractEntityPersister -  Delete (0): delete from logro where id_logro=?
2026-02-02 21:24:02.624 [main] DEBUG org.hibernate.orm.sql.ast.create - Created new SQL alias : a1_0
2026-02-02 21:24:02.624 [main] DEBUG org.hibernate.orm.sql.ast.create - Registration of TableGroup [StandardTableGroup(modelo.Asignacion)] with identifierForTableGroup [modelo.Asignacion] for NavigablePath [modelo.Asignacion] 
2026-02-02 21:24:02.626 [main] DEBUG org.hibernate.orm.sql.ast.create - Registration of TableGroup [org.hibernate.sql.ast.tree.from.LazyTableGroup@2ccc9681] with identifierForTableGroup [modelo.Asignacion.docente] for NavigablePath [modelo.Asignacion.docente] 
2026-02-02 21:24:02.628 [main] DEBUG org.hibernate.orm.sql.ast.create - Created new SQL alias : d1_0
2026-02-02 21:24:02.628 [main] DEBUG org.hibernate.orm.sql.ast.create - Registration of TableGroup [org.hibernate.sql.ast.tree.from.LazyTableGroup@203b953c] with identifierForTableGroup [modelo.Asignacion.lectura] for NavigablePath [modelo.Asignacion.lectura] 
2026-02-02 21:24:02.628 [main] DEBUG org.hibernate.orm.sql.ast.create - Created new SQL alias : l1_0
2026-02-02 21:24:02.629 [main] DEBUG org.hibernate.orm.results.graph.AST - DomainResult Graph:
 \-EntityResultImpl [modelo.Asignacion]
 |  +-BasicFetch [modelo.Asignacion.codigoClase]
 |  +-EntityFetchJoinedImpl [modelo.Asignacion.docente]
 |  +-BasicFetch [modelo.Asignacion.esObligatoria]
 |  +-EntityFetchJoinedImpl [modelo.Asignacion.lectura]
 |  +-BasicFetch [modelo.Asignacion.tituloAsignacion]
 |  \-BasicFetch [modelo.Asignacion.totalAlumnos]

2026-02-02 21:24:02.629 [main] DEBUG org.hibernate.orm.sql.ast.tree - SQL AST Tree:
    SelectStatement {
      FromClause {
        StandardTableGroup (a1 : modelo.Asignacion) {
          primaryTableReference : asignacion as a1_0
          TableGroupJoins {
            left  join LazyTableGroup (d1 : modelo.Asignacion.docente) {
              primaryTableReference : docente as d1_0
            }
            left  join LazyTableGroup (l1 : modelo.Asignacion.lectura) {
              primaryTableReference : lectura as l1_0
            }
          }
        }
      }
    }

2026-02-02 21:24:02.630 [main] DEBUG org.hibernate.persister.entity.AbstractEntityPersister - Static SQL for entity: modelo.Asignacion
2026-02-02 21:24:02.630 [main] DEBUG org.hibernate.persister.entity.AbstractEntityPersister -  Version select: select id_asignacion from asignacion where id_asignacion=?
2026-02-02 21:24:02.630 [main] DEBUG org.hibernate.persister.entity.AbstractEntityPersister -  Insert (0): insert into asignacion (codigoClase,id_docente,esObligatoria,id_lectura,tituloAsignacion,totalAlumnos) values (?,?,?,?,?,?)
2026-02-02 21:24:02.630 [main] DEBUG org.hibernate.persister.entity.AbstractEntityPersister -  Update (0): update asignacion set codigoClase=?,id_docente=?,esObligatoria=?,id_lectura=?,tituloAsignacion=?,totalAlumnos=? where id_asignacion=?
2026-02-02 21:24:02.630 [main] DEBUG org.hibernate.persister.entity.AbstractEntityPersister -  Delete (0): delete from asignacion where id_asignacion=?
2026-02-02 21:24:02.630 [main] DEBUG org.hibernate.orm.sql.ast.create - Created new SQL alias : e1_0
2026-02-02 21:24:02.630 [main] DEBUG org.hibernate.orm.sql.ast.create - Registration of TableGroup [StandardTableGroup(modelo.Estudiante)] with identifierForTableGroup [modelo.Estudiante] for NavigablePath [modelo.Estudiante] 
2026-02-02 21:24:02.630 [main] DEBUG org.hibernate.orm.sql.ast.create - Registration of TableGroup [org.hibernate.sql.ast.tree.from.LazyTableGroup@5873f3f0] with identifierForTableGroup [modelo.Estudiante.usuario] for NavigablePath [modelo.Estudiante.usuario] 
2026-02-02 21:24:02.630 [main] DEBUG org.hibernate.orm.sql.ast.create - Created new SQL alias : u1_0
2026-02-02 21:24:02.630 [main] DEBUG org.hibernate.orm.sql.ast.create - Registration of TableGroup [org.hibernate.sql.ast.tree.from.LazyTableGroup@684372d0] with identifierForTableGroup [modelo.Estudiante.usuario.estudiante] for NavigablePath [modelo.Estudiante.usuario.estudiante] 
2026-02-02 21:24:02.630 [main] DEBUG org.hibernate.orm.sql.ast.create - Created new SQL alias : e2_0
2026-02-02 21:24:02.632 [main] DEBUG org.hibernate.orm.sql.ast.create - Registration of TableGroup [org.hibernate.sql.ast.tree.from.LazyTableGroup@27bc1d44] with identifierForTableGroup [modelo.Estudiante.usuario.estudiante.usuario] for NavigablePath [modelo.Estudiante.usuario.estudiante.usuario] 
2026-02-02 21:24:02.633 [main] DEBUG org.hibernate.orm.results.graph.AST - DomainResult Graph:
 \-EntityResultImpl [modelo.Estudiante]
 |  +-DelayedCollectionFetch [modelo.Estudiante.logros]
 |  +-BasicFetch [modelo.Estudiante.nivelActual]
 |  +-BasicFetch [modelo.Estudiante.puntosXP]
 |  \-EntityFetchJoinedImpl [modelo.Estudiante.usuario]

2026-02-02 21:24:02.633 [main] DEBUG org.hibernate.orm.sql.ast.tree - SQL AST Tree:
    SelectStatement {
      FromClause {
        StandardTableGroup (e1 : modelo.Estudiante) {
          primaryTableReference : estudiante as e1_0
          TableGroupJoins {
            left  join LazyTableGroup (u1 : modelo.Estudiante.usuario) {
              primaryTableReference : usuario as u1_0
              TableGroupJoins {
                left  join LazyTableGroup (e2 : modelo.Estudiante.usuario.estudiante) {
                  primaryTableReference : estudiante as e2_0
                  TableGroupJoins {
                    left  join LazyTableGroup (u2 : modelo.Estudiante.usuario.estudiante.usuario) {
                    }
                  }
                }
              }
            }
          }
        }
      }
    }

2026-02-02 21:24:02.633 [main] DEBUG org.hibernate.persister.entity.AbstractEntityPersister - Static SQL for entity: modelo.Estudiante
2026-02-02 21:24:02.633 [main] DEBUG org.hibernate.persister.entity.AbstractEntityPersister -  Version select: select id_estudiante from estudiante where id_estudiante=?
2026-02-02 21:24:02.633 [main] DEBUG org.hibernate.persister.entity.AbstractEntityPersister -  Insert (0): insert into estudiante (nivelActual,puntosXP,id_usuario) values (?,?,?)
2026-02-02 21:24:02.633 [main] DEBUG org.hibernate.persister.entity.AbstractEntityPersister -  Update (0): update estudiante set nivelActual=?,puntosXP=?,id_usuario=? where id_estudiante=?
2026-02-02 21:24:02.633 [main] DEBUG org.hibernate.persister.entity.AbstractEntityPersister -  Delete (0): delete from estudiante where id_estudiante=?
2026-02-02 21:24:02.633 [main] DEBUG org.hibernate.orm.sql.ast.create - Created new SQL alias : l1_0
2026-02-02 21:24:02.633 [main] DEBUG org.hibernate.orm.sql.ast.create - Registration of TableGroup [StandardTableGroup(modelo.Lectura)] with identifierForTableGroup [modelo.Lectura] for NavigablePath [modelo.Lectura] 
2026-02-02 21:24:02.634 [main] DEBUG org.hibernate.orm.results.graph.AST - DomainResult Graph:
 \-EntityResultImpl [modelo.Lectura]
 |  +-DelayedCollectionFetch [modelo.Lectura.asignaciones]
 |  +-BasicFetch [modelo.Lectura.autor]
 |  +-BasicFetch [modelo.Lectura.genero]
 |  \-BasicFetch [modelo.Lectura.titulo]

2026-02-02 21:24:02.634 [main] DEBUG org.hibernate.orm.sql.ast.tree - SQL AST Tree:
    SelectStatement {
      FromClause {
        StandardTableGroup (l1 : modelo.Lectura) {
          primaryTableReference : lectura as l1_0
        }
      }
    }

2026-02-02 21:24:02.634 [main] DEBUG org.hibernate.persister.entity.AbstractEntityPersister - Static SQL for entity: modelo.Lectura
2026-02-02 21:24:02.634 [main] DEBUG org.hibernate.persister.entity.AbstractEntityPersister -  Version select: select id_lectura from lectura where id_lectura=?
2026-02-02 21:24:02.634 [main] DEBUG org.hibernate.persister.entity.AbstractEntityPersister -  Insert (0): insert into lectura (autor,genero,titulo) values (?,?,?)
2026-02-02 21:24:02.634 [main] DEBUG org.hibernate.persister.entity.AbstractEntityPersister -  Update (0): update lectura set autor=?,genero=?,titulo=? where id_lectura=?
2026-02-02 21:24:02.634 [main] DEBUG org.hibernate.persister.entity.AbstractEntityPersister -  Delete (0): delete from lectura where id_lectura=?
2026-02-02 21:24:02.634 [main] DEBUG org.hibernate.orm.sql.ast.create - Created new SQL alias : d1_0
2026-02-02 21:24:02.634 [main] DEBUG org.hibernate.orm.sql.ast.create - Registration of TableGroup [StandardTableGroup(modelo.Docente)] with identifierForTableGroup [modelo.Docente] for NavigablePath [modelo.Docente] 
2026-02-02 21:24:02.634 [main] DEBUG org.hibernate.orm.results.graph.AST - DomainResult Graph:
 \-EntityResultImpl [modelo.Docente]
 |  +-BasicFetch [modelo.Docente.edad]
 |  +-BasicFetch [modelo.Docente.especialidad]
 |  \-BasicFetch [modelo.Docente.nombre]

2026-02-02 21:24:02.634 [main] DEBUG org.hibernate.orm.sql.ast.tree - SQL AST Tree:
    SelectStatement {
      FromClause {
        StandardTableGroup (d1 : modelo.Docente) {
          primaryTableReference : docente as d1_0
        }
      }
    }

2026-02-02 21:24:02.634 [main] DEBUG org.hibernate.persister.entity.AbstractEntityPersister - Static SQL for entity: modelo.Docente
2026-02-02 21:24:02.634 [main] DEBUG org.hibernate.persister.entity.AbstractEntityPersister -  Version select: select id_docente from docente where id_docente=?
2026-02-02 21:24:02.634 [main] DEBUG org.hibernate.persister.entity.AbstractEntityPersister -  Insert (0): insert into docente (edad,especialidad,nombre) values (?,?,?)
2026-02-02 21:24:02.634 [main] DEBUG org.hibernate.persister.entity.AbstractEntityPersister -  Update (0): update docente set edad=?,especialidad=?,nombre=? where id_docente=?
2026-02-02 21:24:02.634 [main] DEBUG org.hibernate.persister.entity.AbstractEntityPersister -  Delete (0): delete from docente where id_docente=?
2026-02-02 21:24:02.634 [main] DEBUG org.hibernate.orm.sql.ast.create - Created new SQL alias : u1_0
2026-02-02 21:24:02.634 [main] DEBUG org.hibernate.orm.sql.ast.create - Registration of TableGroup [StandardTableGroup(modelo.Usuario)] with identifierForTableGroup [modelo.Usuario] for NavigablePath [modelo.Usuario] 
2026-02-02 21:24:02.634 [main] DEBUG org.hibernate.orm.sql.ast.create - Registration of TableGroup [org.hibernate.sql.ast.tree.from.LazyTableGroup@1cba0321] with identifierForTableGroup [modelo.Usuario.estudiante] for NavigablePath [modelo.Usuario.estudiante] 
2026-02-02 21:24:02.634 [main] DEBUG org.hibernate.orm.sql.ast.create - Created new SQL alias : e1_0
2026-02-02 21:24:02.634 [main] DEBUG org.hibernate.orm.sql.ast.create - Registration of TableGroup [org.hibernate.sql.ast.tree.from.LazyTableGroup@795f6681] with identifierForTableGroup [modelo.Usuario.estudiante.usuario] for NavigablePath [modelo.Usuario.estudiante.usuario] 
2026-02-02 21:24:02.634 [main] DEBUG org.hibernate.orm.sql.ast.create - Created new SQL alias : u2_0
2026-02-02 21:24:02.635 [main] DEBUG org.hibernate.orm.sql.ast.create - Registration of TableGroup [org.hibernate.sql.ast.tree.from.LazyTableGroup@66d3b881] with identifierForTableGroup [modelo.Usuario.estudiante.usuario.estudiante] for NavigablePath [modelo.Usuario.estudiante.usuario.estudiante] 
2026-02-02 21:24:02.635 [main] DEBUG org.hibernate.orm.results.graph.AST - DomainResult Graph:
 \-EntityResultImpl [modelo.Usuario]
 |  +-BasicFetch [modelo.Usuario.edad]
 |  +-EntityFetchJoinedImpl [modelo.Usuario.estudiante]
 |  +-BasicFetch [modelo.Usuario.nombreCompleto]
 |  +-BasicFetch [modelo.Usuario.puntosPorLogro]
 |  +-BasicFetch [modelo.Usuario.rolPrincipal]
 |  \-BasicFetch [modelo.Usuario.tipoUsuario]

2026-02-02 21:24:02.635 [main] DEBUG org.hibernate.orm.sql.ast.tree - SQL AST Tree:
    SelectStatement {
      FromClause {
        StandardTableGroup (u1 : modelo.Usuario) {
          primaryTableReference : usuario as u1_0
          TableGroupJoins {
            left  join LazyTableGroup (e1 : modelo.Usuario.estudiante) {
              primaryTableReference : estudiante as e1_0
              TableGroupJoins {
                left  join LazyTableGroup (u2 : modelo.Usuario.estudiante.usuario) {
                  primaryTableReference : usuario as u2_0
                  TableGroupJoins {
                    left  join LazyTableGroup (e2 : modelo.Usuario.estudiante.usuario.estudiante) {
                    }
                  }
                }
              }
            }
          }
        }
      }
    }

2026-02-02 21:24:02.635 [main] DEBUG org.hibernate.persister.entity.AbstractEntityPersister - Static SQL for entity: modelo.Usuario
2026-02-02 21:24:02.635 [main] DEBUG org.hibernate.persister.entity.AbstractEntityPersister -  Version select: select id_usuario from usuario where id_usuario=?
2026-02-02 21:24:02.635 [main] DEBUG org.hibernate.persister.entity.AbstractEntityPersister -  Insert (0): insert into usuario (edad,estudiante_id_estudiante,nombreCompleto,puntosPorLogro,rolPrincipal,tipoUsuario) values (?,?,?,?,?,?)
2026-02-02 21:24:02.635 [main] DEBUG org.hibernate.persister.entity.AbstractEntityPersister -  Update (0): update usuario set edad=?,estudiante_id_estudiante=?,nombreCompleto=?,puntosPorLogro=?,rolPrincipal=?,tipoUsuario=? where id_usuario=?
2026-02-02 21:24:02.635 [main] DEBUG org.hibernate.persister.entity.AbstractEntityPersister -  Delete (0): delete from usuario where id_usuario=?
2026-02-02 21:24:02.635 [main] DEBUG org.hibernate.orm.sql.ast.create - Created new SQL alias : e1_0
2026-02-02 21:24:02.636 [main] DEBUG org.hibernate.orm.sql.ast.create - Registration of TableGroup [CollectionTableGroup(modelo.Logro.estudiantes)] with identifierForTableGroup [modelo.Logro.estudiantes] for NavigablePath [modelo.Logro.estudiantes] 
2026-02-02 21:24:02.636 [main] DEBUG org.hibernate.orm.sql.ast.create - Registration of TableGroup [org.hibernate.sql.ast.tree.from.LazyTableGroup@3271ec2a] with identifierForTableGroup [modelo.Logro.estudiantes.{element}] for NavigablePath [modelo.Logro.estudiantes.{element}] 
2026-02-02 21:24:02.638 [main] DEBUG org.hibernate.orm.sql.ast.create - Created new SQL alias : e1_1
2026-02-02 21:24:02.638 [main] DEBUG org.hibernate.orm.sql.ast.create - Registration of TableGroup [org.hibernate.sql.ast.tree.from.LazyTableGroup@2c99c8d] with identifierForTableGroup [modelo.Logro.estudiantes.{element}.usuario] for NavigablePath [modelo.Logro.estudiantes.{element}.usuario] 
2026-02-02 21:24:02.638 [main] DEBUG org.hibernate.orm.sql.ast.create - Created new SQL alias : u1_0
2026-02-02 21:24:02.638 [main] DEBUG org.hibernate.orm.sql.ast.create - Registration of TableGroup [org.hibernate.sql.ast.tree.from.LazyTableGroup@59d6642a] with identifierForTableGroup [modelo.Logro.estudiantes.{element}.usuario.estudiante] for NavigablePath [modelo.Logro.estudiantes.{element}.usuario.estudiante] 
2026-02-02 21:24:02.638 [main] DEBUG org.hibernate.orm.sql.ast.create - Created new SQL alias : e2_0
2026-02-02 21:24:02.638 [main] DEBUG org.hibernate.orm.sql.ast.create - Registration of TableGroup [org.hibernate.sql.ast.tree.from.LazyTableGroup@365cef67] with identifierForTableGroup [modelo.Logro.estudiantes.{element}.usuario.estudiante.usuario] for NavigablePath [modelo.Logro.estudiantes.{element}.usuario.estudiante.usuario] 
2026-02-02 21:24:02.639 [main] DEBUG org.hibernate.orm.results.graph.AST - DomainResult Graph:
 \-CollectionDomainResult [modelo.Logro.estudiantes]

2026-02-02 21:24:02.639 [main] DEBUG org.hibernate.orm.sql.ast.tree - SQL AST Tree:
    SelectStatement {
      FromClause {
        CollectionTableGroup (e1 : modelo.Logro.estudiantes) {
          primaryTableReference : logro_estudiante as e1_0
          TableGroupJoins {
             join LazyTableGroup (e1 : modelo.Logro.estudiantes.{element}) {
              primaryTableReference : estudiante as e1_1
              TableGroupJoins {
                left  join LazyTableGroup (u1 : modelo.Logro.estudiantes.{element}.usuario) {
                  primaryTableReference : usuario as u1_0
                  TableGroupJoins {
                    left  join LazyTableGroup (e2 : modelo.Logro.estudiantes.{element}.usuario.estudiante) {
                      primaryTableReference : estudiante as e2_0
                      TableGroupJoins {
                        left  join LazyTableGroup (u2 : modelo.Logro.estudiantes.{element}.usuario.estudiante.usuario) {
                        }
                      }
                    }
                  }
                }
              }
            }
          }
        }
      }
    }

2026-02-02 21:24:02.639 [main] DEBUG org.hibernate.orm.jdbc.mutation - Static SQL for collection: modelo.Logro.estudiantes
2026-02-02 21:24:02.641 [main] DEBUG org.hibernate.orm.jdbc.mutation -  Row insert: insert into logro_estudiante (logros_id_logro,estudiantes_id_estudiante) values (?,?)
2026-02-02 21:24:02.641 [main] DEBUG org.hibernate.orm.jdbc.mutation -  Row delete: delete from logro_estudiante where logros_id_logro=? and estudiantes_id_estudiante=?
2026-02-02 21:24:02.641 [main] DEBUG org.hibernate.orm.jdbc.mutation -  One-shot delete: delete from logro_estudiante where logros_id_logro=?
2026-02-02 21:24:02.641 [main] DEBUG org.hibernate.orm.sql.ast.create - Created new SQL alias : a1_0
2026-02-02 21:24:02.642 [main] DEBUG org.hibernate.orm.sql.ast.create - Registration of TableGroup [org.hibernate.sql.ast.tree.from.OneToManyTableGroup@78479f2b] with identifierForTableGroup [modelo.Lectura.asignaciones] for NavigablePath [modelo.Lectura.asignaciones] 
2026-02-02 21:24:02.642 [main] DEBUG org.hibernate.orm.sql.ast.create - Registration of TableGroup [StandardTableGroup(modelo.Lectura.asignaciones.{element})] with identifierForTableGroup [modelo.Lectura.asignaciones.{element}] for NavigablePath [modelo.Lectura.asignaciones.{element}] 
2026-02-02 21:24:02.642 [main] DEBUG org.hibernate.orm.sql.ast.create - Registration of TableGroup [org.hibernate.sql.ast.tree.from.LazyTableGroup@2755617b] with identifierForTableGroup [modelo.Lectura.asignaciones.{element}.docente] for NavigablePath [modelo.Lectura.asignaciones.{element}.docente] 
2026-02-02 21:24:02.642 [main] DEBUG org.hibernate.orm.sql.ast.create - Created new SQL alias : d1_0
2026-02-02 21:24:02.643 [main] DEBUG org.hibernate.orm.sql.ast.create - Registration of TableGroup [org.hibernate.sql.ast.tree.from.LazyTableGroup@49653791] with identifierForTableGroup [modelo.Lectura.asignaciones.{element}.lectura] for NavigablePath [modelo.Lectura.asignaciones.{element}.lectura] 
2026-02-02 21:24:02.643 [main] DEBUG org.hibernate.orm.results.graph.AST - DomainResult Graph:
 \-CollectionDomainResult [modelo.Lectura.asignaciones]

2026-02-02 21:24:02.643 [main] DEBUG org.hibernate.orm.sql.ast.tree - SQL AST Tree:
    SelectStatement {
      FromClause {
        OneToManyTableGroup (a1 : modelo.Lectura.asignaciones) {
          primaryTableReference : asignacion as a1_0
          TableGroupJoins {
            left  join LazyTableGroup (d1 : modelo.Lectura.asignaciones.{element}.docente) {
              primaryTableReference : docente as d1_0
            }
            left  join LazyTableGroup (l1 : modelo.Lectura.asignaciones.{element}.lectura) {
            }
          }
        }
      }
    }

2026-02-02 21:24:02.643 [main] DEBUG org.hibernate.orm.jdbc.mutation - Static SQL for collection: modelo.Lectura.asignaciones
2026-02-02 21:24:02.643 [main] DEBUG org.hibernate.orm.sql.ast.create - Created new SQL alias : l1_0
2026-02-02 21:24:02.643 [main] DEBUG org.hibernate.orm.sql.ast.create - Registration of TableGroup [CollectionTableGroup(modelo.Estudiante.logros)] with identifierForTableGroup [modelo.Estudiante.logros] for NavigablePath [modelo.Estudiante.logros] 
2026-02-02 21:24:02.643 [main] DEBUG org.hibernate.orm.sql.ast.create - Registration of TableGroup [org.hibernate.sql.ast.tree.from.LazyTableGroup@6009cd34] with identifierForTableGroup [modelo.Estudiante.logros.{element}] for NavigablePath [modelo.Estudiante.logros.{element}] 
2026-02-02 21:24:02.643 [main] DEBUG org.hibernate.orm.sql.ast.create - Created new SQL alias : l1_1
2026-02-02 21:24:02.643 [main] DEBUG org.hibernate.orm.results.graph.AST - DomainResult Graph:
 \-CollectionDomainResult [modelo.Estudiante.logros]

2026-02-02 21:24:02.643 [main] DEBUG org.hibernate.orm.sql.ast.tree - SQL AST Tree:
    SelectStatement {
      FromClause {
        CollectionTableGroup (l1 : modelo.Estudiante.logros) {
          primaryTableReference : logro_estudiante as l1_0
          TableGroupJoins {
             join LazyTableGroup (l1 : modelo.Estudiante.logros.{element}) {
              primaryTableReference : logro as l1_1
            }
          }
        }
      }
    }

2026-02-02 21:24:02.643 [main] DEBUG org.hibernate.orm.jdbc.mutation - Static SQL for collection: modelo.Estudiante.logros
2026-02-02 21:24:02.667 [main] DEBUG org.hibernate.engine.transaction.jta.platform.internal.JtaPlatformInitiator - No JtaPlatform was specified, checking resolver
2026-02-02 21:24:02.668 [main] DEBUG org.hibernate.engine.transaction.jta.platform.internal.JtaPlatformResolverInitiator - No JtaPlatformResolver was specified, using default [org.hibernate.engine.transaction.jta.platform.internal.StandardJtaPlatformResolver]
2026-02-02 21:24:02.672 [main] DEBUG org.hibernate.engine.transaction.jta.platform.internal.StandardJtaPlatformResolver - Could not resolve JtaPlatform, using default [org.hibernate.engine.transaction.jta.platform.internal.NoJtaPlatform]
2026-02-02 21:24:02.672 [main] INFO  org.hibernate.engine.transaction.jta.platform.internal.JtaPlatformInitiator - HHH000489: No JTA platform available (set 'hibernate.transaction.jta.platform' to enable JTA platform integration)
2026-02-02 21:24:02.672 [main] DEBUG org.hibernate.type.spi.TypeConfiguration$Scope - Scoping TypeConfiguration [org.hibernate.type.spi.TypeConfiguration@640dc4c6] to SessionFactoryImplementor [org.hibernate.internal.SessionFactoryImpl@21733cbe]
2026-02-02 21:24:02.672 [main] DEBUG org.hibernate.query.named.NamedObjectRepository - Checking 0 named HQL queries
2026-02-02 21:24:02.673 [main] DEBUG org.hibernate.query.named.NamedObjectRepository - Checking 0 named SQL queries
2026-02-02 21:24:02.685 [main] DEBUG org.hibernate.SQL - 
    alter table asignacion 
       drop 
       foreign key FKovu95a00puuf9x61ve5frg9lr
2026-02-02 21:24:02.688 [main] INFO  org.hibernate.orm.connections.access - HHH10001501: Connection obtained from JdbcConnectionAccess [org.hibernate.engine.jdbc.env.internal.JdbcEnvironmentInitiator$ConnectionProviderJdbcConnectionAccess@3a861417] for (non-JTA) DDL execution was not in auto-commit mode; the Connection 'local transaction' will be committed and the Connection will be set into auto-commit mode.
2026-02-02 21:24:02.723 [main] DEBUG org.hibernate.SQL - 
    alter table asignacion 
       drop 
       foreign key FKjgqxbxgacasc7rw6ft78k5wxe
2026-02-02 21:24:02.766 [main] DEBUG org.hibernate.SQL - 
    alter table estudiante 
       drop 
       foreign key FK5a2y49gqj50k58rcckgh5cdue
2026-02-02 21:24:02.798 [main] DEBUG org.hibernate.SQL - 
    alter table logro_estudiante 
       drop 
       foreign key FK4cxmv62j6nj1yqc6c0dpx67mk
2026-02-02 21:24:02.829 [main] DEBUG org.hibernate.SQL - 
    alter table logro_estudiante 
       drop 
       foreign key FKbi1xfyefu6l3t4586nbr5vtpy
2026-02-02 21:24:02.872 [main] DEBUG org.hibernate.SQL - 
    alter table usuario 
       drop 
       foreign key FKdw89kie2kf1uequ0rwgjn8dk7
2026-02-02 21:24:02.902 [main] DEBUG org.hibernate.SQL - 
    drop table if exists asignacion
2026-02-02 21:24:02.964 [main] DEBUG org.hibernate.SQL - 
    drop table if exists docente
2026-02-02 21:24:03.027 [main] DEBUG org.hibernate.SQL - 
    drop table if exists estudiante
2026-02-02 21:24:03.094 [main] DEBUG org.hibernate.SQL - 
    drop table if exists lectura
2026-02-02 21:24:03.153 [main] DEBUG org.hibernate.SQL - 
    drop table if exists logro
2026-02-02 21:24:03.216 [main] DEBUG org.hibernate.SQL - 
    drop table if exists logro_estudiante
2026-02-02 21:24:03.282 [main] DEBUG org.hibernate.SQL - 
    drop table if exists usuario
2026-02-02 21:24:03.353 [main] DEBUG org.hibernate.SQL - 
    create table asignacion (
        esObligatoria bit not null,
        id_asignacion integer not null auto_increment,
        id_docente integer,
        id_lectura integer,
        totalAlumnos integer not null,
        codigoClase varchar(255),
        tituloAsignacion varchar(255),
        primary key (id_asignacion)
    ) engine=InnoDB
2026-02-02 21:24:03.354 [main] INFO  org.hibernate.orm.connections.access - HHH10001501: Connection obtained from JdbcConnectionAccess [org.hibernate.engine.jdbc.env.internal.JdbcEnvironmentInitiator$ConnectionProviderJdbcConnectionAccess@c497a55] for (non-JTA) DDL execution was not in auto-commit mode; the Connection 'local transaction' will be committed and the Connection will be set into auto-commit mode.
2026-02-02 21:24:03.509 [main] DEBUG org.hibernate.SQL - 
    create table docente (
        id_docente integer not null auto_increment,
        edad varchar(255),
        especialidad varchar(255),
        nombre varchar(255),
        primary key (id_docente)
    ) engine=InnoDB
2026-02-02 21:24:03.599 [main] DEBUG org.hibernate.SQL - 
    create table estudiante (
        id_estudiante integer not null auto_increment,
        id_usuario integer,
        nivelActual integer not null,
        puntosXP integer not null,
        primary key (id_estudiante)
    ) engine=InnoDB
2026-02-02 21:24:03.692 [main] DEBUG org.hibernate.SQL - 
    create table lectura (
        genero tinyint check (genero between 0 and 10),
        id_lectura integer not null auto_increment,
        autor varchar(255),
        titulo varchar(255),
        primary key (id_lectura)
    ) engine=InnoDB
2026-02-02 21:24:03.795 [main] DEBUG org.hibernate.SQL - 
    create table logro (
        id_logro integer not null auto_increment,
        descripcion varchar(255),
        nombreLogro varchar(255),
        primary key (id_logro)
    ) engine=InnoDB
2026-02-02 21:24:03.890 [main] DEBUG org.hibernate.SQL - 
    create table logro_estudiante (
        estudiantes_id_estudiante integer not null,
        logros_id_logro integer not null,
        primary key (estudiantes_id_estudiante, logros_id_logro)
    ) engine=InnoDB
2026-02-02 21:24:03.978 [main] DEBUG org.hibernate.SQL - 
    create table usuario (
        edad integer not null,
        estudiante_id_estudiante integer,
        id_usuario integer not null auto_increment,
        puntosPorLogro integer not null,
        nombreCompleto varchar(255),
        rolPrincipal enum ('PADRES','PROFESOR','TUTORLEGAL','ESTUDIANTE'),
        tipoUsuario enum ('PRINCIPIANTE','BASICO','INTERMEDIO','AVANZADO'),
        primary key (id_usuario)
    ) engine=InnoDB
2026-02-02 21:24:04.078 [main] DEBUG org.hibernate.SQL - 
    alter table estudiante 
       add constraint UK_r3enlfo0jgcja2ctu1pgnjtgg unique (id_usuario)
2026-02-02 21:24:04.139 [main] DEBUG org.hibernate.SQL - 
    alter table usuario 
       add constraint UK_sce1w9rc494545uqe2yfw0nf5 unique (estudiante_id_estudiante)
2026-02-02 21:24:04.193 [main] DEBUG org.hibernate.SQL - 
    alter table asignacion 
       add constraint FKovu95a00puuf9x61ve5frg9lr 
       foreign key (id_docente) 
       references docente (id_docente)
2026-02-02 21:24:04.453 [main] DEBUG org.hibernate.SQL - 
    alter table asignacion 
       add constraint FKjgqxbxgacasc7rw6ft78k5wxe 
       foreign key (id_lectura) 
       references lectura (id_lectura)
2026-02-02 21:24:04.715 [main] DEBUG org.hibernate.SQL - 
    alter table estudiante 
       add constraint FK5a2y49gqj50k58rcckgh5cdue 
       foreign key (id_usuario) 
       references usuario (id_usuario)
2026-02-02 21:24:04.966 [main] DEBUG org.hibernate.SQL - 
    alter table logro_estudiante 
       add constraint FK4cxmv62j6nj1yqc6c0dpx67mk 
       foreign key (estudiantes_id_estudiante) 
       references estudiante (id_estudiante)
2026-02-02 21:24:05.181 [main] DEBUG org.hibernate.SQL - 
    alter table logro_estudiante 
       add constraint FKbi1xfyefu6l3t4586nbr5vtpy 
       foreign key (logros_id_logro) 
       references logro (id_logro)
2026-02-02 21:24:05.418 [main] DEBUG org.hibernate.SQL - 
    alter table usuario 
       add constraint FKdw89kie2kf1uequ0rwgjn8dk7 
       foreign key (estudiante_id_estudiante) 
       references estudiante (id_estudiante)
2026-02-02 21:24:05.684 [main] DEBUG org.hibernate.internal.SessionFactoryRegistry - Initializing SessionFactoryRegistry : org.hibernate.internal.SessionFactoryRegistry@4fbb1144
2026-02-02 21:24:05.684 [main] DEBUG org.hibernate.internal.SessionFactoryRegistry - Registering SessionFactory: 0ae9be92-d9c4-4d23-b403-876f545ad1a7 (<unnamed>)
2026-02-02 21:24:05.684 [main] DEBUG org.hibernate.internal.SessionFactoryRegistry - Not binding SessionFactory to JNDI, no JNDI name configured
2026-02-02 21:24:05.684 [main] DEBUG org.hibernate.internal.SessionFactoryImpl - Instantiated SessionFactory
2026-02-02 21:24:05.708 [main] DEBUG org.hibernate.stat.internal.StatisticsInitiator - Statistics initialized [enabled=false]
2026-02-02 21:24:05.711 [main] DEBUG org.hibernate.engine.transaction.internal.TransactionImpl - On TransactionImpl creation, JpaCompliance#isJpaTransactionComplianceEnabled == false
2026-02-02 21:24:05.711 [main] DEBUG org.hibernate.engine.transaction.internal.TransactionImpl - begin
2026-02-02 21:24:05.719 [main] DEBUG org.hibernate.engine.spi.ActionQueue - Executing identity-insert immediately
2026-02-02 21:24:05.723 [main] DEBUG org.hibernate.SQL - 
    insert 
    into
        usuario
        (edad, estudiante_id_estudiante, nombreCompleto, puntosPorLogro, rolPrincipal, tipoUsuario) 
    values
        (?, ?, ?, ?, ?, ?)
2026-02-02 21:24:05.733 [main] DEBUG org.hibernate.id.IdentifierGeneratorHelper - Natively generated identity (modelo.Usuario) : 1
2026-02-02 21:24:05.738 [main] DEBUG org.hibernate.engine.transaction.internal.TransactionImpl - committing
2026-02-02 21:24:05.738 [main] DEBUG org.hibernate.event.internal.AbstractFlushingEventListener - Processing flush-time cascades
2026-02-02 21:24:05.739 [main] DEBUG org.hibernate.event.internal.AbstractFlushingEventListener - Dirty checking collections
2026-02-02 21:24:05.742 [main] DEBUG org.hibernate.event.internal.AbstractFlushingEventListener - Flushed: 0 insertions, 0 updates, 0 deletions to 1 objects
2026-02-02 21:24:05.742 [main] DEBUG org.hibernate.event.internal.AbstractFlushingEventListener - Flushed: 0 (re)creations, 0 updates, 0 removals to 0 collections
2026-02-02 21:24:05.743 [main] DEBUG org.hibernate.internal.util.EntityPrinter - Listing entities:
2026-02-02 21:24:05.743 [main] DEBUG org.hibernate.internal.util.EntityPrinter - modelo.Usuario{estudiante=null, id_usuario=1, tipoUsuario=BASICO, nombreCompleto=U001, edad=20, puntosPorLogro=0, rolPrincipal=ESTUDIANTE}
2026-02-02 21:24:05.762 [main] DEBUG org.hibernate.resource.jdbc.internal.LogicalConnectionManagedImpl - Initiating JDBC connection release from afterTransaction
2026-02-02 21:24:05.763 [main] DEBUG org.hibernate.resource.jdbc.internal.LogicalConnectionManagedImpl - Initiating JDBC connection release from afterTransaction
2026-02-02 21:24:05.764 [main] DEBUG org.hibernate.engine.transaction.internal.TransactionImpl - On TransactionImpl creation, JpaCompliance#isJpaTransactionComplianceEnabled == false
2026-02-02 21:24:05.764 [main] DEBUG org.hibernate.engine.transaction.internal.TransactionImpl - begin
2026-02-02 21:24:05.766 [main] DEBUG org.hibernate.engine.spi.ActionQueue - Executing identity-insert immediately
2026-02-02 21:24:05.766 [main] DEBUG org.hibernate.SQL - 
    insert 
    into
        docente
        (edad, especialidad, nombre) 
    values
        (?, ?, ?)
2026-02-02 21:24:05.767 [main] DEBUG org.hibernate.id.IdentifierGeneratorHelper - Natively generated identity (modelo.Docente) : 1
2026-02-02 21:24:05.767 [main] DEBUG org.hibernate.engine.transaction.internal.TransactionImpl - committing
2026-02-02 21:24:05.767 [main] DEBUG org.hibernate.event.internal.AbstractFlushingEventListener - Processing flush-time cascades
2026-02-02 21:24:05.767 [main] DEBUG org.hibernate.event.internal.AbstractFlushingEventListener - Dirty checking collections
2026-02-02 21:24:05.767 [main] DEBUG org.hibernate.event.internal.AbstractFlushingEventListener - Flushed: 0 insertions, 0 updates, 0 deletions to 1 objects
2026-02-02 21:24:05.767 [main] DEBUG org.hibernate.event.internal.AbstractFlushingEventListener - Flushed: 0 (re)creations, 0 updates, 0 removals to 0 collections
2026-02-02 21:24:05.767 [main] DEBUG org.hibernate.internal.util.EntityPrinter - Listing entities:
2026-02-02 21:24:05.767 [main] DEBUG org.hibernate.internal.util.EntityPrinter - modelo.Docente{id_docente=1, edad=profesor@cole.com, especialidad=Juan Perez, nombre=Matemáticas}
2026-02-02 21:24:05.786 [main] DEBUG org.hibernate.resource.jdbc.internal.LogicalConnectionManagedImpl - Initiating JDBC connection release from afterTransaction
2026-02-02 21:24:05.786 [main] DEBUG org.hibernate.resource.jdbc.internal.LogicalConnectionManagedImpl - Initiating JDBC connection release from afterTransaction
2026-02-02 21:24:05.787 [main] DEBUG org.hibernate.engine.transaction.internal.TransactionImpl - On TransactionImpl creation, JpaCompliance#isJpaTransactionComplianceEnabled == false
2026-02-02 21:24:05.787 [main] DEBUG org.hibernate.engine.transaction.internal.TransactionImpl - begin
2026-02-02 21:24:05.790 [main] DEBUG org.hibernate.engine.spi.ActionQueue - Executing identity-insert immediately
2026-02-02 21:24:05.790 [main] DEBUG org.hibernate.SQL - 
    insert 
    into
        lectura
        (autor, genero, titulo) 
    values
        (?, ?, ?)
2026-02-02 21:24:05.792 [main] DEBUG org.hibernate.id.IdentifierGeneratorHelper - Natively generated identity (modelo.Lectura) : 1
2026-02-02 21:24:05.792 [main] DEBUG org.hibernate.engine.transaction.internal.TransactionImpl - committing
2026-02-02 21:24:05.792 [main] DEBUG org.hibernate.event.internal.AbstractFlushingEventListener - Processing flush-time cascades
2026-02-02 21:24:05.792 [main] DEBUG org.hibernate.event.internal.AbstractFlushingEventListener - Dirty checking collections
2026-02-02 21:24:05.792 [main] DEBUG org.hibernate.event.internal.AbstractFlushingEventListener - Flushed: 0 insertions, 0 updates, 0 deletions to 1 objects
2026-02-02 21:24:05.792 [main] DEBUG org.hibernate.event.internal.AbstractFlushingEventListener - Flushed: 0 (re)creations, 0 updates, 0 removals to 0 collections
2026-02-02 21:24:05.792 [main] DEBUG org.hibernate.internal.util.EntityPrinter - Listing entities:
2026-02-02 21:24:05.792 [main] DEBUG org.hibernate.internal.util.EntityPrinter - modelo.Lectura{genero=AVENTURA, id_lectura=1, titulo=L001, asignaciones=null, autor=El Quijote}
2026-02-02 21:24:05.811 [main] DEBUG org.hibernate.resource.jdbc.internal.LogicalConnectionManagedImpl - Initiating JDBC connection release from afterTransaction
2026-02-02 21:24:05.811 [main] DEBUG org.hibernate.resource.jdbc.internal.LogicalConnectionManagedImpl - Initiating JDBC connection release from afterTransaction
2026-02-02 21:24:05.812 [main] DEBUG org.hibernate.engine.transaction.internal.TransactionImpl - On TransactionImpl creation, JpaCompliance#isJpaTransactionComplianceEnabled == false
2026-02-02 21:24:05.812 [main] DEBUG org.hibernate.engine.transaction.internal.TransactionImpl - begin
2026-02-02 21:24:05.816 [main] DEBUG org.hibernate.engine.spi.ActionQueue - Executing identity-insert immediately
2026-02-02 21:24:05.816 [main] DEBUG org.hibernate.SQL - 
    insert 
    into
        logro
        (descripcion, nombreLogro) 
    values
        (?, ?)
2026-02-02 21:24:05.818 [main] DEBUG org.hibernate.id.IdentifierGeneratorHelper - Natively generated identity (modelo.Logro) : 1
2026-02-02 21:24:05.819 [main] DEBUG org.hibernate.engine.transaction.internal.TransactionImpl - committing
2026-02-02 21:24:05.819 [main] DEBUG org.hibernate.event.internal.AbstractFlushingEventListener - Processing flush-time cascades
2026-02-02 21:24:05.819 [main] DEBUG org.hibernate.event.internal.AbstractFlushingEventListener - Dirty checking collections
2026-02-02 21:24:05.820 [main] DEBUG org.hibernate.engine.internal.Collections - Collection found: [modelo.Logro.estudiantes#1], was: [<unreferenced>] (initialized)
2026-02-02 21:24:05.821 [main] DEBUG org.hibernate.event.internal.AbstractFlushingEventListener - Flushed: 0 insertions, 0 updates, 0 deletions to 1 objects
2026-02-02 21:24:05.821 [main] DEBUG org.hibernate.event.internal.AbstractFlushingEventListener - Flushed: 1 (re)creations, 0 updates, 0 removals to 1 collections
2026-02-02 21:24:05.821 [main] DEBUG org.hibernate.internal.util.EntityPrinter - Listing entities:
2026-02-02 21:24:05.822 [main] DEBUG org.hibernate.internal.util.EntityPrinter - modelo.Logro{descripcion=Leídas 5 lecturas, id_logro=1, estudiantes=[], nombreLogro=Gran Lector}
2026-02-02 21:24:05.823 [main] DEBUG org.hibernate.orm.jdbc.mutation - Inserting collection rows - modelo.Logro.estudiantes : 1
2026-02-02 21:24:05.824 [main] DEBUG org.hibernate.orm.jdbc.mutation - No collection rows to insert - modelo.Logro.estudiantes : 1
2026-02-02 21:24:05.840 [main] DEBUG org.hibernate.resource.jdbc.internal.LogicalConnectionManagedImpl - Initiating JDBC connection release from afterTransaction
2026-02-02 21:24:05.841 [main] DEBUG org.hibernate.resource.jdbc.internal.LogicalConnectionManagedImpl - Initiating JDBC connection release from afterTransaction
2026-02-02 21:24:05.841 [main] DEBUG org.hibernate.engine.transaction.internal.TransactionImpl - On TransactionImpl creation, JpaCompliance#isJpaTransactionComplianceEnabled == false
2026-02-02 21:24:05.841 [main] DEBUG org.hibernate.engine.transaction.internal.TransactionImpl - begin
2026-02-02 21:24:05.844 [main] DEBUG org.hibernate.engine.spi.ActionQueue - Executing identity-insert immediately
2026-02-02 21:24:05.844 [main] DEBUG org.hibernate.SQL - 
    insert 
    into
        estudiante
        (nivelActual, puntosXP, id_usuario) 
    values
        (?, ?, ?)
2026-02-02 21:24:05.846 [main] DEBUG org.hibernate.id.IdentifierGeneratorHelper - Natively generated identity (modelo.Estudiante) : 1
2026-02-02 21:24:05.846 [main] DEBUG org.hibernate.engine.transaction.internal.TransactionImpl - committing
2026-02-02 21:24:05.846 [main] DEBUG org.hibernate.event.internal.AbstractFlushingEventListener - Processing flush-time cascades
2026-02-02 21:24:05.846 [main] DEBUG org.hibernate.event.internal.AbstractFlushingEventListener - Dirty checking collections
2026-02-02 21:24:05.847 [main] DEBUG org.hibernate.engine.internal.Collections - Collection found: [modelo.Estudiante.logros#1], was: [<unreferenced>] (initialized)
2026-02-02 21:24:05.847 [main] DEBUG org.hibernate.event.internal.AbstractFlushingEventListener - Flushed: 0 insertions, 0 updates, 0 deletions to 1 objects
2026-02-02 21:24:05.847 [main] DEBUG org.hibernate.event.internal.AbstractFlushingEventListener - Flushed: 1 (re)creations, 0 updates, 0 removals to 1 collections
2026-02-02 21:24:05.847 [main] DEBUG org.hibernate.internal.util.EntityPrinter - Listing entities:
2026-02-02 21:24:05.847 [main] DEBUG org.hibernate.internal.util.EntityPrinter - modelo.Estudiante{id_estudiante=1, logros=[], usuario=modelo.Usuario#1, nivelActual=500, puntosXP=1}
2026-02-02 21:24:05.871 [main] DEBUG org.hibernate.resource.jdbc.internal.LogicalConnectionManagedImpl - Initiating JDBC connection release from afterTransaction
2026-02-02 21:24:05.872 [main] DEBUG org.hibernate.resource.jdbc.internal.LogicalConnectionManagedImpl - Initiating JDBC connection release from afterTransaction
2026-02-02 21:24:05.873 [main] DEBUG org.hibernate.engine.transaction.internal.TransactionImpl - On TransactionImpl creation, JpaCompliance#isJpaTransactionComplianceEnabled == false
2026-02-02 21:24:05.873 [main] DEBUG org.hibernate.engine.transaction.internal.TransactionImpl - begin
2026-02-02 21:24:05.874 [main] DEBUG org.hibernate.engine.spi.ActionQueue - Executing identity-insert immediately
2026-02-02 21:24:05.874 [main] DEBUG org.hibernate.SQL - 
    insert 
    into
        asignacion
        (codigoClase, id_docente, esObligatoria, id_lectura, tituloAsignacion, totalAlumnos) 
    values
        (?, ?, ?, ?, ?, ?)
2026-02-02 21:24:05.876 [main] DEBUG org.hibernate.id.IdentifierGeneratorHelper - Natively generated identity (modelo.Asignacion) : 1
2026-02-02 21:24:05.876 [main] DEBUG org.hibernate.engine.transaction.internal.TransactionImpl - committing
2026-02-02 21:24:05.876 [main] DEBUG org.hibernate.event.internal.AbstractFlushingEventListener - Processing flush-time cascades
2026-02-02 21:24:05.876 [main] DEBUG org.hibernate.event.internal.AbstractFlushingEventListener - Dirty checking collections
2026-02-02 21:24:05.876 [main] DEBUG org.hibernate.event.internal.AbstractFlushingEventListener - Flushed: 0 insertions, 0 updates, 0 deletions to 1 objects
2026-02-02 21:24:05.876 [main] DEBUG org.hibernate.event.internal.AbstractFlushingEventListener - Flushed: 0 (re)creations, 0 updates, 0 removals to 0 collections
2026-02-02 21:24:05.876 [main] DEBUG org.hibernate.internal.util.EntityPrinter - Listing entities:
2026-02-02 21:24:05.877 [main] DEBUG org.hibernate.internal.util.EntityPrinter - modelo.Asignacion{id_asignacion=1, docente=modelo.Docente#1, totalAlumnos=25, lectura=modelo.Lectura#1, tituloAsignacion=ASIG001, codigoClase=2A-2026, esObligatoria=true}
2026-02-02 21:24:05.893 [main] DEBUG org.hibernate.resource.jdbc.internal.LogicalConnectionManagedImpl - Initiating JDBC connection release from afterTransaction
2026-02-02 21:24:05.895 [main] DEBUG org.hibernate.resource.jdbc.internal.LogicalConnectionManagedImpl - Initiating JDBC connection release from afterTransaction
2026-02-02 21:27:15.718 [main] DEBUG org.jboss.logging - Logging Provider: org.jboss.logging.Log4j2LoggerProvider
2026-02-02 21:27:15.731 [main] DEBUG org.hibernate.integrator.internal.IntegratorServiceImpl - Adding Integrator [org.hibernate.boot.beanvalidation.BeanValidationIntegrator].
2026-02-02 21:27:15.734 [main] DEBUG org.hibernate.integrator.internal.IntegratorServiceImpl - Adding Integrator [org.hibernate.cache.internal.CollectionCacheInvalidator].
2026-02-02 21:27:15.752 [main] INFO  org.hibernate.Version - HHH000412: Hibernate ORM core version 6.4.4.Final
2026-02-02 21:27:15.753 [main] DEBUG org.hibernate.cfg.Environment - HHH000206: 'hibernate.properties' not found
2026-02-02 21:27:15.776 [main] DEBUG org.hibernate.boot.jaxb.internal.stax.LocalXmlResourceResolver - Checking public/system identifiers `-//Hibernate/Hibernate Configuration DTD 3.0//EN`/`https://hibernate.org/dtd/hibernate-configuration-3.0.dtd` as DTD references
2026-02-02 21:27:15.782 [main] DEBUG org.hibernate.boot.cfgxml.internal.JaxbCfgProcessor - cfg.xml document did not define namespaces; wrapping in custom event reader to introduce namespace information
2026-02-02 21:27:15.927 [main] DEBUG org.hibernate.orm.idgen.factory - Ignoring CDI for resolving IdentifierGenerator instances as extended or delayed CDI support was enabled
2026-02-02 21:27:15.931 [main] DEBUG org.hibernate.orm.idgen.factory - Registering IdentifierGenerator strategy [uuid2] -> [org.hibernate.id.UUIDGenerator]
2026-02-02 21:27:15.931 [main] DEBUG org.hibernate.orm.idgen.factory - Registering IdentifierGenerator strategy [guid] -> [org.hibernate.id.GUIDGenerator]
2026-02-02 21:27:15.932 [main] DEBUG org.hibernate.orm.idgen.factory - Registering IdentifierGenerator strategy [uuid] -> [org.hibernate.id.UUIDHexGenerator]
2026-02-02 21:27:15.932 [main] DEBUG org.hibernate.orm.idgen.factory - Registering IdentifierGenerator strategy [uuid.hex] -> [org.hibernate.id.UUIDHexGenerator]
2026-02-02 21:27:15.933 [main] DEBUG org.hibernate.orm.idgen.factory - Registering IdentifierGenerator strategy [assigned] -> [org.hibernate.id.Assigned]
2026-02-02 21:27:15.933 [main] DEBUG org.hibernate.orm.idgen.factory - Registering IdentifierGenerator strategy [identity] -> [org.hibernate.id.IdentityGenerator]
2026-02-02 21:27:15.934 [main] DEBUG org.hibernate.orm.idgen.factory - Registering IdentifierGenerator strategy [select] -> [org.hibernate.id.SelectGenerator]
2026-02-02 21:27:15.935 [main] DEBUG org.hibernate.orm.idgen.factory - Registering IdentifierGenerator strategy [sequence] -> [org.hibernate.id.enhanced.SequenceStyleGenerator]
2026-02-02 21:27:15.935 [main] DEBUG org.hibernate.orm.idgen.factory - Registering IdentifierGenerator strategy [increment] -> [org.hibernate.id.IncrementGenerator]
2026-02-02 21:27:15.935 [main] DEBUG org.hibernate.orm.idgen.factory - Registering IdentifierGenerator strategy [foreign] -> [org.hibernate.id.ForeignGenerator]
2026-02-02 21:27:15.935 [main] DEBUG org.hibernate.orm.idgen.factory - Registering IdentifierGenerator strategy [enhanced-sequence] -> [org.hibernate.id.enhanced.SequenceStyleGenerator]
2026-02-02 21:27:15.936 [main] DEBUG org.hibernate.orm.idgen.factory - Registering IdentifierGenerator strategy [enhanced-table] -> [org.hibernate.id.enhanced.TableGenerator]
2026-02-02 21:27:15.942 [main] DEBUG org.hibernate.cache.internal.RegionFactoryInitiator - Cannot default RegionFactory based on registered strategies as `[]` RegionFactory strategies were registered
2026-02-02 21:27:15.943 [main] INFO  org.hibernate.cache.internal.RegionFactoryInitiator - HHH000026: Second-level cache disabled
2026-02-02 21:27:16.005 [main] DEBUG org.hibernate.type.BasicTypeRegistry - Adding type registration boolean -> org.hibernate.type.BasicTypeReference@2ca47471
2026-02-02 21:27:16.005 [main] DEBUG org.hibernate.type.BasicTypeRegistry - Adding type registration boolean -> org.hibernate.type.BasicTypeReference@2ca47471
2026-02-02 21:27:16.005 [main] DEBUG org.hibernate.type.BasicTypeRegistry - Adding type registration java.lang.Boolean -> org.hibernate.type.BasicTypeReference@2ca47471
2026-02-02 21:27:16.005 [main] DEBUG org.hibernate.type.BasicTypeRegistry - Adding type registration numeric_boolean -> org.hibernate.type.BasicTypeReference@5a021cb9
2026-02-02 21:27:16.005 [main] DEBUG org.hibernate.type.BasicTypeRegistry - Adding type registration org.hibernate.type.NumericBooleanConverter -> org.hibernate.type.BasicTypeReference@5a021cb9
2026-02-02 21:27:16.005 [main] DEBUG org.hibernate.type.BasicTypeRegistry - Adding type registration true_false -> org.hibernate.type.BasicTypeReference@51768776
2026-02-02 21:27:16.005 [main] DEBUG org.hibernate.type.BasicTypeRegistry - Adding type registration org.hibernate.type.TrueFalseConverter -> org.hibernate.type.BasicTypeReference@51768776
2026-02-02 21:27:16.005 [main] DEBUG org.hibernate.type.BasicTypeRegistry - Adding type registration yes_no -> org.hibernate.type.BasicTypeReference@f31c0c6
2026-02-02 21:27:16.006 [main] DEBUG org.hibernate.type.BasicTypeRegistry - Adding type registration org.hibernate.type.YesNoConverter -> org.hibernate.type.BasicTypeReference@f31c0c6
2026-02-02 21:27:16.006 [main] DEBUG org.hibernate.type.BasicTypeRegistry - Adding type registration byte -> org.hibernate.type.BasicTypeReference@b93aad
2026-02-02 21:27:16.006 [main] DEBUG org.hibernate.type.BasicTypeRegistry - Adding type registration byte -> org.hibernate.type.BasicTypeReference@b93aad
2026-02-02 21:27:16.006 [main] DEBUG org.hibernate.type.BasicTypeRegistry - Adding type registration java.lang.Byte -> org.hibernate.type.BasicTypeReference@b93aad
2026-02-02 21:27:16.006 [main] DEBUG org.hibernate.type.BasicTypeRegistry - Adding type registration binary -> org.hibernate.type.BasicTypeReference@4a9419d7
2026-02-02 21:27:16.006 [main] DEBUG org.hibernate.type.BasicTypeRegistry - Adding type registration byte[] -> org.hibernate.type.BasicTypeReference@4a9419d7
2026-02-02 21:27:16.006 [main] DEBUG org.hibernate.type.BasicTypeRegistry - Adding type registration [B -> org.hibernate.type.BasicTypeReference@4a9419d7
2026-02-02 21:27:16.006 [main] DEBUG org.hibernate.type.BasicTypeRegistry - Adding type registration binary_wrapper -> org.hibernate.type.BasicTypeReference@2f3c6ac4
2026-02-02 21:27:16.006 [main] DEBUG org.hibernate.type.BasicTypeRegistry - Adding type registration wrapper-binary -> org.hibernate.type.BasicTypeReference@2f3c6ac4
2026-02-02 21:27:16.006 [main] DEBUG org.hibernate.type.BasicTypeRegistry - Adding type registration image -> org.hibernate.type.BasicTypeReference@2e8ab815
2026-02-02 21:27:16.007 [main] DEBUG org.hibernate.type.BasicTypeRegistry - Adding type registration blob -> org.hibernate.type.BasicTypeReference@67af833b
2026-02-02 21:27:16.007 [main] DEBUG org.hibernate.type.BasicTypeRegistry - Adding type registration java.sql.Blob -> org.hibernate.type.BasicTypeReference@67af833b
2026-02-02 21:27:16.007 [main] DEBUG org.hibernate.type.BasicTypeRegistry - Adding type registration materialized_blob -> org.hibernate.type.BasicTypeReference@d1f74b8
2026-02-02 21:27:16.007 [main] DEBUG org.hibernate.type.BasicTypeRegistry - Adding type registration materialized_blob_wrapper -> org.hibernate.type.BasicTypeReference@41394595
2026-02-02 21:27:16.007 [main] DEBUG org.hibernate.type.BasicTypeRegistry - Adding type registration short -> org.hibernate.type.BasicTypeReference@3a0807b7
2026-02-02 21:27:16.007 [main] DEBUG org.hibernate.type.BasicTypeRegistry - Adding type registration short -> org.hibernate.type.BasicTypeReference@3a0807b7
2026-02-02 21:27:16.007 [main] DEBUG org.hibernate.type.BasicTypeRegistry - Adding type registration java.lang.Short -> org.hibernate.type.BasicTypeReference@3a0807b7
2026-02-02 21:27:16.007 [main] DEBUG org.hibernate.type.BasicTypeRegistry - Adding type registration integer -> org.hibernate.type.BasicTypeReference@21a5fd96
2026-02-02 21:27:16.007 [main] DEBUG org.hibernate.type.BasicTypeRegistry - Adding type registration int -> org.hibernate.type.BasicTypeReference@21a5fd96
2026-02-02 21:27:16.007 [main] DEBUG org.hibernate.type.BasicTypeRegistry - Adding type registration java.lang.Integer -> org.hibernate.type.BasicTypeReference@21a5fd96
2026-02-02 21:27:16.007 [main] DEBUG org.hibernate.type.BasicTypeRegistry - Adding type registration long -> org.hibernate.type.BasicTypeReference@5769e7ae
2026-02-02 21:27:16.007 [main] DEBUG org.hibernate.type.BasicTypeRegistry - Adding type registration long -> org.hibernate.type.BasicTypeReference@5769e7ae
2026-02-02 21:27:16.009 [main] DEBUG org.hibernate.type.BasicTypeRegistry - Adding type registration java.lang.Long -> org.hibernate.type.BasicTypeReference@5769e7ae
2026-02-02 21:27:16.009 [main] DEBUG org.hibernate.type.BasicTypeRegistry - Adding type registration float -> org.hibernate.type.BasicTypeReference@5c77053b
2026-02-02 21:27:16.009 [main] DEBUG org.hibernate.type.BasicTypeRegistry - Adding type registration float -> org.hibernate.type.BasicTypeReference@5c77053b
2026-02-02 21:27:16.009 [main] DEBUG org.hibernate.type.BasicTypeRegistry - Adding type registration java.lang.Float -> org.hibernate.type.BasicTypeReference@5c77053b
2026-02-02 21:27:16.009 [main] DEBUG org.hibernate.type.BasicTypeRegistry - Adding type registration double -> org.hibernate.type.BasicTypeReference@26b894bd
2026-02-02 21:27:16.009 [main] DEBUG org.hibernate.type.BasicTypeRegistry - Adding type registration double -> org.hibernate.type.BasicTypeReference@26b894bd
2026-02-02 21:27:16.009 [main] DEBUG org.hibernate.type.BasicTypeRegistry - Adding type registration java.lang.Double -> org.hibernate.type.BasicTypeReference@26b894bd
2026-02-02 21:27:16.009 [main] DEBUG org.hibernate.type.BasicTypeRegistry - Adding type registration big_integer -> org.hibernate.type.BasicTypeReference@287f94b1
2026-02-02 21:27:16.009 [main] DEBUG org.hibernate.type.BasicTypeRegistry - Adding type registration java.math.BigInteger -> org.hibernate.type.BasicTypeReference@287f94b1
2026-02-02 21:27:16.009 [main] DEBUG org.hibernate.type.BasicTypeRegistry - Adding type registration big_decimal -> org.hibernate.type.BasicTypeReference@30b34287
2026-02-02 21:27:16.009 [main] DEBUG org.hibernate.type.BasicTypeRegistry - Adding type registration java.math.BigDecimal -> org.hibernate.type.BasicTypeReference@30b34287
2026-02-02 21:27:16.010 [main] DEBUG org.hibernate.type.BasicTypeRegistry - Adding type registration character -> org.hibernate.type.BasicTypeReference@5489c777
2026-02-02 21:27:16.010 [main] DEBUG org.hibernate.type.BasicTypeRegistry - Adding type registration char -> org.hibernate.type.BasicTypeReference@5489c777
2026-02-02 21:27:16.010 [main] DEBUG org.hibernate.type.BasicTypeRegistry - Adding type registration java.lang.Character -> org.hibernate.type.BasicTypeReference@5489c777
2026-02-02 21:27:16.010 [main] DEBUG org.hibernate.type.BasicTypeRegistry - Adding type registration character_nchar -> org.hibernate.type.BasicTypeReference@3676ac27
2026-02-02 21:27:16.010 [main] DEBUG org.hibernate.type.BasicTypeRegistry - Adding type registration string -> org.hibernate.type.BasicTypeReference@62f87c44
2026-02-02 21:27:16.010 [main] DEBUG org.hibernate.type.BasicTypeRegistry - Adding type registration java.lang.String -> org.hibernate.type.BasicTypeReference@62f87c44
2026-02-02 21:27:16.010 [main] DEBUG org.hibernate.type.BasicTypeRegistry - Adding type registration nstring -> org.hibernate.type.BasicTypeReference@48f5bde6
2026-02-02 21:27:16.010 [main] DEBUG org.hibernate.type.BasicTypeRegistry - Adding type registration characters -> org.hibernate.type.BasicTypeReference@525d79f0
2026-02-02 21:27:16.010 [main] DEBUG org.hibernate.type.BasicTypeRegistry - Adding type registration char[] -> org.hibernate.type.BasicTypeReference@525d79f0
2026-02-02 21:27:16.010 [main] DEBUG org.hibernate.type.BasicTypeRegistry - Adding type registration [C -> org.hibernate.type.BasicTypeReference@525d79f0
2026-02-02 21:27:16.010 [main] DEBUG org.hibernate.type.BasicTypeRegistry - Adding type registration wrapper-characters -> org.hibernate.type.BasicTypeReference@5149f008
2026-02-02 21:27:16.011 [main] DEBUG org.hibernate.type.BasicTypeRegistry - Adding type registration text -> org.hibernate.type.BasicTypeReference@7072bc39
2026-02-02 21:27:16.011 [main] DEBUG org.hibernate.type.BasicTypeRegistry - Adding type registration ntext -> org.hibernate.type.BasicTypeReference@158d255c
2026-02-02 21:27:16.011 [main] DEBUG org.hibernate.type.BasicTypeRegistry - Adding type registration clob -> org.hibernate.type.BasicTypeReference@2ca65ce4
2026-02-02 21:27:16.011 [main] DEBUG org.hibernate.type.BasicTypeRegistry - Adding type registration java.sql.Clob -> org.hibernate.type.BasicTypeReference@2ca65ce4
2026-02-02 21:27:16.011 [main] DEBUG org.hibernate.type.BasicTypeRegistry - Adding type registration nclob -> org.hibernate.type.BasicTypeReference@327120c8
2026-02-02 21:27:16.011 [main] DEBUG org.hibernate.type.BasicTypeRegistry - Adding type registration java.sql.NClob -> org.hibernate.type.BasicTypeReference@327120c8
2026-02-02 21:27:16.011 [main] DEBUG org.hibernate.type.BasicTypeRegistry - Adding type registration materialized_clob -> org.hibernate.type.BasicTypeReference@5707c1cb
2026-02-02 21:27:16.011 [main] DEBUG org.hibernate.type.BasicTypeRegistry - Adding type registration materialized_clob_char_array -> org.hibernate.type.BasicTypeReference@2b5cb9b2
2026-02-02 21:27:16.011 [main] DEBUG org.hibernate.type.BasicTypeRegistry - Adding type registration materialized_clob_character_array -> org.hibernate.type.BasicTypeReference@35038141
2026-02-02 21:27:16.011 [main] DEBUG org.hibernate.type.BasicTypeRegistry - Adding type registration materialized_nclob -> org.hibernate.type.BasicTypeReference@ecf9049
2026-02-02 21:27:16.011 [main] DEBUG org.hibernate.type.BasicTypeRegistry - Adding type registration materialized_nclob_character_array -> org.hibernate.type.BasicTypeReference@672f11c2
2026-02-02 21:27:16.011 [main] DEBUG org.hibernate.type.BasicTypeRegistry - Adding type registration materialized_nclob_char_array -> org.hibernate.type.BasicTypeReference@2970a5bc
2026-02-02 21:27:16.011 [main] DEBUG org.hibernate.type.BasicTypeRegistry - Adding type registration Duration -> org.hibernate.type.BasicTypeReference@50305a
2026-02-02 21:27:16.011 [main] DEBUG org.hibernate.type.BasicTypeRegistry - Adding type registration java.time.Duration -> org.hibernate.type.BasicTypeReference@50305a
2026-02-02 21:27:16.011 [main] DEBUG org.hibernate.type.BasicTypeRegistry - Adding type registration LocalDateTime -> org.hibernate.type.BasicTypeReference@72efb5c1
2026-02-02 21:27:16.011 [main] DEBUG org.hibernate.type.BasicTypeRegistry - Adding type registration java.time.LocalDateTime -> org.hibernate.type.BasicTypeReference@72efb5c1
2026-02-02 21:27:16.012 [main] DEBUG org.hibernate.type.BasicTypeRegistry - Adding type registration LocalDate -> org.hibernate.type.BasicTypeReference@6d511b5f
2026-02-02 21:27:16.012 [main] DEBUG org.hibernate.type.BasicTypeRegistry - Adding type registration java.time.LocalDate -> org.hibernate.type.BasicTypeReference@6d511b5f
2026-02-02 21:27:16.012 [main] DEBUG org.hibernate.type.BasicTypeRegistry - Adding type registration LocalTime -> org.hibernate.type.BasicTypeReference@41200e0c
2026-02-02 21:27:16.012 [main] DEBUG org.hibernate.type.BasicTypeRegistry - Adding type registration java.time.LocalTime -> org.hibernate.type.BasicTypeReference@41200e0c
2026-02-02 21:27:16.012 [main] DEBUG org.hibernate.type.BasicTypeRegistry - Adding type registration OffsetDateTime -> org.hibernate.type.BasicTypeReference@40f33492
2026-02-02 21:27:16.012 [main] DEBUG org.hibernate.type.BasicTypeRegistry - Adding type registration java.time.OffsetDateTime -> org.hibernate.type.BasicTypeReference@40f33492
2026-02-02 21:27:16.012 [main] DEBUG org.hibernate.type.BasicTypeRegistry - Adding type registration OffsetDateTimeWithTimezone -> org.hibernate.type.BasicTypeReference@4fbdc0f0
2026-02-02 21:27:16.012 [main] DEBUG org.hibernate.type.BasicTypeRegistry - Adding type registration OffsetDateTimeWithoutTimezone -> org.hibernate.type.BasicTypeReference@2ad3a1bb
2026-02-02 21:27:16.012 [main] DEBUG org.hibernate.type.BasicTypeRegistry - Adding type registration OffsetTime -> org.hibernate.type.BasicTypeReference@6bc28a83
2026-02-02 21:27:16.013 [main] DEBUG org.hibernate.type.BasicTypeRegistry - Adding type registration java.time.OffsetTime -> org.hibernate.type.BasicTypeReference@6bc28a83
2026-02-02 21:27:16.013 [main] DEBUG org.hibernate.type.BasicTypeRegistry - Adding type registration OffsetTimeUtc -> org.hibernate.type.BasicTypeReference@324c64cd
2026-02-02 21:27:16.013 [main] DEBUG org.hibernate.type.BasicTypeRegistry - Adding type registration OffsetTimeWithTimezone -> org.hibernate.type.BasicTypeReference@13579834
2026-02-02 21:27:16.013 [main] DEBUG org.hibernate.type.BasicTypeRegistry - Adding type registration OffsetTimeWithoutTimezone -> org.hibernate.type.BasicTypeReference@24be2d9c
2026-02-02 21:27:16.013 [main] DEBUG org.hibernate.type.BasicTypeRegistry - Adding type registration ZonedDateTime -> org.hibernate.type.BasicTypeReference@5bd73d1a
2026-02-02 21:27:16.013 [main] DEBUG org.hibernate.type.BasicTypeRegistry - Adding type registration java.time.ZonedDateTime -> org.hibernate.type.BasicTypeReference@5bd73d1a
2026-02-02 21:27:16.013 [main] DEBUG org.hibernate.type.BasicTypeRegistry - Adding type registration ZonedDateTimeWithTimezone -> org.hibernate.type.BasicTypeReference@aec50a1
2026-02-02 21:27:16.013 [main] DEBUG org.hibernate.type.BasicTypeRegistry - Adding type registration ZonedDateTimeWithoutTimezone -> org.hibernate.type.BasicTypeReference@2555fff0
2026-02-02 21:27:16.013 [main] DEBUG org.hibernate.type.BasicTypeRegistry - Adding type registration date -> org.hibernate.type.BasicTypeReference@70d2e40b
2026-02-02 21:27:16.013 [main] DEBUG org.hibernate.type.BasicTypeRegistry - Adding type registration java.sql.Date -> org.hibernate.type.BasicTypeReference@70d2e40b
2026-02-02 21:27:16.013 [main] DEBUG org.hibernate.type.BasicTypeRegistry - Adding type registration time -> org.hibernate.type.BasicTypeReference@120f38e6
2026-02-02 21:27:16.013 [main] DEBUG org.hibernate.type.BasicTypeRegistry - Adding type registration java.sql.Time -> org.hibernate.type.BasicTypeReference@120f38e6
2026-02-02 21:27:16.013 [main] DEBUG org.hibernate.type.BasicTypeRegistry - Adding type registration timestamp -> org.hibernate.type.BasicTypeReference@7a0e1b5e
2026-02-02 21:27:16.013 [main] DEBUG org.hibernate.type.BasicTypeRegistry - Adding type registration java.sql.Timestamp -> org.hibernate.type.BasicTypeReference@7a0e1b5e
2026-02-02 21:27:16.013 [main] DEBUG org.hibernate.type.BasicTypeRegistry - Adding type registration java.util.Date -> org.hibernate.type.BasicTypeReference@7a0e1b5e
2026-02-02 21:27:16.013 [main] DEBUG org.hibernate.type.BasicTypeRegistry - Adding type registration calendar -> org.hibernate.type.BasicTypeReference@702ed190
2026-02-02 21:27:16.013 [main] DEBUG org.hibernate.type.BasicTypeRegistry - Adding type registration java.util.Calendar -> org.hibernate.type.BasicTypeReference@702ed190
2026-02-02 21:27:16.015 [main] DEBUG org.hibernate.type.BasicTypeRegistry - Adding type registration java.util.GregorianCalendar -> org.hibernate.type.BasicTypeReference@702ed190
2026-02-02 21:27:16.015 [main] DEBUG org.hibernate.type.BasicTypeRegistry - Adding type registration calendar_date -> org.hibernate.type.BasicTypeReference@173b9122
2026-02-02 21:27:16.015 [main] DEBUG org.hibernate.type.BasicTypeRegistry - Adding type registration calendar_time -> org.hibernate.type.BasicTypeReference@7c18432b
2026-02-02 21:27:16.015 [main] DEBUG org.hibernate.type.BasicTypeRegistry - Adding type registration instant -> org.hibernate.type.BasicTypeReference@7646731d
2026-02-02 21:27:16.015 [main] DEBUG org.hibernate.type.BasicTypeRegistry - Adding type registration java.time.Instant -> org.hibernate.type.BasicTypeReference@7646731d
2026-02-02 21:27:16.015 [main] DEBUG org.hibernate.type.BasicTypeRegistry - Adding type registration uuid -> org.hibernate.type.BasicTypeReference@70e29e14
2026-02-02 21:27:16.015 [main] DEBUG org.hibernate.type.BasicTypeRegistry - Adding type registration java.util.UUID -> org.hibernate.type.BasicTypeReference@70e29e14
2026-02-02 21:27:16.015 [main] DEBUG org.hibernate.type.BasicTypeRegistry - Adding type registration pg-uuid -> org.hibernate.type.BasicTypeReference@70e29e14
2026-02-02 21:27:16.015 [main] DEBUG org.hibernate.type.BasicTypeRegistry - Adding type registration uuid-binary -> org.hibernate.type.BasicTypeReference@3b1bb3ab
2026-02-02 21:27:16.015 [main] DEBUG org.hibernate.type.BasicTypeRegistry - Adding type registration uuid-char -> org.hibernate.type.BasicTypeReference@5a4bef8
2026-02-02 21:27:16.016 [main] DEBUG org.hibernate.type.BasicTypeRegistry - Adding type registration class -> org.hibernate.type.BasicTypeReference@40bffbca
2026-02-02 21:27:16.016 [main] DEBUG org.hibernate.type.BasicTypeRegistry - Adding type registration java.lang.Class -> org.hibernate.type.BasicTypeReference@40bffbca
2026-02-02 21:27:16.016 [main] DEBUG org.hibernate.type.BasicTypeRegistry - Adding type registration currency -> org.hibernate.type.BasicTypeReference@2449cff7
2026-02-02 21:27:16.016 [main] DEBUG org.hibernate.type.BasicTypeRegistry - Adding type registration Currency -> org.hibernate.type.BasicTypeReference@2449cff7
2026-02-02 21:27:16.016 [main] DEBUG org.hibernate.type.BasicTypeRegistry - Adding type registration java.util.Currency -> org.hibernate.type.BasicTypeReference@2449cff7
2026-02-02 21:27:16.016 [main] DEBUG org.hibernate.type.BasicTypeRegistry - Adding type registration locale -> org.hibernate.type.BasicTypeReference@42a9a63e
2026-02-02 21:27:16.016 [main] DEBUG org.hibernate.type.BasicTypeRegistry - Adding type registration java.util.Locale -> org.hibernate.type.BasicTypeReference@42a9a63e
2026-02-02 21:27:16.017 [main] DEBUG org.hibernate.type.BasicTypeRegistry - Adding type registration serializable -> org.hibernate.type.BasicTypeReference@62da83ed
2026-02-02 21:27:16.017 [main] DEBUG org.hibernate.type.BasicTypeRegistry - Adding type registration java.io.Serializable -> org.hibernate.type.BasicTypeReference@62da83ed
2026-02-02 21:27:16.017 [main] DEBUG org.hibernate.type.BasicTypeRegistry - Adding type registration timezone -> org.hibernate.type.BasicTypeReference@5d8445d7
2026-02-02 21:27:16.017 [main] DEBUG org.hibernate.type.BasicTypeRegistry - Adding type registration java.util.TimeZone -> org.hibernate.type.BasicTypeReference@5d8445d7
2026-02-02 21:27:16.017 [main] DEBUG org.hibernate.type.BasicTypeRegistry - Adding type registration ZoneOffset -> org.hibernate.type.BasicTypeReference@37d80fe7
2026-02-02 21:27:16.017 [main] DEBUG org.hibernate.type.BasicTypeRegistry - Adding type registration java.time.ZoneOffset -> org.hibernate.type.BasicTypeReference@37d80fe7
2026-02-02 21:27:16.017 [main] DEBUG org.hibernate.type.BasicTypeRegistry - Adding type registration url -> org.hibernate.type.BasicTypeReference@384fc774
2026-02-02 21:27:16.017 [main] DEBUG org.hibernate.type.BasicTypeRegistry - Adding type registration java.net.URL -> org.hibernate.type.BasicTypeReference@384fc774
2026-02-02 21:27:16.017 [main] DEBUG org.hibernate.type.BasicTypeRegistry - Adding type registration vector -> org.hibernate.type.BasicTypeReference@e3cee7b
2026-02-02 21:27:16.017 [main] DEBUG org.hibernate.type.BasicTypeRegistry - Adding type registration row_version -> org.hibernate.type.BasicTypeReference@71e9a896
2026-02-02 21:27:16.020 [main] DEBUG org.hibernate.type.BasicTypeRegistry - Adding type registration object -> org.hibernate.type.JavaObjectType@7dac3fd8
2026-02-02 21:27:16.020 [main] DEBUG org.hibernate.type.BasicTypeRegistry - Adding type registration java.lang.Object -> org.hibernate.type.JavaObjectType@7dac3fd8
2026-02-02 21:27:16.021 [main] DEBUG org.hibernate.type.BasicTypeRegistry - Adding type registration null -> org.hibernate.type.NullType@6e33c391
2026-02-02 21:27:16.021 [main] DEBUG org.hibernate.type.BasicTypeRegistry - Adding type registration imm_date -> org.hibernate.type.BasicTypeReference@6c451c9c
2026-02-02 21:27:16.021 [main] DEBUG org.hibernate.type.BasicTypeRegistry - Adding type registration imm_time -> org.hibernate.type.BasicTypeReference@31c269fd
2026-02-02 21:27:16.021 [main] DEBUG org.hibernate.type.BasicTypeRegistry - Adding type registration imm_timestamp -> org.hibernate.type.BasicTypeReference@372b0d86
2026-02-02 21:27:16.021 [main] DEBUG org.hibernate.type.BasicTypeRegistry - Adding type registration imm_calendar -> org.hibernate.type.BasicTypeReference@47747fb9
2026-02-02 21:27:16.022 [main] DEBUG org.hibernate.type.BasicTypeRegistry - Adding type registration imm_calendar_date -> org.hibernate.type.BasicTypeReference@3113a37
2026-02-02 21:27:16.022 [main] DEBUG org.hibernate.type.BasicTypeRegistry - Adding type registration imm_calendar_time -> org.hibernate.type.BasicTypeReference@213e3629
2026-02-02 21:27:16.022 [main] DEBUG org.hibernate.type.BasicTypeRegistry - Adding type registration imm_binary -> org.hibernate.type.BasicTypeReference@4e9658b5
2026-02-02 21:27:16.022 [main] DEBUG org.hibernate.type.BasicTypeRegistry - Adding type registration imm_serializable -> org.hibernate.type.BasicTypeReference@2a7b6f69
2026-02-02 21:27:16.044 [main] WARN  org.hibernate.orm.connections.pooling - HHH10001002: Using built-in connection pool (not intended for production use)
2026-02-02 21:27:16.047 [main] INFO  org.hibernate.orm.connections.pooling - HHH10001005: Loaded JDBC driver class: com.mysql.cj.jdbc.Driver
2026-02-02 21:27:16.047 [main] INFO  org.hibernate.orm.connections.pooling - HHH10001012: Connecting with JDBC URL [jdbc:mysql://localhost:3307/LitMind?useSSL=false&serverTimezone=UTC]
2026-02-02 21:27:16.047 [main] INFO  org.hibernate.orm.connections.pooling - HHH10001001: Connection properties: {password=angela, user=angela}
2026-02-02 21:27:16.047 [main] INFO  org.hibernate.orm.connections.pooling - HHH10001003: Autocommit mode: false
2026-02-02 21:27:16.049 [main] DEBUG org.hibernate.orm.connections.pooling - Initializing Connection pool with 1 Connections
2026-02-02 21:27:16.049 [main] INFO  org.hibernate.orm.connections.pooling - HHH10001115: Connection pool size: 20 (min=1)
2026-02-02 21:27:16.197 [main] DEBUG org.hibernate.engine.jdbc.env.internal.JdbcEnvironmentInitiator - Database ->
       name : MySQL
    version : 8.4.7
      major : 8
      minor : 4
2026-02-02 21:27:16.198 [main] DEBUG org.hibernate.engine.jdbc.env.internal.JdbcEnvironmentInitiator - Driver ->
       name : MySQL Connector/J
    version : mysql-connector-j-8.4.0 (Revision: 1c3f5c149e0bfe31c7fbeb24e2d260cd890972c4)
      major : 8
      minor : 4
2026-02-02 21:27:16.198 [main] DEBUG org.hibernate.engine.jdbc.env.internal.JdbcEnvironmentInitiator - JDBC version : 4.2
2026-02-02 21:27:16.238 [main] WARN  org.hibernate.orm.deprecation - HHH90000025: MySQLDialect does not need to be specified explicitly using 'hibernate.dialect' (remove the property setting and it will be selected by default)
2026-02-02 21:27:16.239 [main] DEBUG org.hibernate.orm.dialect - HHH035001: Using dialect: org.hibernate.dialect.MySQLDialect, version: 8.4.7
2026-02-02 21:27:16.246 [main] DEBUG org.hibernate.engine.jdbc.env.spi.IdentifierHelperBuilder - JDBC driver metadata reported database stores quoted identifiers in more than one case
2026-02-02 21:27:16.246 [main] DEBUG org.hibernate.engine.jdbc.env.spi.IdentifierHelperBuilder - IdentifierCaseStrategy for both quoted and unquoted identifiers was set to the same strategy [MIXED]; that will likely lead to problems in schema update and validation if using quoted identifiers
2026-02-02 21:27:16.260 [main] DEBUG org.hibernate.type.descriptor.sql.spi.DdlTypeRegistry - addDescriptor(12, org.hibernate.type.descriptor.sql.internal.CapacityDependentDdlType@2d2acd89) replaced previous registration(org.hibernate.type.descriptor.sql.internal.CapacityDependentDdlType@7baf6acf)
2026-02-02 21:27:16.260 [main] DEBUG org.hibernate.type.descriptor.sql.spi.DdlTypeRegistry - addDescriptor(-9, org.hibernate.type.descriptor.sql.internal.CapacityDependentDdlType@1e6dad8) replaced previous registration(org.hibernate.type.descriptor.sql.internal.CapacityDependentDdlType@7b3315a5)
2026-02-02 21:27:16.261 [main] DEBUG org.hibernate.type.descriptor.sql.spi.DdlTypeRegistry - addDescriptor(-3, org.hibernate.type.descriptor.sql.internal.CapacityDependentDdlType@8ed9cf) replaced previous registration(org.hibernate.type.descriptor.sql.internal.CapacityDependentDdlType@f72203)
2026-02-02 21:27:16.261 [main] DEBUG org.hibernate.type.descriptor.sql.spi.DdlTypeRegistry - addDescriptor(4003, org.hibernate.type.descriptor.sql.internal.DdlTypeImpl@377008df) replaced previous registration(org.hibernate.type.descriptor.sql.internal.DdlTypeImpl@540dbda9)
2026-02-02 21:27:16.261 [main] DEBUG org.hibernate.type.descriptor.sql.spi.DdlTypeRegistry - addDescriptor(4001, org.hibernate.type.descriptor.sql.internal.DdlTypeImpl@22bb5646) replaced previous registration(org.hibernate.type.descriptor.sql.internal.DdlTypeImpl@1be59f28)
2026-02-02 21:27:16.261 [main] DEBUG org.hibernate.type.descriptor.sql.spi.DdlTypeRegistry - addDescriptor(4002, org.hibernate.type.descriptor.sql.internal.DdlTypeImpl@2ce45a7b) replaced previous registration(org.hibernate.type.descriptor.sql.internal.DdlTypeImpl@153d4abb)
2026-02-02 21:27:16.261 [main] DEBUG org.hibernate.type.descriptor.sql.spi.DdlTypeRegistry - addDescriptor(2004, org.hibernate.type.descriptor.sql.internal.CapacityDependentDdlType@6d4c273c) replaced previous registration(org.hibernate.type.descriptor.sql.internal.DdlTypeImpl@5a67e962)
2026-02-02 21:27:16.261 [main] DEBUG org.hibernate.type.descriptor.sql.spi.DdlTypeRegistry - addDescriptor(2005, org.hibernate.type.descriptor.sql.internal.CapacityDependentDdlType@545e57d7) replaced previous registration(org.hibernate.type.descriptor.sql.internal.DdlTypeImpl@2bc9a775)
2026-02-02 21:27:16.262 [main] DEBUG org.hibernate.type.descriptor.sql.spi.DdlTypeRegistry - addDescriptor(2011, org.hibernate.type.descriptor.sql.internal.CapacityDependentDdlType@27b000f7) replaced previous registration(org.hibernate.type.descriptor.sql.internal.DdlTypeImpl@42f9c19a)
2026-02-02 21:27:16.264 [main] DEBUG org.hibernate.type.descriptor.jdbc.spi.JdbcTypeRegistry - addDescriptor(NCharTypeDescriptor) replaced previous registration(CharTypeDescriptor)
2026-02-02 21:27:16.264 [main] DEBUG org.hibernate.type.descriptor.jdbc.spi.JdbcTypeRegistry - addDescriptor(NVarcharTypeDescriptor) replaced previous registration(VarcharTypeDescriptor)
2026-02-02 21:27:16.264 [main] DEBUG org.hibernate.type.descriptor.jdbc.spi.JdbcTypeRegistry - addDescriptor(LongNVarcharTypeDescriptor) replaced previous registration(LongVarcharTypeDescriptor)
2026-02-02 21:27:16.266 [main] DEBUG org.hibernate.type.descriptor.jdbc.spi.JdbcTypeRegistry - addDescriptor(NClobTypeDescriptor(DEFAULT)) replaced previous registration(ClobTypeDescriptor(DEFAULT))
2026-02-02 21:27:16.266 [main] DEBUG org.hibernate.type.descriptor.jdbc.spi.JdbcTypeRegistry - addDescriptor(2005, ClobTypeDescriptor(STREAM_BINDING)) replaced previous registration(ClobTypeDescriptor(DEFAULT))
2026-02-02 21:27:16.269 [main] DEBUG org.hibernate.type.BasicTypeRegistry - Adding type registration null -> org.hibernate.type.NullType@3eee3e2b
2026-02-02 21:27:16.269 [main] DEBUG org.hibernate.type.BasicTypeRegistry - Type registration key [null] overrode previous entry : `org.hibernate.type.NullType@6e33c391`
2026-02-02 21:27:16.273 [main] DEBUG org.hibernate.type.BasicTypeRegistry - Adding type registration org.hibernate.type.DurationType -> basicType@1(java.time.Duration,3015)
2026-02-02 21:27:16.273 [main] DEBUG org.hibernate.type.BasicTypeRegistry - Adding type registration Duration -> basicType@1(java.time.Duration,3015)
2026-02-02 21:27:16.273 [main] DEBUG org.hibernate.type.BasicTypeRegistry - Adding type registration java.time.Duration -> basicType@1(java.time.Duration,3015)
2026-02-02 21:27:16.275 [main] DEBUG org.hibernate.type.BasicTypeRegistry - Adding type registration org.hibernate.type.OffsetDateTimeType -> basicType@2(java.time.OffsetDateTime,3003)
2026-02-02 21:27:16.275 [main] DEBUG org.hibernate.type.BasicTypeRegistry - Adding type registration OffsetDateTime -> basicType@2(java.time.OffsetDateTime,3003)
2026-02-02 21:27:16.275 [main] DEBUG org.hibernate.type.BasicTypeRegistry - Adding type registration java.time.OffsetDateTime -> basicType@2(java.time.OffsetDateTime,3003)
2026-02-02 21:27:16.275 [main] DEBUG org.hibernate.type.BasicTypeRegistry - Adding type registration org.hibernate.type.ZonedDateTimeType -> basicType@3(java.time.ZonedDateTime,3003)
2026-02-02 21:27:16.276 [main] DEBUG org.hibernate.type.BasicTypeRegistry - Adding type registration ZonedDateTime -> basicType@3(java.time.ZonedDateTime,3003)
2026-02-02 21:27:16.276 [main] DEBUG org.hibernate.type.BasicTypeRegistry - Adding type registration java.time.ZonedDateTime -> basicType@3(java.time.ZonedDateTime,3003)
2026-02-02 21:27:16.276 [main] DEBUG org.hibernate.type.BasicTypeRegistry - Adding type registration org.hibernate.type.OffsetTimeType -> basicType@4(java.time.OffsetTime,3007)
2026-02-02 21:27:16.276 [main] DEBUG org.hibernate.type.BasicTypeRegistry - Adding type registration OffsetTime -> basicType@4(java.time.OffsetTime,3007)
2026-02-02 21:27:16.276 [main] DEBUG org.hibernate.type.BasicTypeRegistry - Adding type registration java.time.OffsetTime -> basicType@4(java.time.OffsetTime,3007)
2026-02-02 21:27:16.278 [main] DEBUG org.hibernate.type.spi.TypeConfiguration$Scope - Scoping TypeConfiguration [org.hibernate.type.spi.TypeConfiguration@640dc4c6] to MetadataBuildingContext [org.hibernate.boot.internal.MetadataBuildingContextRootImpl@4b54af3d]
2026-02-02 21:27:16.305 [main] DEBUG org.hibernate.boot.model.relational.Namespace - Created database namespace [logicalName=Name{catalog=null, schema=null}, physicalName=Name{catalog=null, schema=null}]
2026-02-02 21:27:16.324 [main] DEBUG org.hibernate.boot.model.internal.EntityBinder - Binding entity from annotated class: modelo.Usuario
2026-02-02 21:27:16.331 [main] DEBUG org.hibernate.boot.model.internal.EntityBinder - Import with entity name Usuario
2026-02-02 21:27:16.336 [main] DEBUG org.hibernate.boot.model.internal.EntityBinder - Bind entity modelo.Usuario on table usuario
2026-02-02 21:27:16.342 [main] DEBUG org.hibernate.boot.model.internal.AnnotatedColumn - Binding column: AnnotatedDiscriminatorColumn(column='DTYPE')
2026-02-02 21:27:16.362 [main] DEBUG org.hibernate.boot.model.internal.AnnotatedColumn - Binding column: AnnotatedColumn()
2026-02-02 21:27:16.362 [main] DEBUG org.hibernate.boot.internal.ClassLoaderAccessImpl - Not known whether passed class name [modelo.Usuario] is safe
2026-02-02 21:27:16.362 [main] DEBUG org.hibernate.boot.internal.ClassLoaderAccessImpl - No temp ClassLoader provided; using live ClassLoader for loading potentially unsafe class : modelo.Usuario
2026-02-02 21:27:16.363 [main] DEBUG org.hibernate.boot.model.internal.PropertyBinder - MetadataSourceProcessor property id_usuario with lazy=false
2026-02-02 21:27:16.367 [main] DEBUG org.hibernate.boot.model.internal.AbstractPropertyHolder - Attempting to locate auto-apply AttributeConverter for property [modelo.Usuario:id_usuario]
2026-02-02 21:27:16.372 [main] DEBUG org.hibernate.boot.model.internal.BasicValueBinder - building BasicValue for id_usuario
2026-02-02 21:27:16.373 [main] DEBUG org.hibernate.mapping.BasicValue - Skipping column re-registration: usuario.id_usuario
2026-02-02 21:27:16.375 [main] DEBUG org.hibernate.boot.model.internal.PropertyBinder - Building property id_usuario
2026-02-02 21:27:16.377 [main] DEBUG org.hibernate.boot.model.internal.BinderHelper - #makeIdGenerator(BasicValue([Column(id_usuario)]), id_usuario, identity, , ...)
2026-02-02 21:27:16.377 [main] DEBUG org.hibernate.boot.model.internal.AnnotatedColumn - Binding column: AnnotatedColumn()
2026-02-02 21:27:16.377 [main] DEBUG org.hibernate.boot.model.internal.PropertyBinder - MetadataSourceProcessor property edad with lazy=false
2026-02-02 21:27:16.377 [main] DEBUG org.hibernate.boot.model.internal.AbstractPropertyHolder - Attempting to locate auto-apply AttributeConverter for property [modelo.Usuario:edad]
2026-02-02 21:27:16.377 [main] DEBUG org.hibernate.boot.model.internal.BasicValueBinder - building BasicValue for edad
2026-02-02 21:27:16.378 [main] DEBUG org.hibernate.mapping.BasicValue - Skipping column re-registration: usuario.edad
2026-02-02 21:27:16.378 [main] DEBUG org.hibernate.boot.model.internal.PropertyBinder - Building property edad
2026-02-02 21:27:16.379 [main] DEBUG org.hibernate.boot.model.internal.AnnotatedColumn - Binding column: AnnotatedJoinColumn()
2026-02-02 21:27:16.379 [main] DEBUG org.hibernate.boot.model.internal.AnnotatedColumn - Binding column: AnnotatedColumn()
2026-02-02 21:27:16.383 [main] DEBUG org.hibernate.boot.model.internal.PropertyBinder - Building property estudiante
2026-02-02 21:27:16.383 [main] DEBUG org.hibernate.boot.model.internal.AnnotatedColumn - Binding column: AnnotatedColumn()
2026-02-02 21:27:16.383 [main] DEBUG org.hibernate.boot.model.internal.PropertyBinder - MetadataSourceProcessor property nombreCompleto with lazy=false
2026-02-02 21:27:16.383 [main] DEBUG org.hibernate.boot.model.internal.AbstractPropertyHolder - Attempting to locate auto-apply AttributeConverter for property [modelo.Usuario:nombreCompleto]
2026-02-02 21:27:16.383 [main] DEBUG org.hibernate.boot.model.internal.BasicValueBinder - building BasicValue for nombreCompleto
2026-02-02 21:27:16.384 [main] DEBUG org.hibernate.mapping.BasicValue - Skipping column re-registration: usuario.nombreCompleto
2026-02-02 21:27:16.384 [main] DEBUG org.hibernate.boot.model.internal.PropertyBinder - Building property nombreCompleto
2026-02-02 21:27:16.384 [main] DEBUG org.hibernate.boot.model.internal.AnnotatedColumn - Binding column: AnnotatedColumn()
2026-02-02 21:27:16.384 [main] DEBUG org.hibernate.boot.model.internal.PropertyBinder - MetadataSourceProcessor property puntosPorLogro with lazy=false
2026-02-02 21:27:16.384 [main] DEBUG org.hibernate.boot.model.internal.AbstractPropertyHolder - Attempting to locate auto-apply AttributeConverter for property [modelo.Usuario:puntosPorLogro]
2026-02-02 21:27:16.384 [main] DEBUG org.hibernate.boot.model.internal.BasicValueBinder - building BasicValue for puntosPorLogro
2026-02-02 21:27:16.384 [main] DEBUG org.hibernate.mapping.BasicValue - Skipping column re-registration: usuario.puntosPorLogro
2026-02-02 21:27:16.384 [main] DEBUG org.hibernate.boot.model.internal.PropertyBinder - Building property puntosPorLogro
2026-02-02 21:27:16.384 [main] DEBUG org.hibernate.boot.model.internal.AnnotatedColumn - Binding column: AnnotatedColumn()
2026-02-02 21:27:16.384 [main] DEBUG org.hibernate.boot.model.internal.PropertyBinder - MetadataSourceProcessor property rolPrincipal with lazy=false
2026-02-02 21:27:16.384 [main] DEBUG org.hibernate.boot.model.internal.AbstractPropertyHolder - Attempting to locate auto-apply AttributeConverter for property [modelo.Usuario:rolPrincipal]
2026-02-02 21:27:16.384 [main] DEBUG org.hibernate.boot.model.internal.BasicValueBinder - building BasicValue for rolPrincipal
2026-02-02 21:27:16.384 [main] DEBUG org.hibernate.mapping.BasicValue - Skipping column re-registration: usuario.rolPrincipal
2026-02-02 21:27:16.384 [main] DEBUG org.hibernate.boot.model.internal.PropertyBinder - Building property rolPrincipal
2026-02-02 21:27:16.384 [main] DEBUG org.hibernate.boot.model.internal.AnnotatedColumn - Binding column: AnnotatedColumn()
2026-02-02 21:27:16.385 [main] DEBUG org.hibernate.boot.model.internal.PropertyBinder - MetadataSourceProcessor property tipoUsuario with lazy=false
2026-02-02 21:27:16.385 [main] DEBUG org.hibernate.boot.model.internal.AbstractPropertyHolder - Attempting to locate auto-apply AttributeConverter for property [modelo.Usuario:tipoUsuario]
2026-02-02 21:27:16.385 [main] DEBUG org.hibernate.boot.model.internal.BasicValueBinder - building BasicValue for tipoUsuario
2026-02-02 21:27:16.385 [main] DEBUG org.hibernate.mapping.BasicValue - Skipping column re-registration: usuario.tipoUsuario
2026-02-02 21:27:16.385 [main] DEBUG org.hibernate.boot.model.internal.PropertyBinder - Building property tipoUsuario
2026-02-02 21:27:16.385 [main] DEBUG org.hibernate.boot.registry.classloading.internal.ClassLoaderServiceImpl - HHH000194: Package not found or wo package-info.java: modelo
2026-02-02 21:27:16.390 [main] DEBUG org.hibernate.boot.model.internal.EntityBinder - Binding entity from annotated class: modelo.Lectura
2026-02-02 21:27:16.390 [main] DEBUG org.hibernate.boot.model.internal.EntityBinder - Import with entity name Lectura
2026-02-02 21:27:16.390 [main] DEBUG org.hibernate.boot.model.internal.EntityBinder - Bind entity modelo.Lectura on table lectura
2026-02-02 21:27:16.390 [main] DEBUG org.hibernate.boot.model.internal.AnnotatedColumn - Binding column: AnnotatedDiscriminatorColumn(column='DTYPE')
2026-02-02 21:27:16.393 [main] DEBUG org.hibernate.boot.model.internal.AnnotatedColumn - Binding column: AnnotatedColumn()
2026-02-02 21:27:16.393 [main] DEBUG org.hibernate.boot.internal.ClassLoaderAccessImpl - Not known whether passed class name [modelo.Lectura] is safe
2026-02-02 21:27:16.393 [main] DEBUG org.hibernate.boot.internal.ClassLoaderAccessImpl - No temp ClassLoader provided; using live ClassLoader for loading potentially unsafe class : modelo.Lectura
2026-02-02 21:27:16.393 [main] DEBUG org.hibernate.boot.model.internal.PropertyBinder - MetadataSourceProcessor property id_lectura with lazy=false
2026-02-02 21:27:16.393 [main] DEBUG org.hibernate.boot.model.internal.AbstractPropertyHolder - Attempting to locate auto-apply AttributeConverter for property [modelo.Lectura:id_lectura]
2026-02-02 21:27:16.393 [main] DEBUG org.hibernate.boot.model.internal.BasicValueBinder - building BasicValue for id_lectura
2026-02-02 21:27:16.394 [main] DEBUG org.hibernate.mapping.BasicValue - Skipping column re-registration: lectura.id_lectura
2026-02-02 21:27:16.394 [main] DEBUG org.hibernate.boot.model.internal.PropertyBinder - Building property id_lectura
2026-02-02 21:27:16.394 [main] DEBUG org.hibernate.boot.model.internal.BinderHelper - #makeIdGenerator(BasicValue([Column(id_lectura)]), id_lectura, identity, , ...)
2026-02-02 21:27:16.394 [main] DEBUG org.hibernate.boot.model.internal.AnnotatedColumn - Binding column: AnnotatedJoinColumn()
2026-02-02 21:27:16.394 [main] DEBUG org.hibernate.boot.model.internal.AnnotatedColumn - Binding column: AnnotatedColumn()
2026-02-02 21:27:16.402 [main] DEBUG org.hibernate.boot.model.internal.AnnotatedColumn - Binding column: IndexColumn(column='asignaciones_ORDER')
2026-02-02 21:27:16.405 [main] DEBUG org.hibernate.boot.model.internal.AnnotatedColumn - Binding column: AnnotatedColumn()
2026-02-02 21:27:16.406 [main] DEBUG org.hibernate.boot.model.internal.AnnotatedColumn - Binding column: AnnotatedColumn(column='asignaciones_KEY')
2026-02-02 21:27:16.407 [main] DEBUG org.hibernate.boot.model.internal.AnnotatedColumn - Binding column: AnnotatedJoinColumn(column='asignaciones_KEY')
2026-02-02 21:27:16.407 [main] DEBUG org.hibernate.boot.model.internal.AnnotatedColumn - Binding column: AnnotatedJoinColumn()
2026-02-02 21:27:16.407 [main] DEBUG org.hibernate.boot.model.internal.AnnotatedColumn - Binding column: AnnotatedJoinColumn()
2026-02-02 21:27:16.409 [main] DEBUG org.hibernate.boot.model.internal.CollectionBinder - Collection role: modelo.Lectura.asignaciones
2026-02-02 21:27:16.409 [main] DEBUG org.hibernate.boot.model.internal.PropertyBinder - Building property asignaciones
2026-02-02 21:27:16.410 [main] DEBUG org.hibernate.boot.model.internal.AnnotatedColumn - Binding column: AnnotatedColumn()
2026-02-02 21:27:16.410 [main] DEBUG org.hibernate.boot.model.internal.PropertyBinder - MetadataSourceProcessor property autor with lazy=false
2026-02-02 21:27:16.410 [main] DEBUG org.hibernate.boot.model.internal.AbstractPropertyHolder - Attempting to locate auto-apply AttributeConverter for property [modelo.Lectura:autor]
2026-02-02 21:27:16.410 [main] DEBUG org.hibernate.boot.model.internal.BasicValueBinder - building BasicValue for autor
2026-02-02 21:27:16.410 [main] DEBUG org.hibernate.mapping.BasicValue - Skipping column re-registration: lectura.autor
2026-02-02 21:27:16.410 [main] DEBUG org.hibernate.boot.model.internal.PropertyBinder - Building property autor
2026-02-02 21:27:16.410 [main] DEBUG org.hibernate.boot.model.internal.AnnotatedColumn - Binding column: AnnotatedColumn()
2026-02-02 21:27:16.410 [main] DEBUG org.hibernate.boot.model.internal.PropertyBinder - MetadataSourceProcessor property genero with lazy=false
2026-02-02 21:27:16.410 [main] DEBUG org.hibernate.boot.model.internal.AbstractPropertyHolder - Attempting to locate auto-apply AttributeConverter for property [modelo.Lectura:genero]
2026-02-02 21:27:16.410 [main] DEBUG org.hibernate.boot.model.internal.BasicValueBinder - building BasicValue for genero
2026-02-02 21:27:16.410 [main] DEBUG org.hibernate.mapping.BasicValue - Skipping column re-registration: lectura.genero
2026-02-02 21:27:16.410 [main] DEBUG org.hibernate.boot.model.internal.PropertyBinder - Building property genero
2026-02-02 21:27:16.411 [main] DEBUG org.hibernate.boot.model.internal.AnnotatedColumn - Binding column: AnnotatedColumn()
2026-02-02 21:27:16.411 [main] DEBUG org.hibernate.boot.model.internal.PropertyBinder - MetadataSourceProcessor property titulo with lazy=false
2026-02-02 21:27:16.411 [main] DEBUG org.hibernate.boot.model.internal.AbstractPropertyHolder - Attempting to locate auto-apply AttributeConverter for property [modelo.Lectura:titulo]
2026-02-02 21:27:16.411 [main] DEBUG org.hibernate.boot.model.internal.BasicValueBinder - building BasicValue for titulo
2026-02-02 21:27:16.411 [main] DEBUG org.hibernate.mapping.BasicValue - Skipping column re-registration: lectura.titulo
2026-02-02 21:27:16.411 [main] DEBUG org.hibernate.boot.model.internal.PropertyBinder - Building property titulo
2026-02-02 21:27:16.411 [main] DEBUG org.hibernate.boot.registry.classloading.internal.ClassLoaderServiceImpl - HHH000194: Package not found or wo package-info.java: modelo
2026-02-02 21:27:16.411 [main] DEBUG org.hibernate.boot.model.internal.EntityBinder - Binding entity from annotated class: modelo.Asignacion
2026-02-02 21:27:16.412 [main] DEBUG org.hibernate.boot.model.internal.EntityBinder - Import with entity name Asignacion
2026-02-02 21:27:16.412 [main] DEBUG org.hibernate.boot.model.internal.EntityBinder - Bind entity modelo.Asignacion on table asignacion
2026-02-02 21:27:16.412 [main] DEBUG org.hibernate.boot.model.internal.AnnotatedColumn - Binding column: AnnotatedDiscriminatorColumn(column='DTYPE')
2026-02-02 21:27:16.414 [main] DEBUG org.hibernate.boot.model.internal.AnnotatedColumn - Binding column: AnnotatedColumn()
2026-02-02 21:27:16.414 [main] DEBUG org.hibernate.boot.internal.ClassLoaderAccessImpl - Not known whether passed class name [modelo.Asignacion] is safe
2026-02-02 21:27:16.414 [main] DEBUG org.hibernate.boot.internal.ClassLoaderAccessImpl - No temp ClassLoader provided; using live ClassLoader for loading potentially unsafe class : modelo.Asignacion
2026-02-02 21:27:16.414 [main] DEBUG org.hibernate.boot.model.internal.PropertyBinder - MetadataSourceProcessor property id_asignacion with lazy=false
2026-02-02 21:27:16.414 [main] DEBUG org.hibernate.boot.model.internal.AbstractPropertyHolder - Attempting to locate auto-apply AttributeConverter for property [modelo.Asignacion:id_asignacion]
2026-02-02 21:27:16.414 [main] DEBUG org.hibernate.boot.model.internal.BasicValueBinder - building BasicValue for id_asignacion
2026-02-02 21:27:16.414 [main] DEBUG org.hibernate.mapping.BasicValue - Skipping column re-registration: asignacion.id_asignacion
2026-02-02 21:27:16.414 [main] DEBUG org.hibernate.boot.model.internal.PropertyBinder - Building property id_asignacion
2026-02-02 21:27:16.414 [main] DEBUG org.hibernate.boot.model.internal.BinderHelper - #makeIdGenerator(BasicValue([Column(id_asignacion)]), id_asignacion, identity, , ...)
2026-02-02 21:27:16.414 [main] DEBUG org.hibernate.boot.model.internal.AnnotatedColumn - Binding column: AnnotatedColumn()
2026-02-02 21:27:16.416 [main] DEBUG org.hibernate.boot.model.internal.PropertyBinder - MetadataSourceProcessor property codigoClase with lazy=false
2026-02-02 21:27:16.416 [main] DEBUG org.hibernate.boot.model.internal.AbstractPropertyHolder - Attempting to locate auto-apply AttributeConverter for property [modelo.Asignacion:codigoClase]
2026-02-02 21:27:16.416 [main] DEBUG org.hibernate.boot.model.internal.BasicValueBinder - building BasicValue for codigoClase
2026-02-02 21:27:16.416 [main] DEBUG org.hibernate.mapping.BasicValue - Skipping column re-registration: asignacion.codigoClase
2026-02-02 21:27:16.416 [main] DEBUG org.hibernate.boot.model.internal.PropertyBinder - Building property codigoClase
2026-02-02 21:27:16.417 [main] DEBUG org.hibernate.boot.model.internal.AnnotatedColumn - Binding column: AnnotatedJoinColumn(column='id_docente')
2026-02-02 21:27:16.417 [main] DEBUG org.hibernate.boot.model.internal.AnnotatedColumn - Binding column: AnnotatedColumn()
2026-02-02 21:27:16.417 [main] DEBUG org.hibernate.boot.model.internal.PropertyBinder - Building property docente
2026-02-02 21:27:16.417 [main] DEBUG org.hibernate.boot.model.internal.AnnotatedColumn - Binding column: AnnotatedColumn()
2026-02-02 21:27:16.417 [main] DEBUG org.hibernate.boot.model.internal.PropertyBinder - MetadataSourceProcessor property esObligatoria with lazy=false
2026-02-02 21:27:16.417 [main] DEBUG org.hibernate.boot.model.internal.AbstractPropertyHolder - Attempting to locate auto-apply AttributeConverter for property [modelo.Asignacion:esObligatoria]
2026-02-02 21:27:16.417 [main] DEBUG org.hibernate.boot.model.internal.BasicValueBinder - building BasicValue for esObligatoria
2026-02-02 21:27:16.417 [main] DEBUG org.hibernate.mapping.BasicValue - Skipping column re-registration: asignacion.esObligatoria
2026-02-02 21:27:16.417 [main] DEBUG org.hibernate.boot.model.internal.PropertyBinder - Building property esObligatoria
2026-02-02 21:27:16.418 [main] DEBUG org.hibernate.boot.model.internal.AnnotatedColumn - Binding column: AnnotatedJoinColumn(column='id_lectura')
2026-02-02 21:27:16.418 [main] DEBUG org.hibernate.boot.model.internal.AnnotatedColumn - Binding column: AnnotatedColumn()
2026-02-02 21:27:16.418 [main] DEBUG org.hibernate.boot.model.internal.PropertyBinder - Building property lectura
2026-02-02 21:27:16.419 [main] DEBUG org.hibernate.boot.model.internal.AnnotatedColumn - Binding column: AnnotatedColumn()
2026-02-02 21:27:16.419 [main] DEBUG org.hibernate.boot.model.internal.PropertyBinder - MetadataSourceProcessor property tituloAsignacion with lazy=false
2026-02-02 21:27:16.419 [main] DEBUG org.hibernate.boot.model.internal.AbstractPropertyHolder - Attempting to locate auto-apply AttributeConverter for property [modelo.Asignacion:tituloAsignacion]
2026-02-02 21:27:16.419 [main] DEBUG org.hibernate.boot.model.internal.BasicValueBinder - building BasicValue for tituloAsignacion
2026-02-02 21:27:16.419 [main] DEBUG org.hibernate.mapping.BasicValue - Skipping column re-registration: asignacion.tituloAsignacion
2026-02-02 21:27:16.419 [main] DEBUG org.hibernate.boot.model.internal.PropertyBinder - Building property tituloAsignacion
2026-02-02 21:27:16.419 [main] DEBUG org.hibernate.boot.model.internal.AnnotatedColumn - Binding column: AnnotatedColumn()
2026-02-02 21:27:16.419 [main] DEBUG org.hibernate.boot.model.internal.PropertyBinder - MetadataSourceProcessor property totalAlumnos with lazy=false
2026-02-02 21:27:16.419 [main] DEBUG org.hibernate.boot.model.internal.AbstractPropertyHolder - Attempting to locate auto-apply AttributeConverter for property [modelo.Asignacion:totalAlumnos]
2026-02-02 21:27:16.419 [main] DEBUG org.hibernate.boot.model.internal.BasicValueBinder - building BasicValue for totalAlumnos
2026-02-02 21:27:16.419 [main] DEBUG org.hibernate.mapping.BasicValue - Skipping column re-registration: asignacion.totalAlumnos
2026-02-02 21:27:16.419 [main] DEBUG org.hibernate.boot.model.internal.PropertyBinder - Building property totalAlumnos
2026-02-02 21:27:16.420 [main] DEBUG org.hibernate.boot.registry.classloading.internal.ClassLoaderServiceImpl - HHH000194: Package not found or wo package-info.java: modelo
2026-02-02 21:27:16.420 [main] DEBUG org.hibernate.boot.model.internal.EntityBinder - Binding entity from annotated class: modelo.Docente
2026-02-02 21:27:16.420 [main] DEBUG org.hibernate.boot.model.internal.EntityBinder - Import with entity name Docente
2026-02-02 21:27:16.420 [main] DEBUG org.hibernate.boot.model.internal.EntityBinder - Bind entity modelo.Docente on table docente
2026-02-02 21:27:16.420 [main] DEBUG org.hibernate.boot.model.internal.AnnotatedColumn - Binding column: AnnotatedDiscriminatorColumn(column='DTYPE')
2026-02-02 21:27:16.421 [main] DEBUG org.hibernate.boot.model.internal.AnnotatedColumn - Binding column: AnnotatedColumn()
2026-02-02 21:27:16.421 [main] DEBUG org.hibernate.boot.internal.ClassLoaderAccessImpl - Not known whether passed class name [modelo.Docente] is safe
2026-02-02 21:27:16.421 [main] DEBUG org.hibernate.boot.internal.ClassLoaderAccessImpl - No temp ClassLoader provided; using live ClassLoader for loading potentially unsafe class : modelo.Docente
2026-02-02 21:27:16.421 [main] DEBUG org.hibernate.boot.model.internal.PropertyBinder - MetadataSourceProcessor property id_docente with lazy=false
2026-02-02 21:27:16.421 [main] DEBUG org.hibernate.boot.model.internal.AbstractPropertyHolder - Attempting to locate auto-apply AttributeConverter for property [modelo.Docente:id_docente]
2026-02-02 21:27:16.421 [main] DEBUG org.hibernate.boot.model.internal.BasicValueBinder - building BasicValue for id_docente
2026-02-02 21:27:16.421 [main] DEBUG org.hibernate.mapping.BasicValue - Skipping column re-registration: docente.id_docente
2026-02-02 21:27:16.421 [main] DEBUG org.hibernate.boot.model.internal.PropertyBinder - Building property id_docente
2026-02-02 21:27:16.421 [main] DEBUG org.hibernate.boot.model.internal.BinderHelper - #makeIdGenerator(BasicValue([Column(id_docente)]), id_docente, identity, , ...)
2026-02-02 21:27:16.421 [main] DEBUG org.hibernate.boot.model.internal.AnnotatedColumn - Binding column: AnnotatedColumn()
2026-02-02 21:27:16.421 [main] DEBUG org.hibernate.boot.model.internal.PropertyBinder - MetadataSourceProcessor property edad with lazy=false
2026-02-02 21:27:16.421 [main] DEBUG org.hibernate.boot.model.internal.AbstractPropertyHolder - Attempting to locate auto-apply AttributeConverter for property [modelo.Docente:edad]
2026-02-02 21:27:16.421 [main] DEBUG org.hibernate.boot.model.internal.BasicValueBinder - building BasicValue for edad
2026-02-02 21:27:16.421 [main] DEBUG org.hibernate.mapping.BasicValue - Skipping column re-registration: docente.edad
2026-02-02 21:27:16.421 [main] DEBUG org.hibernate.boot.model.internal.PropertyBinder - Building property edad
2026-02-02 21:27:16.421 [main] DEBUG org.hibernate.boot.model.internal.AnnotatedColumn - Binding column: AnnotatedColumn()
2026-02-02 21:27:16.421 [main] DEBUG org.hibernate.boot.model.internal.PropertyBinder - MetadataSourceProcessor property especialidad with lazy=false
2026-02-02 21:27:16.421 [main] DEBUG org.hibernate.boot.model.internal.AbstractPropertyHolder - Attempting to locate auto-apply AttributeConverter for property [modelo.Docente:especialidad]
2026-02-02 21:27:16.421 [main] DEBUG org.hibernate.boot.model.internal.BasicValueBinder - building BasicValue for especialidad
2026-02-02 21:27:16.421 [main] DEBUG org.hibernate.mapping.BasicValue - Skipping column re-registration: docente.especialidad
2026-02-02 21:27:16.422 [main] DEBUG org.hibernate.boot.model.internal.PropertyBinder - Building property especialidad
2026-02-02 21:27:16.422 [main] DEBUG org.hibernate.boot.model.internal.AnnotatedColumn - Binding column: AnnotatedColumn()
2026-02-02 21:27:16.422 [main] DEBUG org.hibernate.boot.model.internal.PropertyBinder - MetadataSourceProcessor property nombre with lazy=false
2026-02-02 21:27:16.422 [main] DEBUG org.hibernate.boot.model.internal.AbstractPropertyHolder - Attempting to locate auto-apply AttributeConverter for property [modelo.Docente:nombre]
2026-02-02 21:27:16.422 [main] DEBUG org.hibernate.boot.model.internal.BasicValueBinder - building BasicValue for nombre
2026-02-02 21:27:16.422 [main] DEBUG org.hibernate.mapping.BasicValue - Skipping column re-registration: docente.nombre
2026-02-02 21:27:16.422 [main] DEBUG org.hibernate.boot.model.internal.PropertyBinder - Building property nombre
2026-02-02 21:27:16.422 [main] DEBUG org.hibernate.boot.registry.classloading.internal.ClassLoaderServiceImpl - HHH000194: Package not found or wo package-info.java: modelo
2026-02-02 21:27:16.423 [main] DEBUG org.hibernate.boot.model.internal.EntityBinder - Binding entity from annotated class: modelo.Logro
2026-02-02 21:27:16.423 [main] DEBUG org.hibernate.boot.model.internal.EntityBinder - Import with entity name Logro
2026-02-02 21:27:16.423 [main] DEBUG org.hibernate.boot.model.internal.EntityBinder - Bind entity modelo.Logro on table logro
2026-02-02 21:27:16.423 [main] DEBUG org.hibernate.boot.model.internal.AnnotatedColumn - Binding column: AnnotatedDiscriminatorColumn(column='DTYPE')
2026-02-02 21:27:16.424 [main] DEBUG org.hibernate.boot.model.internal.AnnotatedColumn - Binding column: AnnotatedColumn()
2026-02-02 21:27:16.424 [main] DEBUG org.hibernate.boot.internal.ClassLoaderAccessImpl - Not known whether passed class name [modelo.Logro] is safe
2026-02-02 21:27:16.424 [main] DEBUG org.hibernate.boot.internal.ClassLoaderAccessImpl - No temp ClassLoader provided; using live ClassLoader for loading potentially unsafe class : modelo.Logro
2026-02-02 21:27:16.424 [main] DEBUG org.hibernate.boot.model.internal.PropertyBinder - MetadataSourceProcessor property id_logro with lazy=false
2026-02-02 21:27:16.424 [main] DEBUG org.hibernate.boot.model.internal.AbstractPropertyHolder - Attempting to locate auto-apply AttributeConverter for property [modelo.Logro:id_logro]
2026-02-02 21:27:16.424 [main] DEBUG org.hibernate.boot.model.internal.BasicValueBinder - building BasicValue for id_logro
2026-02-02 21:27:16.425 [main] DEBUG org.hibernate.mapping.BasicValue - Skipping column re-registration: logro.id_logro
2026-02-02 21:27:16.425 [main] DEBUG org.hibernate.boot.model.internal.PropertyBinder - Building property id_logro
2026-02-02 21:27:16.425 [main] DEBUG org.hibernate.boot.model.internal.BinderHelper - #makeIdGenerator(BasicValue([Column(id_logro)]), id_logro, identity, , ...)
2026-02-02 21:27:16.425 [main] DEBUG org.hibernate.boot.model.internal.AnnotatedColumn - Binding column: AnnotatedColumn()
2026-02-02 21:27:16.425 [main] DEBUG org.hibernate.boot.model.internal.PropertyBinder - MetadataSourceProcessor property descripcion with lazy=false
2026-02-02 21:27:16.425 [main] DEBUG org.hibernate.boot.model.internal.AbstractPropertyHolder - Attempting to locate auto-apply AttributeConverter for property [modelo.Logro:descripcion]
2026-02-02 21:27:16.425 [main] DEBUG org.hibernate.boot.model.internal.BasicValueBinder - building BasicValue for descripcion
2026-02-02 21:27:16.425 [main] DEBUG org.hibernate.mapping.BasicValue - Skipping column re-registration: logro.descripcion
2026-02-02 21:27:16.425 [main] DEBUG org.hibernate.boot.model.internal.PropertyBinder - Building property descripcion
2026-02-02 21:27:16.425 [main] DEBUG org.hibernate.boot.model.internal.AnnotatedColumn - Binding column: IndexColumn(column='estudiantes_ORDER')
2026-02-02 21:27:16.426 [main] DEBUG org.hibernate.boot.model.internal.AnnotatedColumn - Binding column: AnnotatedColumn()
2026-02-02 21:27:16.426 [main] DEBUG org.hibernate.boot.model.internal.AnnotatedColumn - Binding column: AnnotatedColumn(column='estudiantes_KEY')
2026-02-02 21:27:16.426 [main] DEBUG org.hibernate.boot.model.internal.AnnotatedColumn - Binding column: AnnotatedJoinColumn(column='estudiantes_KEY')
2026-02-02 21:27:16.426 [main] DEBUG org.hibernate.boot.model.internal.AnnotatedColumn - Binding column: AnnotatedJoinColumn()
2026-02-02 21:27:16.426 [main] DEBUG org.hibernate.boot.model.internal.AnnotatedColumn - Binding column: AnnotatedJoinColumn()
2026-02-02 21:27:16.427 [main] DEBUG org.hibernate.boot.model.internal.CollectionBinder - Collection role: modelo.Logro.estudiantes
2026-02-02 21:27:16.427 [main] DEBUG org.hibernate.boot.model.internal.PropertyBinder - Building property estudiantes
2026-02-02 21:27:16.427 [main] DEBUG org.hibernate.boot.model.internal.AnnotatedColumn - Binding column: AnnotatedColumn()
2026-02-02 21:27:16.427 [main] DEBUG org.hibernate.boot.model.internal.PropertyBinder - MetadataSourceProcessor property nombreLogro with lazy=false
2026-02-02 21:27:16.427 [main] DEBUG org.hibernate.boot.model.internal.AbstractPropertyHolder - Attempting to locate auto-apply AttributeConverter for property [modelo.Logro:nombreLogro]
2026-02-02 21:27:16.427 [main] DEBUG org.hibernate.boot.model.internal.BasicValueBinder - building BasicValue for nombreLogro
2026-02-02 21:27:16.427 [main] DEBUG org.hibernate.mapping.BasicValue - Skipping column re-registration: logro.nombreLogro
2026-02-02 21:27:16.428 [main] DEBUG org.hibernate.boot.model.internal.PropertyBinder - Building property nombreLogro
2026-02-02 21:27:16.428 [main] DEBUG org.hibernate.boot.registry.classloading.internal.ClassLoaderServiceImpl - HHH000194: Package not found or wo package-info.java: modelo
2026-02-02 21:27:16.428 [main] DEBUG org.hibernate.boot.model.internal.EntityBinder - Binding entity from annotated class: modelo.Estudiante
2026-02-02 21:27:16.428 [main] DEBUG org.hibernate.boot.model.internal.EntityBinder - Import with entity name Estudiante
2026-02-02 21:27:16.428 [main] DEBUG org.hibernate.boot.model.internal.EntityBinder - Bind entity modelo.Estudiante on table estudiante
2026-02-02 21:27:16.428 [main] DEBUG org.hibernate.boot.model.internal.AnnotatedColumn - Binding column: AnnotatedDiscriminatorColumn(column='DTYPE')
2026-02-02 21:27:16.429 [main] DEBUG org.hibernate.boot.model.internal.AnnotatedColumn - Binding column: AnnotatedColumn()
2026-02-02 21:27:16.429 [main] DEBUG org.hibernate.boot.internal.ClassLoaderAccessImpl - Not known whether passed class name [modelo.Estudiante] is safe
2026-02-02 21:27:16.429 [main] DEBUG org.hibernate.boot.internal.ClassLoaderAccessImpl - No temp ClassLoader provided; using live ClassLoader for loading potentially unsafe class : modelo.Estudiante
2026-02-02 21:27:16.429 [main] DEBUG org.hibernate.boot.model.internal.PropertyBinder - MetadataSourceProcessor property id_estudiante with lazy=false
2026-02-02 21:27:16.429 [main] DEBUG org.hibernate.boot.model.internal.AbstractPropertyHolder - Attempting to locate auto-apply AttributeConverter for property [modelo.Estudiante:id_estudiante]
2026-02-02 21:27:16.429 [main] DEBUG org.hibernate.boot.model.internal.BasicValueBinder - building BasicValue for id_estudiante
2026-02-02 21:27:16.429 [main] DEBUG org.hibernate.mapping.BasicValue - Skipping column re-registration: estudiante.id_estudiante
2026-02-02 21:27:16.429 [main] DEBUG org.hibernate.boot.model.internal.PropertyBinder - Building property id_estudiante
2026-02-02 21:27:16.429 [main] DEBUG org.hibernate.boot.model.internal.BinderHelper - #makeIdGenerator(BasicValue([Column(id_estudiante)]), id_estudiante, identity, , ...)
2026-02-02 21:27:16.430 [main] DEBUG org.hibernate.boot.model.internal.AnnotatedColumn - Binding column: IndexColumn(column='logros_ORDER')
2026-02-02 21:27:16.430 [main] DEBUG org.hibernate.boot.model.internal.AnnotatedColumn - Binding column: AnnotatedColumn()
2026-02-02 21:27:16.430 [main] DEBUG org.hibernate.boot.model.internal.AnnotatedColumn - Binding column: AnnotatedColumn(column='logros_KEY')
2026-02-02 21:27:16.430 [main] DEBUG org.hibernate.boot.model.internal.AnnotatedColumn - Binding column: AnnotatedJoinColumn(column='logros_KEY')
2026-02-02 21:27:16.430 [main] DEBUG org.hibernate.boot.model.internal.AnnotatedColumn - Binding column: AnnotatedJoinColumn()
2026-02-02 21:27:16.430 [main] DEBUG org.hibernate.boot.model.internal.AnnotatedColumn - Binding column: AnnotatedJoinColumn()
2026-02-02 21:27:16.430 [main] DEBUG org.hibernate.boot.model.internal.CollectionBinder - Collection role: modelo.Estudiante.logros
2026-02-02 21:27:16.430 [main] DEBUG org.hibernate.boot.model.internal.PropertyBinder - Building property logros
2026-02-02 21:27:16.430 [main] DEBUG org.hibernate.boot.model.internal.AnnotatedColumn - Binding column: AnnotatedColumn()
2026-02-02 21:27:16.430 [main] DEBUG org.hibernate.boot.model.internal.PropertyBinder - MetadataSourceProcessor property nivelActual with lazy=false
2026-02-02 21:27:16.430 [main] DEBUG org.hibernate.boot.model.internal.AbstractPropertyHolder - Attempting to locate auto-apply AttributeConverter for property [modelo.Estudiante:nivelActual]
2026-02-02 21:27:16.430 [main] DEBUG org.hibernate.boot.model.internal.BasicValueBinder - building BasicValue for nivelActual
2026-02-02 21:27:16.430 [main] DEBUG org.hibernate.mapping.BasicValue - Skipping column re-registration: estudiante.nivelActual
2026-02-02 21:27:16.430 [main] DEBUG org.hibernate.boot.model.internal.PropertyBinder - Building property nivelActual
2026-02-02 21:27:16.432 [main] DEBUG org.hibernate.boot.model.internal.AnnotatedColumn - Binding column: AnnotatedColumn()
2026-02-02 21:27:16.432 [main] DEBUG org.hibernate.boot.model.internal.PropertyBinder - MetadataSourceProcessor property puntosXP with lazy=false
2026-02-02 21:27:16.432 [main] DEBUG org.hibernate.boot.model.internal.AbstractPropertyHolder - Attempting to locate auto-apply AttributeConverter for property [modelo.Estudiante:puntosXP]
2026-02-02 21:27:16.432 [main] DEBUG org.hibernate.boot.model.internal.BasicValueBinder - building BasicValue for puntosXP
2026-02-02 21:27:16.432 [main] DEBUG org.hibernate.mapping.BasicValue - Skipping column re-registration: estudiante.puntosXP
2026-02-02 21:27:16.432 [main] DEBUG org.hibernate.boot.model.internal.PropertyBinder - Building property puntosXP
2026-02-02 21:27:16.432 [main] DEBUG org.hibernate.boot.model.internal.AnnotatedColumn - Binding column: AnnotatedJoinColumn(column='id_usuario')
2026-02-02 21:27:16.432 [main] DEBUG org.hibernate.boot.model.internal.AnnotatedColumn - Binding column: AnnotatedColumn()
2026-02-02 21:27:16.432 [main] DEBUG org.hibernate.boot.model.internal.PropertyBinder - Building property usuario
2026-02-02 21:27:16.432 [main] DEBUG org.hibernate.boot.registry.classloading.internal.ClassLoaderServiceImpl - HHH000194: Package not found or wo package-info.java: modelo
2026-02-02 21:27:16.433 [main] DEBUG org.hibernate.boot.model.internal.BasicValueBinder - Starting `BasicValueBinder#fillSimpleValue` for id_usuario
2026-02-02 21:27:16.433 [main] DEBUG org.hibernate.boot.model.internal.BasicValueBinder - Starting `BasicValueBinder#fillSimpleValue` for edad
2026-02-02 21:27:16.433 [main] DEBUG org.hibernate.boot.model.internal.BasicValueBinder - Starting `BasicValueBinder#fillSimpleValue` for nombreCompleto
2026-02-02 21:27:16.435 [main] DEBUG org.hibernate.boot.model.internal.BasicValueBinder - Starting `BasicValueBinder#fillSimpleValue` for puntosPorLogro
2026-02-02 21:27:16.435 [main] DEBUG org.hibernate.boot.model.internal.BasicValueBinder - Starting `BasicValueBinder#fillSimpleValue` for rolPrincipal
2026-02-02 21:27:16.436 [main] DEBUG org.hibernate.boot.model.internal.BasicValueBinder - Starting `BasicValueBinder#fillSimpleValue` for tipoUsuario
2026-02-02 21:27:16.436 [main] DEBUG org.hibernate.boot.model.internal.BasicValueBinder - Starting `BasicValueBinder#fillSimpleValue` for id_lectura
2026-02-02 21:27:16.436 [main] DEBUG org.hibernate.boot.model.internal.BasicValueBinder - Starting `BasicValueBinder#fillSimpleValue` for autor
2026-02-02 21:27:16.436 [main] DEBUG org.hibernate.boot.model.internal.BasicValueBinder - Starting `BasicValueBinder#fillSimpleValue` for genero
2026-02-02 21:27:16.436 [main] DEBUG org.hibernate.boot.model.internal.BasicValueBinder - Starting `BasicValueBinder#fillSimpleValue` for titulo
2026-02-02 21:27:16.436 [main] DEBUG org.hibernate.boot.model.internal.BasicValueBinder - Starting `BasicValueBinder#fillSimpleValue` for id_asignacion
2026-02-02 21:27:16.436 [main] DEBUG org.hibernate.boot.model.internal.BasicValueBinder - Starting `BasicValueBinder#fillSimpleValue` for codigoClase
2026-02-02 21:27:16.436 [main] DEBUG org.hibernate.boot.model.internal.BasicValueBinder - Starting `BasicValueBinder#fillSimpleValue` for esObligatoria
2026-02-02 21:27:16.436 [main] DEBUG org.hibernate.boot.model.internal.BasicValueBinder - Starting `BasicValueBinder#fillSimpleValue` for tituloAsignacion
2026-02-02 21:27:16.436 [main] DEBUG org.hibernate.boot.model.internal.BasicValueBinder - Starting `BasicValueBinder#fillSimpleValue` for totalAlumnos
2026-02-02 21:27:16.436 [main] DEBUG org.hibernate.boot.model.internal.BasicValueBinder - Starting `BasicValueBinder#fillSimpleValue` for id_docente
2026-02-02 21:27:16.436 [main] DEBUG org.hibernate.boot.model.internal.BasicValueBinder - Starting `BasicValueBinder#fillSimpleValue` for edad
2026-02-02 21:27:16.437 [main] DEBUG org.hibernate.boot.model.internal.BasicValueBinder - Starting `BasicValueBinder#fillSimpleValue` for especialidad
2026-02-02 21:27:16.437 [main] DEBUG org.hibernate.boot.model.internal.BasicValueBinder - Starting `BasicValueBinder#fillSimpleValue` for nombre
2026-02-02 21:27:16.437 [main] DEBUG org.hibernate.boot.model.internal.BasicValueBinder - Starting `BasicValueBinder#fillSimpleValue` for id_logro
2026-02-02 21:27:16.437 [main] DEBUG org.hibernate.boot.model.internal.BasicValueBinder - Starting `BasicValueBinder#fillSimpleValue` for descripcion
2026-02-02 21:27:16.437 [main] DEBUG org.hibernate.boot.model.internal.BasicValueBinder - Starting `BasicValueBinder#fillSimpleValue` for nombreLogro
2026-02-02 21:27:16.437 [main] DEBUG org.hibernate.boot.model.internal.BasicValueBinder - Starting `BasicValueBinder#fillSimpleValue` for id_estudiante
2026-02-02 21:27:16.437 [main] DEBUG org.hibernate.boot.model.internal.BasicValueBinder - Starting `BasicValueBinder#fillSimpleValue` for nivelActual
2026-02-02 21:27:16.437 [main] DEBUG org.hibernate.boot.model.internal.BasicValueBinder - Starting `BasicValueBinder#fillSimpleValue` for puntosXP
2026-02-02 21:27:16.441 [main] DEBUG org.hibernate.mapping.PrimaryKey - Forcing column [id_usuario] to be non-null as it is part of the primary key for table [usuario]
2026-02-02 21:27:16.441 [main] DEBUG org.hibernate.mapping.PrimaryKey - Forcing column [id_lectura] to be non-null as it is part of the primary key for table [lectura]
2026-02-02 21:27:16.441 [main] DEBUG org.hibernate.mapping.PrimaryKey - Forcing column [id_asignacion] to be non-null as it is part of the primary key for table [asignacion]
2026-02-02 21:27:16.441 [main] DEBUG org.hibernate.mapping.PrimaryKey - Forcing column [id_docente] to be non-null as it is part of the primary key for table [docente]
2026-02-02 21:27:16.441 [main] DEBUG org.hibernate.mapping.PrimaryKey - Forcing column [id_logro] to be non-null as it is part of the primary key for table [logro]
2026-02-02 21:27:16.441 [main] DEBUG org.hibernate.mapping.PrimaryKey - Forcing column [id_estudiante] to be non-null as it is part of the primary key for table [estudiante]
2026-02-02 21:27:16.441 [main] DEBUG org.hibernate.boot.model.internal.CollectionSecondPass - Second pass for collection: modelo.Logro.estudiantes
2026-02-02 21:27:16.442 [main] DEBUG org.hibernate.boot.model.internal.CollectionBinder - Binding a ManyToMany: modelo.Logro.estudiantes
2026-02-02 21:27:16.444 [main] DEBUG org.hibernate.boot.registry.classloading.internal.ClassLoaderServiceImpl - HHH000194: Package not found or wo package-info.java: modelo
2026-02-02 21:27:16.448 [main] DEBUG org.hibernate.mapping.PrimaryKey - Forcing column [logros_id_logro] to be non-null as it is part of the primary key for table [logro_estudiante]
2026-02-02 21:27:16.448 [main] DEBUG org.hibernate.mapping.PrimaryKey - Forcing column [estudiantes_id_estudiante] to be non-null as it is part of the primary key for table [logro_estudiante]
2026-02-02 21:27:16.448 [main] DEBUG org.hibernate.boot.model.internal.CollectionSecondPass - Mapped collection key: logros_id_logro, element: estudiantes_id_estudiante
2026-02-02 21:27:16.449 [main] DEBUG org.hibernate.boot.model.internal.CollectionSecondPass - Second pass for collection: modelo.Lectura.asignaciones
2026-02-02 21:27:16.450 [main] DEBUG org.hibernate.boot.model.internal.CollectionBinder - Binding a OneToMany: modelo.Lectura.asignaciones through a foreign key
2026-02-02 21:27:16.450 [main] DEBUG org.hibernate.boot.model.internal.CollectionBinder - Mapping collection: modelo.Lectura.asignaciones -> asignacion
2026-02-02 21:27:16.451 [main] DEBUG org.hibernate.boot.model.internal.TableBinder - Retrieving property modelo.Asignacion.lectura
2026-02-02 21:27:16.451 [main] DEBUG org.hibernate.boot.model.internal.CollectionSecondPass - Mapped collection key: id_lectura, one-to-many: modelo.Asignacion
2026-02-02 21:27:16.451 [main] DEBUG org.hibernate.boot.model.internal.CollectionSecondPass - Second pass for collection: modelo.Estudiante.logros
2026-02-02 21:27:16.451 [main] DEBUG org.hibernate.boot.model.internal.CollectionBinder - Binding a ManyToMany: modelo.Estudiante.logros
2026-02-02 21:27:16.451 [main] DEBUG org.hibernate.boot.registry.classloading.internal.ClassLoaderServiceImpl - HHH000194: Package not found or wo package-info.java: modelo
2026-02-02 21:27:16.451 [main] DEBUG org.hibernate.boot.model.internal.TableBinder - Retrieving property modelo.Logro.estudiantes
2026-02-02 21:27:16.451 [main] DEBUG org.hibernate.boot.model.internal.CollectionSecondPass - Mapped collection key: estudiantes_id_estudiante, element: logros_id_logro
2026-02-02 21:27:16.452 [main] DEBUG org.hibernate.boot.internal.InFlightMetadataCollectorImpl - Resolving reference to class: modelo.Docente
2026-02-02 21:27:16.454 [main] DEBUG org.hibernate.boot.internal.InFlightMetadataCollectorImpl - Resolving reference to class: modelo.Lectura
2026-02-02 21:27:16.454 [main] DEBUG org.hibernate.boot.internal.InFlightMetadataCollectorImpl - Resolving reference to class: modelo.Usuario
2026-02-02 21:27:16.454 [main] DEBUG org.hibernate.boot.internal.InFlightMetadataCollectorImpl - Resolving reference to class: modelo.Estudiante
2026-02-02 21:27:16.454 [main] DEBUG org.hibernate.boot.internal.InFlightMetadataCollectorImpl - Resolving reference to class: modelo.Logro
2026-02-02 21:27:16.454 [main] DEBUG org.hibernate.boot.internal.InFlightMetadataCollectorImpl - Resolving reference to class: modelo.Estudiante
2026-02-02 21:27:16.469 [main] DEBUG org.hibernate.boot.internal.InFlightMetadataCollectorImpl - Resolving reference to class: modelo.Docente
2026-02-02 21:27:16.470 [main] DEBUG org.hibernate.boot.internal.InFlightMetadataCollectorImpl - Resolving reference to class: modelo.Lectura
2026-02-02 21:27:16.470 [main] DEBUG org.hibernate.boot.internal.InFlightMetadataCollectorImpl - Resolving reference to class: modelo.Usuario
2026-02-02 21:27:16.470 [main] DEBUG org.hibernate.boot.internal.InFlightMetadataCollectorImpl - Resolving reference to class: modelo.Estudiante
2026-02-02 21:27:16.470 [main] DEBUG org.hibernate.boot.internal.InFlightMetadataCollectorImpl - Resolving reference to class: modelo.Logro
2026-02-02 21:27:16.470 [main] DEBUG org.hibernate.boot.internal.InFlightMetadataCollectorImpl - Resolving reference to class: modelo.Estudiante
2026-02-02 21:27:16.606 [main] DEBUG org.hibernate.internal.SessionFactoryImpl - Building session factory
2026-02-02 21:27:16.640 [main] DEBUG org.hibernate.service.internal.SessionFactoryServiceRegistryImpl - EventListenerRegistry access via ServiceRegistry is deprecated.  Use `sessionFactory.getEventEngine().getListenerRegistry()` instead
2026-02-02 21:27:16.640 [main] DEBUG org.hibernate.internal.SessionFactoryImpl - Instantiating SessionFactory with settings: {hibernate.format_sql=true, java.specification.version=21, sun.cpu.isalist=amd64, sun.jnu.encoding=Cp1252, hibernate.dialect=org.hibernate.dialect.MySQLDialect, java.class.path=C:\Users\Usuario\OneDrive\Desktop\SegundoDAM\Acceso a Datos\LitMindHibernate\target\classes;C:\Users\Usuario\.m2\repository\org\hibernate\orm\hibernate-core\6.4.4.Final\hibernate-core-6.4.4.Final.jar;C:\Users\Usuario\.m2\repository\jakarta\transaction\jakarta.transaction-api\2.0.1\jakarta.transaction-api-2.0.1.jar;C:\Users\Usuario\.m2\repository\org\jboss\logging\jboss-logging\3.5.0.Final\jboss-logging-3.5.0.Final.jar;C:\Users\Usuario\.m2\repository\org\hibernate\common\hibernate-commons-annotations\6.0.6.Final\hibernate-commons-annotations-6.0.6.Final.jar;C:\Users\Usuario\.m2\repository\io\smallrye\jandex\3.1.2\jandex-3.1.2.jar;C:\Users\Usuario\.m2\repository\com\fasterxml\classmate\1.5.1\classmate-1.5.1.jar;C:\Users\Usuario\.m2\repository\net\bytebuddy\byte-buddy\1.14.11\byte-buddy-1.14.11.jar;C:\Users\Usuario\.m2\repository\jakarta\xml\bind\jakarta.xml.bind-api\4.0.0\jakarta.xml.bind-api-4.0.0.jar;C:\Users\Usuario\.m2\repository\jakarta\activation\jakarta.activation-api\2.1.0\jakarta.activation-api-2.1.0.jar;C:\Users\Usuario\.m2\repository\org\glassfish\jaxb\jaxb-runtime\4.0.2\jaxb-runtime-4.0.2.jar;C:\Users\Usuario\.m2\repository\org\glassfish\jaxb\jaxb-core\4.0.2\jaxb-core-4.0.2.jar;C:\Users\Usuario\.m2\repository\org\eclipse\angus\angus-activation\2.0.0\angus-activation-2.0.0.jar;C:\Users\Usuario\.m2\repository\org\glassfish\jaxb\txw2\4.0.2\txw2-4.0.2.jar;C:\Users\Usuario\.m2\repository\com\sun\istack\istack-commons-runtime\4.1.1\istack-commons-runtime-4.1.1.jar;C:\Users\Usuario\.m2\repository\jakarta\inject\jakarta.inject-api\2.0.1\jakarta.inject-api-2.0.1.jar;C:\Users\Usuario\.m2\repository\org\antlr\antlr4-runtime\4.13.0\antlr4-runtime-4.13.0.jar;C:\Users\Usuario\.m2\repository\com\mysql\mysql-connector-j\8.4.0\mysql-connector-j-8.4.0.jar;C:\Users\Usuario\.m2\repository\com\google\protobuf\protobuf-java\3.25.1\protobuf-java-3.25.1.jar;C:\Users\Usuario\.m2\repository\jakarta\persistence\jakarta.persistence-api\3.1.0\jakarta.persistence-api-3.1.0.jar;C:\Users\Usuario\.m2\repository\org\apache\logging\log4j\log4j-api\2.13.0\log4j-api-2.13.0.jar;C:\Users\Usuario\.m2\repository\org\apache\logging\log4j\log4j-core\2.13.0\log4j-core-2.13.0.jar;C:\Users\Usuario\.m2\repository\com\google\code\gson\gson\2.10.1\gson-2.10.1.jar, java.vm.vendor=Oracle Corporation, sun.arch.data.model=64, user.variant=, java.vendor.url=https://java.oracle.com/, user.timezone=Europe/Madrid, org.apache.logging.log4j.assignedSequences=3653, java.vm.specification.version=21, os.name=Windows 11, sun.java.launcher=SUN_STANDARD, user.country=ES, sun.boot.library.path=C:\Program Files\Java\jdk-21\bin, sun.java.command=controlador.GestionaUsuarios, jdk.debug=release, sun.cpu.endian=little, user.home=C:\Users\Usuario, user.language=es, java.specification.vendor=Oracle Corporation, java.version.date=2025-07-15, java.home=C:\Program Files\Java\jdk-21, file.separator=\, java.vm.compressedOopsMode=Zero based, line.separator=
, java.vm.specification.vendor=Oracle Corporation, java.specification.name=Java Platform API Specification, hibernate.hbm2ddl.auto=create, user.script=, sun.management.compiler=HotSpot 64-Bit Tiered Compilers, java.runtime.version=21.0.8+12-LTS-250, user.name=Usuario, stdout.encoding=UTF-8, path.separator=;, hibernate.connection.username=****, os.version=10.0, java.runtime.name=Java(TM) SE Runtime Environment, hibernate.connection.url=jdbc:mysql://localhost:3307/LitMind?useSSL=false&serverTimezone=UTC, file.encoding=UTF-8, java.vm.name=Java HotSpot(TM) 64-Bit Server VM, hibernate.show_sql=true, hibernate.connection.driver_class=com.mysql.cj.jdbc.Driver, java.vendor.url.bug=https://bugreport.java.com/bugreport/, java.io.tmpdir=C:\Users\Usuario\AppData\Local\Temp\, java.version=21.0.8, user.dir=C:\Users\Usuario\OneDrive\Desktop\SegundoDAM\Acceso a Datos\LitMindHibernate, os.arch=amd64, java.vm.specification.name=Java Virtual Machine Specification, hibernate.connection.password=****, sun.os.patch.level=, hibernate.boot.CfgXmlAccessService.key=org.hibernate.boot.cfgxml.spi.LoadedConfig@493ac8d3, native.encoding=Cp1252, java.library.path=C:\Program Files\Java\jdk-21\bin;C:\WINDOWS\Sun\Java\bin;C:\WINDOWS\system32;C:\WINDOWS;C:/Users/Usuario/OneDrive/Desktop/sts-4.31.0.RELEASE/sts-4.31.0.RELEASE//plugins/org.eclipse.justj.openjdk.hotspot.jre.full.win32.x86_64_21.0.7.v20250502-0916/jre/bin/server;C:/Users/Usuario/OneDrive/Desktop/sts-4.31.0.RELEASE/sts-4.31.0.RELEASE//plugins/org.eclipse.justj.openjdk.hotspot.jre.full.win32.x86_64_21.0.7.v20250502-0916/jre/bin;C:\Program Files\Common Files\Oracle\Java\javapath;C:\Program Files (x86)\Common Files\Oracle\Java\javapath;C:\WINDOWS\system32;C:\WINDOWS;C:\WINDOWS\System32\Wbem;C:\WINDOWS\System32\WindowsPowerShell\v1.0\;C:\WINDOWS\System32\OpenSSH\;C:\Program Files (x86)\NVIDIA Corporation\PhysX\Common;C:\Program Files\dotnet\;C:\Program Files\Git\cmd;C:\Program Files\NVIDIA Corporation\NVIDIA App\NvDLISR;C:\Program Files\WireGuard\;C:\Program Files\nodejs\;C:\Program Files\Docker\Docker\resources\bin;C:\Users\Usuario\AppData\Local\Programs\Python\Python311\Scripts\;C:\Users\Usuario\AppData\Local\Programs\Python\Python311\;C:\Users\Usuario\AppData\Local\Programs\Python\Python313\Scripts\;C:\Users\Usuario\AppData\Local\Programs\Python\Python313\;C:\Users\Usuario\AppData\Local\Programs\Python\Launcher\;C:\Users\Usuario\AppData\Local\Microsoft\WindowsApps;C:\Users\Usuario\AppData\Local\Programs\Microsoft VS Code\bin;C:\Users\Usuario\AppData\Local\GitHubDesktop\bin;C:\Users\Usuario\AppData\Local\spicetify;C:\Users\Usuario\AppData\Roaming\npm;C:\Program Files (x86)\MongoDB Atlas CLI\;C:\Users\Usuario\OneDrive\Desktop\sts-4.31.0.RELEASE\sts-4.31.0.RELEASE;;., stderr.encoding=UTF-8, java.vendor=Oracle Corporation, java.vm.info=mixed mode, sharing, java.vm.version=21.0.8+12-LTS-250, sun.io.unicode.encoding=UnicodeLittle, java.class.version=65.0}
2026-02-02 21:27:16.644 [main] DEBUG org.hibernate.internal.SessionFactoryImpl - Session factory constructed with filter configurations : {}
2026-02-02 21:27:16.671 [main] DEBUG org.hibernate.query.sqm.function.SqmFunctionRegistry - Registered SqmFunctionTemplate [NamedSqmFunctionTemplate(max)] under max; prior registration was null
2026-02-02 21:27:16.671 [main] DEBUG org.hibernate.query.sqm.function.SqmFunctionRegistry - Registered SqmFunctionTemplate [NamedSqmFunctionTemplate(min)] under min; prior registration was null
2026-02-02 21:27:16.671 [main] DEBUG org.hibernate.query.sqm.function.SqmFunctionRegistry - Registered SqmFunctionTemplate [NamedSqmFunctionTemplate(sum)] under sum; prior registration was null
2026-02-02 21:27:16.672 [main] DEBUG org.hibernate.query.sqm.function.SqmFunctionRegistry - Registered SqmFunctionTemplate [NamedSqmFunctionTemplate(avg)] under avg; prior registration was null
2026-02-02 21:27:16.672 [main] DEBUG org.hibernate.query.sqm.function.SqmFunctionRegistry - Registered SqmFunctionTemplate [org.hibernate.dialect.function.CountFunction@75b6dd5b] under count; prior registration was null
2026-02-02 21:27:16.674 [main] DEBUG org.hibernate.query.sqm.function.SqmFunctionRegistry - Registered SqmFunctionTemplate [org.hibernate.dialect.function.EveryAnyEmulation@58f4b31a] under every; prior registration was null
2026-02-02 21:27:16.674 [main] DEBUG org.hibernate.query.sqm.function.SqmFunctionRegistry - Registered SqmFunctionTemplate [org.hibernate.dialect.function.EveryAnyEmulation@21a9a705] under any; prior registration was null
2026-02-02 21:27:16.674 [main] DEBUG org.hibernate.query.sqm.function.SqmFunctionRegistry - Registered SqmFunctionTemplate [NamedSqmFunctionTemplate(floor)] under floor; prior registration was null
2026-02-02 21:27:16.674 [main] DEBUG org.hibernate.query.sqm.function.SqmFunctionRegistry - Registered SqmFunctionTemplate [NamedSqmFunctionTemplate(ceiling)] under ceiling; prior registration was null
2026-02-02 21:27:16.674 [main] DEBUG org.hibernate.query.sqm.function.SqmFunctionRegistry - Registered SqmFunctionTemplate [NamedSqmFunctionTemplate(mod)] under mod; prior registration was null
2026-02-02 21:27:16.674 [main] DEBUG org.hibernate.query.sqm.function.SqmFunctionRegistry - Registered SqmFunctionTemplate [NamedSqmFunctionTemplate(abs)] under abs; prior registration was null
2026-02-02 21:27:16.674 [main] DEBUG org.hibernate.query.sqm.function.SqmFunctionRegistry - Registered SqmFunctionTemplate [NamedSqmFunctionTemplate(sign)] under sign; prior registration was null
2026-02-02 21:27:16.674 [main] DEBUG org.hibernate.query.sqm.function.SqmFunctionRegistry - Registered SqmFunctionTemplate [NamedSqmFunctionTemplate(sqrt)] under sqrt; prior registration was null
2026-02-02 21:27:16.674 [main] DEBUG org.hibernate.query.sqm.function.SqmFunctionRegistry - Registered SqmFunctionTemplate [NamedSqmFunctionTemplate(ln)] under ln; prior registration was null
2026-02-02 21:27:16.674 [main] DEBUG org.hibernate.query.sqm.function.SqmFunctionRegistry - Registered SqmFunctionTemplate [NamedSqmFunctionTemplate(exp)] under exp; prior registration was null
2026-02-02 21:27:16.674 [main] DEBUG org.hibernate.query.sqm.function.SqmFunctionRegistry - Registered SqmFunctionTemplate [NamedSqmFunctionTemplate(power)] under power; prior registration was null
2026-02-02 21:27:16.675 [main] DEBUG org.hibernate.query.sqm.function.SqmFunctionRegistry - Registered SqmFunctionTemplate [NamedSqmFunctionTemplate(round)] under round; prior registration was null
2026-02-02 21:27:16.675 [main] DEBUG org.hibernate.query.sqm.function.SqmFunctionRegistry - Registered SqmFunctionTemplate [NamedSqmFunctionTemplate(sin)] under sin; prior registration was null
2026-02-02 21:27:16.675 [main] DEBUG org.hibernate.query.sqm.function.SqmFunctionRegistry - Registered SqmFunctionTemplate [NamedSqmFunctionTemplate(cos)] under cos; prior registration was null
2026-02-02 21:27:16.675 [main] DEBUG org.hibernate.query.sqm.function.SqmFunctionRegistry - Registered SqmFunctionTemplate [NamedSqmFunctionTemplate(tan)] under tan; prior registration was null
2026-02-02 21:27:16.675 [main] DEBUG org.hibernate.query.sqm.function.SqmFunctionRegistry - Registered SqmFunctionTemplate [NamedSqmFunctionTemplate(asin)] under asin; prior registration was null
2026-02-02 21:27:16.675 [main] DEBUG org.hibernate.query.sqm.function.SqmFunctionRegistry - Registered SqmFunctionTemplate [NamedSqmFunctionTemplate(acos)] under acos; prior registration was null
2026-02-02 21:27:16.675 [main] DEBUG org.hibernate.query.sqm.function.SqmFunctionRegistry - Registered SqmFunctionTemplate [NamedSqmFunctionTemplate(atan)] under atan; prior registration was null
2026-02-02 21:27:16.675 [main] DEBUG org.hibernate.query.sqm.function.SqmFunctionRegistry - Registered SqmFunctionTemplate [NamedSqmFunctionTemplate(atan2)] under atan2; prior registration was null
2026-02-02 21:27:16.676 [main] DEBUG org.hibernate.query.sqm.function.SqmFunctionRegistry - Registered SqmFunctionTemplate [org.hibernate.query.sqm.function.PatternBasedSqmFunctionDescriptor@2e32fc22] under sinh; prior registration was null
2026-02-02 21:27:16.676 [main] DEBUG org.hibernate.query.sqm.function.SqmFunctionRegistry - Registered SqmFunctionTemplate [org.hibernate.query.sqm.function.PatternBasedSqmFunctionDescriptor@3f5156a6] under cosh; prior registration was null
2026-02-02 21:27:16.676 [main] DEBUG org.hibernate.query.sqm.function.SqmFunctionRegistry - Registered SqmFunctionTemplate [org.hibernate.query.sqm.function.PatternBasedSqmFunctionDescriptor@72bdd7c7] under tanh; prior registration was null
2026-02-02 21:27:16.676 [main] DEBUG org.hibernate.query.sqm.function.SqmFunctionRegistry - Registered SqmFunctionTemplate [org.hibernate.query.sqm.function.PatternBasedSqmFunctionDescriptor@7d17ee50] under pi; prior registration was null
2026-02-02 21:27:16.676 [main] DEBUG org.hibernate.query.sqm.function.SqmFunctionRegistry - Registered SqmFunctionTemplate [org.hibernate.query.sqm.function.PatternBasedSqmFunctionDescriptor@44fdce3c] under log; prior registration was null
2026-02-02 21:27:16.677 [main] DEBUG org.hibernate.query.sqm.function.SqmFunctionRegistry - Registered SqmFunctionTemplate [NamedSqmFunctionTemplate(coalesce)] under coalesce; prior registration was null
2026-02-02 21:27:16.677 [main] DEBUG org.hibernate.query.sqm.function.SqmFunctionRegistry - Registered SqmFunctionTemplate [NamedSqmFunctionTemplate(nullif)] under nullif; prior registration was null
2026-02-02 21:27:16.677 [main] DEBUG org.hibernate.query.sqm.function.SqmFunctionRegistry - Registered SqmFunctionTemplate [NamedSqmFunctionTemplate(left)] under left; prior registration was null
2026-02-02 21:27:16.677 [main] DEBUG org.hibernate.query.sqm.function.SqmFunctionRegistry - Registered SqmFunctionTemplate [NamedSqmFunctionTemplate(right)] under right; prior registration was null
2026-02-02 21:27:16.677 [main] DEBUG org.hibernate.query.sqm.function.SqmFunctionRegistry - Registered SqmFunctionTemplate [NamedSqmFunctionTemplate(replace)] under replace; prior registration was null
2026-02-02 21:27:16.677 [main] DEBUG org.hibernate.query.sqm.function.SqmFunctionRegistry - Registered SqmFunctionTemplate [NamedSqmFunctionTemplate(concat)] under concat; prior registration was null
2026-02-02 21:27:16.677 [main] DEBUG org.hibernate.query.sqm.function.SqmFunctionRegistry - Registered SqmFunctionTemplate [NamedSqmFunctionTemplate(lower)] under lower; prior registration was null
2026-02-02 21:27:16.677 [main] DEBUG org.hibernate.query.sqm.function.SqmFunctionRegistry - Registered SqmFunctionTemplate [NamedSqmFunctionTemplate(upper)] under upper; prior registration was null
2026-02-02 21:27:16.677 [main] DEBUG org.hibernate.query.sqm.function.SqmFunctionRegistry - Registered SqmFunctionTemplate [NamedSqmFunctionTemplate(substring)] under substring; prior registration was null
2026-02-02 21:27:16.677 [main] DEBUG org.hibernate.query.sqm.function.SqmFunctionRegistry - Registered SqmFunctionTemplate [NamedSqmFunctionTemplate(locate)] under locate; prior registration was null
2026-02-02 21:27:16.677 [main] DEBUG org.hibernate.query.sqm.function.SqmFunctionRegistry - Registered SqmFunctionTemplate [NamedSqmFunctionTemplate(character_length)] under character_length; prior registration was null
2026-02-02 21:27:16.677 [main] DEBUG org.hibernate.query.sqm.function.SqmFunctionRegistry - Registering alternate key : length -> character_length
2026-02-02 21:27:16.677 [main] DEBUG org.hibernate.query.sqm.function.SqmFunctionRegistry - Registered SqmFunctionTemplate [org.hibernate.dialect.function.LocatePositionEmulation@ffd4cba] under position; prior registration was null
2026-02-02 21:27:16.678 [main] DEBUG org.hibernate.query.sqm.function.SqmFunctionRegistry - Registered SqmFunctionTemplate [org.hibernate.dialect.function.InsertSubstringOverlayEmulation@6c8dbf56] under overlay; prior registration was null
2026-02-02 21:27:16.679 [main] DEBUG org.hibernate.query.sqm.function.SqmFunctionRegistry - Registered SqmFunctionTemplate [org.hibernate.dialect.function.TrimFunction@54089484] under trim; prior registration was null
2026-02-02 21:27:16.679 [main] DEBUG org.hibernate.query.sqm.function.SqmFunctionRegistry - Registered SqmFunctionTemplate [org.hibernate.dialect.function.CastFunction@273a5a8a] under cast; prior registration was null
2026-02-02 21:27:16.679 [main] DEBUG org.hibernate.query.sqm.function.SqmFunctionRegistry - Registered SqmFunctionTemplate [org.hibernate.query.sqm.function.PatternBasedSqmFunctionDescriptor@1823b9c4] under collate; prior registration was null
2026-02-02 21:27:16.679 [main] DEBUG org.hibernate.query.sqm.function.SqmFunctionRegistry - Registered SqmFunctionTemplate [org.hibernate.dialect.function.ExtractFunction@fb49fdf] under extract; prior registration was null
2026-02-02 21:27:16.680 [main] DEBUG org.hibernate.query.sqm.function.SqmFunctionRegistry - Registered SqmFunctionTemplate [NamedSqmFunctionTemplate(least)] under least; prior registration was null
2026-02-02 21:27:16.680 [main] DEBUG org.hibernate.query.sqm.function.SqmFunctionRegistry - Registered SqmFunctionTemplate [NamedSqmFunctionTemplate(greatest)] under greatest; prior registration was null
2026-02-02 21:27:16.680 [main] DEBUG org.hibernate.query.sqm.function.SqmFunctionRegistry - Registered SqmFunctionTemplate [org.hibernate.dialect.function.CoalesceIfnullEmulation@3b2553d9] under ifnull; prior registration was null
2026-02-02 21:27:16.680 [main] DEBUG org.hibernate.query.sqm.function.SqmFunctionRegistry - Registered SqmFunctionTemplate [NamedSqmFunctionTemplate(lpad)] under lpad; prior registration was null
2026-02-02 21:27:16.680 [main] DEBUG org.hibernate.query.sqm.function.SqmFunctionRegistry - Registered SqmFunctionTemplate [NamedSqmFunctionTemplate(rpad)] under rpad; prior registration was null
2026-02-02 21:27:16.680 [main] DEBUG org.hibernate.query.sqm.function.SqmFunctionRegistry - Registered SqmFunctionTemplate [org.hibernate.dialect.function.LpadRpadPadEmulation@309cedb6] under pad; prior registration was null
2026-02-02 21:27:16.680 [main] DEBUG org.hibernate.query.sqm.function.SqmFunctionRegistry - Registered SqmFunctionTemplate [org.hibernate.dialect.function.CastStrEmulation@7b3cde6f] under str; prior registration was null
2026-02-02 21:27:16.680 [main] DEBUG org.hibernate.query.sqm.function.SqmFunctionRegistry - Registered SqmFunctionTemplate [org.hibernate.dialect.function.FormatFunction@76fe6cdc] under format; prior registration was null
2026-02-02 21:27:16.682 [main] DEBUG org.hibernate.query.sqm.function.SqmFunctionRegistry - Registered SqmFunctionTemplate [org.hibernate.dialect.function.TimestampaddFunction@431e86b1] under timestampadd; prior registration was null
2026-02-02 21:27:16.682 [main] DEBUG org.hibernate.query.sqm.function.SqmFunctionRegistry - Registered SqmFunctionTemplate [org.hibernate.dialect.function.TimestampdiffFunction@5584d9c6] under timestampdiff; prior registration was null
2026-02-02 21:27:16.682 [main] DEBUG org.hibernate.query.sqm.function.SqmFunctionRegistry - Registering alternate key : dateadd -> timestampadd
2026-02-02 21:27:16.682 [main] DEBUG org.hibernate.query.sqm.function.SqmFunctionRegistry - Registering alternate key : datediff -> timestampdiff
2026-02-02 21:27:16.682 [main] DEBUG org.hibernate.query.sqm.function.SqmFunctionRegistry - Registered SqmFunctionTemplate [org.hibernate.dialect.function.CurrentFunction@6ef60295] under current_date; prior registration was null
2026-02-02 21:27:16.682 [main] DEBUG org.hibernate.query.sqm.function.SqmFunctionRegistry - Registered SqmFunctionTemplate [org.hibernate.dialect.function.CurrentFunction@3127cb44] under current_time; prior registration was null
2026-02-02 21:27:16.682 [main] DEBUG org.hibernate.query.sqm.function.SqmFunctionRegistry - Registered SqmFunctionTemplate [org.hibernate.dialect.function.CurrentFunction@3234474] under current_timestamp; prior registration was null
2026-02-02 21:27:16.682 [main] DEBUG org.hibernate.query.sqm.function.SqmFunctionRegistry - Registering alternate key : current date -> current_date
2026-02-02 21:27:16.682 [main] DEBUG org.hibernate.query.sqm.function.SqmFunctionRegistry - Registering alternate key : current time -> current_time
2026-02-02 21:27:16.682 [main] DEBUG org.hibernate.query.sqm.function.SqmFunctionRegistry - Registering alternate key : current timestamp -> current_timestamp
2026-02-02 21:27:16.682 [main] DEBUG org.hibernate.query.sqm.function.SqmFunctionRegistry - Registered SqmFunctionTemplate [org.hibernate.dialect.function.CurrentFunction@631cb129] under local_date; prior registration was null
2026-02-02 21:27:16.682 [main] DEBUG org.hibernate.query.sqm.function.SqmFunctionRegistry - Registered SqmFunctionTemplate [org.hibernate.dialect.function.CurrentFunction@3d20e575] under local_time; prior registration was null
2026-02-02 21:27:16.682 [main] DEBUG org.hibernate.query.sqm.function.SqmFunctionRegistry - Registered SqmFunctionTemplate [org.hibernate.dialect.function.CurrentFunction@3252747e] under local_datetime; prior registration was null
2026-02-02 21:27:16.682 [main] DEBUG org.hibernate.query.sqm.function.SqmFunctionRegistry - Registered SqmFunctionTemplate [org.hibernate.dialect.function.CurrentFunction@2b4b96a4] under offset_datetime; prior registration was null
2026-02-02 21:27:16.682 [main] DEBUG org.hibernate.query.sqm.function.SqmFunctionRegistry - Registering alternate key : local date -> local_date
2026-02-02 21:27:16.682 [main] DEBUG org.hibernate.query.sqm.function.SqmFunctionRegistry - Registering alternate key : local time -> local_time
2026-02-02 21:27:16.683 [main] DEBUG org.hibernate.query.sqm.function.SqmFunctionRegistry - Registering alternate key : local datetime -> local_datetime
2026-02-02 21:27:16.683 [main] DEBUG org.hibernate.query.sqm.function.SqmFunctionRegistry - Registering alternate key : offset datetime -> offset_datetime
2026-02-02 21:27:16.683 [main] DEBUG org.hibernate.query.sqm.function.SqmFunctionRegistry - Registered SqmFunctionTemplate [org.hibernate.dialect.function.CurrentFunction@2dd8ff1d] under instant; prior registration was null
2026-02-02 21:27:16.683 [main] DEBUG org.hibernate.query.sqm.function.SqmFunctionRegistry - Registering alternate key : current_instant -> instant
2026-02-02 21:27:16.683 [main] DEBUG org.hibernate.query.sqm.function.SqmFunctionRegistry - Registered SqmFunctionTemplate [org.hibernate.dialect.function.SqlFunction@2bfaba70] under sql; prior registration was null
2026-02-02 21:27:16.683 [main] DEBUG org.hibernate.query.sqm.function.SqmFunctionRegistry - Registered SqmFunctionTemplate [NamedSqmFunctionTemplate(soundex)] under soundex; prior registration was null
2026-02-02 21:27:16.683 [main] DEBUG org.hibernate.query.sqm.function.SqmFunctionRegistry - Registered SqmFunctionTemplate [NamedSqmFunctionTemplate(radians)] under radians; prior registration was null
2026-02-02 21:27:16.683 [main] DEBUG org.hibernate.query.sqm.function.SqmFunctionRegistry - Registered SqmFunctionTemplate [NamedSqmFunctionTemplate(degrees)] under degrees; prior registration was null
2026-02-02 21:27:16.683 [main] DEBUG org.hibernate.query.sqm.function.SqmFunctionRegistry - Registered SqmFunctionTemplate [NamedSqmFunctionTemplate(cot)] under cot; prior registration was null
2026-02-02 21:27:16.683 [main] DEBUG org.hibernate.query.sqm.function.SqmFunctionRegistry - Registered SqmFunctionTemplate [NamedSqmFunctionTemplate(log)] under log; prior registration was org.hibernate.query.sqm.function.PatternBasedSqmFunctionDescriptor@44fdce3c
2026-02-02 21:27:16.683 [main] DEBUG org.hibernate.query.sqm.function.SqmFunctionRegistry - Registered SqmFunctionTemplate [NamedSqmFunctionTemplate(log2)] under log2; prior registration was null
2026-02-02 21:27:16.683 [main] DEBUG org.hibernate.query.sqm.function.SqmFunctionRegistry - Registered SqmFunctionTemplate [NamedSqmFunctionTemplate(log10)] under log10; prior registration was null
2026-02-02 21:27:16.683 [main] DEBUG org.hibernate.query.sqm.function.SqmFunctionRegistry - Registered SqmFunctionTemplate [NamedSqmFunctionTemplate(ltrim)] under ltrim; prior registration was null
2026-02-02 21:27:16.683 [main] DEBUG org.hibernate.query.sqm.function.SqmFunctionRegistry - Registered SqmFunctionTemplate [NamedSqmFunctionTemplate(rtrim)] under rtrim; prior registration was null
2026-02-02 21:27:16.683 [main] DEBUG org.hibernate.query.sqm.function.SqmFunctionRegistry - Registered SqmFunctionTemplate [NamedSqmFunctionTemplate(octet_length)] under octet_length; prior registration was null
2026-02-02 21:27:16.683 [main] DEBUG org.hibernate.query.sqm.function.SqmFunctionRegistry - Registered SqmFunctionTemplate [NamedSqmFunctionTemplate(reverse)] under reverse; prior registration was null
2026-02-02 21:27:16.683 [main] DEBUG org.hibernate.query.sqm.function.SqmFunctionRegistry - Registered SqmFunctionTemplate [NamedSqmFunctionTemplate(space)] under space; prior registration was null
2026-02-02 21:27:16.683 [main] DEBUG org.hibernate.query.sqm.function.SqmFunctionRegistry - Registered SqmFunctionTemplate [NamedSqmFunctionTemplate(repeat)] under repeat; prior registration was null
2026-02-02 21:27:16.684 [main] DEBUG org.hibernate.query.sqm.function.SqmFunctionRegistry - Registered SqmFunctionTemplate [org.hibernate.query.sqm.function.MultipatternSqmFunctionDescriptor@3238e2aa] under lpad; prior registration was NamedSqmFunctionTemplate(lpad)
2026-02-02 21:27:16.684 [main] DEBUG org.hibernate.query.sqm.function.SqmFunctionRegistry - Registered SqmFunctionTemplate [org.hibernate.query.sqm.function.MultipatternSqmFunctionDescriptor@2c7db926] under rpad; prior registration was NamedSqmFunctionTemplate(rpad)
2026-02-02 21:27:16.684 [main] DEBUG org.hibernate.query.sqm.function.SqmFunctionRegistry - Registered SqmFunctionTemplate [NamedSqmFunctionTemplate(md5)] under md5; prior registration was null
2026-02-02 21:27:16.684 [main] DEBUG org.hibernate.query.sqm.function.SqmFunctionRegistry - Registered SqmFunctionTemplate [NamedSqmFunctionTemplate(day)] under day; prior registration was null
2026-02-02 21:27:16.684 [main] DEBUG org.hibernate.query.sqm.function.SqmFunctionRegistry - Registered SqmFunctionTemplate [NamedSqmFunctionTemplate(month)] under month; prior registration was null
2026-02-02 21:27:16.684 [main] DEBUG org.hibernate.query.sqm.function.SqmFunctionRegistry - Registered SqmFunctionTemplate [NamedSqmFunctionTemplate(year)] under year; prior registration was null
2026-02-02 21:27:16.684 [main] DEBUG org.hibernate.query.sqm.function.SqmFunctionRegistry - Registered SqmFunctionTemplate [NamedSqmFunctionTemplate(hour)] under hour; prior registration was null
2026-02-02 21:27:16.684 [main] DEBUG org.hibernate.query.sqm.function.SqmFunctionRegistry - Registered SqmFunctionTemplate [NamedSqmFunctionTemplate(minute)] under minute; prior registration was null
2026-02-02 21:27:16.684 [main] DEBUG org.hibernate.query.sqm.function.SqmFunctionRegistry - Registered SqmFunctionTemplate [NamedSqmFunctionTemplate(second)] under second; prior registration was null
2026-02-02 21:27:16.684 [main] DEBUG org.hibernate.query.sqm.function.SqmFunctionRegistry - Registered SqmFunctionTemplate [NamedSqmFunctionTemplate(microsecond)] under microsecond; prior registration was null
2026-02-02 21:27:16.684 [main] DEBUG org.hibernate.query.sqm.function.SqmFunctionRegistry - Registered SqmFunctionTemplate [NamedSqmFunctionTemplate(dayofweek)] under dayofweek; prior registration was null
2026-02-02 21:27:16.684 [main] DEBUG org.hibernate.query.sqm.function.SqmFunctionRegistry - Registered SqmFunctionTemplate [NamedSqmFunctionTemplate(dayofmonth)] under dayofmonth; prior registration was null
2026-02-02 21:27:16.684 [main] DEBUG org.hibernate.query.sqm.function.SqmFunctionRegistry - Registering alternate key : day -> dayofmonth
2026-02-02 21:27:16.684 [main] DEBUG org.hibernate.query.sqm.function.SqmFunctionRegistry - Registered SqmFunctionTemplate [NamedSqmFunctionTemplate(dayofyear)] under dayofyear; prior registration was null
2026-02-02 21:27:16.684 [main] DEBUG org.hibernate.query.sqm.function.SqmFunctionRegistry - Registered SqmFunctionTemplate [NamedSqmFunctionTemplate(week)] under week; prior registration was null
2026-02-02 21:27:16.684 [main] DEBUG org.hibernate.query.sqm.function.SqmFunctionRegistry - Registered SqmFunctionTemplate [NamedSqmFunctionTemplate(quarter)] under quarter; prior registration was null
2026-02-02 21:27:16.684 [main] DEBUG org.hibernate.query.sqm.function.SqmFunctionRegistry - Registered SqmFunctionTemplate [NamedSqmFunctionTemplate(monthname)] under monthname; prior registration was null
2026-02-02 21:27:16.684 [main] DEBUG org.hibernate.query.sqm.function.SqmFunctionRegistry - Registered SqmFunctionTemplate [NamedSqmFunctionTemplate(dayname)] under dayname; prior registration was null
2026-02-02 21:27:16.685 [main] DEBUG org.hibernate.query.sqm.function.SqmFunctionRegistry - Registered SqmFunctionTemplate [NamedSqmFunctionTemplate(last_day)] under last_day; prior registration was null
2026-02-02 21:27:16.685 [main] DEBUG org.hibernate.query.sqm.function.SqmFunctionRegistry - Registered SqmFunctionTemplate [NamedSqmFunctionTemplate(date)] under date; prior registration was null
2026-02-02 21:27:16.685 [main] DEBUG org.hibernate.query.sqm.function.SqmFunctionRegistry - Registered SqmFunctionTemplate [NamedSqmFunctionTemplate(timestamp)] under timestamp; prior registration was null
2026-02-02 21:27:16.685 [main] DEBUG org.hibernate.query.sqm.function.SqmFunctionRegistry - Registered SqmFunctionTemplate [NamedSqmFunctionTemplate(time)] under time; prior registration was null
2026-02-02 21:27:16.685 [main] DEBUG org.hibernate.query.sqm.function.SqmFunctionRegistry - Registered SqmFunctionTemplate [NamedSqmFunctionTemplate(utc_date)] under utc_date; prior registration was null
2026-02-02 21:27:16.685 [main] DEBUG org.hibernate.query.sqm.function.SqmFunctionRegistry - Registered SqmFunctionTemplate [NamedSqmFunctionTemplate(utc_time)] under utc_time; prior registration was null
2026-02-02 21:27:16.685 [main] DEBUG org.hibernate.query.sqm.function.SqmFunctionRegistry - Registered SqmFunctionTemplate [NamedSqmFunctionTemplate(utc_timestamp)] under utc_timestamp; prior registration was null
2026-02-02 21:27:16.685 [main] DEBUG org.hibernate.query.sqm.function.SqmFunctionRegistry - Registered SqmFunctionTemplate [NamedSqmFunctionTemplate(rand)] under rand; prior registration was null
2026-02-02 21:27:16.685 [main] DEBUG org.hibernate.query.sqm.function.SqmFunctionRegistry - Registered SqmFunctionTemplate [NamedSqmFunctionTemplate(crc32)] under crc32; prior registration was null
2026-02-02 21:27:16.685 [main] DEBUG org.hibernate.query.sqm.function.SqmFunctionRegistry - Registered SqmFunctionTemplate [NamedSqmFunctionTemplate(sha1)] under sha1; prior registration was null
2026-02-02 21:27:16.685 [main] DEBUG org.hibernate.query.sqm.function.SqmFunctionRegistry - Registered SqmFunctionTemplate [NamedSqmFunctionTemplate(sha2)] under sha2; prior registration was null
2026-02-02 21:27:16.685 [main] DEBUG org.hibernate.query.sqm.function.SqmFunctionRegistry - Registered SqmFunctionTemplate [NamedSqmFunctionTemplate(sha)] under sha; prior registration was null
2026-02-02 21:27:16.685 [main] DEBUG org.hibernate.query.sqm.function.SqmFunctionRegistry - Registered SqmFunctionTemplate [NamedSqmFunctionTemplate(bit_length)] under bit_length; prior registration was null
2026-02-02 21:27:16.685 [main] DEBUG org.hibernate.query.sqm.function.SqmFunctionRegistry - Registered SqmFunctionTemplate [NamedSqmFunctionTemplate(octet_length)] under octet_length; prior registration was NamedSqmFunctionTemplate(octet_length)
2026-02-02 21:27:16.685 [main] DEBUG org.hibernate.query.sqm.function.SqmFunctionRegistry - Registered SqmFunctionTemplate [NamedSqmFunctionTemplate(ascii)] under ascii; prior registration was null
2026-02-02 21:27:16.685 [main] DEBUG org.hibernate.query.sqm.function.SqmFunctionRegistry - Registered SqmFunctionTemplate [NamedSqmFunctionTemplate(instr)] under instr; prior registration was null
2026-02-02 21:27:16.685 [main] DEBUG org.hibernate.query.sqm.function.SqmFunctionRegistry - Registered SqmFunctionTemplate [NamedSqmFunctionTemplate(substr)] under substr; prior registration was null
2026-02-02 21:27:16.685 [main] DEBUG org.hibernate.query.sqm.function.SqmFunctionRegistry - Registered SqmFunctionTemplate [org.hibernate.query.sqm.function.PatternBasedSqmFunctionDescriptor@2577a95d] under position; prior registration was org.hibernate.dialect.function.LocatePositionEmulation@ffd4cba
2026-02-02 21:27:16.685 [main] DEBUG org.hibernate.query.sqm.function.SqmFunctionRegistry - Registered SqmFunctionTemplate [NamedSqmFunctionTemplate(curtime)] under curtime; prior registration was null
2026-02-02 21:27:16.685 [main] DEBUG org.hibernate.query.sqm.function.SqmFunctionRegistry - Registered SqmFunctionTemplate [NamedSqmFunctionTemplate(curdate)] under curdate; prior registration was null
2026-02-02 21:27:16.685 [main] DEBUG org.hibernate.query.sqm.function.SqmFunctionRegistry - Registered SqmFunctionTemplate [NamedSqmFunctionTemplate(now)] under now; prior registration was null
2026-02-02 21:27:16.688 [main] DEBUG org.hibernate.query.sqm.function.SqmFunctionRegistry - Registered SqmFunctionTemplate [org.hibernate.dialect.function.TruncFunction@d70f722] under trunc; prior registration was null
2026-02-02 21:27:16.688 [main] DEBUG org.hibernate.query.sqm.function.SqmFunctionRegistry - Registering alternate key : truncate -> trunc
2026-02-02 21:27:16.688 [main] DEBUG org.hibernate.query.sqm.function.SqmFunctionRegistry - Registered SqmFunctionTemplate [NamedSqmFunctionTemplate(insert)] under insert; prior registration was null
2026-02-02 21:27:16.688 [main] DEBUG org.hibernate.query.sqm.function.SqmFunctionRegistry - Registered SqmFunctionTemplate [org.hibernate.query.sqm.function.PatternBasedSqmFunctionDescriptor@1e1eeedd] under bitand; prior registration was null
2026-02-02 21:27:16.688 [main] DEBUG org.hibernate.query.sqm.function.SqmFunctionRegistry - Registered SqmFunctionTemplate [org.hibernate.query.sqm.function.PatternBasedSqmFunctionDescriptor@798256c5] under bitor; prior registration was null
2026-02-02 21:27:16.688 [main] DEBUG org.hibernate.query.sqm.function.SqmFunctionRegistry - Registered SqmFunctionTemplate [org.hibernate.query.sqm.function.PatternBasedSqmFunctionDescriptor@7ec95456] under bitxor; prior registration was null
2026-02-02 21:27:16.688 [main] DEBUG org.hibernate.query.sqm.function.SqmFunctionRegistry - Registered SqmFunctionTemplate [org.hibernate.query.sqm.function.PatternBasedSqmFunctionDescriptor@748a654a] under bitnot; prior registration was null
2026-02-02 21:27:16.688 [main] DEBUG org.hibernate.query.sqm.function.SqmFunctionRegistry - Registered SqmFunctionTemplate [NamedSqmFunctionTemplate(bit_and)] under bit_and; prior registration was null
2026-02-02 21:27:16.688 [main] DEBUG org.hibernate.query.sqm.function.SqmFunctionRegistry - Registered SqmFunctionTemplate [NamedSqmFunctionTemplate(bit_or)] under bit_or; prior registration was null
2026-02-02 21:27:16.688 [main] DEBUG org.hibernate.query.sqm.function.SqmFunctionRegistry - Registered SqmFunctionTemplate [NamedSqmFunctionTemplate(stddev)] under stddev; prior registration was null
2026-02-02 21:27:16.688 [main] DEBUG org.hibernate.query.sqm.function.SqmFunctionRegistry - Registered SqmFunctionTemplate [NamedSqmFunctionTemplate(stddev_pop)] under stddev_pop; prior registration was null
2026-02-02 21:27:16.688 [main] DEBUG org.hibernate.query.sqm.function.SqmFunctionRegistry - Registered SqmFunctionTemplate [NamedSqmFunctionTemplate(stddev_samp)] under stddev_samp; prior registration was null
2026-02-02 21:27:16.688 [main] DEBUG org.hibernate.query.sqm.function.SqmFunctionRegistry - Registered SqmFunctionTemplate [NamedSqmFunctionTemplate(variance)] under variance; prior registration was null
2026-02-02 21:27:16.688 [main] DEBUG org.hibernate.query.sqm.function.SqmFunctionRegistry - Registered SqmFunctionTemplate [NamedSqmFunctionTemplate(var_pop)] under var_pop; prior registration was null
2026-02-02 21:27:16.689 [main] DEBUG org.hibernate.query.sqm.function.SqmFunctionRegistry - Registered SqmFunctionTemplate [NamedSqmFunctionTemplate(var_samp)] under var_samp; prior registration was null
2026-02-02 21:27:16.689 [main] DEBUG org.hibernate.query.sqm.function.SqmFunctionRegistry - Registered SqmFunctionTemplate [NamedSqmFunctionTemplate(datediff)] under datediff; prior registration was null
2026-02-02 21:27:16.689 [main] DEBUG org.hibernate.query.sqm.function.SqmFunctionRegistry - Registered SqmFunctionTemplate [NamedSqmFunctionTemplate(adddate)] under adddate; prior registration was null
2026-02-02 21:27:16.689 [main] DEBUG org.hibernate.query.sqm.function.SqmFunctionRegistry - Registered SqmFunctionTemplate [NamedSqmFunctionTemplate(subdate)] under subdate; prior registration was null
2026-02-02 21:27:16.689 [main] DEBUG org.hibernate.query.sqm.function.SqmFunctionRegistry - Registered SqmFunctionTemplate [NamedSqmFunctionTemplate(addtime)] under addtime; prior registration was null
2026-02-02 21:27:16.689 [main] DEBUG org.hibernate.query.sqm.function.SqmFunctionRegistry - Registered SqmFunctionTemplate [NamedSqmFunctionTemplate(subtime)] under subtime; prior registration was null
2026-02-02 21:27:16.689 [main] DEBUG org.hibernate.query.sqm.function.SqmFunctionRegistry - Registered SqmFunctionTemplate [org.hibernate.dialect.function.FormatFunction@1d8b0500] under format; prior registration was org.hibernate.dialect.function.FormatFunction@76fe6cdc
2026-02-02 21:27:16.689 [main] DEBUG org.hibernate.query.sqm.function.SqmFunctionRegistry - Registered SqmFunctionTemplate [NamedSqmFunctionTemplate(makedate)] under makedate; prior registration was null
2026-02-02 21:27:16.689 [main] DEBUG org.hibernate.query.sqm.function.SqmFunctionRegistry - Registered SqmFunctionTemplate [NamedSqmFunctionTemplate(maketime)] under maketime; prior registration was null
2026-02-02 21:27:16.689 [main] DEBUG org.hibernate.query.sqm.function.SqmFunctionRegistry - Registered SqmFunctionTemplate [NamedSqmFunctionTemplate(localtime)] under localtime; prior registration was null
2026-02-02 21:27:16.689 [main] DEBUG org.hibernate.query.sqm.function.SqmFunctionRegistry - Registered SqmFunctionTemplate [NamedSqmFunctionTemplate(localtimestamp)] under localtimestamp; prior registration was null
2026-02-02 21:27:16.689 [main] DEBUG org.hibernate.query.sqm.function.SqmFunctionRegistry - Registered SqmFunctionTemplate [NamedSqmFunctionTemplate(localtime)] under local_time; prior registration was org.hibernate.dialect.function.CurrentFunction@3d20e575
2026-02-02 21:27:16.689 [main] DEBUG org.hibernate.query.sqm.function.SqmFunctionRegistry - Registered SqmFunctionTemplate [NamedSqmFunctionTemplate(localtimestamp)] under local_datetime; prior registration was org.hibernate.dialect.function.CurrentFunction@3252747e
2026-02-02 21:27:16.689 [main] DEBUG org.hibernate.query.sqm.function.SqmFunctionRegistry - Registered SqmFunctionTemplate [NamedSqmFunctionTemplate(localtime)] under localtime; prior registration was NamedSqmFunctionTemplate(localtime)
2026-02-02 21:27:16.689 [main] DEBUG org.hibernate.query.sqm.function.SqmFunctionRegistry - Registered SqmFunctionTemplate [org.hibernate.query.sqm.function.PatternBasedSqmFunctionDescriptor@76544c0a] under pi; prior registration was org.hibernate.query.sqm.function.PatternBasedSqmFunctionDescriptor@7d17ee50
2026-02-02 21:27:16.689 [main] DEBUG org.hibernate.query.sqm.function.SqmFunctionRegistry - Registered SqmFunctionTemplate [org.hibernate.query.sqm.function.PatternBasedSqmFunctionDescriptor@428bdd72] under chr; prior registration was null
2026-02-02 21:27:16.689 [main] DEBUG org.hibernate.query.sqm.function.SqmFunctionRegistry - Registering alternate key : char -> chr
2026-02-02 21:27:16.689 [main] DEBUG org.hibernate.query.sqm.function.SqmFunctionRegistry - Registered SqmFunctionTemplate [org.hibernate.query.sqm.function.PatternBasedSqmFunctionDescriptor@650c405c] under sysdate; prior registration was null
2026-02-02 21:27:16.689 [main] DEBUG org.hibernate.query.sqm.function.SqmFunctionRegistry - Registered SqmFunctionTemplate [NamedSqmFunctionTemplate(row_number)] under row_number; prior registration was null
2026-02-02 21:27:16.690 [main] DEBUG org.hibernate.query.sqm.function.SqmFunctionRegistry - Registered SqmFunctionTemplate [NamedSqmFunctionTemplate(lag)] under lag; prior registration was null
2026-02-02 21:27:16.690 [main] DEBUG org.hibernate.query.sqm.function.SqmFunctionRegistry - Registered SqmFunctionTemplate [NamedSqmFunctionTemplate(lead)] under lead; prior registration was null
2026-02-02 21:27:16.690 [main] DEBUG org.hibernate.query.sqm.function.SqmFunctionRegistry - Registered SqmFunctionTemplate [NamedSqmFunctionTemplate(first_value)] under first_value; prior registration was null
2026-02-02 21:27:16.690 [main] DEBUG org.hibernate.query.sqm.function.SqmFunctionRegistry - Registered SqmFunctionTemplate [NamedSqmFunctionTemplate(last_value)] under last_value; prior registration was null
2026-02-02 21:27:16.690 [main] DEBUG org.hibernate.query.sqm.function.SqmFunctionRegistry - Registered SqmFunctionTemplate [NamedSqmFunctionTemplate(nth_value)] under nth_value; prior registration was null
2026-02-02 21:27:16.690 [main] DEBUG org.hibernate.query.sqm.function.SqmFunctionRegistry - Registered SqmFunctionTemplate [org.hibernate.dialect.function.HypotheticalSetWindowEmulation@2db1b657] under rank; prior registration was null
2026-02-02 21:27:16.691 [main] DEBUG org.hibernate.query.sqm.function.SqmFunctionRegistry - Registered SqmFunctionTemplate [org.hibernate.dialect.function.HypotheticalSetWindowEmulation@7e351d7] under dense_rank; prior registration was null
2026-02-02 21:27:16.691 [main] DEBUG org.hibernate.query.sqm.function.SqmFunctionRegistry - Registered SqmFunctionTemplate [org.hibernate.dialect.function.HypotheticalSetWindowEmulation@43c57161] under percent_rank; prior registration was null
2026-02-02 21:27:16.691 [main] DEBUG org.hibernate.query.sqm.function.SqmFunctionRegistry - Registered SqmFunctionTemplate [org.hibernate.dialect.function.HypotheticalSetWindowEmulation@d902300] under cume_dist; prior registration was null
2026-02-02 21:27:16.691 [main] DEBUG org.hibernate.query.sqm.function.SqmFunctionRegistry - Registered SqmFunctionTemplate [org.hibernate.dialect.function.ListaggGroupConcatEmulation@54e12f4c] under listagg; prior registration was null
2026-02-02 21:27:16.693 [main] DEBUG org.hibernate.HQL_FUNCTIONS - abs(NUMERIC arg)
2026-02-02 21:27:16.693 [main] DEBUG org.hibernate.HQL_FUNCTIONS - Double acos(NUMERIC arg)
2026-02-02 21:27:16.693 [main] DEBUG org.hibernate.HQL_FUNCTIONS - adddate(DATE datetime, INTEGER days)
2026-02-02 21:27:16.693 [main] DEBUG org.hibernate.HQL_FUNCTIONS - addtime(TIME datetime, TIME time)
2026-02-02 21:27:16.693 [main] DEBUG org.hibernate.HQL_FUNCTIONS - Boolean any(BOOLEAN arg)
2026-02-02 21:27:16.693 [main] DEBUG org.hibernate.HQL_FUNCTIONS - Integer ascii(STRING arg)
2026-02-02 21:27:16.693 [main] DEBUG org.hibernate.HQL_FUNCTIONS - Double asin(NUMERIC arg)
2026-02-02 21:27:16.693 [main] DEBUG org.hibernate.HQL_FUNCTIONS - Double atan(NUMERIC arg)
2026-02-02 21:27:16.693 [main] DEBUG org.hibernate.HQL_FUNCTIONS - Double atan2(NUMERIC arg0, NUMERIC arg1)
2026-02-02 21:27:16.693 [main] DEBUG org.hibernate.HQL_FUNCTIONS - avg(arg)
2026-02-02 21:27:16.694 [main] DEBUG org.hibernate.HQL_FUNCTIONS - bit_and(arg)
2026-02-02 21:27:16.694 [main] DEBUG org.hibernate.HQL_FUNCTIONS - Integer bit_length(STRING_OR_CLOB arg)
2026-02-02 21:27:16.694 [main] DEBUG org.hibernate.HQL_FUNCTIONS - bit_or(arg)
2026-02-02 21:27:16.694 [main] DEBUG org.hibernate.HQL_FUNCTIONS - bitand(arg0, arg1)
2026-02-02 21:27:16.694 [main] DEBUG org.hibernate.HQL_FUNCTIONS - bitnot(arg)
2026-02-02 21:27:16.694 [main] DEBUG org.hibernate.HQL_FUNCTIONS - bitor(arg0, arg1)
2026-02-02 21:27:16.694 [main] DEBUG org.hibernate.HQL_FUNCTIONS - bitxor(arg0, arg1)
2026-02-02 21:27:16.694 [main] DEBUG org.hibernate.HQL_FUNCTIONS - cast(arg as Type)
2026-02-02 21:27:16.694 [main] DEBUG org.hibernate.HQL_FUNCTIONS - ceiling(NUMERIC arg)
2026-02-02 21:27:16.694 [main] DEBUG org.hibernate.HQL_FUNCTIONS - Character char(INTEGER arg)
2026-02-02 21:27:16.694 [main] DEBUG org.hibernate.HQL_FUNCTIONS - Integer character_length(STRING_OR_CLOB arg)
2026-02-02 21:27:16.694 [main] DEBUG org.hibernate.HQL_FUNCTIONS - Character chr(INTEGER arg)
2026-02-02 21:27:16.694 [main] DEBUG org.hibernate.HQL_FUNCTIONS - coalesce(arg0[, arg1[, ...]])
2026-02-02 21:27:16.694 [main] DEBUG org.hibernate.HQL_FUNCTIONS - String collate(STRING string as COLLATION collation)
2026-02-02 21:27:16.694 [main] DEBUG org.hibernate.HQL_FUNCTIONS - String concat(STRING string0[, STRING string1[, ...]])
2026-02-02 21:27:16.694 [main] DEBUG org.hibernate.HQL_FUNCTIONS - Double cos(NUMERIC arg)
2026-02-02 21:27:16.694 [main] DEBUG org.hibernate.HQL_FUNCTIONS - Double cosh(NUMERIC arg)
2026-02-02 21:27:16.694 [main] DEBUG org.hibernate.HQL_FUNCTIONS - Double cot(NUMERIC arg)
2026-02-02 21:27:16.694 [main] DEBUG org.hibernate.HQL_FUNCTIONS - Long count([distinct ]{arg|*})
2026-02-02 21:27:16.694 [main] DEBUG org.hibernate.HQL_FUNCTIONS - Integer crc32(arg)
2026-02-02 21:27:16.694 [main] DEBUG org.hibernate.HQL_FUNCTIONS - Double cume_dist([arg0[, ...]])
2026-02-02 21:27:16.694 [main] DEBUG org.hibernate.HQL_FUNCTIONS - Date curdate()
2026-02-02 21:27:16.694 [main] DEBUG org.hibernate.HQL_FUNCTIONS - Date current date
2026-02-02 21:27:16.695 [main] DEBUG org.hibernate.HQL_FUNCTIONS - Time current time
2026-02-02 21:27:16.695 [main] DEBUG org.hibernate.HQL_FUNCTIONS - Timestamp current timestamp
2026-02-02 21:27:16.695 [main] DEBUG org.hibernate.HQL_FUNCTIONS - Date current_date
2026-02-02 21:27:16.695 [main] DEBUG org.hibernate.HQL_FUNCTIONS - Instant current_instant
2026-02-02 21:27:16.695 [main] DEBUG org.hibernate.HQL_FUNCTIONS - Time current_time
2026-02-02 21:27:16.695 [main] DEBUG org.hibernate.HQL_FUNCTIONS - Timestamp current_timestamp
2026-02-02 21:27:16.695 [main] DEBUG org.hibernate.HQL_FUNCTIONS - Time curtime()
2026-02-02 21:27:16.695 [main] DEBUG org.hibernate.HQL_FUNCTIONS - Date date(arg)
2026-02-02 21:27:16.695 [main] DEBUG org.hibernate.HQL_FUNCTIONS - dateadd(TEMPORAL_UNIT field, INTEGER magnitude, TEMPORAL datetime)
2026-02-02 21:27:16.695 [main] DEBUG org.hibernate.HQL_FUNCTIONS - Integer datediff(DATE end, DATE start)
2026-02-02 21:27:16.695 [main] DEBUG org.hibernate.HQL_FUNCTIONS - Integer day(DATE arg)
2026-02-02 21:27:16.695 [main] DEBUG org.hibernate.HQL_FUNCTIONS - String dayname(DATE arg)
2026-02-02 21:27:16.695 [main] DEBUG org.hibernate.HQL_FUNCTIONS - Integer dayofmonth(DATE arg)
2026-02-02 21:27:16.695 [main] DEBUG org.hibernate.HQL_FUNCTIONS - Integer dayofweek(DATE arg)
2026-02-02 21:27:16.695 [main] DEBUG org.hibernate.HQL_FUNCTIONS - Integer dayofyear(DATE arg)
2026-02-02 21:27:16.695 [main] DEBUG org.hibernate.HQL_FUNCTIONS - Double degrees(NUMERIC arg)
2026-02-02 21:27:16.695 [main] DEBUG org.hibernate.HQL_FUNCTIONS - Long dense_rank([arg0[, ...]])
2026-02-02 21:27:16.695 [main] DEBUG org.hibernate.HQL_FUNCTIONS - Boolean every(BOOLEAN arg)
2026-02-02 21:27:16.695 [main] DEBUG org.hibernate.HQL_FUNCTIONS - Double exp(NUMERIC arg)
2026-02-02 21:27:16.695 [main] DEBUG org.hibernate.HQL_FUNCTIONS - extract(TEMPORAL_UNIT field from TEMPORAL arg)
2026-02-02 21:27:16.695 [main] DEBUG org.hibernate.HQL_FUNCTIONS - first_valueANY value
2026-02-02 21:27:16.695 [main] DEBUG org.hibernate.HQL_FUNCTIONS - floor(NUMERIC arg)
2026-02-02 21:27:16.695 [main] DEBUG org.hibernate.HQL_FUNCTIONS - String format(TEMPORAL datetime as STRING pattern)
2026-02-02 21:27:16.695 [main] DEBUG org.hibernate.HQL_FUNCTIONS - greatest(COMPARABLE arg0, COMPARABLE arg1[, arg2[, ...]])
2026-02-02 21:27:16.695 [main] DEBUG org.hibernate.HQL_FUNCTIONS - Integer hour(TIME arg)
2026-02-02 21:27:16.695 [main] DEBUG org.hibernate.HQL_FUNCTIONS - ifnull(arg0, arg1)
2026-02-02 21:27:16.695 [main] DEBUG org.hibernate.HQL_FUNCTIONS - String insert(STRING string, INTEGER start, INTEGER length, STRING replacement)
2026-02-02 21:27:16.695 [main] DEBUG org.hibernate.HQL_FUNCTIONS - Instant instant
2026-02-02 21:27:16.695 [main] DEBUG org.hibernate.HQL_FUNCTIONS - Integer instr(STRING string, STRING pattern[, INTEGER start[, INTEGER occurrence]])
2026-02-02 21:27:16.695 [main] DEBUG org.hibernate.HQL_FUNCTIONS - lagANY value[, INTEGER offset[, ANY default]]
2026-02-02 21:27:16.695 [main] DEBUG org.hibernate.HQL_FUNCTIONS - Date last_day(DATE arg)
2026-02-02 21:27:16.695 [main] DEBUG org.hibernate.HQL_FUNCTIONS - last_valueANY value
2026-02-02 21:27:16.696 [main] DEBUG org.hibernate.HQL_FUNCTIONS - leadANY value[, INTEGER offset[, ANY default]]
2026-02-02 21:27:16.696 [main] DEBUG org.hibernate.HQL_FUNCTIONS - least(COMPARABLE arg0, COMPARABLE arg1[, arg2[, ...]])
2026-02-02 21:27:16.696 [main] DEBUG org.hibernate.HQL_FUNCTIONS - String left(STRING string, INTEGER length)
2026-02-02 21:27:16.696 [main] DEBUG org.hibernate.HQL_FUNCTIONS - Integer length(STRING_OR_CLOB arg)
2026-02-02 21:27:16.696 [main] DEBUG org.hibernate.HQL_FUNCTIONS - String listagg(STRING arg0, STRING arg1)
2026-02-02 21:27:16.696 [main] DEBUG org.hibernate.HQL_FUNCTIONS - Double ln(NUMERIC arg)
2026-02-02 21:27:16.696 [main] DEBUG org.hibernate.HQL_FUNCTIONS - LocalDate local date
2026-02-02 21:27:16.696 [main] DEBUG org.hibernate.HQL_FUNCTIONS - LocalDateTime local datetime
2026-02-02 21:27:16.696 [main] DEBUG org.hibernate.HQL_FUNCTIONS - LocalTime local time
2026-02-02 21:27:16.696 [main] DEBUG org.hibernate.HQL_FUNCTIONS - LocalDate local_date
2026-02-02 21:27:16.696 [main] DEBUG org.hibernate.HQL_FUNCTIONS - LocalDateTime local_datetime
2026-02-02 21:27:16.696 [main] DEBUG org.hibernate.HQL_FUNCTIONS - LocalTime local_time
2026-02-02 21:27:16.696 [main] DEBUG org.hibernate.HQL_FUNCTIONS - Timestamp localtime
2026-02-02 21:27:16.696 [main] DEBUG org.hibernate.HQL_FUNCTIONS - Timestamp localtimestamp
2026-02-02 21:27:16.696 [main] DEBUG org.hibernate.HQL_FUNCTIONS - Integer locate(STRING pattern, STRING string[, INTEGER start])
2026-02-02 21:27:16.696 [main] DEBUG org.hibernate.HQL_FUNCTIONS - Double log(NUMERIC arg0[, NUMERIC arg1])
2026-02-02 21:27:16.696 [main] DEBUG org.hibernate.HQL_FUNCTIONS - Double log10(NUMERIC arg)
2026-02-02 21:27:16.696 [main] DEBUG org.hibernate.HQL_FUNCTIONS - Double log2(NUMERIC arg)
2026-02-02 21:27:16.696 [main] DEBUG org.hibernate.HQL_FUNCTIONS - String lower(STRING string)
2026-02-02 21:27:16.696 [main] DEBUG org.hibernate.HQL_FUNCTIONS - String lpad(string, length[, padding])
2026-02-02 21:27:16.696 [main] DEBUG org.hibernate.HQL_FUNCTIONS - String ltrim(STRING string[, STRING characters])
2026-02-02 21:27:16.696 [main] DEBUG org.hibernate.HQL_FUNCTIONS - Date makedate(INTEGER year, INTEGER dayofyear)
2026-02-02 21:27:16.696 [main] DEBUG org.hibernate.HQL_FUNCTIONS - Time maketime(INTEGER hour, INTEGER min, INTEGER sec)
2026-02-02 21:27:16.696 [main] DEBUG org.hibernate.HQL_FUNCTIONS - max(COMPARABLE arg)
2026-02-02 21:27:16.696 [main] DEBUG org.hibernate.HQL_FUNCTIONS - String md5(arg)
2026-02-02 21:27:16.696 [main] DEBUG org.hibernate.HQL_FUNCTIONS - Integer microsecond(TIME arg)
2026-02-02 21:27:16.696 [main] DEBUG org.hibernate.HQL_FUNCTIONS - min(COMPARABLE arg)
2026-02-02 21:27:16.696 [main] DEBUG org.hibernate.HQL_FUNCTIONS - Integer minute(TIME arg)
2026-02-02 21:27:16.696 [main] DEBUG org.hibernate.HQL_FUNCTIONS - Integer mod(INTEGER arg0, INTEGER arg1)
2026-02-02 21:27:16.696 [main] DEBUG org.hibernate.HQL_FUNCTIONS - Integer month(DATE arg)
2026-02-02 21:27:16.696 [main] DEBUG org.hibernate.HQL_FUNCTIONS - String monthname(DATE arg)
2026-02-02 21:27:16.696 [main] DEBUG org.hibernate.HQL_FUNCTIONS - Timestamp now()
2026-02-02 21:27:16.696 [main] DEBUG org.hibernate.HQL_FUNCTIONS - nth_valueANY value, INTEGER nth
2026-02-02 21:27:16.696 [main] DEBUG org.hibernate.HQL_FUNCTIONS - nullif(arg0, arg1)
2026-02-02 21:27:16.696 [main] DEBUG org.hibernate.HQL_FUNCTIONS - Integer octet_length(STRING_OR_CLOB arg)
2026-02-02 21:27:16.696 [main] DEBUG org.hibernate.HQL_FUNCTIONS - OffsetDateTime offset datetime
2026-02-02 21:27:16.696 [main] DEBUG org.hibernate.HQL_FUNCTIONS - OffsetDateTime offset_datetime
2026-02-02 21:27:16.698 [main] DEBUG org.hibernate.HQL_FUNCTIONS - String overlay(STRING string placing STRING replacement from INTEGER start[ for INTEGER length])
2026-02-02 21:27:16.698 [main] DEBUG org.hibernate.HQL_FUNCTIONS - String pad(STRING string with INTEGER length {leading|trailing}[ STRING character])
2026-02-02 21:27:16.698 [main] DEBUG org.hibernate.HQL_FUNCTIONS - Double percent_rank([arg0[, ...]])
2026-02-02 21:27:16.698 [main] DEBUG org.hibernate.HQL_FUNCTIONS - Double pi
2026-02-02 21:27:16.698 [main] DEBUG org.hibernate.HQL_FUNCTIONS - Integer position(STRING pattern in STRING string)
2026-02-02 21:27:16.698 [main] DEBUG org.hibernate.HQL_FUNCTIONS - Double power(NUMERIC arg0, NUMERIC arg1)
2026-02-02 21:27:16.698 [main] DEBUG org.hibernate.HQL_FUNCTIONS - Integer quarter(DATE arg)
2026-02-02 21:27:16.698 [main] DEBUG org.hibernate.HQL_FUNCTIONS - Double radians(NUMERIC arg)
2026-02-02 21:27:16.698 [main] DEBUG org.hibernate.HQL_FUNCTIONS - Double rand([INTEGER seed])
2026-02-02 21:27:16.698 [main] DEBUG org.hibernate.HQL_FUNCTIONS - Long rank([arg0[, ...]])
2026-02-02 21:27:16.698 [main] DEBUG org.hibernate.HQL_FUNCTIONS - String repeat(STRING string, INTEGER times)
2026-02-02 21:27:16.698 [main] DEBUG org.hibernate.HQL_FUNCTIONS - String replace(STRING string, STRING pattern, STRING replacement)
2026-02-02 21:27:16.698 [main] DEBUG org.hibernate.HQL_FUNCTIONS - String reverse(STRING arg)
2026-02-02 21:27:16.698 [main] DEBUG org.hibernate.HQL_FUNCTIONS - String right(STRING string, INTEGER length)
2026-02-02 21:27:16.698 [main] DEBUG org.hibernate.HQL_FUNCTIONS - round(NUMERIC number[, INTEGER places])
2026-02-02 21:27:16.698 [main] DEBUG org.hibernate.HQL_FUNCTIONS - Long row_number()
2026-02-02 21:27:16.698 [main] DEBUG org.hibernate.HQL_FUNCTIONS - String rpad(string, length[, padding])
2026-02-02 21:27:16.698 [main] DEBUG org.hibernate.HQL_FUNCTIONS - String rtrim(STRING string[, STRING characters])
2026-02-02 21:27:16.698 [main] DEBUG org.hibernate.HQL_FUNCTIONS - Integer second(TIME arg)
2026-02-02 21:27:16.698 [main] DEBUG org.hibernate.HQL_FUNCTIONS - String sha(arg)
2026-02-02 21:27:16.698 [main] DEBUG org.hibernate.HQL_FUNCTIONS - String sha1(arg)
2026-02-02 21:27:16.698 [main] DEBUG org.hibernate.HQL_FUNCTIONS - String sha2(arg0, arg1)
2026-02-02 21:27:16.698 [main] DEBUG org.hibernate.HQL_FUNCTIONS - Integer sign(NUMERIC arg)
2026-02-02 21:27:16.699 [main] DEBUG org.hibernate.HQL_FUNCTIONS - Double sin(NUMERIC arg)
2026-02-02 21:27:16.699 [main] DEBUG org.hibernate.HQL_FUNCTIONS - Double sinh(NUMERIC arg)
2026-02-02 21:27:16.699 [main] DEBUG org.hibernate.HQL_FUNCTIONS - String soundex(arg)
2026-02-02 21:27:16.699 [main] DEBUG org.hibernate.HQL_FUNCTIONS - String space(INTEGER arg)
2026-02-02 21:27:16.699 [main] DEBUG org.hibernate.HQL_FUNCTIONS - Object sql
2026-02-02 21:27:16.699 [main] DEBUG org.hibernate.HQL_FUNCTIONS - Double sqrt(NUMERIC arg)
2026-02-02 21:27:16.699 [main] DEBUG org.hibernate.HQL_FUNCTIONS - Double stddev(NUMERIC arg)
2026-02-02 21:27:16.699 [main] DEBUG org.hibernate.HQL_FUNCTIONS - Double stddev_pop(NUMERIC arg)
2026-02-02 21:27:16.699 [main] DEBUG org.hibernate.HQL_FUNCTIONS - Double stddev_samp(NUMERIC arg)
2026-02-02 21:27:16.699 [main] DEBUG org.hibernate.HQL_FUNCTIONS - String str(arg)
2026-02-02 21:27:16.699 [main] DEBUG org.hibernate.HQL_FUNCTIONS - subdate(DATE datetime, INTEGER days)
2026-02-02 21:27:16.699 [main] DEBUG org.hibernate.HQL_FUNCTIONS - String substr(STRING string, INTEGER start[, INTEGER length])
2026-02-02 21:27:16.699 [main] DEBUG org.hibernate.HQL_FUNCTIONS - String substring(STRING string{ from|,} INTEGER start[{ for|,} INTEGER length])
2026-02-02 21:27:16.699 [main] DEBUG org.hibernate.HQL_FUNCTIONS - subtime(TIME datetime, TIME time)
2026-02-02 21:27:16.699 [main] DEBUG org.hibernate.HQL_FUNCTIONS - sum(arg)
2026-02-02 21:27:16.699 [main] DEBUG org.hibernate.HQL_FUNCTIONS - Timestamp sysdate()
2026-02-02 21:27:16.699 [main] DEBUG org.hibernate.HQL_FUNCTIONS - Double tan(NUMERIC arg)
2026-02-02 21:27:16.699 [main] DEBUG org.hibernate.HQL_FUNCTIONS - Double tanh(NUMERIC arg)
2026-02-02 21:27:16.699 [main] DEBUG org.hibernate.HQL_FUNCTIONS - String time(arg)
2026-02-02 21:27:16.699 [main] DEBUG org.hibernate.HQL_FUNCTIONS - Timestamp timestamp(arg0[, arg1])
2026-02-02 21:27:16.699 [main] DEBUG org.hibernate.HQL_FUNCTIONS - timestampadd(TEMPORAL_UNIT field, INTEGER magnitude, TEMPORAL datetime)
2026-02-02 21:27:16.699 [main] DEBUG org.hibernate.HQL_FUNCTIONS - basicType@18(java.lang.Long,-5)|basicType@20(java.lang.Double,8) timestampdiff(TEMPORAL_UNIT field, TEMPORAL start, TEMPORAL end)
2026-02-02 21:27:16.699 [main] DEBUG org.hibernate.HQL_FUNCTIONS - String trim([[{leading|trailing|both} ][STRING arg0 ]from] STRING arg1)
2026-02-02 21:27:16.699 [main] DEBUG org.hibernate.HQL_FUNCTIONS - trunc( ... )
2026-02-02 21:27:16.699 [main] DEBUG org.hibernate.HQL_FUNCTIONS - truncate( ... )
2026-02-02 21:27:16.699 [main] DEBUG org.hibernate.HQL_FUNCTIONS - String upper(STRING string)
2026-02-02 21:27:16.699 [main] DEBUG org.hibernate.HQL_FUNCTIONS - Date utc_date
2026-02-02 21:27:16.699 [main] DEBUG org.hibernate.HQL_FUNCTIONS - Time utc_time
2026-02-02 21:27:16.699 [main] DEBUG org.hibernate.HQL_FUNCTIONS - Timestamp utc_timestamp
2026-02-02 21:27:16.699 [main] DEBUG org.hibernate.HQL_FUNCTIONS - Double var_pop(NUMERIC arg)
2026-02-02 21:27:16.699 [main] DEBUG org.hibernate.HQL_FUNCTIONS - Double var_samp(NUMERIC arg)
2026-02-02 21:27:16.699 [main] DEBUG org.hibernate.HQL_FUNCTIONS - Double variance(NUMERIC arg)
2026-02-02 21:27:16.699 [main] DEBUG org.hibernate.HQL_FUNCTIONS - Integer week(DATE arg)
2026-02-02 21:27:16.699 [main] DEBUG org.hibernate.HQL_FUNCTIONS - Integer year(DATE arg)
2026-02-02 21:27:16.703 [main] DEBUG org.hibernate.orm.query.plan.cache - Starting QueryInterpretationCache(2048)
2026-02-02 21:27:16.753 [main] DEBUG org.hibernate.service.internal.SessionFactoryServiceRegistryImpl - EventListenerRegistry access via ServiceRegistry is deprecated.  Use `sessionFactory.getEventEngine().getListenerRegistry()` instead
2026-02-02 21:27:16.753 [main] DEBUG org.hibernate.event.internal.EntityCopyObserverFactoryInitiator - Configured EntityCopyObserver strategy: disallow
2026-02-02 21:27:16.800 [main] DEBUG org.hibernate.boot.internal.ClassLoaderAccessImpl - Not known whether passed class name [modelo.Logro] is safe
2026-02-02 21:27:16.800 [main] DEBUG org.hibernate.boot.internal.ClassLoaderAccessImpl - No temp ClassLoader provided; using live ClassLoader for loading potentially unsafe class : modelo.Logro
2026-02-02 21:27:16.936 [main] DEBUG org.hibernate.bytecode.internal.bytebuddy.BytecodeProviderImpl - HHH000513: Unable to create the ReflectionOptimizer for [modelo.Logro]: private accessor [descripcion]
2026-02-02 21:27:16.959 [main] DEBUG org.hibernate.ormbytecode.interceptor - To-one property `modelo.Asignacion#docente` was mapped with LAZY + NO_PROXY but the class was not enhanced
2026-02-02 21:27:16.960 [main] DEBUG org.hibernate.ormbytecode.interceptor - To-one property `modelo.Asignacion#docente` was mapped with LAZY + NO_PROXY but the class was not enhanced
2026-02-02 21:27:16.960 [main] DEBUG org.hibernate.ormbytecode.interceptor - To-one property `modelo.Asignacion#lectura` was mapped with LAZY + NO_PROXY but the class was not enhanced
2026-02-02 21:27:16.960 [main] DEBUG org.hibernate.ormbytecode.interceptor - To-one property `modelo.Asignacion#lectura` was mapped with LAZY + NO_PROXY but the class was not enhanced
2026-02-02 21:27:16.960 [main] DEBUG org.hibernate.boot.internal.ClassLoaderAccessImpl - Not known whether passed class name [modelo.Asignacion] is safe
2026-02-02 21:27:16.960 [main] DEBUG org.hibernate.boot.internal.ClassLoaderAccessImpl - No temp ClassLoader provided; using live ClassLoader for loading potentially unsafe class : modelo.Asignacion
2026-02-02 21:27:16.973 [main] DEBUG org.hibernate.bytecode.internal.bytebuddy.BytecodeProviderImpl - HHH000513: Unable to create the ReflectionOptimizer for [modelo.Asignacion]: private accessor [codigoClase]
2026-02-02 21:27:16.973 [main] DEBUG org.hibernate.ormbytecode.interceptor - To-one property `modelo.Asignacion#docente` was mapped with LAZY + NO_PROXY but the class was not enhanced
2026-02-02 21:27:16.973 [main] DEBUG org.hibernate.ormbytecode.interceptor - To-one property `modelo.Asignacion#lectura` was mapped with LAZY + NO_PROXY but the class was not enhanced
2026-02-02 21:27:16.975 [main] DEBUG org.hibernate.ormbytecode.interceptor - To-one property `modelo.Estudiante#usuario` was mapped with LAZY + NO_PROXY but the class was not enhanced
2026-02-02 21:27:16.975 [main] DEBUG org.hibernate.ormbytecode.interceptor - To-one property `modelo.Estudiante#usuario` was mapped with LAZY + NO_PROXY but the class was not enhanced
2026-02-02 21:27:16.975 [main] DEBUG org.hibernate.boot.internal.ClassLoaderAccessImpl - Not known whether passed class name [modelo.Estudiante] is safe
2026-02-02 21:27:16.975 [main] DEBUG org.hibernate.boot.internal.ClassLoaderAccessImpl - No temp ClassLoader provided; using live ClassLoader for loading potentially unsafe class : modelo.Estudiante
2026-02-02 21:27:16.985 [main] DEBUG org.hibernate.bytecode.internal.bytebuddy.BytecodeProviderImpl - HHH000513: Unable to create the ReflectionOptimizer for [modelo.Estudiante]: private accessor [logros]
2026-02-02 21:27:16.985 [main] DEBUG org.hibernate.ormbytecode.interceptor - To-one property `modelo.Estudiante#usuario` was mapped with LAZY + NO_PROXY but the class was not enhanced
2026-02-02 21:27:16.985 [main] DEBUG org.hibernate.boot.internal.ClassLoaderAccessImpl - Not known whether passed class name [modelo.Lectura] is safe
2026-02-02 21:27:16.985 [main] DEBUG org.hibernate.boot.internal.ClassLoaderAccessImpl - No temp ClassLoader provided; using live ClassLoader for loading potentially unsafe class : modelo.Lectura
2026-02-02 21:27:16.993 [main] DEBUG org.hibernate.bytecode.internal.bytebuddy.BytecodeProviderImpl - HHH000513: Unable to create the ReflectionOptimizer for [modelo.Lectura]: private accessor [asignaciones]
2026-02-02 21:27:16.994 [main] DEBUG org.hibernate.boot.internal.ClassLoaderAccessImpl - Not known whether passed class name [modelo.Docente] is safe
2026-02-02 21:27:16.994 [main] DEBUG org.hibernate.boot.internal.ClassLoaderAccessImpl - No temp ClassLoader provided; using live ClassLoader for loading potentially unsafe class : modelo.Docente
2026-02-02 21:27:17.001 [main] DEBUG org.hibernate.bytecode.internal.bytebuddy.BytecodeProviderImpl - HHH000513: Unable to create the ReflectionOptimizer for [modelo.Docente]: private accessor [edad]
2026-02-02 21:27:17.001 [main] DEBUG org.hibernate.ormbytecode.interceptor - To-one property `modelo.Usuario#estudiante` was mapped with LAZY + NO_PROXY but the class was not enhanced
2026-02-02 21:27:17.001 [main] DEBUG org.hibernate.ormbytecode.interceptor - To-one property `modelo.Usuario#estudiante` was mapped with LAZY + NO_PROXY but the class was not enhanced
2026-02-02 21:27:17.001 [main] DEBUG org.hibernate.boot.internal.ClassLoaderAccessImpl - Not known whether passed class name [modelo.Usuario] is safe
2026-02-02 21:27:17.001 [main] DEBUG org.hibernate.boot.internal.ClassLoaderAccessImpl - No temp ClassLoader provided; using live ClassLoader for loading potentially unsafe class : modelo.Usuario
2026-02-02 21:27:17.016 [main] DEBUG org.hibernate.bytecode.internal.bytebuddy.BytecodeProviderImpl - HHH000513: Unable to create the ReflectionOptimizer for [modelo.Usuario]: private accessor [edad]
2026-02-02 21:27:17.016 [main] DEBUG org.hibernate.ormbytecode.interceptor - To-one property `modelo.Usuario#estudiante` was mapped with LAZY + NO_PROXY but the class was not enhanced
2026-02-02 21:27:17.030 [main] DEBUG org.hibernate.orm.jdbc.mutation - Skipping collection row updates - modelo.Logro.estudiantes
2026-02-02 21:27:17.032 [main] DEBUG org.hibernate.orm.jdbc.mutation - Skipping collection (re)creation - modelo.Lectura.asignaciones
2026-02-02 21:27:17.033 [main] DEBUG org.hibernate.orm.jdbc.mutation - Skipping collection row deletions - modelo.Lectura.asignaciones
2026-02-02 21:27:17.033 [main] DEBUG org.hibernate.orm.jdbc.mutation - Skipping collection removals - modelo.Lectura.asignaciones
2026-02-02 21:27:17.033 [main] DEBUG org.hibernate.orm.jdbc.mutation - Skipping collection inserts - modelo.Estudiante.logros
2026-02-02 21:27:17.033 [main] DEBUG org.hibernate.orm.jdbc.mutation - Skipping collection row updates - modelo.Estudiante.logros
2026-02-02 21:27:17.033 [main] DEBUG org.hibernate.orm.jdbc.mutation - Skipping collection row deletions - modelo.Estudiante.logros
2026-02-02 21:27:17.033 [main] DEBUG org.hibernate.orm.jdbc.mutation - Skipping collection removals - modelo.Estudiante.logros
2026-02-02 21:27:17.053 [main] DEBUG org.hibernate.orm.model.mapping.creation - Starting post-init callbacks
2026-02-02 21:27:17.053 [main] DEBUG org.hibernate.orm.model.mapping.creation - Starting PostInitCallbackEntry : PluralAttributeMapping( NavigableRole[modelo.Logro.estudiantes#{element}]) - element descriptor
2026-02-02 21:27:17.055 [main] DEBUG org.hibernate.orm.model.mapping.creation - Starting PostInitCallbackEntry : PluralAttributeMapping(modelo.Logro.estudiantes)#finishInitialization
2026-02-02 21:27:17.055 [main] DEBUG org.hibernate.orm.model.mapping.creation - Starting PostInitCallbackEntry : PluralAttributeMapping(modelo.Logro.estudiantes) - key descriptor
2026-02-02 21:27:17.055 [main] DEBUG org.hibernate.orm.model.mapping.creation - Starting PostInitCallbackEntry : Entity(modelo.Logro) `staticFetchableList` generator
2026-02-02 21:27:17.055 [main] DEBUG org.hibernate.orm.model.mapping.creation - Starting PostInitCallbackEntry : To-one key - NavigableRole[modelo.Asignacion.docente]
2026-02-02 21:27:17.056 [main] DEBUG org.hibernate.orm.model.mapping.creation - Starting PostInitCallbackEntry : To-one key - NavigableRole[modelo.Asignacion.lectura]
2026-02-02 21:27:17.056 [main] DEBUG org.hibernate.orm.model.mapping.creation - Starting PostInitCallbackEntry : Entity(modelo.Asignacion) `staticFetchableList` generator
2026-02-02 21:27:17.056 [main] DEBUG org.hibernate.orm.model.mapping.creation - Starting PostInitCallbackEntry : PluralAttributeMapping( NavigableRole[modelo.Estudiante.logros#{element}]) - element descriptor
2026-02-02 21:27:17.056 [main] DEBUG org.hibernate.orm.model.mapping.creation - Starting PostInitCallbackEntry : PluralAttributeMapping(modelo.Estudiante.logros)#finishInitialization
2026-02-02 21:27:17.056 [main] DEBUG org.hibernate.orm.model.mapping.creation - Starting PostInitCallbackEntry : PluralAttributeMapping(modelo.Estudiante.logros) - key descriptor
2026-02-02 21:27:17.056 [main] DEBUG org.hibernate.orm.model.mapping.creation - Starting PostInitCallbackEntry : To-one key - NavigableRole[modelo.Estudiante.usuario]
2026-02-02 21:27:17.056 [main] DEBUG org.hibernate.orm.model.mapping.creation - Starting PostInitCallbackEntry : Entity(modelo.Estudiante) `staticFetchableList` generator
2026-02-02 21:27:17.056 [main] DEBUG org.hibernate.orm.model.mapping.creation - Starting PostInitCallbackEntry : PluralAttributeMapping( NavigableRole[modelo.Lectura.asignaciones#{element}]) - element descriptor
2026-02-02 21:27:17.056 [main] DEBUG org.hibernate.orm.model.mapping.creation - Starting PostInitCallbackEntry : PluralAttributeMapping(modelo.Lectura.asignaciones)#finishInitialization
2026-02-02 21:27:17.056 [main] DEBUG org.hibernate.orm.model.mapping.creation - Starting PostInitCallbackEntry : PluralAttributeMapping(modelo.Lectura.asignaciones) - key descriptor
2026-02-02 21:27:17.056 [main] DEBUG org.hibernate.orm.model.mapping.creation - Starting PostInitCallbackEntry : Entity(modelo.Lectura) `staticFetchableList` generator
2026-02-02 21:27:17.056 [main] DEBUG org.hibernate.orm.model.mapping.creation - Starting PostInitCallbackEntry : Entity(modelo.Docente) `staticFetchableList` generator
2026-02-02 21:27:17.056 [main] DEBUG org.hibernate.orm.model.mapping.creation - Starting PostInitCallbackEntry : To-one key - NavigableRole[modelo.Usuario.estudiante]
2026-02-02 21:27:17.056 [main] DEBUG org.hibernate.orm.model.mapping.creation - Starting PostInitCallbackEntry : Entity(modelo.Usuario) `staticFetchableList` generator
2026-02-02 21:27:17.056 [main] DEBUG org.hibernate.orm.model.mapping.creation - Starting PostInitCallbackEntry : PluralAttributeMapping( NavigableRole[modelo.Lectura.asignaciones#{element}]) - element descriptor
2026-02-02 21:27:17.104 [main] DEBUG org.hibernate.orm.sql.ast.create - Created new SQL alias : l1_0
2026-02-02 21:27:17.107 [main] DEBUG org.hibernate.orm.sql.ast.create - Registration of TableGroup [StandardTableGroup(modelo.Logro)] with identifierForTableGroup [modelo.Logro] for NavigablePath [modelo.Logro] 
2026-02-02 21:27:17.118 [main] DEBUG org.hibernate.orm.results.graph.AST - DomainResult Graph:
 \-EntityResultImpl [modelo.Logro]
 |  +-BasicFetch [modelo.Logro.descripcion]
 |  +-DelayedCollectionFetch [modelo.Logro.estudiantes]
 |  \-BasicFetch [modelo.Logro.nombreLogro]

2026-02-02 21:27:17.120 [main] DEBUG org.hibernate.orm.sql.ast.tree - SQL AST Tree:
    SelectStatement {
      FromClause {
        StandardTableGroup (l1 : modelo.Logro) {
          primaryTableReference : logro as l1_0
        }
      }
    }

2026-02-02 21:27:17.128 [main] DEBUG org.hibernate.persister.entity.AbstractEntityPersister - Static SQL for entity: modelo.Logro
2026-02-02 21:27:17.128 [main] DEBUG org.hibernate.persister.entity.AbstractEntityPersister -  Version select: select id_logro from logro where id_logro=?
2026-02-02 21:27:17.128 [main] DEBUG org.hibernate.persister.entity.AbstractEntityPersister -  Insert (0): insert into logro (descripcion,nombreLogro) values (?,?)
2026-02-02 21:27:17.128 [main] DEBUG org.hibernate.persister.entity.AbstractEntityPersister -  Update (0): update logro set descripcion=?,nombreLogro=? where id_logro=?
2026-02-02 21:27:17.128 [main] DEBUG org.hibernate.persister.entity.AbstractEntityPersister -  Delete (0): delete from logro where id_logro=?
2026-02-02 21:27:17.128 [main] DEBUG org.hibernate.orm.sql.ast.create - Created new SQL alias : a1_0
2026-02-02 21:27:17.128 [main] DEBUG org.hibernate.orm.sql.ast.create - Registration of TableGroup [StandardTableGroup(modelo.Asignacion)] with identifierForTableGroup [modelo.Asignacion] for NavigablePath [modelo.Asignacion] 
2026-02-02 21:27:17.132 [main] DEBUG org.hibernate.orm.sql.ast.create - Registration of TableGroup [org.hibernate.sql.ast.tree.from.LazyTableGroup@2ccc9681] with identifierForTableGroup [modelo.Asignacion.docente] for NavigablePath [modelo.Asignacion.docente] 
2026-02-02 21:27:17.133 [main] DEBUG org.hibernate.orm.sql.ast.create - Created new SQL alias : d1_0
2026-02-02 21:27:17.134 [main] DEBUG org.hibernate.orm.sql.ast.create - Registration of TableGroup [org.hibernate.sql.ast.tree.from.LazyTableGroup@203b953c] with identifierForTableGroup [modelo.Asignacion.lectura] for NavigablePath [modelo.Asignacion.lectura] 
2026-02-02 21:27:17.134 [main] DEBUG org.hibernate.orm.sql.ast.create - Created new SQL alias : l1_0
2026-02-02 21:27:17.134 [main] DEBUG org.hibernate.orm.results.graph.AST - DomainResult Graph:
 \-EntityResultImpl [modelo.Asignacion]
 |  +-BasicFetch [modelo.Asignacion.codigoClase]
 |  +-EntityFetchJoinedImpl [modelo.Asignacion.docente]
 |  +-BasicFetch [modelo.Asignacion.esObligatoria]
 |  +-EntityFetchJoinedImpl [modelo.Asignacion.lectura]
 |  +-BasicFetch [modelo.Asignacion.tituloAsignacion]
 |  \-BasicFetch [modelo.Asignacion.totalAlumnos]

2026-02-02 21:27:17.135 [main] DEBUG org.hibernate.orm.sql.ast.tree - SQL AST Tree:
    SelectStatement {
      FromClause {
        StandardTableGroup (a1 : modelo.Asignacion) {
          primaryTableReference : asignacion as a1_0
          TableGroupJoins {
            left  join LazyTableGroup (d1 : modelo.Asignacion.docente) {
              primaryTableReference : docente as d1_0
            }
            left  join LazyTableGroup (l1 : modelo.Asignacion.lectura) {
              primaryTableReference : lectura as l1_0
            }
          }
        }
      }
    }

2026-02-02 21:27:17.135 [main] DEBUG org.hibernate.persister.entity.AbstractEntityPersister - Static SQL for entity: modelo.Asignacion
2026-02-02 21:27:17.135 [main] DEBUG org.hibernate.persister.entity.AbstractEntityPersister -  Version select: select id_asignacion from asignacion where id_asignacion=?
2026-02-02 21:27:17.135 [main] DEBUG org.hibernate.persister.entity.AbstractEntityPersister -  Insert (0): insert into asignacion (codigoClase,id_docente,esObligatoria,id_lectura,tituloAsignacion,totalAlumnos) values (?,?,?,?,?,?)
2026-02-02 21:27:17.135 [main] DEBUG org.hibernate.persister.entity.AbstractEntityPersister -  Update (0): update asignacion set codigoClase=?,id_docente=?,esObligatoria=?,id_lectura=?,tituloAsignacion=?,totalAlumnos=? where id_asignacion=?
2026-02-02 21:27:17.135 [main] DEBUG org.hibernate.persister.entity.AbstractEntityPersister -  Delete (0): delete from asignacion where id_asignacion=?
2026-02-02 21:27:17.135 [main] DEBUG org.hibernate.orm.sql.ast.create - Created new SQL alias : e1_0
2026-02-02 21:27:17.135 [main] DEBUG org.hibernate.orm.sql.ast.create - Registration of TableGroup [StandardTableGroup(modelo.Estudiante)] with identifierForTableGroup [modelo.Estudiante] for NavigablePath [modelo.Estudiante] 
2026-02-02 21:27:17.136 [main] DEBUG org.hibernate.orm.sql.ast.create - Registration of TableGroup [org.hibernate.sql.ast.tree.from.LazyTableGroup@5873f3f0] with identifierForTableGroup [modelo.Estudiante.usuario] for NavigablePath [modelo.Estudiante.usuario] 
2026-02-02 21:27:17.136 [main] DEBUG org.hibernate.orm.sql.ast.create - Created new SQL alias : u1_0
2026-02-02 21:27:17.136 [main] DEBUG org.hibernate.orm.sql.ast.create - Registration of TableGroup [org.hibernate.sql.ast.tree.from.LazyTableGroup@684372d0] with identifierForTableGroup [modelo.Estudiante.usuario.estudiante] for NavigablePath [modelo.Estudiante.usuario.estudiante] 
2026-02-02 21:27:17.136 [main] DEBUG org.hibernate.orm.sql.ast.create - Created new SQL alias : e2_0
2026-02-02 21:27:17.138 [main] DEBUG org.hibernate.orm.sql.ast.create - Registration of TableGroup [org.hibernate.sql.ast.tree.from.LazyTableGroup@27bc1d44] with identifierForTableGroup [modelo.Estudiante.usuario.estudiante.usuario] for NavigablePath [modelo.Estudiante.usuario.estudiante.usuario] 
2026-02-02 21:27:17.139 [main] DEBUG org.hibernate.orm.results.graph.AST - DomainResult Graph:
 \-EntityResultImpl [modelo.Estudiante]
 |  +-DelayedCollectionFetch [modelo.Estudiante.logros]
 |  +-BasicFetch [modelo.Estudiante.nivelActual]
 |  +-BasicFetch [modelo.Estudiante.puntosXP]
 |  \-EntityFetchJoinedImpl [modelo.Estudiante.usuario]

2026-02-02 21:27:17.139 [main] DEBUG org.hibernate.orm.sql.ast.tree - SQL AST Tree:
    SelectStatement {
      FromClause {
        StandardTableGroup (e1 : modelo.Estudiante) {
          primaryTableReference : estudiante as e1_0
          TableGroupJoins {
            left  join LazyTableGroup (u1 : modelo.Estudiante.usuario) {
              primaryTableReference : usuario as u1_0
              TableGroupJoins {
                left  join LazyTableGroup (e2 : modelo.Estudiante.usuario.estudiante) {
                  primaryTableReference : estudiante as e2_0
                  TableGroupJoins {
                    left  join LazyTableGroup (u2 : modelo.Estudiante.usuario.estudiante.usuario) {
                    }
                  }
                }
              }
            }
          }
        }
      }
    }

2026-02-02 21:27:17.140 [main] DEBUG org.hibernate.persister.entity.AbstractEntityPersister - Static SQL for entity: modelo.Estudiante
2026-02-02 21:27:17.140 [main] DEBUG org.hibernate.persister.entity.AbstractEntityPersister -  Version select: select id_estudiante from estudiante where id_estudiante=?
2026-02-02 21:27:17.140 [main] DEBUG org.hibernate.persister.entity.AbstractEntityPersister -  Insert (0): insert into estudiante (nivelActual,puntosXP,id_usuario) values (?,?,?)
2026-02-02 21:27:17.140 [main] DEBUG org.hibernate.persister.entity.AbstractEntityPersister -  Update (0): update estudiante set nivelActual=?,puntosXP=?,id_usuario=? where id_estudiante=?
2026-02-02 21:27:17.140 [main] DEBUG org.hibernate.persister.entity.AbstractEntityPersister -  Delete (0): delete from estudiante where id_estudiante=?
2026-02-02 21:27:17.140 [main] DEBUG org.hibernate.orm.sql.ast.create - Created new SQL alias : l1_0
2026-02-02 21:27:17.140 [main] DEBUG org.hibernate.orm.sql.ast.create - Registration of TableGroup [StandardTableGroup(modelo.Lectura)] with identifierForTableGroup [modelo.Lectura] for NavigablePath [modelo.Lectura] 
2026-02-02 21:27:17.140 [main] DEBUG org.hibernate.orm.results.graph.AST - DomainResult Graph:
 \-EntityResultImpl [modelo.Lectura]
 |  +-DelayedCollectionFetch [modelo.Lectura.asignaciones]
 |  +-BasicFetch [modelo.Lectura.autor]
 |  +-BasicFetch [modelo.Lectura.genero]
 |  \-BasicFetch [modelo.Lectura.titulo]

2026-02-02 21:27:17.140 [main] DEBUG org.hibernate.orm.sql.ast.tree - SQL AST Tree:
    SelectStatement {
      FromClause {
        StandardTableGroup (l1 : modelo.Lectura) {
          primaryTableReference : lectura as l1_0
        }
      }
    }

2026-02-02 21:27:17.140 [main] DEBUG org.hibernate.persister.entity.AbstractEntityPersister - Static SQL for entity: modelo.Lectura
2026-02-02 21:27:17.140 [main] DEBUG org.hibernate.persister.entity.AbstractEntityPersister -  Version select: select id_lectura from lectura where id_lectura=?
2026-02-02 21:27:17.140 [main] DEBUG org.hibernate.persister.entity.AbstractEntityPersister -  Insert (0): insert into lectura (autor,genero,titulo) values (?,?,?)
2026-02-02 21:27:17.140 [main] DEBUG org.hibernate.persister.entity.AbstractEntityPersister -  Update (0): update lectura set autor=?,genero=?,titulo=? where id_lectura=?
2026-02-02 21:27:17.140 [main] DEBUG org.hibernate.persister.entity.AbstractEntityPersister -  Delete (0): delete from lectura where id_lectura=?
2026-02-02 21:27:17.140 [main] DEBUG org.hibernate.orm.sql.ast.create - Created new SQL alias : d1_0
2026-02-02 21:27:17.140 [main] DEBUG org.hibernate.orm.sql.ast.create - Registration of TableGroup [StandardTableGroup(modelo.Docente)] with identifierForTableGroup [modelo.Docente] for NavigablePath [modelo.Docente] 
2026-02-02 21:27:17.140 [main] DEBUG org.hibernate.orm.results.graph.AST - DomainResult Graph:
 \-EntityResultImpl [modelo.Docente]
 |  +-BasicFetch [modelo.Docente.edad]
 |  +-BasicFetch [modelo.Docente.especialidad]
 |  \-BasicFetch [modelo.Docente.nombre]

2026-02-02 21:27:17.140 [main] DEBUG org.hibernate.orm.sql.ast.tree - SQL AST Tree:
    SelectStatement {
      FromClause {
        StandardTableGroup (d1 : modelo.Docente) {
          primaryTableReference : docente as d1_0
        }
      }
    }

2026-02-02 21:27:17.140 [main] DEBUG org.hibernate.persister.entity.AbstractEntityPersister - Static SQL for entity: modelo.Docente
2026-02-02 21:27:17.140 [main] DEBUG org.hibernate.persister.entity.AbstractEntityPersister -  Version select: select id_docente from docente where id_docente=?
2026-02-02 21:27:17.140 [main] DEBUG org.hibernate.persister.entity.AbstractEntityPersister -  Insert (0): insert into docente (edad,especialidad,nombre) values (?,?,?)
2026-02-02 21:27:17.140 [main] DEBUG org.hibernate.persister.entity.AbstractEntityPersister -  Update (0): update docente set edad=?,especialidad=?,nombre=? where id_docente=?
2026-02-02 21:27:17.140 [main] DEBUG org.hibernate.persister.entity.AbstractEntityPersister -  Delete (0): delete from docente where id_docente=?
2026-02-02 21:27:17.140 [main] DEBUG org.hibernate.orm.sql.ast.create - Created new SQL alias : u1_0
2026-02-02 21:27:17.140 [main] DEBUG org.hibernate.orm.sql.ast.create - Registration of TableGroup [StandardTableGroup(modelo.Usuario)] with identifierForTableGroup [modelo.Usuario] for NavigablePath [modelo.Usuario] 
2026-02-02 21:27:17.141 [main] DEBUG org.hibernate.orm.sql.ast.create - Registration of TableGroup [org.hibernate.sql.ast.tree.from.LazyTableGroup@1cba0321] with identifierForTableGroup [modelo.Usuario.estudiante] for NavigablePath [modelo.Usuario.estudiante] 
2026-02-02 21:27:17.141 [main] DEBUG org.hibernate.orm.sql.ast.create - Created new SQL alias : e1_0
2026-02-02 21:27:17.141 [main] DEBUG org.hibernate.orm.sql.ast.create - Registration of TableGroup [org.hibernate.sql.ast.tree.from.LazyTableGroup@795f6681] with identifierForTableGroup [modelo.Usuario.estudiante.usuario] for NavigablePath [modelo.Usuario.estudiante.usuario] 
2026-02-02 21:27:17.141 [main] DEBUG org.hibernate.orm.sql.ast.create - Created new SQL alias : u2_0
2026-02-02 21:27:17.141 [main] DEBUG org.hibernate.orm.sql.ast.create - Registration of TableGroup [org.hibernate.sql.ast.tree.from.LazyTableGroup@66d3b881] with identifierForTableGroup [modelo.Usuario.estudiante.usuario.estudiante] for NavigablePath [modelo.Usuario.estudiante.usuario.estudiante] 
2026-02-02 21:27:17.141 [main] DEBUG org.hibernate.orm.results.graph.AST - DomainResult Graph:
 \-EntityResultImpl [modelo.Usuario]
 |  +-BasicFetch [modelo.Usuario.edad]
 |  +-EntityFetchJoinedImpl [modelo.Usuario.estudiante]
 |  +-BasicFetch [modelo.Usuario.nombreCompleto]
 |  +-BasicFetch [modelo.Usuario.puntosPorLogro]
 |  +-BasicFetch [modelo.Usuario.rolPrincipal]
 |  \-BasicFetch [modelo.Usuario.tipoUsuario]

2026-02-02 21:27:17.141 [main] DEBUG org.hibernate.orm.sql.ast.tree - SQL AST Tree:
    SelectStatement {
      FromClause {
        StandardTableGroup (u1 : modelo.Usuario) {
          primaryTableReference : usuario as u1_0
          TableGroupJoins {
            left  join LazyTableGroup (e1 : modelo.Usuario.estudiante) {
              primaryTableReference : estudiante as e1_0
              TableGroupJoins {
                left  join LazyTableGroup (u2 : modelo.Usuario.estudiante.usuario) {
                  primaryTableReference : usuario as u2_0
                  TableGroupJoins {
                    left  join LazyTableGroup (e2 : modelo.Usuario.estudiante.usuario.estudiante) {
                    }
                  }
                }
              }
            }
          }
        }
      }
    }

2026-02-02 21:27:17.141 [main] DEBUG org.hibernate.persister.entity.AbstractEntityPersister - Static SQL for entity: modelo.Usuario
2026-02-02 21:27:17.141 [main] DEBUG org.hibernate.persister.entity.AbstractEntityPersister -  Version select: select id_usuario from usuario where id_usuario=?
2026-02-02 21:27:17.141 [main] DEBUG org.hibernate.persister.entity.AbstractEntityPersister -  Insert (0): insert into usuario (edad,estudiante_id_estudiante,nombreCompleto,puntosPorLogro,rolPrincipal,tipoUsuario) values (?,?,?,?,?,?)
2026-02-02 21:27:17.141 [main] DEBUG org.hibernate.persister.entity.AbstractEntityPersister -  Update (0): update usuario set edad=?,estudiante_id_estudiante=?,nombreCompleto=?,puntosPorLogro=?,rolPrincipal=?,tipoUsuario=? where id_usuario=?
2026-02-02 21:27:17.141 [main] DEBUG org.hibernate.persister.entity.AbstractEntityPersister -  Delete (0): delete from usuario where id_usuario=?
2026-02-02 21:27:17.142 [main] DEBUG org.hibernate.orm.sql.ast.create - Created new SQL alias : e1_0
2026-02-02 21:27:17.143 [main] DEBUG org.hibernate.orm.sql.ast.create - Registration of TableGroup [CollectionTableGroup(modelo.Logro.estudiantes)] with identifierForTableGroup [modelo.Logro.estudiantes] for NavigablePath [modelo.Logro.estudiantes] 
2026-02-02 21:27:17.143 [main] DEBUG org.hibernate.orm.sql.ast.create - Registration of TableGroup [org.hibernate.sql.ast.tree.from.LazyTableGroup@3271ec2a] with identifierForTableGroup [modelo.Logro.estudiantes.{element}] for NavigablePath [modelo.Logro.estudiantes.{element}] 
2026-02-02 21:27:17.144 [main] DEBUG org.hibernate.orm.sql.ast.create - Created new SQL alias : e1_1
2026-02-02 21:27:17.145 [main] DEBUG org.hibernate.orm.sql.ast.create - Registration of TableGroup [org.hibernate.sql.ast.tree.from.LazyTableGroup@2c99c8d] with identifierForTableGroup [modelo.Logro.estudiantes.{element}.usuario] for NavigablePath [modelo.Logro.estudiantes.{element}.usuario] 
2026-02-02 21:27:17.145 [main] DEBUG org.hibernate.orm.sql.ast.create - Created new SQL alias : u1_0
2026-02-02 21:27:17.145 [main] DEBUG org.hibernate.orm.sql.ast.create - Registration of TableGroup [org.hibernate.sql.ast.tree.from.LazyTableGroup@59d6642a] with identifierForTableGroup [modelo.Logro.estudiantes.{element}.usuario.estudiante] for NavigablePath [modelo.Logro.estudiantes.{element}.usuario.estudiante] 
2026-02-02 21:27:17.145 [main] DEBUG org.hibernate.orm.sql.ast.create - Created new SQL alias : e2_0
2026-02-02 21:27:17.145 [main] DEBUG org.hibernate.orm.sql.ast.create - Registration of TableGroup [org.hibernate.sql.ast.tree.from.LazyTableGroup@365cef67] with identifierForTableGroup [modelo.Logro.estudiantes.{element}.usuario.estudiante.usuario] for NavigablePath [modelo.Logro.estudiantes.{element}.usuario.estudiante.usuario] 
2026-02-02 21:27:17.146 [main] DEBUG org.hibernate.orm.results.graph.AST - DomainResult Graph:
 \-CollectionDomainResult [modelo.Logro.estudiantes]

2026-02-02 21:27:17.147 [main] DEBUG org.hibernate.orm.sql.ast.tree - SQL AST Tree:
    SelectStatement {
      FromClause {
        CollectionTableGroup (e1 : modelo.Logro.estudiantes) {
          primaryTableReference : logro_estudiante as e1_0
          TableGroupJoins {
             join LazyTableGroup (e1 : modelo.Logro.estudiantes.{element}) {
              primaryTableReference : estudiante as e1_1
              TableGroupJoins {
                left  join LazyTableGroup (u1 : modelo.Logro.estudiantes.{element}.usuario) {
                  primaryTableReference : usuario as u1_0
                  TableGroupJoins {
                    left  join LazyTableGroup (e2 : modelo.Logro.estudiantes.{element}.usuario.estudiante) {
                      primaryTableReference : estudiante as e2_0
                      TableGroupJoins {
                        left  join LazyTableGroup (u2 : modelo.Logro.estudiantes.{element}.usuario.estudiante.usuario) {
                        }
                      }
                    }
                  }
                }
              }
            }
          }
        }
      }
    }

2026-02-02 21:27:17.147 [main] DEBUG org.hibernate.orm.jdbc.mutation - Static SQL for collection: modelo.Logro.estudiantes
2026-02-02 21:27:17.147 [main] DEBUG org.hibernate.orm.jdbc.mutation -  Row insert: insert into logro_estudiante (logros_id_logro,estudiantes_id_estudiante) values (?,?)
2026-02-02 21:27:17.148 [main] DEBUG org.hibernate.orm.jdbc.mutation -  Row delete: delete from logro_estudiante where logros_id_logro=? and estudiantes_id_estudiante=?
2026-02-02 21:27:17.148 [main] DEBUG org.hibernate.orm.jdbc.mutation -  One-shot delete: delete from logro_estudiante where logros_id_logro=?
2026-02-02 21:27:17.148 [main] DEBUG org.hibernate.orm.sql.ast.create - Created new SQL alias : a1_0
2026-02-02 21:27:17.149 [main] DEBUG org.hibernate.orm.sql.ast.create - Registration of TableGroup [org.hibernate.sql.ast.tree.from.OneToManyTableGroup@78479f2b] with identifierForTableGroup [modelo.Lectura.asignaciones] for NavigablePath [modelo.Lectura.asignaciones] 
2026-02-02 21:27:17.149 [main] DEBUG org.hibernate.orm.sql.ast.create - Registration of TableGroup [StandardTableGroup(modelo.Lectura.asignaciones.{element})] with identifierForTableGroup [modelo.Lectura.asignaciones.{element}] for NavigablePath [modelo.Lectura.asignaciones.{element}] 
2026-02-02 21:27:17.149 [main] DEBUG org.hibernate.orm.sql.ast.create - Registration of TableGroup [org.hibernate.sql.ast.tree.from.LazyTableGroup@2755617b] with identifierForTableGroup [modelo.Lectura.asignaciones.{element}.docente] for NavigablePath [modelo.Lectura.asignaciones.{element}.docente] 
2026-02-02 21:27:17.149 [main] DEBUG org.hibernate.orm.sql.ast.create - Created new SQL alias : d1_0
2026-02-02 21:27:17.150 [main] DEBUG org.hibernate.orm.sql.ast.create - Registration of TableGroup [org.hibernate.sql.ast.tree.from.LazyTableGroup@49653791] with identifierForTableGroup [modelo.Lectura.asignaciones.{element}.lectura] for NavigablePath [modelo.Lectura.asignaciones.{element}.lectura] 
2026-02-02 21:27:17.150 [main] DEBUG org.hibernate.orm.results.graph.AST - DomainResult Graph:
 \-CollectionDomainResult [modelo.Lectura.asignaciones]

2026-02-02 21:27:17.150 [main] DEBUG org.hibernate.orm.sql.ast.tree - SQL AST Tree:
    SelectStatement {
      FromClause {
        OneToManyTableGroup (a1 : modelo.Lectura.asignaciones) {
          primaryTableReference : asignacion as a1_0
          TableGroupJoins {
            left  join LazyTableGroup (d1 : modelo.Lectura.asignaciones.{element}.docente) {
              primaryTableReference : docente as d1_0
            }
            left  join LazyTableGroup (l1 : modelo.Lectura.asignaciones.{element}.lectura) {
            }
          }
        }
      }
    }

2026-02-02 21:27:17.150 [main] DEBUG org.hibernate.orm.jdbc.mutation - Static SQL for collection: modelo.Lectura.asignaciones
2026-02-02 21:27:17.150 [main] DEBUG org.hibernate.orm.sql.ast.create - Created new SQL alias : l1_0
2026-02-02 21:27:17.150 [main] DEBUG org.hibernate.orm.sql.ast.create - Registration of TableGroup [CollectionTableGroup(modelo.Estudiante.logros)] with identifierForTableGroup [modelo.Estudiante.logros] for NavigablePath [modelo.Estudiante.logros] 
2026-02-02 21:27:17.151 [main] DEBUG org.hibernate.orm.sql.ast.create - Registration of TableGroup [org.hibernate.sql.ast.tree.from.LazyTableGroup@6009cd34] with identifierForTableGroup [modelo.Estudiante.logros.{element}] for NavigablePath [modelo.Estudiante.logros.{element}] 
2026-02-02 21:27:17.151 [main] DEBUG org.hibernate.orm.sql.ast.create - Created new SQL alias : l1_1
2026-02-02 21:27:17.151 [main] DEBUG org.hibernate.orm.results.graph.AST - DomainResult Graph:
 \-CollectionDomainResult [modelo.Estudiante.logros]

2026-02-02 21:27:17.151 [main] DEBUG org.hibernate.orm.sql.ast.tree - SQL AST Tree:
    SelectStatement {
      FromClause {
        CollectionTableGroup (l1 : modelo.Estudiante.logros) {
          primaryTableReference : logro_estudiante as l1_0
          TableGroupJoins {
             join LazyTableGroup (l1 : modelo.Estudiante.logros.{element}) {
              primaryTableReference : logro as l1_1
            }
          }
        }
      }
    }

2026-02-02 21:27:17.151 [main] DEBUG org.hibernate.orm.jdbc.mutation - Static SQL for collection: modelo.Estudiante.logros
2026-02-02 21:27:17.174 [main] DEBUG org.hibernate.engine.transaction.jta.platform.internal.JtaPlatformInitiator - No JtaPlatform was specified, checking resolver
2026-02-02 21:27:17.174 [main] DEBUG org.hibernate.engine.transaction.jta.platform.internal.JtaPlatformResolverInitiator - No JtaPlatformResolver was specified, using default [org.hibernate.engine.transaction.jta.platform.internal.StandardJtaPlatformResolver]
2026-02-02 21:27:17.177 [main] DEBUG org.hibernate.engine.transaction.jta.platform.internal.StandardJtaPlatformResolver - Could not resolve JtaPlatform, using default [org.hibernate.engine.transaction.jta.platform.internal.NoJtaPlatform]
2026-02-02 21:27:17.177 [main] INFO  org.hibernate.engine.transaction.jta.platform.internal.JtaPlatformInitiator - HHH000489: No JTA platform available (set 'hibernate.transaction.jta.platform' to enable JTA platform integration)
2026-02-02 21:27:17.178 [main] DEBUG org.hibernate.type.spi.TypeConfiguration$Scope - Scoping TypeConfiguration [org.hibernate.type.spi.TypeConfiguration@640dc4c6] to SessionFactoryImplementor [org.hibernate.internal.SessionFactoryImpl@21733cbe]
2026-02-02 21:27:17.179 [main] DEBUG org.hibernate.query.named.NamedObjectRepository - Checking 0 named HQL queries
2026-02-02 21:27:17.179 [main] DEBUG org.hibernate.query.named.NamedObjectRepository - Checking 0 named SQL queries
2026-02-02 21:27:17.190 [main] DEBUG org.hibernate.SQL - 
    alter table asignacion 
       drop 
       foreign key FKovu95a00puuf9x61ve5frg9lr
2026-02-02 21:27:17.194 [main] INFO  org.hibernate.orm.connections.access - HHH10001501: Connection obtained from JdbcConnectionAccess [org.hibernate.engine.jdbc.env.internal.JdbcEnvironmentInitiator$ConnectionProviderJdbcConnectionAccess@3a861417] for (non-JTA) DDL execution was not in auto-commit mode; the Connection 'local transaction' will be committed and the Connection will be set into auto-commit mode.
2026-02-02 21:27:17.239 [main] DEBUG org.hibernate.SQL - 
    alter table asignacion 
       drop 
       foreign key FKjgqxbxgacasc7rw6ft78k5wxe
2026-02-02 21:27:17.276 [main] DEBUG org.hibernate.SQL - 
    alter table estudiante 
       drop 
       foreign key FK5a2y49gqj50k58rcckgh5cdue
2026-02-02 21:27:17.307 [main] DEBUG org.hibernate.SQL - 
    alter table logro_estudiante 
       drop 
       foreign key FK4cxmv62j6nj1yqc6c0dpx67mk
2026-02-02 21:27:17.339 [main] DEBUG org.hibernate.SQL - 
    alter table logro_estudiante 
       drop 
       foreign key FKbi1xfyefu6l3t4586nbr5vtpy
2026-02-02 21:27:17.370 [main] DEBUG org.hibernate.SQL - 
    alter table usuario 
       drop 
       foreign key FKdw89kie2kf1uequ0rwgjn8dk7
2026-02-02 21:27:17.401 [main] DEBUG org.hibernate.SQL - 
    drop table if exists asignacion
2026-02-02 21:27:17.482 [main] DEBUG org.hibernate.SQL - 
    drop table if exists docente
2026-02-02 21:27:17.520 [main] DEBUG org.hibernate.SQL - 
    drop table if exists estudiante
2026-02-02 21:27:17.566 [main] DEBUG org.hibernate.SQL - 
    drop table if exists lectura
2026-02-02 21:27:17.601 [main] DEBUG org.hibernate.SQL - 
    drop table if exists logro
2026-02-02 21:27:17.638 [main] DEBUG org.hibernate.SQL - 
    drop table if exists logro_estudiante
2026-02-02 21:27:17.676 [main] DEBUG org.hibernate.SQL - 
    drop table if exists usuario
2026-02-02 21:27:17.722 [main] DEBUG org.hibernate.SQL - 
    create table asignacion (
        esObligatoria bit not null,
        id_asignacion integer not null auto_increment,
        id_docente integer,
        id_lectura integer,
        totalAlumnos integer not null,
        codigoClase varchar(255),
        tituloAsignacion varchar(255),
        primary key (id_asignacion)
    ) engine=InnoDB
2026-02-02 21:27:17.723 [main] INFO  org.hibernate.orm.connections.access - HHH10001501: Connection obtained from JdbcConnectionAccess [org.hibernate.engine.jdbc.env.internal.JdbcEnvironmentInitiator$ConnectionProviderJdbcConnectionAccess@c497a55] for (non-JTA) DDL execution was not in auto-commit mode; the Connection 'local transaction' will be committed and the Connection will be set into auto-commit mode.
2026-02-02 21:27:17.809 [main] DEBUG org.hibernate.SQL - 
    create table docente (
        id_docente integer not null auto_increment,
        edad varchar(255),
        especialidad varchar(255),
        nombre varchar(255),
        primary key (id_docente)
    ) engine=InnoDB
2026-02-02 21:27:17.907 [main] DEBUG org.hibernate.SQL - 
    create table estudiante (
        id_estudiante integer not null auto_increment,
        id_usuario integer,
        nivelActual integer not null,
        puntosXP integer not null,
        primary key (id_estudiante)
    ) engine=InnoDB
2026-02-02 21:27:18.006 [main] DEBUG org.hibernate.SQL - 
    create table lectura (
        genero tinyint check (genero between 0 and 10),
        id_lectura integer not null auto_increment,
        autor varchar(255),
        titulo varchar(255),
        primary key (id_lectura)
    ) engine=InnoDB
2026-02-02 21:27:18.104 [main] DEBUG org.hibernate.SQL - 
    create table logro (
        id_logro integer not null auto_increment,
        descripcion varchar(255),
        nombreLogro varchar(255),
        primary key (id_logro)
    ) engine=InnoDB
2026-02-02 21:27:18.184 [main] DEBUG org.hibernate.SQL - 
    create table logro_estudiante (
        estudiantes_id_estudiante integer not null,
        logros_id_logro integer not null,
        primary key (estudiantes_id_estudiante, logros_id_logro)
    ) engine=InnoDB
2026-02-02 21:27:18.274 [main] DEBUG org.hibernate.SQL - 
    create table usuario (
        edad integer not null,
        estudiante_id_estudiante integer,
        id_usuario integer not null auto_increment,
        puntosPorLogro integer not null,
        nombreCompleto varchar(255),
        rolPrincipal enum ('PADRES','PROFESOR','TUTORLEGAL','ESTUDIANTE'),
        tipoUsuario enum ('PRINCIPIANTE','BASICO','INTERMEDIO','AVANZADO'),
        primary key (id_usuario)
    ) engine=InnoDB
2026-02-02 21:27:18.379 [main] DEBUG org.hibernate.SQL - 
    alter table estudiante 
       add constraint UK_r3enlfo0jgcja2ctu1pgnjtgg unique (id_usuario)
2026-02-02 21:27:18.435 [main] DEBUG org.hibernate.SQL - 
    alter table usuario 
       add constraint UK_sce1w9rc494545uqe2yfw0nf5 unique (estudiante_id_estudiante)
2026-02-02 21:27:18.504 [main] DEBUG org.hibernate.SQL - 
    alter table asignacion 
       add constraint FKovu95a00puuf9x61ve5frg9lr 
       foreign key (id_docente) 
       references docente (id_docente)
2026-02-02 21:27:18.766 [main] DEBUG org.hibernate.SQL - 
    alter table asignacion 
       add constraint FKjgqxbxgacasc7rw6ft78k5wxe 
       foreign key (id_lectura) 
       references lectura (id_lectura)
2026-02-02 21:27:19.041 [main] DEBUG org.hibernate.SQL - 
    alter table estudiante 
       add constraint FK5a2y49gqj50k58rcckgh5cdue 
       foreign key (id_usuario) 
       references usuario (id_usuario)
2026-02-02 21:27:19.297 [main] DEBUG org.hibernate.SQL - 
    alter table logro_estudiante 
       add constraint FK4cxmv62j6nj1yqc6c0dpx67mk 
       foreign key (estudiantes_id_estudiante) 
       references estudiante (id_estudiante)
2026-02-02 21:27:19.513 [main] DEBUG org.hibernate.SQL - 
    alter table logro_estudiante 
       add constraint FKbi1xfyefu6l3t4586nbr5vtpy 
       foreign key (logros_id_logro) 
       references logro (id_logro)
2026-02-02 21:27:19.731 [main] DEBUG org.hibernate.SQL - 
    alter table usuario 
       add constraint FKdw89kie2kf1uequ0rwgjn8dk7 
       foreign key (estudiante_id_estudiante) 
       references estudiante (id_estudiante)
2026-02-02 21:27:20.024 [main] DEBUG org.hibernate.internal.SessionFactoryRegistry - Initializing SessionFactoryRegistry : org.hibernate.internal.SessionFactoryRegistry@4fbb1144
2026-02-02 21:27:20.024 [main] DEBUG org.hibernate.internal.SessionFactoryRegistry - Registering SessionFactory: 31ba7a42-d539-458c-878b-a579e23935c2 (<unnamed>)
2026-02-02 21:27:20.024 [main] DEBUG org.hibernate.internal.SessionFactoryRegistry - Not binding SessionFactory to JNDI, no JNDI name configured
2026-02-02 21:27:20.024 [main] DEBUG org.hibernate.internal.SessionFactoryImpl - Instantiated SessionFactory
2026-02-02 21:27:20.048 [main] DEBUG org.hibernate.stat.internal.StatisticsInitiator - Statistics initialized [enabled=false]
2026-02-02 21:27:20.051 [main] DEBUG org.hibernate.engine.transaction.internal.TransactionImpl - On TransactionImpl creation, JpaCompliance#isJpaTransactionComplianceEnabled == false
2026-02-02 21:27:20.051 [main] DEBUG org.hibernate.engine.transaction.internal.TransactionImpl - begin
2026-02-02 21:27:20.060 [main] DEBUG org.hibernate.engine.spi.ActionQueue - Executing identity-insert immediately
2026-02-02 21:27:20.064 [main] DEBUG org.hibernate.SQL - 
    insert 
    into
        usuario
        (edad, estudiante_id_estudiante, nombreCompleto, puntosPorLogro, rolPrincipal, tipoUsuario) 
    values
        (?, ?, ?, ?, ?, ?)
2026-02-02 21:27:20.074 [main] DEBUG org.hibernate.id.IdentifierGeneratorHelper - Natively generated identity (modelo.Usuario) : 1
2026-02-02 21:27:20.076 [main] DEBUG org.hibernate.engine.transaction.internal.TransactionImpl - committing
2026-02-02 21:27:20.077 [main] DEBUG org.hibernate.event.internal.AbstractFlushingEventListener - Processing flush-time cascades
2026-02-02 21:27:20.077 [main] DEBUG org.hibernate.event.internal.AbstractFlushingEventListener - Dirty checking collections
2026-02-02 21:27:20.081 [main] DEBUG org.hibernate.event.internal.AbstractFlushingEventListener - Flushed: 0 insertions, 0 updates, 0 deletions to 1 objects
2026-02-02 21:27:20.081 [main] DEBUG org.hibernate.event.internal.AbstractFlushingEventListener - Flushed: 0 (re)creations, 0 updates, 0 removals to 0 collections
2026-02-02 21:27:20.082 [main] DEBUG org.hibernate.internal.util.EntityPrinter - Listing entities:
2026-02-02 21:27:20.082 [main] DEBUG org.hibernate.internal.util.EntityPrinter - modelo.Usuario{estudiante=null, id_usuario=1, tipoUsuario=BASICO, nombreCompleto=U001, edad=20, puntosPorLogro=0, rolPrincipal=ESTUDIANTE}
2026-02-02 21:27:20.096 [main] DEBUG org.hibernate.resource.jdbc.internal.LogicalConnectionManagedImpl - Initiating JDBC connection release from afterTransaction
2026-02-02 21:27:20.097 [main] DEBUG org.hibernate.resource.jdbc.internal.LogicalConnectionManagedImpl - Initiating JDBC connection release from afterTransaction
2026-02-02 21:27:20.098 [main] DEBUG org.hibernate.engine.transaction.internal.TransactionImpl - On TransactionImpl creation, JpaCompliance#isJpaTransactionComplianceEnabled == false
2026-02-02 21:27:20.098 [main] DEBUG org.hibernate.engine.transaction.internal.TransactionImpl - begin
2026-02-02 21:27:20.100 [main] DEBUG org.hibernate.engine.spi.ActionQueue - Executing identity-insert immediately
2026-02-02 21:27:20.100 [main] DEBUG org.hibernate.SQL - 
    insert 
    into
        docente
        (edad, especialidad, nombre) 
    values
        (?, ?, ?)
2026-02-02 21:27:20.101 [main] DEBUG org.hibernate.id.IdentifierGeneratorHelper - Natively generated identity (modelo.Docente) : 1
2026-02-02 21:27:20.101 [main] DEBUG org.hibernate.engine.transaction.internal.TransactionImpl - committing
2026-02-02 21:27:20.101 [main] DEBUG org.hibernate.event.internal.AbstractFlushingEventListener - Processing flush-time cascades
2026-02-02 21:27:20.101 [main] DEBUG org.hibernate.event.internal.AbstractFlushingEventListener - Dirty checking collections
2026-02-02 21:27:20.101 [main] DEBUG org.hibernate.event.internal.AbstractFlushingEventListener - Flushed: 0 insertions, 0 updates, 0 deletions to 1 objects
2026-02-02 21:27:20.101 [main] DEBUG org.hibernate.event.internal.AbstractFlushingEventListener - Flushed: 0 (re)creations, 0 updates, 0 removals to 0 collections
2026-02-02 21:27:20.101 [main] DEBUG org.hibernate.internal.util.EntityPrinter - Listing entities:
2026-02-02 21:27:20.101 [main] DEBUG org.hibernate.internal.util.EntityPrinter - modelo.Docente{id_docente=1, edad=26, especialidad=Mates, nombre=Pedro}
2026-02-02 21:27:20.117 [main] DEBUG org.hibernate.resource.jdbc.internal.LogicalConnectionManagedImpl - Initiating JDBC connection release from afterTransaction
2026-02-02 21:27:20.118 [main] DEBUG org.hibernate.resource.jdbc.internal.LogicalConnectionManagedImpl - Initiating JDBC connection release from afterTransaction
2026-02-02 21:27:20.118 [main] DEBUG org.hibernate.engine.transaction.internal.TransactionImpl - On TransactionImpl creation, JpaCompliance#isJpaTransactionComplianceEnabled == false
2026-02-02 21:27:20.118 [main] DEBUG org.hibernate.engine.transaction.internal.TransactionImpl - begin
2026-02-02 21:27:20.120 [main] DEBUG org.hibernate.engine.spi.ActionQueue - Executing identity-insert immediately
2026-02-02 21:27:20.121 [main] DEBUG org.hibernate.SQL - 
    insert 
    into
        lectura
        (autor, genero, titulo) 
    values
        (?, ?, ?)
2026-02-02 21:27:20.122 [main] DEBUG org.hibernate.id.IdentifierGeneratorHelper - Natively generated identity (modelo.Lectura) : 1
2026-02-02 21:27:20.122 [main] DEBUG org.hibernate.engine.transaction.internal.TransactionImpl - committing
2026-02-02 21:27:20.122 [main] DEBUG org.hibernate.event.internal.AbstractFlushingEventListener - Processing flush-time cascades
2026-02-02 21:27:20.122 [main] DEBUG org.hibernate.event.internal.AbstractFlushingEventListener - Dirty checking collections
2026-02-02 21:27:20.123 [main] DEBUG org.hibernate.event.internal.AbstractFlushingEventListener - Flushed: 0 insertions, 0 updates, 0 deletions to 1 objects
2026-02-02 21:27:20.123 [main] DEBUG org.hibernate.event.internal.AbstractFlushingEventListener - Flushed: 0 (re)creations, 0 updates, 0 removals to 0 collections
2026-02-02 21:27:20.123 [main] DEBUG org.hibernate.internal.util.EntityPrinter - Listing entities:
2026-02-02 21:27:20.123 [main] DEBUG org.hibernate.internal.util.EntityPrinter - modelo.Lectura{genero=AVENTURA, id_lectura=1, titulo=L001, asignaciones=null, autor=El Quijote}
2026-02-02 21:27:20.139 [main] DEBUG org.hibernate.resource.jdbc.internal.LogicalConnectionManagedImpl - Initiating JDBC connection release from afterTransaction
2026-02-02 21:27:20.140 [main] DEBUG org.hibernate.resource.jdbc.internal.LogicalConnectionManagedImpl - Initiating JDBC connection release from afterTransaction
2026-02-02 21:27:20.140 [main] DEBUG org.hibernate.engine.transaction.internal.TransactionImpl - On TransactionImpl creation, JpaCompliance#isJpaTransactionComplianceEnabled == false
2026-02-02 21:27:20.140 [main] DEBUG org.hibernate.engine.transaction.internal.TransactionImpl - begin
2026-02-02 21:27:20.145 [main] DEBUG org.hibernate.engine.spi.ActionQueue - Executing identity-insert immediately
2026-02-02 21:27:20.145 [main] DEBUG org.hibernate.SQL - 
    insert 
    into
        logro
        (descripcion, nombreLogro) 
    values
        (?, ?)
2026-02-02 21:27:20.147 [main] DEBUG org.hibernate.id.IdentifierGeneratorHelper - Natively generated identity (modelo.Logro) : 1
2026-02-02 21:27:20.147 [main] DEBUG org.hibernate.engine.transaction.internal.TransactionImpl - committing
2026-02-02 21:27:20.147 [main] DEBUG org.hibernate.event.internal.AbstractFlushingEventListener - Processing flush-time cascades
2026-02-02 21:27:20.147 [main] DEBUG org.hibernate.event.internal.AbstractFlushingEventListener - Dirty checking collections
2026-02-02 21:27:20.148 [main] DEBUG org.hibernate.engine.internal.Collections - Collection found: [modelo.Logro.estudiantes#1], was: [<unreferenced>] (initialized)
2026-02-02 21:27:20.150 [main] DEBUG org.hibernate.event.internal.AbstractFlushingEventListener - Flushed: 0 insertions, 0 updates, 0 deletions to 1 objects
2026-02-02 21:27:20.150 [main] DEBUG org.hibernate.event.internal.AbstractFlushingEventListener - Flushed: 1 (re)creations, 0 updates, 0 removals to 1 collections
2026-02-02 21:27:20.150 [main] DEBUG org.hibernate.internal.util.EntityPrinter - Listing entities:
2026-02-02 21:27:20.150 [main] DEBUG org.hibernate.internal.util.EntityPrinter - modelo.Logro{descripcion=Leídas 5 lecturas, id_logro=1, estudiantes=[], nombreLogro=Gran Lector}
2026-02-02 21:27:20.152 [main] DEBUG org.hibernate.orm.jdbc.mutation - Inserting collection rows - modelo.Logro.estudiantes : 1
2026-02-02 21:27:20.153 [main] DEBUG org.hibernate.orm.jdbc.mutation - No collection rows to insert - modelo.Logro.estudiantes : 1
2026-02-02 21:27:20.166 [main] DEBUG org.hibernate.resource.jdbc.internal.LogicalConnectionManagedImpl - Initiating JDBC connection release from afterTransaction
2026-02-02 21:27:20.166 [main] DEBUG org.hibernate.resource.jdbc.internal.LogicalConnectionManagedImpl - Initiating JDBC connection release from afterTransaction
2026-02-02 21:27:20.167 [main] DEBUG org.hibernate.engine.transaction.internal.TransactionImpl - On TransactionImpl creation, JpaCompliance#isJpaTransactionComplianceEnabled == false
2026-02-02 21:27:20.167 [main] DEBUG org.hibernate.engine.transaction.internal.TransactionImpl - begin
2026-02-02 21:27:20.169 [main] DEBUG org.hibernate.engine.spi.ActionQueue - Executing identity-insert immediately
2026-02-02 21:27:20.169 [main] DEBUG org.hibernate.SQL - 
    insert 
    into
        estudiante
        (nivelActual, puntosXP, id_usuario) 
    values
        (?, ?, ?)
2026-02-02 21:27:20.171 [main] DEBUG org.hibernate.id.IdentifierGeneratorHelper - Natively generated identity (modelo.Estudiante) : 1
2026-02-02 21:27:20.171 [main] DEBUG org.hibernate.engine.transaction.internal.TransactionImpl - committing
2026-02-02 21:27:20.171 [main] DEBUG org.hibernate.event.internal.AbstractFlushingEventListener - Processing flush-time cascades
2026-02-02 21:27:20.171 [main] DEBUG org.hibernate.event.internal.AbstractFlushingEventListener - Dirty checking collections
2026-02-02 21:27:20.171 [main] DEBUG org.hibernate.engine.internal.Collections - Collection found: [modelo.Estudiante.logros#1], was: [<unreferenced>] (initialized)
2026-02-02 21:27:20.171 [main] DEBUG org.hibernate.event.internal.AbstractFlushingEventListener - Flushed: 0 insertions, 0 updates, 0 deletions to 1 objects
2026-02-02 21:27:20.171 [main] DEBUG org.hibernate.event.internal.AbstractFlushingEventListener - Flushed: 1 (re)creations, 0 updates, 0 removals to 1 collections
2026-02-02 21:27:20.171 [main] DEBUG org.hibernate.internal.util.EntityPrinter - Listing entities:
2026-02-02 21:27:20.172 [main] DEBUG org.hibernate.internal.util.EntityPrinter - modelo.Estudiante{id_estudiante=1, logros=[], usuario=modelo.Usuario#1, nivelActual=500, puntosXP=1}
2026-02-02 21:27:20.185 [main] DEBUG org.hibernate.resource.jdbc.internal.LogicalConnectionManagedImpl - Initiating JDBC connection release from afterTransaction
2026-02-02 21:27:20.185 [main] DEBUG org.hibernate.resource.jdbc.internal.LogicalConnectionManagedImpl - Initiating JDBC connection release from afterTransaction
2026-02-02 21:27:20.186 [main] DEBUG org.hibernate.engine.transaction.internal.TransactionImpl - On TransactionImpl creation, JpaCompliance#isJpaTransactionComplianceEnabled == false
2026-02-02 21:27:20.186 [main] DEBUG org.hibernate.engine.transaction.internal.TransactionImpl - begin
2026-02-02 21:27:20.187 [main] DEBUG org.hibernate.engine.spi.ActionQueue - Executing identity-insert immediately
2026-02-02 21:27:20.188 [main] DEBUG org.hibernate.SQL - 
    insert 
    into
        asignacion
        (codigoClase, id_docente, esObligatoria, id_lectura, tituloAsignacion, totalAlumnos) 
    values
        (?, ?, ?, ?, ?, ?)
2026-02-02 21:27:20.190 [main] DEBUG org.hibernate.id.IdentifierGeneratorHelper - Natively generated identity (modelo.Asignacion) : 1
2026-02-02 21:27:20.191 [main] DEBUG org.hibernate.engine.transaction.internal.TransactionImpl - committing
2026-02-02 21:27:20.191 [main] DEBUG org.hibernate.event.internal.AbstractFlushingEventListener - Processing flush-time cascades
2026-02-02 21:27:20.191 [main] DEBUG org.hibernate.event.internal.AbstractFlushingEventListener - Dirty checking collections
2026-02-02 21:27:20.191 [main] DEBUG org.hibernate.event.internal.AbstractFlushingEventListener - Flushed: 0 insertions, 0 updates, 0 deletions to 1 objects
2026-02-02 21:27:20.191 [main] DEBUG org.hibernate.event.internal.AbstractFlushingEventListener - Flushed: 0 (re)creations, 0 updates, 0 removals to 0 collections
2026-02-02 21:27:20.191 [main] DEBUG org.hibernate.internal.util.EntityPrinter - Listing entities:
2026-02-02 21:27:20.191 [main] DEBUG org.hibernate.internal.util.EntityPrinter - modelo.Asignacion{id_asignacion=1, docente=modelo.Docente#1, totalAlumnos=25, lectura=modelo.Lectura#1, tituloAsignacion=ASIG001, codigoClase=2A-2026, esObligatoria=true}
2026-02-02 21:27:20.211 [main] DEBUG org.hibernate.resource.jdbc.internal.LogicalConnectionManagedImpl - Initiating JDBC connection release from afterTransaction
2026-02-02 21:27:20.212 [main] DEBUG org.hibernate.resource.jdbc.internal.LogicalConnectionManagedImpl - Initiating JDBC connection release from afterTransaction
