2026-01-14 12:47:20.327 [main] DEBUG org.jboss.logging - Logging Provider: org.jboss.logging.Log4j2LoggerProvider
2026-01-14 12:47:20.340 [main] DEBUG org.hibernate.integrator.internal.IntegratorServiceImpl - Adding Integrator [org.hibernate.boot.beanvalidation.BeanValidationIntegrator].
2026-01-14 12:47:20.342 [main] DEBUG org.hibernate.integrator.internal.IntegratorServiceImpl - Adding Integrator [org.hibernate.cache.internal.CollectionCacheInvalidator].
2026-01-14 12:47:20.366 [main] INFO  org.hibernate.Version - HHH000412: Hibernate ORM core version 6.4.4.Final
2026-01-14 12:47:20.367 [main] DEBUG org.hibernate.cfg.Environment - HHH000206: 'hibernate.properties' not found
2026-01-14 12:47:20.392 [main] DEBUG org.hibernate.boot.jaxb.internal.stax.LocalXmlResourceResolver - Checking public/system identifiers `-//Hibernate/Hibernate Configuration DTD 3.0//EN`/`https://hibernate.org/dtd/hibernate-configuration-3.0.dtd` as DTD references
2026-01-14 12:47:20.396 [main] DEBUG org.hibernate.boot.cfgxml.internal.JaxbCfgProcessor - cfg.xml document did not define namespaces; wrapping in custom event reader to introduce namespace information
2026-01-14 12:47:20.540 [main] DEBUG org.hibernate.orm.idgen.factory - Ignoring CDI for resolving IdentifierGenerator instances as extended or delayed CDI support was enabled
2026-01-14 12:47:20.543 [main] DEBUG org.hibernate.orm.idgen.factory - Registering IdentifierGenerator strategy [uuid2] -> [org.hibernate.id.UUIDGenerator]
2026-01-14 12:47:20.544 [main] DEBUG org.hibernate.orm.idgen.factory - Registering IdentifierGenerator strategy [guid] -> [org.hibernate.id.GUIDGenerator]
2026-01-14 12:47:20.544 [main] DEBUG org.hibernate.orm.idgen.factory - Registering IdentifierGenerator strategy [uuid] -> [org.hibernate.id.UUIDHexGenerator]
2026-01-14 12:47:20.544 [main] DEBUG org.hibernate.orm.idgen.factory - Registering IdentifierGenerator strategy [uuid.hex] -> [org.hibernate.id.UUIDHexGenerator]
2026-01-14 12:47:20.544 [main] DEBUG org.hibernate.orm.idgen.factory - Registering IdentifierGenerator strategy [assigned] -> [org.hibernate.id.Assigned]
2026-01-14 12:47:20.545 [main] DEBUG org.hibernate.orm.idgen.factory - Registering IdentifierGenerator strategy [identity] -> [org.hibernate.id.IdentityGenerator]
2026-01-14 12:47:20.545 [main] DEBUG org.hibernate.orm.idgen.factory - Registering IdentifierGenerator strategy [select] -> [org.hibernate.id.SelectGenerator]
2026-01-14 12:47:20.547 [main] DEBUG org.hibernate.orm.idgen.factory - Registering IdentifierGenerator strategy [sequence] -> [org.hibernate.id.enhanced.SequenceStyleGenerator]
2026-01-14 12:47:20.547 [main] DEBUG org.hibernate.orm.idgen.factory - Registering IdentifierGenerator strategy [increment] -> [org.hibernate.id.IncrementGenerator]
2026-01-14 12:47:20.548 [main] DEBUG org.hibernate.orm.idgen.factory - Registering IdentifierGenerator strategy [foreign] -> [org.hibernate.id.ForeignGenerator]
2026-01-14 12:47:20.548 [main] DEBUG org.hibernate.orm.idgen.factory - Registering IdentifierGenerator strategy [enhanced-sequence] -> [org.hibernate.id.enhanced.SequenceStyleGenerator]
2026-01-14 12:47:20.548 [main] DEBUG org.hibernate.orm.idgen.factory - Registering IdentifierGenerator strategy [enhanced-table] -> [org.hibernate.id.enhanced.TableGenerator]
2026-01-14 12:47:20.553 [main] DEBUG org.hibernate.cache.internal.RegionFactoryInitiator - Cannot default RegionFactory based on registered strategies as `[]` RegionFactory strategies were registered
2026-01-14 12:47:20.554 [main] INFO  org.hibernate.cache.internal.RegionFactoryInitiator - HHH000026: Second-level cache disabled
2026-01-14 12:47:20.638 [main] DEBUG org.hibernate.type.BasicTypeRegistry - Adding type registration boolean -> org.hibernate.type.BasicTypeReference@3ed0918d
2026-01-14 12:47:20.639 [main] DEBUG org.hibernate.type.BasicTypeRegistry - Adding type registration boolean -> org.hibernate.type.BasicTypeReference@3ed0918d
2026-01-14 12:47:20.639 [main] DEBUG org.hibernate.type.BasicTypeRegistry - Adding type registration java.lang.Boolean -> org.hibernate.type.BasicTypeReference@3ed0918d
2026-01-14 12:47:20.639 [main] DEBUG org.hibernate.type.BasicTypeRegistry - Adding type registration numeric_boolean -> org.hibernate.type.BasicTypeReference@5e268ce6
2026-01-14 12:47:20.639 [main] DEBUG org.hibernate.type.BasicTypeRegistry - Adding type registration org.hibernate.type.NumericBooleanConverter -> org.hibernate.type.BasicTypeReference@5e268ce6
2026-01-14 12:47:20.639 [main] DEBUG org.hibernate.type.BasicTypeRegistry - Adding type registration true_false -> org.hibernate.type.BasicTypeReference@66ec9390
2026-01-14 12:47:20.640 [main] DEBUG org.hibernate.type.BasicTypeRegistry - Adding type registration org.hibernate.type.TrueFalseConverter -> org.hibernate.type.BasicTypeReference@66ec9390
2026-01-14 12:47:20.640 [main] DEBUG org.hibernate.type.BasicTypeRegistry - Adding type registration yes_no -> org.hibernate.type.BasicTypeReference@6e91893
2026-01-14 12:47:20.640 [main] DEBUG org.hibernate.type.BasicTypeRegistry - Adding type registration org.hibernate.type.YesNoConverter -> org.hibernate.type.BasicTypeReference@6e91893
2026-01-14 12:47:20.640 [main] DEBUG org.hibernate.type.BasicTypeRegistry - Adding type registration byte -> org.hibernate.type.BasicTypeReference@3c0fbd3a
2026-01-14 12:47:20.640 [main] DEBUG org.hibernate.type.BasicTypeRegistry - Adding type registration byte -> org.hibernate.type.BasicTypeReference@3c0fbd3a
2026-01-14 12:47:20.640 [main] DEBUG org.hibernate.type.BasicTypeRegistry - Adding type registration java.lang.Byte -> org.hibernate.type.BasicTypeReference@3c0fbd3a
2026-01-14 12:47:20.640 [main] DEBUG org.hibernate.type.BasicTypeRegistry - Adding type registration binary -> org.hibernate.type.BasicTypeReference@562457e1
2026-01-14 12:47:20.640 [main] DEBUG org.hibernate.type.BasicTypeRegistry - Adding type registration byte[] -> org.hibernate.type.BasicTypeReference@562457e1
2026-01-14 12:47:20.640 [main] DEBUG org.hibernate.type.BasicTypeRegistry - Adding type registration [B -> org.hibernate.type.BasicTypeReference@562457e1
2026-01-14 12:47:20.640 [main] DEBUG org.hibernate.type.BasicTypeRegistry - Adding type registration binary_wrapper -> org.hibernate.type.BasicTypeReference@54562ea6
2026-01-14 12:47:20.640 [main] DEBUG org.hibernate.type.BasicTypeRegistry - Adding type registration wrapper-binary -> org.hibernate.type.BasicTypeReference@54562ea6
2026-01-14 12:47:20.640 [main] DEBUG org.hibernate.type.BasicTypeRegistry - Adding type registration image -> org.hibernate.type.BasicTypeReference@1a35993f
2026-01-14 12:47:20.640 [main] DEBUG org.hibernate.type.BasicTypeRegistry - Adding type registration blob -> org.hibernate.type.BasicTypeReference@5b12012e
2026-01-14 12:47:20.641 [main] DEBUG org.hibernate.type.BasicTypeRegistry - Adding type registration java.sql.Blob -> org.hibernate.type.BasicTypeReference@5b12012e
2026-01-14 12:47:20.641 [main] DEBUG org.hibernate.type.BasicTypeRegistry - Adding type registration materialized_blob -> org.hibernate.type.BasicTypeReference@2f7dcef2
2026-01-14 12:47:20.641 [main] DEBUG org.hibernate.type.BasicTypeRegistry - Adding type registration materialized_blob_wrapper -> org.hibernate.type.BasicTypeReference@4a3be6a5
2026-01-14 12:47:20.641 [main] DEBUG org.hibernate.type.BasicTypeRegistry - Adding type registration short -> org.hibernate.type.BasicTypeReference@7cf162bc
2026-01-14 12:47:20.641 [main] DEBUG org.hibernate.type.BasicTypeRegistry - Adding type registration short -> org.hibernate.type.BasicTypeReference@7cf162bc
2026-01-14 12:47:20.641 [main] DEBUG org.hibernate.type.BasicTypeRegistry - Adding type registration java.lang.Short -> org.hibernate.type.BasicTypeReference@7cf162bc
2026-01-14 12:47:20.641 [main] DEBUG org.hibernate.type.BasicTypeRegistry - Adding type registration integer -> org.hibernate.type.BasicTypeReference@3721177d
2026-01-14 12:47:20.641 [main] DEBUG org.hibernate.type.BasicTypeRegistry - Adding type registration int -> org.hibernate.type.BasicTypeReference@3721177d
2026-01-14 12:47:20.642 [main] DEBUG org.hibernate.type.BasicTypeRegistry - Adding type registration java.lang.Integer -> org.hibernate.type.BasicTypeReference@3721177d
2026-01-14 12:47:20.642 [main] DEBUG org.hibernate.type.BasicTypeRegistry - Adding type registration long -> org.hibernate.type.BasicTypeReference@766a4535
2026-01-14 12:47:20.642 [main] DEBUG org.hibernate.type.BasicTypeRegistry - Adding type registration long -> org.hibernate.type.BasicTypeReference@766a4535
2026-01-14 12:47:20.642 [main] DEBUG org.hibernate.type.BasicTypeRegistry - Adding type registration java.lang.Long -> org.hibernate.type.BasicTypeReference@766a4535
2026-01-14 12:47:20.642 [main] DEBUG org.hibernate.type.BasicTypeRegistry - Adding type registration float -> org.hibernate.type.BasicTypeReference@63718b93
2026-01-14 12:47:20.642 [main] DEBUG org.hibernate.type.BasicTypeRegistry - Adding type registration float -> org.hibernate.type.BasicTypeReference@63718b93
2026-01-14 12:47:20.643 [main] DEBUG org.hibernate.type.BasicTypeRegistry - Adding type registration java.lang.Float -> org.hibernate.type.BasicTypeReference@63718b93
2026-01-14 12:47:20.643 [main] DEBUG org.hibernate.type.BasicTypeRegistry - Adding type registration double -> org.hibernate.type.BasicTypeReference@14e2e1c3
2026-01-14 12:47:20.643 [main] DEBUG org.hibernate.type.BasicTypeRegistry - Adding type registration double -> org.hibernate.type.BasicTypeReference@14e2e1c3
2026-01-14 12:47:20.643 [main] DEBUG org.hibernate.type.BasicTypeRegistry - Adding type registration java.lang.Double -> org.hibernate.type.BasicTypeReference@14e2e1c3
2026-01-14 12:47:20.643 [main] DEBUG org.hibernate.type.BasicTypeRegistry - Adding type registration big_integer -> org.hibernate.type.BasicTypeReference@2b4786dd
2026-01-14 12:47:20.643 [main] DEBUG org.hibernate.type.BasicTypeRegistry - Adding type registration java.math.BigInteger -> org.hibernate.type.BasicTypeReference@2b4786dd
2026-01-14 12:47:20.644 [main] DEBUG org.hibernate.type.BasicTypeRegistry - Adding type registration big_decimal -> org.hibernate.type.BasicTypeReference@f202d6d
2026-01-14 12:47:20.644 [main] DEBUG org.hibernate.type.BasicTypeRegistry - Adding type registration java.math.BigDecimal -> org.hibernate.type.BasicTypeReference@f202d6d
2026-01-14 12:47:20.644 [main] DEBUG org.hibernate.type.BasicTypeRegistry - Adding type registration character -> org.hibernate.type.BasicTypeReference@60e21209
2026-01-14 12:47:20.644 [main] DEBUG org.hibernate.type.BasicTypeRegistry - Adding type registration char -> org.hibernate.type.BasicTypeReference@60e21209
2026-01-14 12:47:20.644 [main] DEBUG org.hibernate.type.BasicTypeRegistry - Adding type registration java.lang.Character -> org.hibernate.type.BasicTypeReference@60e21209
2026-01-14 12:47:20.644 [main] DEBUG org.hibernate.type.BasicTypeRegistry - Adding type registration character_nchar -> org.hibernate.type.BasicTypeReference@630d1b2f
2026-01-14 12:47:20.644 [main] DEBUG org.hibernate.type.BasicTypeRegistry - Adding type registration string -> org.hibernate.type.BasicTypeReference@746b18fd
2026-01-14 12:47:20.644 [main] DEBUG org.hibernate.type.BasicTypeRegistry - Adding type registration java.lang.String -> org.hibernate.type.BasicTypeReference@746b18fd
2026-01-14 12:47:20.645 [main] DEBUG org.hibernate.type.BasicTypeRegistry - Adding type registration nstring -> org.hibernate.type.BasicTypeReference@7a2e0858
2026-01-14 12:47:20.645 [main] DEBUG org.hibernate.type.BasicTypeRegistry - Adding type registration characters -> org.hibernate.type.BasicTypeReference@aac3f4e
2026-01-14 12:47:20.645 [main] DEBUG org.hibernate.type.BasicTypeRegistry - Adding type registration char[] -> org.hibernate.type.BasicTypeReference@aac3f4e
2026-01-14 12:47:20.645 [main] DEBUG org.hibernate.type.BasicTypeRegistry - Adding type registration [C -> org.hibernate.type.BasicTypeReference@aac3f4e
2026-01-14 12:47:20.645 [main] DEBUG org.hibernate.type.BasicTypeRegistry - Adding type registration wrapper-characters -> org.hibernate.type.BasicTypeReference@1f38957
2026-01-14 12:47:20.645 [main] DEBUG org.hibernate.type.BasicTypeRegistry - Adding type registration text -> org.hibernate.type.BasicTypeReference@2df3c564
2026-01-14 12:47:20.645 [main] DEBUG org.hibernate.type.BasicTypeRegistry - Adding type registration ntext -> org.hibernate.type.BasicTypeReference@2715644a
2026-01-14 12:47:20.645 [main] DEBUG org.hibernate.type.BasicTypeRegistry - Adding type registration clob -> org.hibernate.type.BasicTypeReference@4c2869a9
2026-01-14 12:47:20.645 [main] DEBUG org.hibernate.type.BasicTypeRegistry - Adding type registration java.sql.Clob -> org.hibernate.type.BasicTypeReference@4c2869a9
2026-01-14 12:47:20.646 [main] DEBUG org.hibernate.type.BasicTypeRegistry - Adding type registration nclob -> org.hibernate.type.BasicTypeReference@518cf84a
2026-01-14 12:47:20.646 [main] DEBUG org.hibernate.type.BasicTypeRegistry - Adding type registration java.sql.NClob -> org.hibernate.type.BasicTypeReference@518cf84a
2026-01-14 12:47:20.646 [main] DEBUG org.hibernate.type.BasicTypeRegistry - Adding type registration materialized_clob -> org.hibernate.type.BasicTypeReference@62e7dffa
2026-01-14 12:47:20.646 [main] DEBUG org.hibernate.type.BasicTypeRegistry - Adding type registration materialized_clob_char_array -> org.hibernate.type.BasicTypeReference@6edcd0d8
2026-01-14 12:47:20.646 [main] DEBUG org.hibernate.type.BasicTypeRegistry - Adding type registration materialized_clob_character_array -> org.hibernate.type.BasicTypeReference@6136998b
2026-01-14 12:47:20.646 [main] DEBUG org.hibernate.type.BasicTypeRegistry - Adding type registration materialized_nclob -> org.hibernate.type.BasicTypeReference@57ce634f
2026-01-14 12:47:20.646 [main] DEBUG org.hibernate.type.BasicTypeRegistry - Adding type registration materialized_nclob_character_array -> org.hibernate.type.BasicTypeReference@b8a7e43
2026-01-14 12:47:20.646 [main] DEBUG org.hibernate.type.BasicTypeRegistry - Adding type registration materialized_nclob_char_array -> org.hibernate.type.BasicTypeReference@35835fa
2026-01-14 12:47:20.647 [main] DEBUG org.hibernate.type.BasicTypeRegistry - Adding type registration Duration -> org.hibernate.type.BasicTypeReference@56f71edb
2026-01-14 12:47:20.647 [main] DEBUG org.hibernate.type.BasicTypeRegistry - Adding type registration java.time.Duration -> org.hibernate.type.BasicTypeReference@56f71edb
2026-01-14 12:47:20.647 [main] DEBUG org.hibernate.type.BasicTypeRegistry - Adding type registration LocalDateTime -> org.hibernate.type.BasicTypeReference@7207cb51
2026-01-14 12:47:20.647 [main] DEBUG org.hibernate.type.BasicTypeRegistry - Adding type registration java.time.LocalDateTime -> org.hibernate.type.BasicTypeReference@7207cb51
2026-01-14 12:47:20.647 [main] DEBUG org.hibernate.type.BasicTypeRegistry - Adding type registration LocalDate -> org.hibernate.type.BasicTypeReference@2a27cb34
2026-01-14 12:47:20.647 [main] DEBUG org.hibernate.type.BasicTypeRegistry - Adding type registration java.time.LocalDate -> org.hibernate.type.BasicTypeReference@2a27cb34
2026-01-14 12:47:20.647 [main] DEBUG org.hibernate.type.BasicTypeRegistry - Adding type registration LocalTime -> org.hibernate.type.BasicTypeReference@6892cc6f
2026-01-14 12:47:20.647 [main] DEBUG org.hibernate.type.BasicTypeRegistry - Adding type registration java.time.LocalTime -> org.hibernate.type.BasicTypeReference@6892cc6f
2026-01-14 12:47:20.647 [main] DEBUG org.hibernate.type.BasicTypeRegistry - Adding type registration OffsetDateTime -> org.hibernate.type.BasicTypeReference@6fd1660
2026-01-14 12:47:20.648 [main] DEBUG org.hibernate.type.BasicTypeRegistry - Adding type registration java.time.OffsetDateTime -> org.hibernate.type.BasicTypeReference@6fd1660
2026-01-14 12:47:20.648 [main] DEBUG org.hibernate.type.BasicTypeRegistry - Adding type registration OffsetDateTimeWithTimezone -> org.hibernate.type.BasicTypeReference@4a6c18ad
2026-01-14 12:47:20.648 [main] DEBUG org.hibernate.type.BasicTypeRegistry - Adding type registration OffsetDateTimeWithoutTimezone -> org.hibernate.type.BasicTypeReference@5e8604bf
2026-01-14 12:47:20.648 [main] DEBUG org.hibernate.type.BasicTypeRegistry - Adding type registration OffsetTime -> org.hibernate.type.BasicTypeReference@20095ab4
2026-01-14 12:47:20.648 [main] DEBUG org.hibernate.type.BasicTypeRegistry - Adding type registration java.time.OffsetTime -> org.hibernate.type.BasicTypeReference@20095ab4
2026-01-14 12:47:20.648 [main] DEBUG org.hibernate.type.BasicTypeRegistry - Adding type registration OffsetTimeUtc -> org.hibernate.type.BasicTypeReference@4e2916c3
2026-01-14 12:47:20.649 [main] DEBUG org.hibernate.type.BasicTypeRegistry - Adding type registration OffsetTimeWithTimezone -> org.hibernate.type.BasicTypeReference@64aad6db
2026-01-14 12:47:20.649 [main] DEBUG org.hibernate.type.BasicTypeRegistry - Adding type registration OffsetTimeWithoutTimezone -> org.hibernate.type.BasicTypeReference@ae7950d
2026-01-14 12:47:20.649 [main] DEBUG org.hibernate.type.BasicTypeRegistry - Adding type registration ZonedDateTime -> org.hibernate.type.BasicTypeReference@60d1b21f
2026-01-14 12:47:20.649 [main] DEBUG org.hibernate.type.BasicTypeRegistry - Adding type registration java.time.ZonedDateTime -> org.hibernate.type.BasicTypeReference@60d1b21f
2026-01-14 12:47:20.649 [main] DEBUG org.hibernate.type.BasicTypeRegistry - Adding type registration ZonedDateTimeWithTimezone -> org.hibernate.type.BasicTypeReference@66c83fc8
2026-01-14 12:47:20.649 [main] DEBUG org.hibernate.type.BasicTypeRegistry - Adding type registration ZonedDateTimeWithoutTimezone -> org.hibernate.type.BasicTypeReference@546621c4
2026-01-14 12:47:20.649 [main] DEBUG org.hibernate.type.BasicTypeRegistry - Adding type registration date -> org.hibernate.type.BasicTypeReference@621f89b8
2026-01-14 12:47:20.649 [main] DEBUG org.hibernate.type.BasicTypeRegistry - Adding type registration java.sql.Date -> org.hibernate.type.BasicTypeReference@621f89b8
2026-01-14 12:47:20.649 [main] DEBUG org.hibernate.type.BasicTypeRegistry - Adding type registration time -> org.hibernate.type.BasicTypeReference@f339eae
2026-01-14 12:47:20.649 [main] DEBUG org.hibernate.type.BasicTypeRegistry - Adding type registration java.sql.Time -> org.hibernate.type.BasicTypeReference@f339eae
2026-01-14 12:47:20.649 [main] DEBUG org.hibernate.type.BasicTypeRegistry - Adding type registration timestamp -> org.hibernate.type.BasicTypeReference@2822c6ff
2026-01-14 12:47:20.650 [main] DEBUG org.hibernate.type.BasicTypeRegistry - Adding type registration java.sql.Timestamp -> org.hibernate.type.BasicTypeReference@2822c6ff
2026-01-14 12:47:20.650 [main] DEBUG org.hibernate.type.BasicTypeRegistry - Adding type registration java.util.Date -> org.hibernate.type.BasicTypeReference@2822c6ff
2026-01-14 12:47:20.650 [main] DEBUG org.hibernate.type.BasicTypeRegistry - Adding type registration calendar -> org.hibernate.type.BasicTypeReference@4dafba3e
2026-01-14 12:47:20.650 [main] DEBUG org.hibernate.type.BasicTypeRegistry - Adding type registration java.util.Calendar -> org.hibernate.type.BasicTypeReference@4dafba3e
2026-01-14 12:47:20.650 [main] DEBUG org.hibernate.type.BasicTypeRegistry - Adding type registration java.util.GregorianCalendar -> org.hibernate.type.BasicTypeReference@4dafba3e
2026-01-14 12:47:20.650 [main] DEBUG org.hibernate.type.BasicTypeRegistry - Adding type registration calendar_date -> org.hibernate.type.BasicTypeReference@53e3a87a
2026-01-14 12:47:20.650 [main] DEBUG org.hibernate.type.BasicTypeRegistry - Adding type registration calendar_time -> org.hibernate.type.BasicTypeReference@40368a46
2026-01-14 12:47:20.650 [main] DEBUG org.hibernate.type.BasicTypeRegistry - Adding type registration instant -> org.hibernate.type.BasicTypeReference@7e9da981
2026-01-14 12:47:20.650 [main] DEBUG org.hibernate.type.BasicTypeRegistry - Adding type registration java.time.Instant -> org.hibernate.type.BasicTypeReference@7e9da981
2026-01-14 12:47:20.650 [main] DEBUG org.hibernate.type.BasicTypeRegistry - Adding type registration uuid -> org.hibernate.type.BasicTypeReference@4ed38226
2026-01-14 12:47:20.650 [main] DEBUG org.hibernate.type.BasicTypeRegistry - Adding type registration java.util.UUID -> org.hibernate.type.BasicTypeReference@4ed38226
2026-01-14 12:47:20.650 [main] DEBUG org.hibernate.type.BasicTypeRegistry - Adding type registration pg-uuid -> org.hibernate.type.BasicTypeReference@4ed38226
2026-01-14 12:47:20.651 [main] DEBUG org.hibernate.type.BasicTypeRegistry - Adding type registration uuid-binary -> org.hibernate.type.BasicTypeReference@3d43fe
2026-01-14 12:47:20.651 [main] DEBUG org.hibernate.type.BasicTypeRegistry - Adding type registration uuid-char -> org.hibernate.type.BasicTypeReference@74ad8d05
2026-01-14 12:47:20.651 [main] DEBUG org.hibernate.type.BasicTypeRegistry - Adding type registration class -> org.hibernate.type.BasicTypeReference@676ff3b0
2026-01-14 12:47:20.651 [main] DEBUG org.hibernate.type.BasicTypeRegistry - Adding type registration java.lang.Class -> org.hibernate.type.BasicTypeReference@676ff3b0
2026-01-14 12:47:20.651 [main] DEBUG org.hibernate.type.BasicTypeRegistry - Adding type registration currency -> org.hibernate.type.BasicTypeReference@35ff8fc9
2026-01-14 12:47:20.651 [main] DEBUG org.hibernate.type.BasicTypeRegistry - Adding type registration Currency -> org.hibernate.type.BasicTypeReference@35ff8fc9
2026-01-14 12:47:20.651 [main] DEBUG org.hibernate.type.BasicTypeRegistry - Adding type registration java.util.Currency -> org.hibernate.type.BasicTypeReference@35ff8fc9
2026-01-14 12:47:20.651 [main] DEBUG org.hibernate.type.BasicTypeRegistry - Adding type registration locale -> org.hibernate.type.BasicTypeReference@5fb7183b
2026-01-14 12:47:20.652 [main] DEBUG org.hibernate.type.BasicTypeRegistry - Adding type registration java.util.Locale -> org.hibernate.type.BasicTypeReference@5fb7183b
2026-01-14 12:47:20.652 [main] DEBUG org.hibernate.type.BasicTypeRegistry - Adding type registration serializable -> org.hibernate.type.BasicTypeReference@476a736d
2026-01-14 12:47:20.652 [main] DEBUG org.hibernate.type.BasicTypeRegistry - Adding type registration java.io.Serializable -> org.hibernate.type.BasicTypeReference@476a736d
2026-01-14 12:47:20.652 [main] DEBUG org.hibernate.type.BasicTypeRegistry - Adding type registration timezone -> org.hibernate.type.BasicTypeReference@5f80fa43
2026-01-14 12:47:20.652 [main] DEBUG org.hibernate.type.BasicTypeRegistry - Adding type registration java.util.TimeZone -> org.hibernate.type.BasicTypeReference@5f80fa43
2026-01-14 12:47:20.652 [main] DEBUG org.hibernate.type.BasicTypeRegistry - Adding type registration ZoneOffset -> org.hibernate.type.BasicTypeReference@16c8b7bd
2026-01-14 12:47:20.652 [main] DEBUG org.hibernate.type.BasicTypeRegistry - Adding type registration java.time.ZoneOffset -> org.hibernate.type.BasicTypeReference@16c8b7bd
2026-01-14 12:47:20.652 [main] DEBUG org.hibernate.type.BasicTypeRegistry - Adding type registration url -> org.hibernate.type.BasicTypeReference@7159139f
2026-01-14 12:47:20.652 [main] DEBUG org.hibernate.type.BasicTypeRegistry - Adding type registration java.net.URL -> org.hibernate.type.BasicTypeReference@7159139f
2026-01-14 12:47:20.652 [main] DEBUG org.hibernate.type.BasicTypeRegistry - Adding type registration vector -> org.hibernate.type.BasicTypeReference@65bcf7c2
2026-01-14 12:47:20.652 [main] DEBUG org.hibernate.type.BasicTypeRegistry - Adding type registration row_version -> org.hibernate.type.BasicTypeReference@3db64bd4
2026-01-14 12:47:20.657 [main] DEBUG org.hibernate.type.BasicTypeRegistry - Adding type registration object -> org.hibernate.type.JavaObjectType@1be59f28
2026-01-14 12:47:20.657 [main] DEBUG org.hibernate.type.BasicTypeRegistry - Adding type registration java.lang.Object -> org.hibernate.type.JavaObjectType@1be59f28
2026-01-14 12:47:20.658 [main] DEBUG org.hibernate.type.BasicTypeRegistry - Adding type registration null -> org.hibernate.type.NullType@253b380a
2026-01-14 12:47:20.658 [main] DEBUG org.hibernate.type.BasicTypeRegistry - Adding type registration imm_date -> org.hibernate.type.BasicTypeReference@29c2c826
2026-01-14 12:47:20.658 [main] DEBUG org.hibernate.type.BasicTypeRegistry - Adding type registration imm_time -> org.hibernate.type.BasicTypeReference@3350ebdd
2026-01-14 12:47:20.658 [main] DEBUG org.hibernate.type.BasicTypeRegistry - Adding type registration imm_timestamp -> org.hibernate.type.BasicTypeReference@6818d900
2026-01-14 12:47:20.659 [main] DEBUG org.hibernate.type.BasicTypeRegistry - Adding type registration imm_calendar -> org.hibernate.type.BasicTypeReference@149f5761
2026-01-14 12:47:20.659 [main] DEBUG org.hibernate.type.BasicTypeRegistry - Adding type registration imm_calendar_date -> org.hibernate.type.BasicTypeReference@2ba33e2c
2026-01-14 12:47:20.659 [main] DEBUG org.hibernate.type.BasicTypeRegistry - Adding type registration imm_calendar_time -> org.hibernate.type.BasicTypeReference@1f193686
2026-01-14 12:47:20.659 [main] DEBUG org.hibernate.type.BasicTypeRegistry - Adding type registration imm_binary -> org.hibernate.type.BasicTypeReference@31e72cbc
2026-01-14 12:47:20.659 [main] DEBUG org.hibernate.type.BasicTypeRegistry - Adding type registration imm_serializable -> org.hibernate.type.BasicTypeReference@5fad41be
2026-01-14 12:47:20.690 [main] WARN  org.hibernate.orm.connections.pooling - HHH10001002: Using built-in connection pool (not intended for production use)
2026-01-14 12:47:20.694 [main] INFO  org.hibernate.orm.connections.pooling - HHH10001005: Loaded JDBC driver class: com.mysql.cj.jdbc.Driver
2026-01-14 12:47:20.694 [main] INFO  org.hibernate.orm.connections.pooling - HHH10001012: Connecting with JDBC URL [jdbc:mysql://localhost:3307/accesoDatosDAM?useSSL=false&serverTimezone=UTC]
2026-01-14 12:47:20.694 [main] INFO  org.hibernate.orm.connections.pooling - HHH10001001: Connection properties: {password=usuario, user=usuario2}
2026-01-14 12:47:20.694 [main] INFO  org.hibernate.orm.connections.pooling - HHH10001003: Autocommit mode: false
2026-01-14 12:47:20.696 [main] DEBUG org.hibernate.orm.connections.pooling - Initializing Connection pool with 1 Connections
2026-01-14 12:47:20.696 [main] INFO  org.hibernate.orm.connections.pooling - HHH10001115: Connection pool size: 20 (min=1)
2026-01-14 12:47:20.838 [main] DEBUG org.hibernate.engine.jdbc.env.internal.JdbcEnvironmentInitiator - Database ->
       name : MySQL
    version : 8.4.7
      major : 8
      minor : 4
2026-01-14 12:47:20.838 [main] DEBUG org.hibernate.engine.jdbc.env.internal.JdbcEnvironmentInitiator - Driver ->
       name : MySQL Connector/J
    version : mysql-connector-j-8.4.0 (Revision: 1c3f5c149e0bfe31c7fbeb24e2d260cd890972c4)
      major : 8
      minor : 4
2026-01-14 12:47:20.838 [main] DEBUG org.hibernate.engine.jdbc.env.internal.JdbcEnvironmentInitiator - JDBC version : 4.2
2026-01-14 12:47:20.878 [main] WARN  org.hibernate.orm.deprecation - HHH90000025: MySQLDialect does not need to be specified explicitly using 'hibernate.dialect' (remove the property setting and it will be selected by default)
2026-01-14 12:47:20.880 [main] DEBUG org.hibernate.orm.dialect - HHH035001: Using dialect: org.hibernate.dialect.MySQLDialect, version: 8.4.7
2026-01-14 12:47:20.890 [main] DEBUG org.hibernate.engine.jdbc.env.spi.IdentifierHelperBuilder - JDBC driver metadata reported database stores quoted identifiers in more than one case
2026-01-14 12:47:20.891 [main] DEBUG org.hibernate.engine.jdbc.env.spi.IdentifierHelperBuilder - IdentifierCaseStrategy for both quoted and unquoted identifiers was set to the same strategy [MIXED]; that will likely lead to problems in schema update and validation if using quoted identifiers
2026-01-14 12:47:20.910 [main] DEBUG org.hibernate.type.descriptor.sql.spi.DdlTypeRegistry - addDescriptor(12, org.hibernate.type.descriptor.sql.internal.CapacityDependentDdlType@5b3a7ef5) replaced previous registration(org.hibernate.type.descriptor.sql.internal.CapacityDependentDdlType@8851ce1)
2026-01-14 12:47:20.910 [main] DEBUG org.hibernate.type.descriptor.sql.spi.DdlTypeRegistry - addDescriptor(-9, org.hibernate.type.descriptor.sql.internal.CapacityDependentDdlType@2d9dff65) replaced previous registration(org.hibernate.type.descriptor.sql.internal.CapacityDependentDdlType@5ef6fd7f)
2026-01-14 12:47:20.910 [main] DEBUG org.hibernate.type.descriptor.sql.spi.DdlTypeRegistry - addDescriptor(-3, org.hibernate.type.descriptor.sql.internal.CapacityDependentDdlType@5633ed82) replaced previous registration(org.hibernate.type.descriptor.sql.internal.CapacityDependentDdlType@767191b1)
2026-01-14 12:47:20.910 [main] DEBUG org.hibernate.type.descriptor.sql.spi.DdlTypeRegistry - addDescriptor(4003, org.hibernate.type.descriptor.sql.internal.DdlTypeImpl@34d52ecd) replaced previous registration(org.hibernate.type.descriptor.sql.internal.DdlTypeImpl@5d21202d)
2026-01-14 12:47:20.910 [main] DEBUG org.hibernate.type.descriptor.sql.spi.DdlTypeRegistry - addDescriptor(4001, org.hibernate.type.descriptor.sql.internal.DdlTypeImpl@14b789f6) replaced previous registration(org.hibernate.type.descriptor.sql.internal.DdlTypeImpl@6eb17ec8)
2026-01-14 12:47:20.910 [main] DEBUG org.hibernate.type.descriptor.sql.spi.DdlTypeRegistry - addDescriptor(4002, org.hibernate.type.descriptor.sql.internal.DdlTypeImpl@730f9695) replaced previous registration(org.hibernate.type.descriptor.sql.internal.DdlTypeImpl@277bf091)
2026-01-14 12:47:20.910 [main] DEBUG org.hibernate.type.descriptor.sql.spi.DdlTypeRegistry - addDescriptor(2004, org.hibernate.type.descriptor.sql.internal.CapacityDependentDdlType@fab35b1) replaced previous registration(org.hibernate.type.descriptor.sql.internal.DdlTypeImpl@6a094db2)
2026-01-14 12:47:20.911 [main] DEBUG org.hibernate.type.descriptor.sql.spi.DdlTypeRegistry - addDescriptor(2005, org.hibernate.type.descriptor.sql.internal.CapacityDependentDdlType@65bdd558) replaced previous registration(org.hibernate.type.descriptor.sql.internal.DdlTypeImpl@1dba4e06)
2026-01-14 12:47:20.911 [main] DEBUG org.hibernate.type.descriptor.sql.spi.DdlTypeRegistry - addDescriptor(2011, org.hibernate.type.descriptor.sql.internal.CapacityDependentDdlType@4beaf6bd) replaced previous registration(org.hibernate.type.descriptor.sql.internal.DdlTypeImpl@6b2e46af)
2026-01-14 12:47:20.912 [main] DEBUG org.hibernate.type.descriptor.jdbc.spi.JdbcTypeRegistry - addDescriptor(NCharTypeDescriptor) replaced previous registration(CharTypeDescriptor)
2026-01-14 12:47:20.912 [main] DEBUG org.hibernate.type.descriptor.jdbc.spi.JdbcTypeRegistry - addDescriptor(NVarcharTypeDescriptor) replaced previous registration(VarcharTypeDescriptor)
2026-01-14 12:47:20.913 [main] DEBUG org.hibernate.type.descriptor.jdbc.spi.JdbcTypeRegistry - addDescriptor(LongNVarcharTypeDescriptor) replaced previous registration(LongVarcharTypeDescriptor)
2026-01-14 12:47:20.914 [main] DEBUG org.hibernate.type.descriptor.jdbc.spi.JdbcTypeRegistry - addDescriptor(NClobTypeDescriptor(DEFAULT)) replaced previous registration(ClobTypeDescriptor(DEFAULT))
2026-01-14 12:47:20.914 [main] DEBUG org.hibernate.type.descriptor.jdbc.spi.JdbcTypeRegistry - addDescriptor(2005, ClobTypeDescriptor(STREAM_BINDING)) replaced previous registration(ClobTypeDescriptor(DEFAULT))
2026-01-14 12:47:20.916 [main] DEBUG org.hibernate.type.BasicTypeRegistry - Adding type registration null -> org.hibernate.type.NullType@26f46fa6
2026-01-14 12:47:20.916 [main] DEBUG org.hibernate.type.BasicTypeRegistry - Type registration key [null] overrode previous entry : `org.hibernate.type.NullType@253b380a`
2026-01-14 12:47:20.920 [main] DEBUG org.hibernate.type.BasicTypeRegistry - Adding type registration org.hibernate.type.DurationType -> basicType@1(java.time.Duration,3015)
2026-01-14 12:47:20.921 [main] DEBUG org.hibernate.type.BasicTypeRegistry - Adding type registration Duration -> basicType@1(java.time.Duration,3015)
2026-01-14 12:47:20.921 [main] DEBUG org.hibernate.type.BasicTypeRegistry - Adding type registration java.time.Duration -> basicType@1(java.time.Duration,3015)
2026-01-14 12:47:20.924 [main] DEBUG org.hibernate.type.BasicTypeRegistry - Adding type registration org.hibernate.type.OffsetDateTimeType -> basicType@2(java.time.OffsetDateTime,3003)
2026-01-14 12:47:20.924 [main] DEBUG org.hibernate.type.BasicTypeRegistry - Adding type registration OffsetDateTime -> basicType@2(java.time.OffsetDateTime,3003)
2026-01-14 12:47:20.924 [main] DEBUG org.hibernate.type.BasicTypeRegistry - Adding type registration java.time.OffsetDateTime -> basicType@2(java.time.OffsetDateTime,3003)
2026-01-14 12:47:20.924 [main] DEBUG org.hibernate.type.BasicTypeRegistry - Adding type registration org.hibernate.type.ZonedDateTimeType -> basicType@3(java.time.ZonedDateTime,3003)
2026-01-14 12:47:20.924 [main] DEBUG org.hibernate.type.BasicTypeRegistry - Adding type registration ZonedDateTime -> basicType@3(java.time.ZonedDateTime,3003)
2026-01-14 12:47:20.924 [main] DEBUG org.hibernate.type.BasicTypeRegistry - Adding type registration java.time.ZonedDateTime -> basicType@3(java.time.ZonedDateTime,3003)
2026-01-14 12:47:20.926 [main] DEBUG org.hibernate.type.BasicTypeRegistry - Adding type registration org.hibernate.type.OffsetTimeType -> basicType@4(java.time.OffsetTime,3007)
2026-01-14 12:47:20.926 [main] DEBUG org.hibernate.type.BasicTypeRegistry - Adding type registration OffsetTime -> basicType@4(java.time.OffsetTime,3007)
2026-01-14 12:47:20.926 [main] DEBUG org.hibernate.type.BasicTypeRegistry - Adding type registration java.time.OffsetTime -> basicType@4(java.time.OffsetTime,3007)
2026-01-14 12:47:20.929 [main] DEBUG org.hibernate.type.spi.TypeConfiguration$Scope - Scoping TypeConfiguration [org.hibernate.type.spi.TypeConfiguration@5e519ad3] to MetadataBuildingContext [org.hibernate.boot.internal.MetadataBuildingContextRootImpl@7bc44ce8]
2026-01-14 12:47:20.957 [main] DEBUG org.hibernate.boot.model.relational.Namespace - Created database namespace [logicalName=Name{catalog=null, schema=null}, physicalName=Name{catalog=null, schema=null}]
2026-01-14 12:47:20.977 [main] DEBUG org.hibernate.boot.model.internal.EntityBinder - Binding entity from annotated class: modelo.Reunion
2026-01-14 12:47:20.985 [main] DEBUG org.hibernate.boot.model.internal.EntityBinder - Import with entity name Reunion
2026-01-14 12:47:20.994 [main] DEBUG org.hibernate.boot.model.internal.EntityBinder - Bind entity modelo.Reunion on table reunion
2026-01-14 12:47:21.001 [main] DEBUG org.hibernate.boot.model.internal.AnnotatedColumn - Binding column: AnnotatedDiscriminatorColumn(column='DTYPE')
2026-01-14 12:47:21.013 [main] DEBUG org.hibernate.boot.model.internal.AnnotatedColumn - Binding column: AnnotatedColumn()
2026-01-14 12:47:21.013 [main] DEBUG org.hibernate.boot.internal.ClassLoaderAccessImpl - Not known whether passed class name [modelo.Reunion] is safe
2026-01-14 12:47:21.014 [main] DEBUG org.hibernate.boot.internal.ClassLoaderAccessImpl - No temp ClassLoader provided; using live ClassLoader for loading potentially unsafe class : modelo.Reunion
2026-01-14 12:47:21.016 [main] DEBUG org.hibernate.boot.model.internal.PropertyBinder - MetadataSourceProcessor property idReunion with lazy=false
2026-01-14 12:47:21.019 [main] DEBUG org.hibernate.boot.model.internal.AbstractPropertyHolder - Attempting to locate auto-apply AttributeConverter for property [modelo.Reunion:idReunion]
2026-01-14 12:47:21.022 [main] DEBUG org.hibernate.boot.model.internal.BasicValueBinder - building BasicValue for idReunion
2026-01-14 12:47:21.024 [main] DEBUG org.hibernate.mapping.BasicValue - Skipping column re-registration: reunion.idReunion
2026-01-14 12:47:21.025 [main] DEBUG org.hibernate.boot.model.internal.PropertyBinder - Building property idReunion
2026-01-14 12:47:21.027 [main] DEBUG org.hibernate.boot.model.internal.BinderHelper - #makeIdGenerator(BasicValue([Column(idReunion)]), idReunion, org.hibernate.id.enhanced.SequenceStyleGenerator, , ...)
2026-01-14 12:47:21.027 [main] DEBUG org.hibernate.boot.model.internal.AnnotatedColumn - Binding column: AnnotatedColumn()
2026-01-14 12:47:21.028 [main] DEBUG org.hibernate.boot.model.internal.PropertyBinder - MetadataSourceProcessor property asunto with lazy=false
2026-01-14 12:47:21.028 [main] DEBUG org.hibernate.boot.model.internal.AbstractPropertyHolder - Attempting to locate auto-apply AttributeConverter for property [modelo.Reunion:asunto]
2026-01-14 12:47:21.028 [main] DEBUG org.hibernate.boot.model.internal.BasicValueBinder - building BasicValue for asunto
2026-01-14 12:47:21.028 [main] DEBUG org.hibernate.mapping.BasicValue - Skipping column re-registration: reunion.asunto
2026-01-14 12:47:21.028 [main] DEBUG org.hibernate.boot.model.internal.PropertyBinder - Building property asunto
2026-01-14 12:47:21.028 [main] DEBUG org.hibernate.boot.model.internal.AnnotatedColumn - Binding column: AnnotatedColumn()
2026-01-14 12:47:21.030 [main] DEBUG org.hibernate.boot.model.internal.PropertyBinder - MetadataSourceProcessor property fecha with lazy=false
2026-01-14 12:47:21.030 [main] DEBUG org.hibernate.boot.model.internal.AbstractPropertyHolder - Attempting to locate auto-apply AttributeConverter for property [modelo.Reunion:fecha]
2026-01-14 12:47:21.030 [main] DEBUG org.hibernate.boot.model.internal.BasicValueBinder - building BasicValue for fecha
2026-01-14 12:47:21.030 [main] DEBUG org.hibernate.mapping.BasicValue - Skipping column re-registration: reunion.fecha
2026-01-14 12:47:21.030 [main] DEBUG org.hibernate.boot.model.internal.PropertyBinder - Building property fecha
2026-01-14 12:47:21.031 [main] DEBUG org.hibernate.boot.registry.classloading.internal.ClassLoaderServiceImpl - HHH000194: Package not found or wo package-info.java: modelo
2026-01-14 12:47:21.035 [main] DEBUG org.hibernate.boot.model.internal.BasicValueBinder - Starting `BasicValueBinder#fillSimpleValue` for idReunion
2026-01-14 12:47:21.035 [main] DEBUG org.hibernate.boot.model.internal.BasicValueBinder - Starting `BasicValueBinder#fillSimpleValue` for asunto
2026-01-14 12:47:21.036 [main] DEBUG org.hibernate.boot.model.internal.BasicValueBinder - Starting `BasicValueBinder#fillSimpleValue` for fecha
2026-01-14 12:47:21.039 [main] DEBUG org.hibernate.mapping.PrimaryKey - Forcing column [idreunion] to be non-null as it is part of the primary key for table [reunion]
2026-01-14 12:47:21.179 [main] DEBUG org.hibernate.internal.SessionFactoryImpl - Building session factory
2026-01-14 12:47:21.213 [main] DEBUG org.hibernate.service.internal.SessionFactoryServiceRegistryImpl - EventListenerRegistry access via ServiceRegistry is deprecated.  Use `sessionFactory.getEventEngine().getListenerRegistry()` instead
2026-01-14 12:47:21.214 [main] DEBUG org.hibernate.internal.SessionFactoryImpl - Instantiating SessionFactory with settings: {hibernate.format_sql=true, java.specification.version=21, sun.cpu.isalist=amd64, sun.jnu.encoding=Cp1252, hibernate.dialect=org.hibernate.dialect.MySQLDialect, java.class.path=C:\Users\alumno\Desktop\SegundoDAM\Acceso a Datos\Hibernate\target\test-classes;C:\Users\alumno\Desktop\SegundoDAM\Acceso a Datos\Hibernate\target\classes;C:\Users\alumno\Desktop\sts-4.31.0.RELEASE\plugins\junit-jupiter-api_5.12.2.jar;C:\Users\alumno\Desktop\sts-4.31.0.RELEASE\plugins\junit-jupiter-engine_5.12.2.jar;C:\Users\alumno\Desktop\sts-4.31.0.RELEASE\plugins\junit-jupiter-migrationsupport_5.12.2.jar;C:\Users\alumno\Desktop\sts-4.31.0.RELEASE\plugins\junit-jupiter-params_5.12.2.jar;C:\Users\alumno\Desktop\sts-4.31.0.RELEASE\plugins\junit-platform-commons_1.12.2.jar;C:\Users\alumno\Desktop\sts-4.31.0.RELEASE\plugins\junit-platform-engine_1.12.2.jar;C:\Users\alumno\Desktop\sts-4.31.0.RELEASE\plugins\junit-platform-launcher_1.12.2.jar;C:\Users\alumno\Desktop\sts-4.31.0.RELEASE\plugins\junit-platform-runner_1.12.2.jar;C:\Users\alumno\Desktop\sts-4.31.0.RELEASE\plugins\junit-platform-suite-api_1.12.2.jar;C:\Users\alumno\Desktop\sts-4.31.0.RELEASE\plugins\junit-platform-suite-engine_1.12.2.jar;C:\Users\alumno\Desktop\sts-4.31.0.RELEASE\plugins\junit-platform-suite-commons_1.12.2.jar;C:\Users\alumno\Desktop\sts-4.31.0.RELEASE\plugins\junit-vintage-engine_5.12.2.jar;C:\Users\alumno\Desktop\sts-4.31.0.RELEASE\plugins\org.opentest4j_1.3.0.jar;C:\Users\alumno\Desktop\sts-4.31.0.RELEASE\plugins\org.apiguardian.api_1.1.2.jar;C:\Users\alumno\Desktop\sts-4.31.0.RELEASE\plugins\org.junit_4.13.2.v20240929-1000.jar;C:\Users\alumno\Desktop\sts-4.31.0.RELEASE\plugins\org.hamcrest_3.0.0.jar;C:\Users\alumno\.m2\repository\org\hibernate\orm\hibernate-core\6.4.4.Final\hibernate-core-6.4.4.Final.jar;C:\Users\alumno\.m2\repository\jakarta\transaction\jakarta.transaction-api\2.0.1\jakarta.transaction-api-2.0.1.jar;C:\Users\alumno\.m2\repository\org\jboss\logging\jboss-logging\3.5.0.Final\jboss-logging-3.5.0.Final.jar;C:\Users\alumno\.m2\repository\org\hibernate\common\hibernate-commons-annotations\6.0.6.Final\hibernate-commons-annotations-6.0.6.Final.jar;C:\Users\alumno\.m2\repository\io\smallrye\jandex\3.1.2\jandex-3.1.2.jar;C:\Users\alumno\.m2\repository\com\fasterxml\classmate\1.5.1\classmate-1.5.1.jar;C:\Users\alumno\.m2\repository\net\bytebuddy\byte-buddy\1.14.11\byte-buddy-1.14.11.jar;C:\Users\alumno\.m2\repository\jakarta\xml\bind\jakarta.xml.bind-api\4.0.0\jakarta.xml.bind-api-4.0.0.jar;C:\Users\alumno\.m2\repository\jakarta\activation\jakarta.activation-api\2.1.0\jakarta.activation-api-2.1.0.jar;C:\Users\alumno\.m2\repository\org\glassfish\jaxb\jaxb-runtime\4.0.2\jaxb-runtime-4.0.2.jar;C:\Users\alumno\.m2\repository\org\glassfish\jaxb\jaxb-core\4.0.2\jaxb-core-4.0.2.jar;C:\Users\alumno\.m2\repository\org\eclipse\angus\angus-activation\2.0.0\angus-activation-2.0.0.jar;C:\Users\alumno\.m2\repository\org\glassfish\jaxb\txw2\4.0.2\txw2-4.0.2.jar;C:\Users\alumno\.m2\repository\com\sun\istack\istack-commons-runtime\4.1.1\istack-commons-runtime-4.1.1.jar;C:\Users\alumno\.m2\repository\jakarta\inject\jakarta.inject-api\2.0.1\jakarta.inject-api-2.0.1.jar;C:\Users\alumno\.m2\repository\org\antlr\antlr4-runtime\4.13.0\antlr4-runtime-4.13.0.jar;C:\Users\alumno\.m2\repository\com\mysql\mysql-connector-j\8.4.0\mysql-connector-j-8.4.0.jar;C:\Users\alumno\.m2\repository\com\google\protobuf\protobuf-java\3.25.1\protobuf-java-3.25.1.jar;C:\Users\alumno\.m2\repository\jakarta\persistence\jakarta.persistence-api\3.1.0\jakarta.persistence-api-3.1.0.jar;C:\Users\alumno\.m2\repository\org\junit\jupiter\junit-jupiter\5.10.1\junit-jupiter-5.10.1.jar;C:\Users\alumno\.m2\repository\org\junit\jupiter\junit-jupiter-api\5.10.1\junit-jupiter-api-5.10.1.jar;C:\Users\alumno\.m2\repository\org\opentest4j\opentest4j\1.3.0\opentest4j-1.3.0.jar;C:\Users\alumno\.m2\repository\org\junit\platform\junit-platform-commons\1.10.1\junit-platform-commons-1.10.1.jar;C:\Users\alumno\.m2\repository\org\apiguardian\apiguardian-api\1.1.2\apiguardian-api-1.1.2.jar;C:\Users\alumno\.m2\repository\org\junit\jupiter\junit-jupiter-params\5.10.1\junit-jupiter-params-5.10.1.jar;C:\Users\alumno\.m2\repository\org\junit\jupiter\junit-jupiter-engine\5.10.1\junit-jupiter-engine-5.10.1.jar;C:\Users\alumno\.m2\repository\org\junit\platform\junit-platform-engine\1.10.1\junit-platform-engine-1.10.1.jar;C:\Users\alumno\.m2\repository\org\apache\logging\log4j\log4j-api\2.13.0\log4j-api-2.13.0.jar;C:\Users\alumno\.m2\repository\org\apache\logging\log4j\log4j-core\2.13.0\log4j-core-2.13.0.jar;C:\Users\alumno\.m2\repository\com\google\code\gson\gson\2.10.1\gson-2.10.1.jar;C:\Users\alumno\Desktop\sts-4.31.0.RELEASE\configuration\org.eclipse.osgi\272\0\.cp;C:\Users\alumno\Desktop\sts-4.31.0.RELEASE\configuration\org.eclipse.osgi\270\0\.cp, java.vm.vendor=Oracle Corporation, sun.arch.data.model=64, user.variant=, java.vendor.url=https://java.oracle.com/, user.timezone=Europe/Madrid, org.apache.logging.log4j.assignedSequences=9205, java.vm.specification.version=21, os.name=Windows 11, sun.java.launcher=SUN_STANDARD, user.country=ES, sun.boot.library.path=C:\Program Files\Java\jdk-21\bin, sun.java.command=org.eclipse.jdt.internal.junit.runner.RemoteTestRunner -version 3 -port 53795 -testLoaderClass org.eclipse.jdt.internal.junit5.runner.JUnit5TestLoader -loaderpluginname org.eclipse.jdt.junit5.runtime -classNames TestReunion, jdk.debug=release, sun.cpu.endian=little, user.home=C:\Users\alumno, user.language=es, java.specification.vendor=Oracle Corporation, java.version.date=2025-07-15, java.home=C:\Program Files\Java\jdk-21, file.separator=\, java.vm.compressedOopsMode=Zero based, line.separator=
, java.vm.specification.vendor=Oracle Corporation, java.specification.name=Java Platform API Specification, hibernate.hbm2ddl.auto=update, user.script=, sun.management.compiler=HotSpot 64-Bit Tiered Compilers, java.runtime.version=21.0.8+12-LTS-250, user.name=alumno, stdout.encoding=UTF-8, path.separator=;, hibernate.connection.username=****, os.version=10.0, java.runtime.name=Java(TM) SE Runtime Environment, hibernate.connection.url=jdbc:mysql://localhost:3307/accesoDatosDAM?useSSL=false&serverTimezone=UTC, file.encoding=UTF-8, java.vm.name=Java HotSpot(TM) 64-Bit Server VM, hibernate.show_sql=true, hibernate.connection.driver_class=com.mysql.cj.jdbc.Driver, java.vendor.url.bug=https://bugreport.java.com/bugreport/, java.io.tmpdir=C:\Users\alumno\AppData\Local\Temp\, java.version=21.0.8, user.dir=C:\Users\alumno\Desktop\SegundoDAM\Acceso a Datos\Hibernate, os.arch=amd64, java.vm.specification.name=Java Virtual Machine Specification, hibernate.connection.password=****, sun.os.patch.level=, hibernate.boot.CfgXmlAccessService.key=org.hibernate.boot.cfgxml.spi.LoadedConfig@c1050f2, native.encoding=Cp1252, java.library.path=C:\Program Files\Java\jdk-21\bin;C:\WINDOWS\Sun\Java\bin;C:\WINDOWS\system32;C:\WINDOWS;C:/Users/alumno/Desktop/sts-4.31.0.RELEASE//plugins/org.eclipse.justj.openjdk.hotspot.jre.full.win32.x86_64_21.0.7.v20250502-0916/jre/bin/server;C:/Users/alumno/Desktop/sts-4.31.0.RELEASE//plugins/org.eclipse.justj.openjdk.hotspot.jre.full.win32.x86_64_21.0.7.v20250502-0916/jre/bin;C:\Program Files\Common Files\Oracle\Java\javapath;C:\WINDOWS\system32;C:\WINDOWS;C:\WINDOWS\System32\Wbem;C:\WINDOWS\System32\WindowsPowerShell\v1.0\;C:\WINDOWS\System32\OpenSSH\;C:\Program Files\nodejs\;C:\Program Files\Docker\Docker\resources\bin;C:\Users\alumno\AppData\Local\Programs\Python\Python311\Scripts\;C:\Users\alumno\AppData\Local\Programs\Python\Python311\;C:\Users\alumno\AppData\Local\Programs\Python\Python313\Scripts\;C:\Users\alumno\AppData\Local\Programs\Python\Python313\;C:\Users\alumno\AppData\Local\Programs\Python\Launcher\;C:\Users\alumno\AppData\Local\Programs\Python\Python314\Scripts\;C:\Users\alumno\AppData\Local\Programs\Python\Python314\;C:\Users\alumno\AppData\Local\Microsoft\WindowsApps;C:\Users\alumno\AppData\Local\GitHubDesktop\bin;C:\Users\alumno\AppData\Local\Programs\Git\cmd;C:\Users\alumno\AppData\Local\Programs\Microsoft VS Code\bin;C:\Users\alumno\AppData\Local\Python\bin;C:\Users\alumno\AppData\Roaming\npm;C:\Users\alumno\Desktop\sts-4.31.0.RELEASE;;., stderr.encoding=UTF-8, java.vendor=Oracle Corporation, java.vm.info=mixed mode, sharing, java.vm.version=21.0.8+12-LTS-250, sun.io.unicode.encoding=UnicodeLittle, java.class.version=65.0}
2026-01-14 12:47:21.217 [main] DEBUG org.hibernate.internal.SessionFactoryImpl - Session factory constructed with filter configurations : {}
2026-01-14 12:47:21.251 [main] DEBUG org.hibernate.query.sqm.function.SqmFunctionRegistry - Registered SqmFunctionTemplate [NamedSqmFunctionTemplate(max)] under max; prior registration was null
2026-01-14 12:47:21.251 [main] DEBUG org.hibernate.query.sqm.function.SqmFunctionRegistry - Registered SqmFunctionTemplate [NamedSqmFunctionTemplate(min)] under min; prior registration was null
2026-01-14 12:47:21.252 [main] DEBUG org.hibernate.query.sqm.function.SqmFunctionRegistry - Registered SqmFunctionTemplate [NamedSqmFunctionTemplate(sum)] under sum; prior registration was null
2026-01-14 12:47:21.253 [main] DEBUG org.hibernate.query.sqm.function.SqmFunctionRegistry - Registered SqmFunctionTemplate [NamedSqmFunctionTemplate(avg)] under avg; prior registration was null
2026-01-14 12:47:21.254 [main] DEBUG org.hibernate.query.sqm.function.SqmFunctionRegistry - Registered SqmFunctionTemplate [org.hibernate.dialect.function.CountFunction@7a2fce12] under count; prior registration was null
2026-01-14 12:47:21.254 [main] DEBUG org.hibernate.query.sqm.function.SqmFunctionRegistry - Registered SqmFunctionTemplate [org.hibernate.dialect.function.EveryAnyEmulation@68b7d0ef] under every; prior registration was null
2026-01-14 12:47:21.255 [main] DEBUG org.hibernate.query.sqm.function.SqmFunctionRegistry - Registered SqmFunctionTemplate [org.hibernate.dialect.function.EveryAnyEmulation@7069f076] under any; prior registration was null
2026-01-14 12:47:21.255 [main] DEBUG org.hibernate.query.sqm.function.SqmFunctionRegistry - Registered SqmFunctionTemplate [NamedSqmFunctionTemplate(floor)] under floor; prior registration was null
2026-01-14 12:47:21.255 [main] DEBUG org.hibernate.query.sqm.function.SqmFunctionRegistry - Registered SqmFunctionTemplate [NamedSqmFunctionTemplate(ceiling)] under ceiling; prior registration was null
2026-01-14 12:47:21.255 [main] DEBUG org.hibernate.query.sqm.function.SqmFunctionRegistry - Registered SqmFunctionTemplate [NamedSqmFunctionTemplate(mod)] under mod; prior registration was null
2026-01-14 12:47:21.255 [main] DEBUG org.hibernate.query.sqm.function.SqmFunctionRegistry - Registered SqmFunctionTemplate [NamedSqmFunctionTemplate(abs)] under abs; prior registration was null
2026-01-14 12:47:21.255 [main] DEBUG org.hibernate.query.sqm.function.SqmFunctionRegistry - Registered SqmFunctionTemplate [NamedSqmFunctionTemplate(sign)] under sign; prior registration was null
2026-01-14 12:47:21.255 [main] DEBUG org.hibernate.query.sqm.function.SqmFunctionRegistry - Registered SqmFunctionTemplate [NamedSqmFunctionTemplate(sqrt)] under sqrt; prior registration was null
2026-01-14 12:47:21.255 [main] DEBUG org.hibernate.query.sqm.function.SqmFunctionRegistry - Registered SqmFunctionTemplate [NamedSqmFunctionTemplate(ln)] under ln; prior registration was null
2026-01-14 12:47:21.255 [main] DEBUG org.hibernate.query.sqm.function.SqmFunctionRegistry - Registered SqmFunctionTemplate [NamedSqmFunctionTemplate(exp)] under exp; prior registration was null
2026-01-14 12:47:21.255 [main] DEBUG org.hibernate.query.sqm.function.SqmFunctionRegistry - Registered SqmFunctionTemplate [NamedSqmFunctionTemplate(power)] under power; prior registration was null
2026-01-14 12:47:21.256 [main] DEBUG org.hibernate.query.sqm.function.SqmFunctionRegistry - Registered SqmFunctionTemplate [NamedSqmFunctionTemplate(round)] under round; prior registration was null
2026-01-14 12:47:21.256 [main] DEBUG org.hibernate.query.sqm.function.SqmFunctionRegistry - Registered SqmFunctionTemplate [NamedSqmFunctionTemplate(sin)] under sin; prior registration was null
2026-01-14 12:47:21.256 [main] DEBUG org.hibernate.query.sqm.function.SqmFunctionRegistry - Registered SqmFunctionTemplate [NamedSqmFunctionTemplate(cos)] under cos; prior registration was null
2026-01-14 12:47:21.256 [main] DEBUG org.hibernate.query.sqm.function.SqmFunctionRegistry - Registered SqmFunctionTemplate [NamedSqmFunctionTemplate(tan)] under tan; prior registration was null
2026-01-14 12:47:21.257 [main] DEBUG org.hibernate.query.sqm.function.SqmFunctionRegistry - Registered SqmFunctionTemplate [NamedSqmFunctionTemplate(asin)] under asin; prior registration was null
2026-01-14 12:47:21.257 [main] DEBUG org.hibernate.query.sqm.function.SqmFunctionRegistry - Registered SqmFunctionTemplate [NamedSqmFunctionTemplate(acos)] under acos; prior registration was null
2026-01-14 12:47:21.257 [main] DEBUG org.hibernate.query.sqm.function.SqmFunctionRegistry - Registered SqmFunctionTemplate [NamedSqmFunctionTemplate(atan)] under atan; prior registration was null
2026-01-14 12:47:21.257 [main] DEBUG org.hibernate.query.sqm.function.SqmFunctionRegistry - Registered SqmFunctionTemplate [NamedSqmFunctionTemplate(atan2)] under atan2; prior registration was null
2026-01-14 12:47:21.259 [main] DEBUG org.hibernate.query.sqm.function.SqmFunctionRegistry - Registered SqmFunctionTemplate [org.hibernate.query.sqm.function.PatternBasedSqmFunctionDescriptor@77b3752b] under sinh; prior registration was null
2026-01-14 12:47:21.259 [main] DEBUG org.hibernate.query.sqm.function.SqmFunctionRegistry - Registered SqmFunctionTemplate [org.hibernate.query.sqm.function.PatternBasedSqmFunctionDescriptor@6367a688] under cosh; prior registration was null
2026-01-14 12:47:21.259 [main] DEBUG org.hibernate.query.sqm.function.SqmFunctionRegistry - Registered SqmFunctionTemplate [org.hibernate.query.sqm.function.PatternBasedSqmFunctionDescriptor@319642db] under tanh; prior registration was null
2026-01-14 12:47:21.259 [main] DEBUG org.hibernate.query.sqm.function.SqmFunctionRegistry - Registered SqmFunctionTemplate [org.hibernate.query.sqm.function.PatternBasedSqmFunctionDescriptor@59498d94] under pi; prior registration was null
2026-01-14 12:47:21.259 [main] DEBUG org.hibernate.query.sqm.function.SqmFunctionRegistry - Registered SqmFunctionTemplate [org.hibernate.query.sqm.function.PatternBasedSqmFunctionDescriptor@35bfa1bb] under log; prior registration was null
2026-01-14 12:47:21.261 [main] DEBUG org.hibernate.query.sqm.function.SqmFunctionRegistry - Registered SqmFunctionTemplate [NamedSqmFunctionTemplate(coalesce)] under coalesce; prior registration was null
2026-01-14 12:47:21.261 [main] DEBUG org.hibernate.query.sqm.function.SqmFunctionRegistry - Registered SqmFunctionTemplate [NamedSqmFunctionTemplate(nullif)] under nullif; prior registration was null
2026-01-14 12:47:21.261 [main] DEBUG org.hibernate.query.sqm.function.SqmFunctionRegistry - Registered SqmFunctionTemplate [NamedSqmFunctionTemplate(left)] under left; prior registration was null
2026-01-14 12:47:21.261 [main] DEBUG org.hibernate.query.sqm.function.SqmFunctionRegistry - Registered SqmFunctionTemplate [NamedSqmFunctionTemplate(right)] under right; prior registration was null
2026-01-14 12:47:21.261 [main] DEBUG org.hibernate.query.sqm.function.SqmFunctionRegistry - Registered SqmFunctionTemplate [NamedSqmFunctionTemplate(replace)] under replace; prior registration was null
2026-01-14 12:47:21.261 [main] DEBUG org.hibernate.query.sqm.function.SqmFunctionRegistry - Registered SqmFunctionTemplate [NamedSqmFunctionTemplate(concat)] under concat; prior registration was null
2026-01-14 12:47:21.261 [main] DEBUG org.hibernate.query.sqm.function.SqmFunctionRegistry - Registered SqmFunctionTemplate [NamedSqmFunctionTemplate(lower)] under lower; prior registration was null
2026-01-14 12:47:21.261 [main] DEBUG org.hibernate.query.sqm.function.SqmFunctionRegistry - Registered SqmFunctionTemplate [NamedSqmFunctionTemplate(upper)] under upper; prior registration was null
2026-01-14 12:47:21.261 [main] DEBUG org.hibernate.query.sqm.function.SqmFunctionRegistry - Registered SqmFunctionTemplate [NamedSqmFunctionTemplate(substring)] under substring; prior registration was null
2026-01-14 12:47:21.261 [main] DEBUG org.hibernate.query.sqm.function.SqmFunctionRegistry - Registered SqmFunctionTemplate [NamedSqmFunctionTemplate(locate)] under locate; prior registration was null
2026-01-14 12:47:21.261 [main] DEBUG org.hibernate.query.sqm.function.SqmFunctionRegistry - Registered SqmFunctionTemplate [NamedSqmFunctionTemplate(character_length)] under character_length; prior registration was null
2026-01-14 12:47:21.261 [main] DEBUG org.hibernate.query.sqm.function.SqmFunctionRegistry - Registering alternate key : length -> character_length
2026-01-14 12:47:21.262 [main] DEBUG org.hibernate.query.sqm.function.SqmFunctionRegistry - Registered SqmFunctionTemplate [org.hibernate.dialect.function.LocatePositionEmulation@9a20cbd] under position; prior registration was null
2026-01-14 12:47:21.263 [main] DEBUG org.hibernate.query.sqm.function.SqmFunctionRegistry - Registered SqmFunctionTemplate [org.hibernate.dialect.function.InsertSubstringOverlayEmulation@611b35d6] under overlay; prior registration was null
2026-01-14 12:47:21.263 [main] DEBUG org.hibernate.query.sqm.function.SqmFunctionRegistry - Registered SqmFunctionTemplate [org.hibernate.dialect.function.TrimFunction@dd3f8aa] under trim; prior registration was null
2026-01-14 12:47:21.264 [main] DEBUG org.hibernate.query.sqm.function.SqmFunctionRegistry - Registered SqmFunctionTemplate [org.hibernate.dialect.function.CastFunction@5d05f453] under cast; prior registration was null
2026-01-14 12:47:21.264 [main] DEBUG org.hibernate.query.sqm.function.SqmFunctionRegistry - Registered SqmFunctionTemplate [org.hibernate.query.sqm.function.PatternBasedSqmFunctionDescriptor@5efeb117] under collate; prior registration was null
2026-01-14 12:47:21.264 [main] DEBUG org.hibernate.query.sqm.function.SqmFunctionRegistry - Registered SqmFunctionTemplate [org.hibernate.dialect.function.ExtractFunction@4d93f75b] under extract; prior registration was null
2026-01-14 12:47:21.264 [main] DEBUG org.hibernate.query.sqm.function.SqmFunctionRegistry - Registered SqmFunctionTemplate [NamedSqmFunctionTemplate(least)] under least; prior registration was null
2026-01-14 12:47:21.264 [main] DEBUG org.hibernate.query.sqm.function.SqmFunctionRegistry - Registered SqmFunctionTemplate [NamedSqmFunctionTemplate(greatest)] under greatest; prior registration was null
2026-01-14 12:47:21.264 [main] DEBUG org.hibernate.query.sqm.function.SqmFunctionRegistry - Registered SqmFunctionTemplate [org.hibernate.dialect.function.CoalesceIfnullEmulation@f2b90fc] under ifnull; prior registration was null
2026-01-14 12:47:21.264 [main] DEBUG org.hibernate.query.sqm.function.SqmFunctionRegistry - Registered SqmFunctionTemplate [NamedSqmFunctionTemplate(lpad)] under lpad; prior registration was null
2026-01-14 12:47:21.264 [main] DEBUG org.hibernate.query.sqm.function.SqmFunctionRegistry - Registered SqmFunctionTemplate [NamedSqmFunctionTemplate(rpad)] under rpad; prior registration was null
2026-01-14 12:47:21.265 [main] DEBUG org.hibernate.query.sqm.function.SqmFunctionRegistry - Registered SqmFunctionTemplate [org.hibernate.dialect.function.LpadRpadPadEmulation@2ed9f6f8] under pad; prior registration was null
2026-01-14 12:47:21.265 [main] DEBUG org.hibernate.query.sqm.function.SqmFunctionRegistry - Registered SqmFunctionTemplate [org.hibernate.dialect.function.CastStrEmulation@182e7eda] under str; prior registration was null
2026-01-14 12:47:21.266 [main] DEBUG org.hibernate.query.sqm.function.SqmFunctionRegistry - Registered SqmFunctionTemplate [org.hibernate.dialect.function.FormatFunction@19b02dfd] under format; prior registration was null
2026-01-14 12:47:21.266 [main] DEBUG org.hibernate.query.sqm.function.SqmFunctionRegistry - Registered SqmFunctionTemplate [org.hibernate.dialect.function.TimestampaddFunction@b4732dc] under timestampadd; prior registration was null
2026-01-14 12:47:21.266 [main] DEBUG org.hibernate.query.sqm.function.SqmFunctionRegistry - Registered SqmFunctionTemplate [org.hibernate.dialect.function.TimestampdiffFunction@322204dc] under timestampdiff; prior registration was null
2026-01-14 12:47:21.266 [main] DEBUG org.hibernate.query.sqm.function.SqmFunctionRegistry - Registering alternate key : dateadd -> timestampadd
2026-01-14 12:47:21.266 [main] DEBUG org.hibernate.query.sqm.function.SqmFunctionRegistry - Registering alternate key : datediff -> timestampdiff
2026-01-14 12:47:21.266 [main] DEBUG org.hibernate.query.sqm.function.SqmFunctionRegistry - Registered SqmFunctionTemplate [org.hibernate.dialect.function.CurrentFunction@55acec99] under current_date; prior registration was null
2026-01-14 12:47:21.266 [main] DEBUG org.hibernate.query.sqm.function.SqmFunctionRegistry - Registered SqmFunctionTemplate [org.hibernate.dialect.function.CurrentFunction@61191222] under current_time; prior registration was null
2026-01-14 12:47:21.266 [main] DEBUG org.hibernate.query.sqm.function.SqmFunctionRegistry - Registered SqmFunctionTemplate [org.hibernate.dialect.function.CurrentFunction@58833798] under current_timestamp; prior registration was null
2026-01-14 12:47:21.266 [main] DEBUG org.hibernate.query.sqm.function.SqmFunctionRegistry - Registering alternate key : current date -> current_date
2026-01-14 12:47:21.266 [main] DEBUG org.hibernate.query.sqm.function.SqmFunctionRegistry - Registering alternate key : current time -> current_time
2026-01-14 12:47:21.266 [main] DEBUG org.hibernate.query.sqm.function.SqmFunctionRegistry - Registering alternate key : current timestamp -> current_timestamp
2026-01-14 12:47:21.266 [main] DEBUG org.hibernate.query.sqm.function.SqmFunctionRegistry - Registered SqmFunctionTemplate [org.hibernate.dialect.function.CurrentFunction@7f3ca64a] under local_date; prior registration was null
2026-01-14 12:47:21.266 [main] DEBUG org.hibernate.query.sqm.function.SqmFunctionRegistry - Registered SqmFunctionTemplate [org.hibernate.dialect.function.CurrentFunction@4d464510] under local_time; prior registration was null
2026-01-14 12:47:21.266 [main] DEBUG org.hibernate.query.sqm.function.SqmFunctionRegistry - Registered SqmFunctionTemplate [org.hibernate.dialect.function.CurrentFunction@64e7d698] under local_datetime; prior registration was null
2026-01-14 12:47:21.267 [main] DEBUG org.hibernate.query.sqm.function.SqmFunctionRegistry - Registered SqmFunctionTemplate [org.hibernate.dialect.function.CurrentFunction@2519026b] under offset_datetime; prior registration was null
2026-01-14 12:47:21.267 [main] DEBUG org.hibernate.query.sqm.function.SqmFunctionRegistry - Registering alternate key : local date -> local_date
2026-01-14 12:47:21.267 [main] DEBUG org.hibernate.query.sqm.function.SqmFunctionRegistry - Registering alternate key : local time -> local_time
2026-01-14 12:47:21.267 [main] DEBUG org.hibernate.query.sqm.function.SqmFunctionRegistry - Registering alternate key : local datetime -> local_datetime
2026-01-14 12:47:21.267 [main] DEBUG org.hibernate.query.sqm.function.SqmFunctionRegistry - Registering alternate key : offset datetime -> offset_datetime
2026-01-14 12:47:21.267 [main] DEBUG org.hibernate.query.sqm.function.SqmFunctionRegistry - Registered SqmFunctionTemplate [org.hibernate.dialect.function.CurrentFunction@3f8dfe74] under instant; prior registration was null
2026-01-14 12:47:21.267 [main] DEBUG org.hibernate.query.sqm.function.SqmFunctionRegistry - Registering alternate key : current_instant -> instant
2026-01-14 12:47:21.267 [main] DEBUG org.hibernate.query.sqm.function.SqmFunctionRegistry - Registered SqmFunctionTemplate [org.hibernate.dialect.function.SqlFunction@27dc627a] under sql; prior registration was null
2026-01-14 12:47:21.267 [main] DEBUG org.hibernate.query.sqm.function.SqmFunctionRegistry - Registered SqmFunctionTemplate [NamedSqmFunctionTemplate(soundex)] under soundex; prior registration was null
2026-01-14 12:47:21.267 [main] DEBUG org.hibernate.query.sqm.function.SqmFunctionRegistry - Registered SqmFunctionTemplate [NamedSqmFunctionTemplate(radians)] under radians; prior registration was null
2026-01-14 12:47:21.267 [main] DEBUG org.hibernate.query.sqm.function.SqmFunctionRegistry - Registered SqmFunctionTemplate [NamedSqmFunctionTemplate(degrees)] under degrees; prior registration was null
2026-01-14 12:47:21.267 [main] DEBUG org.hibernate.query.sqm.function.SqmFunctionRegistry - Registered SqmFunctionTemplate [NamedSqmFunctionTemplate(cot)] under cot; prior registration was null
2026-01-14 12:47:21.267 [main] DEBUG org.hibernate.query.sqm.function.SqmFunctionRegistry - Registered SqmFunctionTemplate [NamedSqmFunctionTemplate(log)] under log; prior registration was org.hibernate.query.sqm.function.PatternBasedSqmFunctionDescriptor@35bfa1bb
2026-01-14 12:47:21.267 [main] DEBUG org.hibernate.query.sqm.function.SqmFunctionRegistry - Registered SqmFunctionTemplate [NamedSqmFunctionTemplate(log2)] under log2; prior registration was null
2026-01-14 12:47:21.267 [main] DEBUG org.hibernate.query.sqm.function.SqmFunctionRegistry - Registered SqmFunctionTemplate [NamedSqmFunctionTemplate(log10)] under log10; prior registration was null
2026-01-14 12:47:21.267 [main] DEBUG org.hibernate.query.sqm.function.SqmFunctionRegistry - Registered SqmFunctionTemplate [NamedSqmFunctionTemplate(ltrim)] under ltrim; prior registration was null
2026-01-14 12:47:21.267 [main] DEBUG org.hibernate.query.sqm.function.SqmFunctionRegistry - Registered SqmFunctionTemplate [NamedSqmFunctionTemplate(rtrim)] under rtrim; prior registration was null
2026-01-14 12:47:21.267 [main] DEBUG org.hibernate.query.sqm.function.SqmFunctionRegistry - Registered SqmFunctionTemplate [NamedSqmFunctionTemplate(octet_length)] under octet_length; prior registration was null
2026-01-14 12:47:21.267 [main] DEBUG org.hibernate.query.sqm.function.SqmFunctionRegistry - Registered SqmFunctionTemplate [NamedSqmFunctionTemplate(reverse)] under reverse; prior registration was null
2026-01-14 12:47:21.267 [main] DEBUG org.hibernate.query.sqm.function.SqmFunctionRegistry - Registered SqmFunctionTemplate [NamedSqmFunctionTemplate(space)] under space; prior registration was null
2026-01-14 12:47:21.267 [main] DEBUG org.hibernate.query.sqm.function.SqmFunctionRegistry - Registered SqmFunctionTemplate [NamedSqmFunctionTemplate(repeat)] under repeat; prior registration was null
2026-01-14 12:47:21.268 [main] DEBUG org.hibernate.query.sqm.function.SqmFunctionRegistry - Registered SqmFunctionTemplate [org.hibernate.query.sqm.function.MultipatternSqmFunctionDescriptor@16d07cf3] under lpad; prior registration was NamedSqmFunctionTemplate(lpad)
2026-01-14 12:47:21.268 [main] DEBUG org.hibernate.query.sqm.function.SqmFunctionRegistry - Registered SqmFunctionTemplate [org.hibernate.query.sqm.function.MultipatternSqmFunctionDescriptor@16f0ec18] under rpad; prior registration was NamedSqmFunctionTemplate(rpad)
2026-01-14 12:47:21.268 [main] DEBUG org.hibernate.query.sqm.function.SqmFunctionRegistry - Registered SqmFunctionTemplate [NamedSqmFunctionTemplate(md5)] under md5; prior registration was null
2026-01-14 12:47:21.268 [main] DEBUG org.hibernate.query.sqm.function.SqmFunctionRegistry - Registered SqmFunctionTemplate [NamedSqmFunctionTemplate(day)] under day; prior registration was null
2026-01-14 12:47:21.268 [main] DEBUG org.hibernate.query.sqm.function.SqmFunctionRegistry - Registered SqmFunctionTemplate [NamedSqmFunctionTemplate(month)] under month; prior registration was null
2026-01-14 12:47:21.268 [main] DEBUG org.hibernate.query.sqm.function.SqmFunctionRegistry - Registered SqmFunctionTemplate [NamedSqmFunctionTemplate(year)] under year; prior registration was null
2026-01-14 12:47:21.268 [main] DEBUG org.hibernate.query.sqm.function.SqmFunctionRegistry - Registered SqmFunctionTemplate [NamedSqmFunctionTemplate(hour)] under hour; prior registration was null
2026-01-14 12:47:21.268 [main] DEBUG org.hibernate.query.sqm.function.SqmFunctionRegistry - Registered SqmFunctionTemplate [NamedSqmFunctionTemplate(minute)] under minute; prior registration was null
2026-01-14 12:47:21.268 [main] DEBUG org.hibernate.query.sqm.function.SqmFunctionRegistry - Registered SqmFunctionTemplate [NamedSqmFunctionTemplate(second)] under second; prior registration was null
2026-01-14 12:47:21.268 [main] DEBUG org.hibernate.query.sqm.function.SqmFunctionRegistry - Registered SqmFunctionTemplate [NamedSqmFunctionTemplate(microsecond)] under microsecond; prior registration was null
2026-01-14 12:47:21.268 [main] DEBUG org.hibernate.query.sqm.function.SqmFunctionRegistry - Registered SqmFunctionTemplate [NamedSqmFunctionTemplate(dayofweek)] under dayofweek; prior registration was null
2026-01-14 12:47:21.268 [main] DEBUG org.hibernate.query.sqm.function.SqmFunctionRegistry - Registered SqmFunctionTemplate [NamedSqmFunctionTemplate(dayofmonth)] under dayofmonth; prior registration was null
2026-01-14 12:47:21.268 [main] DEBUG org.hibernate.query.sqm.function.SqmFunctionRegistry - Registering alternate key : day -> dayofmonth
2026-01-14 12:47:21.268 [main] DEBUG org.hibernate.query.sqm.function.SqmFunctionRegistry - Registered SqmFunctionTemplate [NamedSqmFunctionTemplate(dayofyear)] under dayofyear; prior registration was null
2026-01-14 12:47:21.268 [main] DEBUG org.hibernate.query.sqm.function.SqmFunctionRegistry - Registered SqmFunctionTemplate [NamedSqmFunctionTemplate(week)] under week; prior registration was null
2026-01-14 12:47:21.268 [main] DEBUG org.hibernate.query.sqm.function.SqmFunctionRegistry - Registered SqmFunctionTemplate [NamedSqmFunctionTemplate(quarter)] under quarter; prior registration was null
2026-01-14 12:47:21.268 [main] DEBUG org.hibernate.query.sqm.function.SqmFunctionRegistry - Registered SqmFunctionTemplate [NamedSqmFunctionTemplate(monthname)] under monthname; prior registration was null
2026-01-14 12:47:21.268 [main] DEBUG org.hibernate.query.sqm.function.SqmFunctionRegistry - Registered SqmFunctionTemplate [NamedSqmFunctionTemplate(dayname)] under dayname; prior registration was null
2026-01-14 12:47:21.268 [main] DEBUG org.hibernate.query.sqm.function.SqmFunctionRegistry - Registered SqmFunctionTemplate [NamedSqmFunctionTemplate(last_day)] under last_day; prior registration was null
2026-01-14 12:47:21.268 [main] DEBUG org.hibernate.query.sqm.function.SqmFunctionRegistry - Registered SqmFunctionTemplate [NamedSqmFunctionTemplate(date)] under date; prior registration was null
2026-01-14 12:47:21.268 [main] DEBUG org.hibernate.query.sqm.function.SqmFunctionRegistry - Registered SqmFunctionTemplate [NamedSqmFunctionTemplate(timestamp)] under timestamp; prior registration was null
2026-01-14 12:47:21.268 [main] DEBUG org.hibernate.query.sqm.function.SqmFunctionRegistry - Registered SqmFunctionTemplate [NamedSqmFunctionTemplate(time)] under time; prior registration was null
2026-01-14 12:47:21.268 [main] DEBUG org.hibernate.query.sqm.function.SqmFunctionRegistry - Registered SqmFunctionTemplate [NamedSqmFunctionTemplate(utc_date)] under utc_date; prior registration was null
2026-01-14 12:47:21.268 [main] DEBUG org.hibernate.query.sqm.function.SqmFunctionRegistry - Registered SqmFunctionTemplate [NamedSqmFunctionTemplate(utc_time)] under utc_time; prior registration was null
2026-01-14 12:47:21.268 [main] DEBUG org.hibernate.query.sqm.function.SqmFunctionRegistry - Registered SqmFunctionTemplate [NamedSqmFunctionTemplate(utc_timestamp)] under utc_timestamp; prior registration was null
2026-01-14 12:47:21.268 [main] DEBUG org.hibernate.query.sqm.function.SqmFunctionRegistry - Registered SqmFunctionTemplate [NamedSqmFunctionTemplate(rand)] under rand; prior registration was null
2026-01-14 12:47:21.268 [main] DEBUG org.hibernate.query.sqm.function.SqmFunctionRegistry - Registered SqmFunctionTemplate [NamedSqmFunctionTemplate(crc32)] under crc32; prior registration was null
2026-01-14 12:47:21.268 [main] DEBUG org.hibernate.query.sqm.function.SqmFunctionRegistry - Registered SqmFunctionTemplate [NamedSqmFunctionTemplate(sha1)] under sha1; prior registration was null
2026-01-14 12:47:21.268 [main] DEBUG org.hibernate.query.sqm.function.SqmFunctionRegistry - Registered SqmFunctionTemplate [NamedSqmFunctionTemplate(sha2)] under sha2; prior registration was null
2026-01-14 12:47:21.270 [main] DEBUG org.hibernate.query.sqm.function.SqmFunctionRegistry - Registered SqmFunctionTemplate [NamedSqmFunctionTemplate(sha)] under sha; prior registration was null
2026-01-14 12:47:21.270 [main] DEBUG org.hibernate.query.sqm.function.SqmFunctionRegistry - Registered SqmFunctionTemplate [NamedSqmFunctionTemplate(bit_length)] under bit_length; prior registration was null
2026-01-14 12:47:21.270 [main] DEBUG org.hibernate.query.sqm.function.SqmFunctionRegistry - Registered SqmFunctionTemplate [NamedSqmFunctionTemplate(octet_length)] under octet_length; prior registration was NamedSqmFunctionTemplate(octet_length)
2026-01-14 12:47:21.270 [main] DEBUG org.hibernate.query.sqm.function.SqmFunctionRegistry - Registered SqmFunctionTemplate [NamedSqmFunctionTemplate(ascii)] under ascii; prior registration was null
2026-01-14 12:47:21.270 [main] DEBUG org.hibernate.query.sqm.function.SqmFunctionRegistry - Registered SqmFunctionTemplate [NamedSqmFunctionTemplate(instr)] under instr; prior registration was null
2026-01-14 12:47:21.270 [main] DEBUG org.hibernate.query.sqm.function.SqmFunctionRegistry - Registered SqmFunctionTemplate [NamedSqmFunctionTemplate(substr)] under substr; prior registration was null
2026-01-14 12:47:21.270 [main] DEBUG org.hibernate.query.sqm.function.SqmFunctionRegistry - Registered SqmFunctionTemplate [org.hibernate.query.sqm.function.PatternBasedSqmFunctionDescriptor@6c977dcf] under position; prior registration was org.hibernate.dialect.function.LocatePositionEmulation@9a20cbd
2026-01-14 12:47:21.270 [main] DEBUG org.hibernate.query.sqm.function.SqmFunctionRegistry - Registered SqmFunctionTemplate [NamedSqmFunctionTemplate(curtime)] under curtime; prior registration was null
2026-01-14 12:47:21.270 [main] DEBUG org.hibernate.query.sqm.function.SqmFunctionRegistry - Registered SqmFunctionTemplate [NamedSqmFunctionTemplate(curdate)] under curdate; prior registration was null
2026-01-14 12:47:21.270 [main] DEBUG org.hibernate.query.sqm.function.SqmFunctionRegistry - Registered SqmFunctionTemplate [NamedSqmFunctionTemplate(now)] under now; prior registration was null
2026-01-14 12:47:21.272 [main] DEBUG org.hibernate.query.sqm.function.SqmFunctionRegistry - Registered SqmFunctionTemplate [org.hibernate.dialect.function.TruncFunction@8054fe2] under trunc; prior registration was null
2026-01-14 12:47:21.273 [main] DEBUG org.hibernate.query.sqm.function.SqmFunctionRegistry - Registering alternate key : truncate -> trunc
2026-01-14 12:47:21.273 [main] DEBUG org.hibernate.query.sqm.function.SqmFunctionRegistry - Registered SqmFunctionTemplate [NamedSqmFunctionTemplate(insert)] under insert; prior registration was null
2026-01-14 12:47:21.273 [main] DEBUG org.hibernate.query.sqm.function.SqmFunctionRegistry - Registered SqmFunctionTemplate [org.hibernate.query.sqm.function.PatternBasedSqmFunctionDescriptor@1e3f0aea] under bitand; prior registration was null
2026-01-14 12:47:21.273 [main] DEBUG org.hibernate.query.sqm.function.SqmFunctionRegistry - Registered SqmFunctionTemplate [org.hibernate.query.sqm.function.PatternBasedSqmFunctionDescriptor@48268eec] under bitor; prior registration was null
2026-01-14 12:47:21.273 [main] DEBUG org.hibernate.query.sqm.function.SqmFunctionRegistry - Registered SqmFunctionTemplate [org.hibernate.query.sqm.function.PatternBasedSqmFunctionDescriptor@69a024a0] under bitxor; prior registration was null
2026-01-14 12:47:21.273 [main] DEBUG org.hibernate.query.sqm.function.SqmFunctionRegistry - Registered SqmFunctionTemplate [org.hibernate.query.sqm.function.PatternBasedSqmFunctionDescriptor@4bf80c29] under bitnot; prior registration was null
2026-01-14 12:47:21.273 [main] DEBUG org.hibernate.query.sqm.function.SqmFunctionRegistry - Registered SqmFunctionTemplate [NamedSqmFunctionTemplate(bit_and)] under bit_and; prior registration was null
2026-01-14 12:47:21.273 [main] DEBUG org.hibernate.query.sqm.function.SqmFunctionRegistry - Registered SqmFunctionTemplate [NamedSqmFunctionTemplate(bit_or)] under bit_or; prior registration was null
2026-01-14 12:47:21.273 [main] DEBUG org.hibernate.query.sqm.function.SqmFunctionRegistry - Registered SqmFunctionTemplate [NamedSqmFunctionTemplate(stddev)] under stddev; prior registration was null
2026-01-14 12:47:21.273 [main] DEBUG org.hibernate.query.sqm.function.SqmFunctionRegistry - Registered SqmFunctionTemplate [NamedSqmFunctionTemplate(stddev_pop)] under stddev_pop; prior registration was null
2026-01-14 12:47:21.273 [main] DEBUG org.hibernate.query.sqm.function.SqmFunctionRegistry - Registered SqmFunctionTemplate [NamedSqmFunctionTemplate(stddev_samp)] under stddev_samp; prior registration was null
2026-01-14 12:47:21.273 [main] DEBUG org.hibernate.query.sqm.function.SqmFunctionRegistry - Registered SqmFunctionTemplate [NamedSqmFunctionTemplate(variance)] under variance; prior registration was null
2026-01-14 12:47:21.273 [main] DEBUG org.hibernate.query.sqm.function.SqmFunctionRegistry - Registered SqmFunctionTemplate [NamedSqmFunctionTemplate(var_pop)] under var_pop; prior registration was null
2026-01-14 12:47:21.273 [main] DEBUG org.hibernate.query.sqm.function.SqmFunctionRegistry - Registered SqmFunctionTemplate [NamedSqmFunctionTemplate(var_samp)] under var_samp; prior registration was null
2026-01-14 12:47:21.273 [main] DEBUG org.hibernate.query.sqm.function.SqmFunctionRegistry - Registered SqmFunctionTemplate [NamedSqmFunctionTemplate(datediff)] under datediff; prior registration was null
2026-01-14 12:47:21.274 [main] DEBUG org.hibernate.query.sqm.function.SqmFunctionRegistry - Registered SqmFunctionTemplate [NamedSqmFunctionTemplate(adddate)] under adddate; prior registration was null
2026-01-14 12:47:21.274 [main] DEBUG org.hibernate.query.sqm.function.SqmFunctionRegistry - Registered SqmFunctionTemplate [NamedSqmFunctionTemplate(subdate)] under subdate; prior registration was null
2026-01-14 12:47:21.274 [main] DEBUG org.hibernate.query.sqm.function.SqmFunctionRegistry - Registered SqmFunctionTemplate [NamedSqmFunctionTemplate(addtime)] under addtime; prior registration was null
2026-01-14 12:47:21.274 [main] DEBUG org.hibernate.query.sqm.function.SqmFunctionRegistry - Registered SqmFunctionTemplate [NamedSqmFunctionTemplate(subtime)] under subtime; prior registration was null
2026-01-14 12:47:21.274 [main] DEBUG org.hibernate.query.sqm.function.SqmFunctionRegistry - Registered SqmFunctionTemplate [org.hibernate.dialect.function.FormatFunction@2d7637e6] under format; prior registration was org.hibernate.dialect.function.FormatFunction@19b02dfd
2026-01-14 12:47:21.274 [main] DEBUG org.hibernate.query.sqm.function.SqmFunctionRegistry - Registered SqmFunctionTemplate [NamedSqmFunctionTemplate(makedate)] under makedate; prior registration was null
2026-01-14 12:47:21.274 [main] DEBUG org.hibernate.query.sqm.function.SqmFunctionRegistry - Registered SqmFunctionTemplate [NamedSqmFunctionTemplate(maketime)] under maketime; prior registration was null
2026-01-14 12:47:21.274 [main] DEBUG org.hibernate.query.sqm.function.SqmFunctionRegistry - Registered SqmFunctionTemplate [NamedSqmFunctionTemplate(localtime)] under localtime; prior registration was null
2026-01-14 12:47:21.274 [main] DEBUG org.hibernate.query.sqm.function.SqmFunctionRegistry - Registered SqmFunctionTemplate [NamedSqmFunctionTemplate(localtimestamp)] under localtimestamp; prior registration was null
2026-01-14 12:47:21.274 [main] DEBUG org.hibernate.query.sqm.function.SqmFunctionRegistry - Registered SqmFunctionTemplate [NamedSqmFunctionTemplate(localtime)] under local_time; prior registration was org.hibernate.dialect.function.CurrentFunction@4d464510
2026-01-14 12:47:21.274 [main] DEBUG org.hibernate.query.sqm.function.SqmFunctionRegistry - Registered SqmFunctionTemplate [NamedSqmFunctionTemplate(localtimestamp)] under local_datetime; prior registration was org.hibernate.dialect.function.CurrentFunction@64e7d698
2026-01-14 12:47:21.274 [main] DEBUG org.hibernate.query.sqm.function.SqmFunctionRegistry - Registered SqmFunctionTemplate [NamedSqmFunctionTemplate(localtime)] under localtime; prior registration was NamedSqmFunctionTemplate(localtime)
2026-01-14 12:47:21.274 [main] DEBUG org.hibernate.query.sqm.function.SqmFunctionRegistry - Registered SqmFunctionTemplate [org.hibernate.query.sqm.function.PatternBasedSqmFunctionDescriptor@515b9d4a] under pi; prior registration was org.hibernate.query.sqm.function.PatternBasedSqmFunctionDescriptor@59498d94
2026-01-14 12:47:21.274 [main] DEBUG org.hibernate.query.sqm.function.SqmFunctionRegistry - Registered SqmFunctionTemplate [org.hibernate.query.sqm.function.PatternBasedSqmFunctionDescriptor@39b626e5] under chr; prior registration was null
2026-01-14 12:47:21.274 [main] DEBUG org.hibernate.query.sqm.function.SqmFunctionRegistry - Registering alternate key : char -> chr
2026-01-14 12:47:21.274 [main] DEBUG org.hibernate.query.sqm.function.SqmFunctionRegistry - Registered SqmFunctionTemplate [org.hibernate.query.sqm.function.PatternBasedSqmFunctionDescriptor@32a4ecbe] under sysdate; prior registration was null
2026-01-14 12:47:21.274 [main] DEBUG org.hibernate.query.sqm.function.SqmFunctionRegistry - Registered SqmFunctionTemplate [NamedSqmFunctionTemplate(row_number)] under row_number; prior registration was null
2026-01-14 12:47:21.275 [main] DEBUG org.hibernate.query.sqm.function.SqmFunctionRegistry - Registered SqmFunctionTemplate [NamedSqmFunctionTemplate(lag)] under lag; prior registration was null
2026-01-14 12:47:21.275 [main] DEBUG org.hibernate.query.sqm.function.SqmFunctionRegistry - Registered SqmFunctionTemplate [NamedSqmFunctionTemplate(lead)] under lead; prior registration was null
2026-01-14 12:47:21.275 [main] DEBUG org.hibernate.query.sqm.function.SqmFunctionRegistry - Registered SqmFunctionTemplate [NamedSqmFunctionTemplate(first_value)] under first_value; prior registration was null
2026-01-14 12:47:21.275 [main] DEBUG org.hibernate.query.sqm.function.SqmFunctionRegistry - Registered SqmFunctionTemplate [NamedSqmFunctionTemplate(last_value)] under last_value; prior registration was null
2026-01-14 12:47:21.275 [main] DEBUG org.hibernate.query.sqm.function.SqmFunctionRegistry - Registered SqmFunctionTemplate [NamedSqmFunctionTemplate(nth_value)] under nth_value; prior registration was null
2026-01-14 12:47:21.276 [main] DEBUG org.hibernate.query.sqm.function.SqmFunctionRegistry - Registered SqmFunctionTemplate [org.hibernate.dialect.function.HypotheticalSetWindowEmulation@5934153e] under rank; prior registration was null
2026-01-14 12:47:21.276 [main] DEBUG org.hibernate.query.sqm.function.SqmFunctionRegistry - Registered SqmFunctionTemplate [org.hibernate.dialect.function.HypotheticalSetWindowEmulation@3bb9ca38] under dense_rank; prior registration was null
2026-01-14 12:47:21.276 [main] DEBUG org.hibernate.query.sqm.function.SqmFunctionRegistry - Registered SqmFunctionTemplate [org.hibernate.dialect.function.HypotheticalSetWindowEmulation@160e99e0] under percent_rank; prior registration was null
2026-01-14 12:47:21.277 [main] DEBUG org.hibernate.query.sqm.function.SqmFunctionRegistry - Registered SqmFunctionTemplate [org.hibernate.dialect.function.HypotheticalSetWindowEmulation@4f3e9fbb] under cume_dist; prior registration was null
2026-01-14 12:47:21.277 [main] DEBUG org.hibernate.query.sqm.function.SqmFunctionRegistry - Registered SqmFunctionTemplate [org.hibernate.dialect.function.ListaggGroupConcatEmulation@1a1ccaaf] under listagg; prior registration was null
2026-01-14 12:47:21.278 [main] DEBUG org.hibernate.HQL_FUNCTIONS - abs(NUMERIC arg)
2026-01-14 12:47:21.278 [main] DEBUG org.hibernate.HQL_FUNCTIONS - Double acos(NUMERIC arg)
2026-01-14 12:47:21.278 [main] DEBUG org.hibernate.HQL_FUNCTIONS - adddate(DATE datetime, INTEGER days)
2026-01-14 12:47:21.278 [main] DEBUG org.hibernate.HQL_FUNCTIONS - addtime(TIME datetime, TIME time)
2026-01-14 12:47:21.278 [main] DEBUG org.hibernate.HQL_FUNCTIONS - Boolean any(BOOLEAN arg)
2026-01-14 12:47:21.278 [main] DEBUG org.hibernate.HQL_FUNCTIONS - Integer ascii(STRING arg)
2026-01-14 12:47:21.278 [main] DEBUG org.hibernate.HQL_FUNCTIONS - Double asin(NUMERIC arg)
2026-01-14 12:47:21.278 [main] DEBUG org.hibernate.HQL_FUNCTIONS - Double atan(NUMERIC arg)
2026-01-14 12:47:21.278 [main] DEBUG org.hibernate.HQL_FUNCTIONS - Double atan2(NUMERIC arg0, NUMERIC arg1)
2026-01-14 12:47:21.278 [main] DEBUG org.hibernate.HQL_FUNCTIONS - avg(arg)
2026-01-14 12:47:21.278 [main] DEBUG org.hibernate.HQL_FUNCTIONS - bit_and(arg)
2026-01-14 12:47:21.278 [main] DEBUG org.hibernate.HQL_FUNCTIONS - Integer bit_length(STRING_OR_CLOB arg)
2026-01-14 12:47:21.278 [main] DEBUG org.hibernate.HQL_FUNCTIONS - bit_or(arg)
2026-01-14 12:47:21.278 [main] DEBUG org.hibernate.HQL_FUNCTIONS - bitand(arg0, arg1)
2026-01-14 12:47:21.278 [main] DEBUG org.hibernate.HQL_FUNCTIONS - bitnot(arg)
2026-01-14 12:47:21.278 [main] DEBUG org.hibernate.HQL_FUNCTIONS - bitor(arg0, arg1)
2026-01-14 12:47:21.278 [main] DEBUG org.hibernate.HQL_FUNCTIONS - bitxor(arg0, arg1)
2026-01-14 12:47:21.278 [main] DEBUG org.hibernate.HQL_FUNCTIONS - cast(arg as Type)
2026-01-14 12:47:21.278 [main] DEBUG org.hibernate.HQL_FUNCTIONS - ceiling(NUMERIC arg)
2026-01-14 12:47:21.278 [main] DEBUG org.hibernate.HQL_FUNCTIONS - Character char(INTEGER arg)
2026-01-14 12:47:21.279 [main] DEBUG org.hibernate.HQL_FUNCTIONS - Integer character_length(STRING_OR_CLOB arg)
2026-01-14 12:47:21.279 [main] DEBUG org.hibernate.HQL_FUNCTIONS - Character chr(INTEGER arg)
2026-01-14 12:47:21.279 [main] DEBUG org.hibernate.HQL_FUNCTIONS - coalesce(arg0[, arg1[, ...]])
2026-01-14 12:47:21.279 [main] DEBUG org.hibernate.HQL_FUNCTIONS - String collate(STRING string as COLLATION collation)
2026-01-14 12:47:21.279 [main] DEBUG org.hibernate.HQL_FUNCTIONS - String concat(STRING string0[, STRING string1[, ...]])
2026-01-14 12:47:21.279 [main] DEBUG org.hibernate.HQL_FUNCTIONS - Double cos(NUMERIC arg)
2026-01-14 12:47:21.279 [main] DEBUG org.hibernate.HQL_FUNCTIONS - Double cosh(NUMERIC arg)
2026-01-14 12:47:21.279 [main] DEBUG org.hibernate.HQL_FUNCTIONS - Double cot(NUMERIC arg)
2026-01-14 12:47:21.279 [main] DEBUG org.hibernate.HQL_FUNCTIONS - Long count([distinct ]{arg|*})
2026-01-14 12:47:21.279 [main] DEBUG org.hibernate.HQL_FUNCTIONS - Integer crc32(arg)
2026-01-14 12:47:21.279 [main] DEBUG org.hibernate.HQL_FUNCTIONS - Double cume_dist([arg0[, ...]])
2026-01-14 12:47:21.279 [main] DEBUG org.hibernate.HQL_FUNCTIONS - Date curdate()
2026-01-14 12:47:21.279 [main] DEBUG org.hibernate.HQL_FUNCTIONS - Date current date
2026-01-14 12:47:21.279 [main] DEBUG org.hibernate.HQL_FUNCTIONS - Time current time
2026-01-14 12:47:21.279 [main] DEBUG org.hibernate.HQL_FUNCTIONS - Timestamp current timestamp
2026-01-14 12:47:21.279 [main] DEBUG org.hibernate.HQL_FUNCTIONS - Date current_date
2026-01-14 12:47:21.279 [main] DEBUG org.hibernate.HQL_FUNCTIONS - Instant current_instant
2026-01-14 12:47:21.279 [main] DEBUG org.hibernate.HQL_FUNCTIONS - Time current_time
2026-01-14 12:47:21.279 [main] DEBUG org.hibernate.HQL_FUNCTIONS - Timestamp current_timestamp
2026-01-14 12:47:21.279 [main] DEBUG org.hibernate.HQL_FUNCTIONS - Time curtime()
2026-01-14 12:47:21.280 [main] DEBUG org.hibernate.HQL_FUNCTIONS - Date date(arg)
2026-01-14 12:47:21.280 [main] DEBUG org.hibernate.HQL_FUNCTIONS - dateadd(TEMPORAL_UNIT field, INTEGER magnitude, TEMPORAL datetime)
2026-01-14 12:47:21.280 [main] DEBUG org.hibernate.HQL_FUNCTIONS - Integer datediff(DATE end, DATE start)
2026-01-14 12:47:21.280 [main] DEBUG org.hibernate.HQL_FUNCTIONS - Integer day(DATE arg)
2026-01-14 12:47:21.280 [main] DEBUG org.hibernate.HQL_FUNCTIONS - String dayname(DATE arg)
2026-01-14 12:47:21.280 [main] DEBUG org.hibernate.HQL_FUNCTIONS - Integer dayofmonth(DATE arg)
2026-01-14 12:47:21.280 [main] DEBUG org.hibernate.HQL_FUNCTIONS - Integer dayofweek(DATE arg)
2026-01-14 12:47:21.280 [main] DEBUG org.hibernate.HQL_FUNCTIONS - Integer dayofyear(DATE arg)
2026-01-14 12:47:21.280 [main] DEBUG org.hibernate.HQL_FUNCTIONS - Double degrees(NUMERIC arg)
2026-01-14 12:47:21.280 [main] DEBUG org.hibernate.HQL_FUNCTIONS - Long dense_rank([arg0[, ...]])
2026-01-14 12:47:21.280 [main] DEBUG org.hibernate.HQL_FUNCTIONS - Boolean every(BOOLEAN arg)
2026-01-14 12:47:21.280 [main] DEBUG org.hibernate.HQL_FUNCTIONS - Double exp(NUMERIC arg)
2026-01-14 12:47:21.280 [main] DEBUG org.hibernate.HQL_FUNCTIONS - extract(TEMPORAL_UNIT field from TEMPORAL arg)
2026-01-14 12:47:21.280 [main] DEBUG org.hibernate.HQL_FUNCTIONS - first_valueANY value
2026-01-14 12:47:21.280 [main] DEBUG org.hibernate.HQL_FUNCTIONS - floor(NUMERIC arg)
2026-01-14 12:47:21.280 [main] DEBUG org.hibernate.HQL_FUNCTIONS - String format(TEMPORAL datetime as STRING pattern)
2026-01-14 12:47:21.280 [main] DEBUG org.hibernate.HQL_FUNCTIONS - greatest(COMPARABLE arg0, COMPARABLE arg1[, arg2[, ...]])
2026-01-14 12:47:21.280 [main] DEBUG org.hibernate.HQL_FUNCTIONS - Integer hour(TIME arg)
2026-01-14 12:47:21.280 [main] DEBUG org.hibernate.HQL_FUNCTIONS - ifnull(arg0, arg1)
2026-01-14 12:47:21.280 [main] DEBUG org.hibernate.HQL_FUNCTIONS - String insert(STRING string, INTEGER start, INTEGER length, STRING replacement)
2026-01-14 12:47:21.280 [main] DEBUG org.hibernate.HQL_FUNCTIONS - Instant instant
2026-01-14 12:47:21.280 [main] DEBUG org.hibernate.HQL_FUNCTIONS - Integer instr(STRING string, STRING pattern[, INTEGER start[, INTEGER occurrence]])
2026-01-14 12:47:21.280 [main] DEBUG org.hibernate.HQL_FUNCTIONS - lagANY value[, INTEGER offset[, ANY default]]
2026-01-14 12:47:21.280 [main] DEBUG org.hibernate.HQL_FUNCTIONS - Date last_day(DATE arg)
2026-01-14 12:47:21.280 [main] DEBUG org.hibernate.HQL_FUNCTIONS - last_valueANY value
2026-01-14 12:47:21.280 [main] DEBUG org.hibernate.HQL_FUNCTIONS - leadANY value[, INTEGER offset[, ANY default]]
2026-01-14 12:47:21.280 [main] DEBUG org.hibernate.HQL_FUNCTIONS - least(COMPARABLE arg0, COMPARABLE arg1[, arg2[, ...]])
2026-01-14 12:47:21.280 [main] DEBUG org.hibernate.HQL_FUNCTIONS - String left(STRING string, INTEGER length)
2026-01-14 12:47:21.280 [main] DEBUG org.hibernate.HQL_FUNCTIONS - Integer length(STRING_OR_CLOB arg)
2026-01-14 12:47:21.280 [main] DEBUG org.hibernate.HQL_FUNCTIONS - String listagg(STRING arg0, STRING arg1)
2026-01-14 12:47:21.280 [main] DEBUG org.hibernate.HQL_FUNCTIONS - Double ln(NUMERIC arg)
2026-01-14 12:47:21.280 [main] DEBUG org.hibernate.HQL_FUNCTIONS - LocalDate local date
2026-01-14 12:47:21.280 [main] DEBUG org.hibernate.HQL_FUNCTIONS - LocalDateTime local datetime
2026-01-14 12:47:21.281 [main] DEBUG org.hibernate.HQL_FUNCTIONS - LocalTime local time
2026-01-14 12:47:21.281 [main] DEBUG org.hibernate.HQL_FUNCTIONS - LocalDate local_date
2026-01-14 12:47:21.281 [main] DEBUG org.hibernate.HQL_FUNCTIONS - LocalDateTime local_datetime
2026-01-14 12:47:21.281 [main] DEBUG org.hibernate.HQL_FUNCTIONS - LocalTime local_time
2026-01-14 12:47:21.281 [main] DEBUG org.hibernate.HQL_FUNCTIONS - Timestamp localtime
2026-01-14 12:47:21.281 [main] DEBUG org.hibernate.HQL_FUNCTIONS - Timestamp localtimestamp
2026-01-14 12:47:21.281 [main] DEBUG org.hibernate.HQL_FUNCTIONS - Integer locate(STRING pattern, STRING string[, INTEGER start])
2026-01-14 12:47:21.281 [main] DEBUG org.hibernate.HQL_FUNCTIONS - Double log(NUMERIC arg0[, NUMERIC arg1])
2026-01-14 12:47:21.281 [main] DEBUG org.hibernate.HQL_FUNCTIONS - Double log10(NUMERIC arg)
2026-01-14 12:47:21.281 [main] DEBUG org.hibernate.HQL_FUNCTIONS - Double log2(NUMERIC arg)
2026-01-14 12:47:21.281 [main] DEBUG org.hibernate.HQL_FUNCTIONS - String lower(STRING string)
2026-01-14 12:47:21.281 [main] DEBUG org.hibernate.HQL_FUNCTIONS - String lpad(string, length[, padding])
2026-01-14 12:47:21.281 [main] DEBUG org.hibernate.HQL_FUNCTIONS - String ltrim(STRING string[, STRING characters])
2026-01-14 12:47:21.281 [main] DEBUG org.hibernate.HQL_FUNCTIONS - Date makedate(INTEGER year, INTEGER dayofyear)
2026-01-14 12:47:21.281 [main] DEBUG org.hibernate.HQL_FUNCTIONS - Time maketime(INTEGER hour, INTEGER min, INTEGER sec)
2026-01-14 12:47:21.281 [main] DEBUG org.hibernate.HQL_FUNCTIONS - max(COMPARABLE arg)
2026-01-14 12:47:21.281 [main] DEBUG org.hibernate.HQL_FUNCTIONS - String md5(arg)
2026-01-14 12:47:21.281 [main] DEBUG org.hibernate.HQL_FUNCTIONS - Integer microsecond(TIME arg)
2026-01-14 12:47:21.281 [main] DEBUG org.hibernate.HQL_FUNCTIONS - min(COMPARABLE arg)
2026-01-14 12:47:21.281 [main] DEBUG org.hibernate.HQL_FUNCTIONS - Integer minute(TIME arg)
2026-01-14 12:47:21.281 [main] DEBUG org.hibernate.HQL_FUNCTIONS - Integer mod(INTEGER arg0, INTEGER arg1)
2026-01-14 12:47:21.282 [main] DEBUG org.hibernate.HQL_FUNCTIONS - Integer month(DATE arg)
2026-01-14 12:47:21.282 [main] DEBUG org.hibernate.HQL_FUNCTIONS - String monthname(DATE arg)
2026-01-14 12:47:21.282 [main] DEBUG org.hibernate.HQL_FUNCTIONS - Timestamp now()
2026-01-14 12:47:21.282 [main] DEBUG org.hibernate.HQL_FUNCTIONS - nth_valueANY value, INTEGER nth
2026-01-14 12:47:21.282 [main] DEBUG org.hibernate.HQL_FUNCTIONS - nullif(arg0, arg1)
2026-01-14 12:47:21.282 [main] DEBUG org.hibernate.HQL_FUNCTIONS - Integer octet_length(STRING_OR_CLOB arg)
2026-01-14 12:47:21.282 [main] DEBUG org.hibernate.HQL_FUNCTIONS - OffsetDateTime offset datetime
2026-01-14 12:47:21.282 [main] DEBUG org.hibernate.HQL_FUNCTIONS - OffsetDateTime offset_datetime
2026-01-14 12:47:21.282 [main] DEBUG org.hibernate.HQL_FUNCTIONS - String overlay(STRING string placing STRING replacement from INTEGER start[ for INTEGER length])
2026-01-14 12:47:21.282 [main] DEBUG org.hibernate.HQL_FUNCTIONS - String pad(STRING string with INTEGER length {leading|trailing}[ STRING character])
2026-01-14 12:47:21.282 [main] DEBUG org.hibernate.HQL_FUNCTIONS - Double percent_rank([arg0[, ...]])
2026-01-14 12:47:21.282 [main] DEBUG org.hibernate.HQL_FUNCTIONS - Double pi
2026-01-14 12:47:21.282 [main] DEBUG org.hibernate.HQL_FUNCTIONS - Integer position(STRING pattern in STRING string)
2026-01-14 12:47:21.282 [main] DEBUG org.hibernate.HQL_FUNCTIONS - Double power(NUMERIC arg0, NUMERIC arg1)
2026-01-14 12:47:21.282 [main] DEBUG org.hibernate.HQL_FUNCTIONS - Integer quarter(DATE arg)
2026-01-14 12:47:21.282 [main] DEBUG org.hibernate.HQL_FUNCTIONS - Double radians(NUMERIC arg)
2026-01-14 12:47:21.282 [main] DEBUG org.hibernate.HQL_FUNCTIONS - Double rand([INTEGER seed])
2026-01-14 12:47:21.282 [main] DEBUG org.hibernate.HQL_FUNCTIONS - Long rank([arg0[, ...]])
2026-01-14 12:47:21.283 [main] DEBUG org.hibernate.HQL_FUNCTIONS - String repeat(STRING string, INTEGER times)
2026-01-14 12:47:21.283 [main] DEBUG org.hibernate.HQL_FUNCTIONS - String replace(STRING string, STRING pattern, STRING replacement)
2026-01-14 12:47:21.283 [main] DEBUG org.hibernate.HQL_FUNCTIONS - String reverse(STRING arg)
2026-01-14 12:47:21.283 [main] DEBUG org.hibernate.HQL_FUNCTIONS - String right(STRING string, INTEGER length)
2026-01-14 12:47:21.283 [main] DEBUG org.hibernate.HQL_FUNCTIONS - round(NUMERIC number[, INTEGER places])
2026-01-14 12:47:21.283 [main] DEBUG org.hibernate.HQL_FUNCTIONS - Long row_number()
2026-01-14 12:47:21.283 [main] DEBUG org.hibernate.HQL_FUNCTIONS - String rpad(string, length[, padding])
2026-01-14 12:47:21.283 [main] DEBUG org.hibernate.HQL_FUNCTIONS - String rtrim(STRING string[, STRING characters])
2026-01-14 12:47:21.283 [main] DEBUG org.hibernate.HQL_FUNCTIONS - Integer second(TIME arg)
2026-01-14 12:47:21.283 [main] DEBUG org.hibernate.HQL_FUNCTIONS - String sha(arg)
2026-01-14 12:47:21.283 [main] DEBUG org.hibernate.HQL_FUNCTIONS - String sha1(arg)
2026-01-14 12:47:21.283 [main] DEBUG org.hibernate.HQL_FUNCTIONS - String sha2(arg0, arg1)
2026-01-14 12:47:21.283 [main] DEBUG org.hibernate.HQL_FUNCTIONS - Integer sign(NUMERIC arg)
2026-01-14 12:47:21.283 [main] DEBUG org.hibernate.HQL_FUNCTIONS - Double sin(NUMERIC arg)
2026-01-14 12:47:21.283 [main] DEBUG org.hibernate.HQL_FUNCTIONS - Double sinh(NUMERIC arg)
2026-01-14 12:47:21.283 [main] DEBUG org.hibernate.HQL_FUNCTIONS - String soundex(arg)
2026-01-14 12:47:21.283 [main] DEBUG org.hibernate.HQL_FUNCTIONS - String space(INTEGER arg)
2026-01-14 12:47:21.283 [main] DEBUG org.hibernate.HQL_FUNCTIONS - Object sql
2026-01-14 12:47:21.283 [main] DEBUG org.hibernate.HQL_FUNCTIONS - Double sqrt(NUMERIC arg)
2026-01-14 12:47:21.283 [main] DEBUG org.hibernate.HQL_FUNCTIONS - Double stddev(NUMERIC arg)
2026-01-14 12:47:21.284 [main] DEBUG org.hibernate.HQL_FUNCTIONS - Double stddev_pop(NUMERIC arg)
2026-01-14 12:47:21.284 [main] DEBUG org.hibernate.HQL_FUNCTIONS - Double stddev_samp(NUMERIC arg)
2026-01-14 12:47:21.284 [main] DEBUG org.hibernate.HQL_FUNCTIONS - String str(arg)
2026-01-14 12:47:21.284 [main] DEBUG org.hibernate.HQL_FUNCTIONS - subdate(DATE datetime, INTEGER days)
2026-01-14 12:47:21.284 [main] DEBUG org.hibernate.HQL_FUNCTIONS - String substr(STRING string, INTEGER start[, INTEGER length])
2026-01-14 12:47:21.284 [main] DEBUG org.hibernate.HQL_FUNCTIONS - String substring(STRING string{ from|,} INTEGER start[{ for|,} INTEGER length])
2026-01-14 12:47:21.284 [main] DEBUG org.hibernate.HQL_FUNCTIONS - subtime(TIME datetime, TIME time)
2026-01-14 12:47:21.284 [main] DEBUG org.hibernate.HQL_FUNCTIONS - sum(arg)
2026-01-14 12:47:21.284 [main] DEBUG org.hibernate.HQL_FUNCTIONS - Timestamp sysdate()
2026-01-14 12:47:21.284 [main] DEBUG org.hibernate.HQL_FUNCTIONS - Double tan(NUMERIC arg)
2026-01-14 12:47:21.284 [main] DEBUG org.hibernate.HQL_FUNCTIONS - Double tanh(NUMERIC arg)
2026-01-14 12:47:21.284 [main] DEBUG org.hibernate.HQL_FUNCTIONS - String time(arg)
2026-01-14 12:47:21.284 [main] DEBUG org.hibernate.HQL_FUNCTIONS - Timestamp timestamp(arg0[, arg1])
2026-01-14 12:47:21.284 [main] DEBUG org.hibernate.HQL_FUNCTIONS - timestampadd(TEMPORAL_UNIT field, INTEGER magnitude, TEMPORAL datetime)
2026-01-14 12:47:21.284 [main] DEBUG org.hibernate.HQL_FUNCTIONS - basicType@8(java.lang.Long,-5)|basicType@17(java.lang.Double,8) timestampdiff(TEMPORAL_UNIT field, TEMPORAL start, TEMPORAL end)
2026-01-14 12:47:21.284 [main] DEBUG org.hibernate.HQL_FUNCTIONS - String trim([[{leading|trailing|both} ][STRING arg0 ]from] STRING arg1)
2026-01-14 12:47:21.284 [main] DEBUG org.hibernate.HQL_FUNCTIONS - trunc( ... )
2026-01-14 12:47:21.284 [main] DEBUG org.hibernate.HQL_FUNCTIONS - truncate( ... )
2026-01-14 12:47:21.284 [main] DEBUG org.hibernate.HQL_FUNCTIONS - String upper(STRING string)
2026-01-14 12:47:21.284 [main] DEBUG org.hibernate.HQL_FUNCTIONS - Date utc_date
2026-01-14 12:47:21.285 [main] DEBUG org.hibernate.HQL_FUNCTIONS - Time utc_time
2026-01-14 12:47:21.285 [main] DEBUG org.hibernate.HQL_FUNCTIONS - Timestamp utc_timestamp
2026-01-14 12:47:21.285 [main] DEBUG org.hibernate.HQL_FUNCTIONS - Double var_pop(NUMERIC arg)
2026-01-14 12:47:21.285 [main] DEBUG org.hibernate.HQL_FUNCTIONS - Double var_samp(NUMERIC arg)
2026-01-14 12:47:21.285 [main] DEBUG org.hibernate.HQL_FUNCTIONS - Double variance(NUMERIC arg)
2026-01-14 12:47:21.285 [main] DEBUG org.hibernate.HQL_FUNCTIONS - Integer week(DATE arg)
2026-01-14 12:47:21.285 [main] DEBUG org.hibernate.HQL_FUNCTIONS - Integer year(DATE arg)
2026-01-14 12:47:21.288 [main] DEBUG org.hibernate.orm.query.plan.cache - Starting QueryInterpretationCache(2048)
2026-01-14 12:47:21.342 [main] DEBUG org.hibernate.service.internal.SessionFactoryServiceRegistryImpl - EventListenerRegistry access via ServiceRegistry is deprecated.  Use `sessionFactory.getEventEngine().getListenerRegistry()` instead
2026-01-14 12:47:21.345 [main] DEBUG org.hibernate.event.internal.EntityCopyObserverFactoryInitiator - Configured EntityCopyObserver strategy: disallow
2026-01-14 12:47:21.395 [main] DEBUG org.hibernate.boot.internal.ClassLoaderAccessImpl - Not known whether passed class name [modelo.Reunion] is safe
2026-01-14 12:47:21.395 [main] DEBUG org.hibernate.boot.internal.ClassLoaderAccessImpl - No temp ClassLoader provided; using live ClassLoader for loading potentially unsafe class : modelo.Reunion
2026-01-14 12:47:21.522 [main] DEBUG org.hibernate.bytecode.internal.bytebuddy.BytecodeProviderImpl - HHH000513: Unable to create the ReflectionOptimizer for [modelo.Reunion]: private accessor [asunto]
2026-01-14 12:47:21.550 [main] DEBUG org.hibernate.orm.model.mapping.creation - Starting post-init callbacks
2026-01-14 12:47:21.550 [main] DEBUG org.hibernate.orm.model.mapping.creation - Starting PostInitCallbackEntry : Entity(modelo.Reunion) `staticFetchableList` generator
2026-01-14 12:47:21.550 [main] DEBUG org.hibernate.orm.model.mapping.creation - Starting PostInitCallbackEntry : Entity(modelo.Reunion) `sqmMultiTableInsertStrategy` interpretation
2026-01-14 12:47:21.602 [main] DEBUG org.hibernate.orm.sql.ast.create - Created new SQL alias : r1_0
2026-01-14 12:47:21.604 [main] DEBUG org.hibernate.orm.sql.ast.create - Registration of TableGroup [StandardTableGroup(modelo.Reunion)] with identifierForTableGroup [modelo.Reunion] for NavigablePath [modelo.Reunion] 
2026-01-14 12:47:21.614 [main] DEBUG org.hibernate.orm.results.graph.AST - DomainResult Graph:
 \-EntityResultImpl [modelo.Reunion]
 |  +-BasicFetch [modelo.Reunion.asunto]
 |  \-BasicFetch [modelo.Reunion.fecha]

2026-01-14 12:47:21.616 [main] DEBUG org.hibernate.orm.sql.ast.tree - SQL AST Tree:
    SelectStatement {
      FromClause {
        StandardTableGroup (r1 : modelo.Reunion) {
          primaryTableReference : reunion as r1_0
        }
      }
    }

2026-01-14 12:47:21.623 [main] DEBUG org.hibernate.persister.entity.AbstractEntityPersister - Static SQL for entity: modelo.Reunion
2026-01-14 12:47:21.623 [main] DEBUG org.hibernate.persister.entity.AbstractEntityPersister -  Version select: select idReunion from reunion where idReunion=?
2026-01-14 12:47:21.623 [main] DEBUG org.hibernate.persister.entity.AbstractEntityPersister -  Insert (0): insert into reunion (asunto,fecha,idReunion) values (?,?,?)
2026-01-14 12:47:21.623 [main] DEBUG org.hibernate.persister.entity.AbstractEntityPersister -  Update (0): update reunion set asunto=?,fecha=? where idReunion=?
2026-01-14 12:47:21.623 [main] DEBUG org.hibernate.persister.entity.AbstractEntityPersister -  Delete (0): delete from reunion where idReunion=?
2026-01-14 12:47:21.641 [main] DEBUG org.hibernate.engine.transaction.jta.platform.internal.JtaPlatformInitiator - No JtaPlatform was specified, checking resolver
2026-01-14 12:47:21.641 [main] DEBUG org.hibernate.engine.transaction.jta.platform.internal.JtaPlatformResolverInitiator - No JtaPlatformResolver was specified, using default [org.hibernate.engine.transaction.jta.platform.internal.StandardJtaPlatformResolver]
2026-01-14 12:47:21.645 [main] DEBUG org.hibernate.engine.transaction.jta.platform.internal.StandardJtaPlatformResolver - Could not resolve JtaPlatform, using default [org.hibernate.engine.transaction.jta.platform.internal.NoJtaPlatform]
2026-01-14 12:47:21.645 [main] INFO  org.hibernate.engine.transaction.jta.platform.internal.JtaPlatformInitiator - HHH000489: No JTA platform available (set 'hibernate.transaction.jta.platform' to enable JTA platform integration)
2026-01-14 12:47:21.646 [main] DEBUG org.hibernate.type.spi.TypeConfiguration$Scope - Scoping TypeConfiguration [org.hibernate.type.spi.TypeConfiguration@5e519ad3] to SessionFactoryImplementor [org.hibernate.internal.SessionFactoryImpl@15ac02d5]
2026-01-14 12:47:21.646 [main] DEBUG org.hibernate.query.named.NamedObjectRepository - Checking 0 named HQL queries
2026-01-14 12:47:21.647 [main] DEBUG org.hibernate.query.named.NamedObjectRepository - Checking 0 named SQL queries
2026-01-14 12:47:21.670 [main] INFO  org.hibernate.orm.connections.access - HHH10001501: Connection obtained from JdbcConnectionAccess [org.hibernate.engine.jdbc.env.internal.JdbcEnvironmentInitiator$ConnectionProviderJdbcConnectionAccess@3973b6d4] for (non-JTA) DDL execution was not in auto-commit mode; the Connection 'local transaction' will be committed and the Connection will be set into auto-commit mode.
2026-01-14 12:47:21.689 [main] DEBUG org.hibernate.mapping.Table - No alter strings for table : reunion
2026-01-14 12:47:21.689 [main] DEBUG org.hibernate.mapping.Table - No alter strings for table : reunion_SEQ
2026-01-14 12:47:21.694 [main] DEBUG org.hibernate.internal.SessionFactoryRegistry - Initializing SessionFactoryRegistry : org.hibernate.internal.SessionFactoryRegistry@65753724
2026-01-14 12:47:21.694 [main] DEBUG org.hibernate.internal.SessionFactoryRegistry - Registering SessionFactory: 1ab59875-3a83-4755-aa8a-68414ac746bc (<unnamed>)
2026-01-14 12:47:21.694 [main] DEBUG org.hibernate.internal.SessionFactoryRegistry - Not binding SessionFactory to JNDI, no JNDI name configured
2026-01-14 12:47:21.694 [main] DEBUG org.hibernate.internal.SessionFactoryImpl - Instantiated SessionFactory
2026-01-14 12:47:21.722 [main] DEBUG org.hibernate.stat.internal.StatisticsInitiator - Statistics initialized [enabled=false]
2026-01-14 12:47:21.725 [main] DEBUG org.hibernate.engine.transaction.internal.TransactionImpl - On TransactionImpl creation, JpaCompliance#isJpaTransactionComplianceEnabled == false
2026-01-14 12:47:21.726 [main] DEBUG org.hibernate.engine.transaction.internal.TransactionImpl - begin
2026-01-14 12:47:21.746 [main] DEBUG org.hibernate.SQL - 
    select
        next_val as id_val 
    from
        reunion_SEQ for update
2026-01-14 12:47:21.748 [main] DEBUG org.hibernate.SQL - 
    update
        reunion_SEQ 
    set
        next_val= ? 
    where
        next_val=?
2026-01-14 12:47:21.756 [main] DEBUG org.hibernate.event.internal.AbstractSaveEventListener - Generated identifier: 202, using strategy: org.hibernate.id.enhanced.SequenceStyleGenerator
2026-01-14 12:47:21.765 [main] DEBUG org.hibernate.engine.transaction.internal.TransactionImpl - committing
2026-01-14 12:47:21.766 [main] DEBUG org.hibernate.event.internal.AbstractFlushingEventListener - Processing flush-time cascades
2026-01-14 12:47:21.767 [main] DEBUG org.hibernate.event.internal.AbstractFlushingEventListener - Dirty checking collections
2026-01-14 12:47:21.770 [main] DEBUG org.hibernate.event.internal.AbstractFlushingEventListener - Flushed: 1 insertions, 0 updates, 0 deletions to 1 objects
2026-01-14 12:47:21.770 [main] DEBUG org.hibernate.event.internal.AbstractFlushingEventListener - Flushed: 0 (re)creations, 0 updates, 0 removals to 0 collections
2026-01-14 12:47:21.772 [main] DEBUG org.hibernate.internal.util.EntityPrinter - Listing entities:
2026-01-14 12:47:21.773 [main] DEBUG org.hibernate.internal.util.EntityPrinter - modelo.Reunion{fecha=2026-01-14T12:47:21.730980, idReunion=202, asunto=mi reunion de hoy}
2026-01-14 12:47:21.779 [main] DEBUG org.hibernate.SQL - 
    insert 
    into
        reunion
        (asunto, fecha, idReunion) 
    values
        (?, ?, ?)
2026-01-14 12:47:21.799 [main] DEBUG org.hibernate.resource.jdbc.internal.LogicalConnectionManagedImpl - Initiating JDBC connection release from afterTransaction
2026-01-14 12:47:21.801 [main] DEBUG org.hibernate.resource.jdbc.internal.LogicalConnectionManagedImpl - Initiating JDBC connection release from afterTransaction
2026-01-14 12:47:21.824 [main] DEBUG org.hibernate.orm.sql.exec - Skipping reading Query result cache data: cache-enabled = false, cache-mode = IGNORE
2026-01-14 12:47:21.838 [main] DEBUG org.hibernate.orm.results - Initializer list:
	  modelo.Reunion -> EntityResultInitializer(modelo.Reunion)@1090749131 (SingleTableEntityPersister(modelo.Reunion))

2026-01-14 12:47:21.842 [main] DEBUG org.hibernate.SQL - 
    select
        r1_0.idReunion,
        r1_0.asunto,
        r1_0.fecha 
    from
        reunion r1_0 
    where
        r1_0.idReunion=?
2026-01-14 12:47:21.848 [main] DEBUG org.hibernate.orm.results.loading.entity - (EntityResultInitializer) Hydrated EntityKey (modelo.Reunion): 1
2026-01-14 12:47:21.849 [main] DEBUG org.hibernate.orm.results.loading.entity - (EntityResultInitializer) Created new entity instance [modelo.Reunion#1] : 1303849183
2026-01-14 12:47:21.850 [main] DEBUG org.hibernate.orm.results - Extracted JDBC value [1] - [Nuevo Asunto --]
2026-01-14 12:47:21.850 [main] DEBUG org.hibernate.orm.results - Extracted JDBC value [2] - [2026-01-14T12:12:40.746250]
2026-01-14 12:47:21.850 [main] DEBUG org.hibernate.orm.results.loading.entity - (EntityResultInitializer) Done materializing entityInstance : modelo.Reunion#1
2026-01-14 12:47:21.851 [main] DEBUG org.hibernate.orm.results.loading - Calling top-level assembler (0 / 1) : org.hibernate.sql.results.graph.entity.internal.EntityAssembler@5c4714ef
2026-01-14 12:47:21.852 [main] DEBUG org.hibernate.resource.jdbc.internal.LogicalConnectionManagedImpl - Initiating JDBC connection release from afterTransaction
2026-01-14 12:47:21.855 [main] DEBUG TestReunion - El asunto es:Nuevo Asunto --
2026-01-14 12:47:21.857 [main] DEBUG org.hibernate.orm.sql.exec - Skipping reading Query result cache data: cache-enabled = false, cache-mode = IGNORE
2026-01-14 12:47:21.857 [main] DEBUG org.hibernate.orm.results - Initializer list:
	  modelo.Reunion -> EntityResultInitializer(modelo.Reunion)@1923302959 (SingleTableEntityPersister(modelo.Reunion))

2026-01-14 12:47:21.857 [main] DEBUG org.hibernate.SQL - 
    select
        r1_0.idReunion,
        r1_0.asunto,
        r1_0.fecha 
    from
        reunion r1_0 
    where
        r1_0.idReunion=?
2026-01-14 12:47:21.860 [main] DEBUG org.hibernate.orm.results.loading.entity - (EntityResultInitializer) Hydrated EntityKey (modelo.Reunion): 1
2026-01-14 12:47:21.860 [main] DEBUG org.hibernate.orm.results.loading.entity - (EntityResultInitializer) Created new entity instance [modelo.Reunion#1] : 1454398423
2026-01-14 12:47:21.860 [main] DEBUG org.hibernate.orm.results - Extracted JDBC value [1] - [Nuevo Asunto --]
2026-01-14 12:47:21.860 [main] DEBUG org.hibernate.orm.results - Extracted JDBC value [2] - [2026-01-14T12:12:40.746250]
2026-01-14 12:47:21.860 [main] DEBUG org.hibernate.orm.results.loading.entity - (EntityResultInitializer) Done materializing entityInstance : modelo.Reunion#1
2026-01-14 12:47:21.860 [main] DEBUG org.hibernate.orm.results.loading - Calling top-level assembler (0 / 1) : org.hibernate.sql.results.graph.entity.internal.EntityAssembler@3e4afd10
2026-01-14 12:47:21.860 [main] DEBUG org.hibernate.resource.jdbc.internal.LogicalConnectionManagedImpl - Initiating JDBC connection release from afterTransaction
2026-01-14 12:47:21.862 [main] DEBUG org.hibernate.engine.transaction.internal.TransactionImpl - On TransactionImpl creation, JpaCompliance#isJpaTransactionComplianceEnabled == false
2026-01-14 12:47:21.862 [main] DEBUG org.hibernate.engine.transaction.internal.TransactionImpl - begin
2026-01-14 12:47:21.863 [main] DEBUG org.hibernate.engine.transaction.internal.TransactionImpl - committing
2026-01-14 12:47:21.863 [main] DEBUG org.hibernate.event.internal.AbstractFlushingEventListener - Processing flush-time cascades
2026-01-14 12:47:21.863 [main] DEBUG org.hibernate.event.internal.AbstractFlushingEventListener - Dirty checking collections
2026-01-14 12:47:21.863 [main] DEBUG org.hibernate.event.internal.AbstractFlushingEventListener - Flushed: 0 insertions, 0 updates, 0 deletions to 1 objects
2026-01-14 12:47:21.864 [main] DEBUG org.hibernate.event.internal.AbstractFlushingEventListener - Flushed: 0 (re)creations, 0 updates, 0 removals to 0 collections
2026-01-14 12:47:21.864 [main] DEBUG org.hibernate.internal.util.EntityPrinter - Listing entities:
2026-01-14 12:47:21.864 [main] DEBUG org.hibernate.internal.util.EntityPrinter - modelo.Reunion{fecha=2026-01-14T12:12:40.746250, idReunion=1, asunto=Nuevo Asunto --}
2026-01-14 12:47:21.865 [main] DEBUG org.hibernate.resource.jdbc.internal.LogicalConnectionManagedImpl - Initiating JDBC connection release from afterTransaction
2026-01-14 12:47:21.866 [main] DEBUG org.hibernate.resource.jdbc.internal.LogicalConnectionManagedImpl - Initiating JDBC connection release from afterTransaction
2026-01-14 13:05:55.533 [main] DEBUG org.jboss.logging - Logging Provider: org.jboss.logging.Log4j2LoggerProvider
2026-01-14 13:05:55.557 [main] DEBUG org.hibernate.integrator.internal.IntegratorServiceImpl - Adding Integrator [org.hibernate.boot.beanvalidation.BeanValidationIntegrator].
2026-01-14 13:05:55.561 [main] DEBUG org.hibernate.integrator.internal.IntegratorServiceImpl - Adding Integrator [org.hibernate.cache.internal.CollectionCacheInvalidator].
2026-01-14 13:05:55.586 [main] INFO  org.hibernate.Version - HHH000412: Hibernate ORM core version 6.4.4.Final
2026-01-14 13:05:55.588 [main] DEBUG org.hibernate.cfg.Environment - HHH000206: 'hibernate.properties' not found
2026-01-14 13:05:55.613 [main] DEBUG org.hibernate.boot.jaxb.internal.stax.LocalXmlResourceResolver - Checking public/system identifiers `-//Hibernate/Hibernate Configuration DTD 3.0//EN`/`https://hibernate.org/dtd/hibernate-configuration-3.0.dtd` as DTD references
2026-01-14 13:05:55.618 [main] DEBUG org.hibernate.boot.cfgxml.internal.JaxbCfgProcessor - cfg.xml document did not define namespaces; wrapping in custom event reader to introduce namespace information
2026-01-14 13:05:55.767 [main] DEBUG org.hibernate.orm.idgen.factory - Ignoring CDI for resolving IdentifierGenerator instances as extended or delayed CDI support was enabled
2026-01-14 13:05:55.771 [main] DEBUG org.hibernate.orm.idgen.factory - Registering IdentifierGenerator strategy [uuid2] -> [org.hibernate.id.UUIDGenerator]
2026-01-14 13:05:55.771 [main] DEBUG org.hibernate.orm.idgen.factory - Registering IdentifierGenerator strategy [guid] -> [org.hibernate.id.GUIDGenerator]
2026-01-14 13:05:55.771 [main] DEBUG org.hibernate.orm.idgen.factory - Registering IdentifierGenerator strategy [uuid] -> [org.hibernate.id.UUIDHexGenerator]
2026-01-14 13:05:55.771 [main] DEBUG org.hibernate.orm.idgen.factory - Registering IdentifierGenerator strategy [uuid.hex] -> [org.hibernate.id.UUIDHexGenerator]
2026-01-14 13:05:55.771 [main] DEBUG org.hibernate.orm.idgen.factory - Registering IdentifierGenerator strategy [assigned] -> [org.hibernate.id.Assigned]
2026-01-14 13:05:55.773 [main] DEBUG org.hibernate.orm.idgen.factory - Registering IdentifierGenerator strategy [identity] -> [org.hibernate.id.IdentityGenerator]
2026-01-14 13:05:55.773 [main] DEBUG org.hibernate.orm.idgen.factory - Registering IdentifierGenerator strategy [select] -> [org.hibernate.id.SelectGenerator]
2026-01-14 13:05:55.774 [main] DEBUG org.hibernate.orm.idgen.factory - Registering IdentifierGenerator strategy [sequence] -> [org.hibernate.id.enhanced.SequenceStyleGenerator]
2026-01-14 13:05:55.774 [main] DEBUG org.hibernate.orm.idgen.factory - Registering IdentifierGenerator strategy [increment] -> [org.hibernate.id.IncrementGenerator]
2026-01-14 13:05:55.775 [main] DEBUG org.hibernate.orm.idgen.factory - Registering IdentifierGenerator strategy [foreign] -> [org.hibernate.id.ForeignGenerator]
2026-01-14 13:05:55.775 [main] DEBUG org.hibernate.orm.idgen.factory - Registering IdentifierGenerator strategy [enhanced-sequence] -> [org.hibernate.id.enhanced.SequenceStyleGenerator]
2026-01-14 13:05:55.776 [main] DEBUG org.hibernate.orm.idgen.factory - Registering IdentifierGenerator strategy [enhanced-table] -> [org.hibernate.id.enhanced.TableGenerator]
2026-01-14 13:05:55.782 [main] DEBUG org.hibernate.cache.internal.RegionFactoryInitiator - Cannot default RegionFactory based on registered strategies as `[]` RegionFactory strategies were registered
2026-01-14 13:05:55.782 [main] INFO  org.hibernate.cache.internal.RegionFactoryInitiator - HHH000026: Second-level cache disabled
2026-01-14 13:05:55.848 [main] DEBUG org.hibernate.type.BasicTypeRegistry - Adding type registration boolean -> org.hibernate.type.BasicTypeReference@3ed0918d
2026-01-14 13:05:55.848 [main] DEBUG org.hibernate.type.BasicTypeRegistry - Adding type registration boolean -> org.hibernate.type.BasicTypeReference@3ed0918d
2026-01-14 13:05:55.848 [main] DEBUG org.hibernate.type.BasicTypeRegistry - Adding type registration java.lang.Boolean -> org.hibernate.type.BasicTypeReference@3ed0918d
2026-01-14 13:05:55.848 [main] DEBUG org.hibernate.type.BasicTypeRegistry - Adding type registration numeric_boolean -> org.hibernate.type.BasicTypeReference@5e268ce6
2026-01-14 13:05:55.849 [main] DEBUG org.hibernate.type.BasicTypeRegistry - Adding type registration org.hibernate.type.NumericBooleanConverter -> org.hibernate.type.BasicTypeReference@5e268ce6
2026-01-14 13:05:55.849 [main] DEBUG org.hibernate.type.BasicTypeRegistry - Adding type registration true_false -> org.hibernate.type.BasicTypeReference@66ec9390
2026-01-14 13:05:55.849 [main] DEBUG org.hibernate.type.BasicTypeRegistry - Adding type registration org.hibernate.type.TrueFalseConverter -> org.hibernate.type.BasicTypeReference@66ec9390
2026-01-14 13:05:55.849 [main] DEBUG org.hibernate.type.BasicTypeRegistry - Adding type registration yes_no -> org.hibernate.type.BasicTypeReference@6e91893
2026-01-14 13:05:55.849 [main] DEBUG org.hibernate.type.BasicTypeRegistry - Adding type registration org.hibernate.type.YesNoConverter -> org.hibernate.type.BasicTypeReference@6e91893
2026-01-14 13:05:55.849 [main] DEBUG org.hibernate.type.BasicTypeRegistry - Adding type registration byte -> org.hibernate.type.BasicTypeReference@3c0fbd3a
2026-01-14 13:05:55.849 [main] DEBUG org.hibernate.type.BasicTypeRegistry - Adding type registration byte -> org.hibernate.type.BasicTypeReference@3c0fbd3a
2026-01-14 13:05:55.849 [main] DEBUG org.hibernate.type.BasicTypeRegistry - Adding type registration java.lang.Byte -> org.hibernate.type.BasicTypeReference@3c0fbd3a
2026-01-14 13:05:55.849 [main] DEBUG org.hibernate.type.BasicTypeRegistry - Adding type registration binary -> org.hibernate.type.BasicTypeReference@562457e1
2026-01-14 13:05:55.850 [main] DEBUG org.hibernate.type.BasicTypeRegistry - Adding type registration byte[] -> org.hibernate.type.BasicTypeReference@562457e1
2026-01-14 13:05:55.850 [main] DEBUG org.hibernate.type.BasicTypeRegistry - Adding type registration [B -> org.hibernate.type.BasicTypeReference@562457e1
2026-01-14 13:05:55.850 [main] DEBUG org.hibernate.type.BasicTypeRegistry - Adding type registration binary_wrapper -> org.hibernate.type.BasicTypeReference@54562ea6
2026-01-14 13:05:55.850 [main] DEBUG org.hibernate.type.BasicTypeRegistry - Adding type registration wrapper-binary -> org.hibernate.type.BasicTypeReference@54562ea6
2026-01-14 13:05:55.850 [main] DEBUG org.hibernate.type.BasicTypeRegistry - Adding type registration image -> org.hibernate.type.BasicTypeReference@1a35993f
2026-01-14 13:05:55.850 [main] DEBUG org.hibernate.type.BasicTypeRegistry - Adding type registration blob -> org.hibernate.type.BasicTypeReference@5b12012e
2026-01-14 13:05:55.850 [main] DEBUG org.hibernate.type.BasicTypeRegistry - Adding type registration java.sql.Blob -> org.hibernate.type.BasicTypeReference@5b12012e
2026-01-14 13:05:55.850 [main] DEBUG org.hibernate.type.BasicTypeRegistry - Adding type registration materialized_blob -> org.hibernate.type.BasicTypeReference@2f7dcef2
2026-01-14 13:05:55.850 [main] DEBUG org.hibernate.type.BasicTypeRegistry - Adding type registration materialized_blob_wrapper -> org.hibernate.type.BasicTypeReference@4a3be6a5
2026-01-14 13:05:55.850 [main] DEBUG org.hibernate.type.BasicTypeRegistry - Adding type registration short -> org.hibernate.type.BasicTypeReference@7cf162bc
2026-01-14 13:05:55.850 [main] DEBUG org.hibernate.type.BasicTypeRegistry - Adding type registration short -> org.hibernate.type.BasicTypeReference@7cf162bc
2026-01-14 13:05:55.850 [main] DEBUG org.hibernate.type.BasicTypeRegistry - Adding type registration java.lang.Short -> org.hibernate.type.BasicTypeReference@7cf162bc
2026-01-14 13:05:55.850 [main] DEBUG org.hibernate.type.BasicTypeRegistry - Adding type registration integer -> org.hibernate.type.BasicTypeReference@3721177d
2026-01-14 13:05:55.852 [main] DEBUG org.hibernate.type.BasicTypeRegistry - Adding type registration int -> org.hibernate.type.BasicTypeReference@3721177d
2026-01-14 13:05:55.852 [main] DEBUG org.hibernate.type.BasicTypeRegistry - Adding type registration java.lang.Integer -> org.hibernate.type.BasicTypeReference@3721177d
2026-01-14 13:05:55.852 [main] DEBUG org.hibernate.type.BasicTypeRegistry - Adding type registration long -> org.hibernate.type.BasicTypeReference@766a4535
2026-01-14 13:05:55.852 [main] DEBUG org.hibernate.type.BasicTypeRegistry - Adding type registration long -> org.hibernate.type.BasicTypeReference@766a4535
2026-01-14 13:05:55.852 [main] DEBUG org.hibernate.type.BasicTypeRegistry - Adding type registration java.lang.Long -> org.hibernate.type.BasicTypeReference@766a4535
2026-01-14 13:05:55.852 [main] DEBUG org.hibernate.type.BasicTypeRegistry - Adding type registration float -> org.hibernate.type.BasicTypeReference@63718b93
2026-01-14 13:05:55.853 [main] DEBUG org.hibernate.type.BasicTypeRegistry - Adding type registration float -> org.hibernate.type.BasicTypeReference@63718b93
2026-01-14 13:05:55.853 [main] DEBUG org.hibernate.type.BasicTypeRegistry - Adding type registration java.lang.Float -> org.hibernate.type.BasicTypeReference@63718b93
2026-01-14 13:05:55.853 [main] DEBUG org.hibernate.type.BasicTypeRegistry - Adding type registration double -> org.hibernate.type.BasicTypeReference@14e2e1c3
2026-01-14 13:05:55.853 [main] DEBUG org.hibernate.type.BasicTypeRegistry - Adding type registration double -> org.hibernate.type.BasicTypeReference@14e2e1c3
2026-01-14 13:05:55.853 [main] DEBUG org.hibernate.type.BasicTypeRegistry - Adding type registration java.lang.Double -> org.hibernate.type.BasicTypeReference@14e2e1c3
2026-01-14 13:05:55.853 [main] DEBUG org.hibernate.type.BasicTypeRegistry - Adding type registration big_integer -> org.hibernate.type.BasicTypeReference@2b4786dd
2026-01-14 13:05:55.853 [main] DEBUG org.hibernate.type.BasicTypeRegistry - Adding type registration java.math.BigInteger -> org.hibernate.type.BasicTypeReference@2b4786dd
2026-01-14 13:05:55.853 [main] DEBUG org.hibernate.type.BasicTypeRegistry - Adding type registration big_decimal -> org.hibernate.type.BasicTypeReference@f202d6d
2026-01-14 13:05:55.853 [main] DEBUG org.hibernate.type.BasicTypeRegistry - Adding type registration java.math.BigDecimal -> org.hibernate.type.BasicTypeReference@f202d6d
2026-01-14 13:05:55.853 [main] DEBUG org.hibernate.type.BasicTypeRegistry - Adding type registration character -> org.hibernate.type.BasicTypeReference@60e21209
2026-01-14 13:05:55.853 [main] DEBUG org.hibernate.type.BasicTypeRegistry - Adding type registration char -> org.hibernate.type.BasicTypeReference@60e21209
2026-01-14 13:05:55.853 [main] DEBUG org.hibernate.type.BasicTypeRegistry - Adding type registration java.lang.Character -> org.hibernate.type.BasicTypeReference@60e21209
2026-01-14 13:05:55.853 [main] DEBUG org.hibernate.type.BasicTypeRegistry - Adding type registration character_nchar -> org.hibernate.type.BasicTypeReference@630d1b2f
2026-01-14 13:05:55.853 [main] DEBUG org.hibernate.type.BasicTypeRegistry - Adding type registration string -> org.hibernate.type.BasicTypeReference@746b18fd
2026-01-14 13:05:55.853 [main] DEBUG org.hibernate.type.BasicTypeRegistry - Adding type registration java.lang.String -> org.hibernate.type.BasicTypeReference@746b18fd
2026-01-14 13:05:55.853 [main] DEBUG org.hibernate.type.BasicTypeRegistry - Adding type registration nstring -> org.hibernate.type.BasicTypeReference@7a2e0858
2026-01-14 13:05:55.854 [main] DEBUG org.hibernate.type.BasicTypeRegistry - Adding type registration characters -> org.hibernate.type.BasicTypeReference@aac3f4e
2026-01-14 13:05:55.854 [main] DEBUG org.hibernate.type.BasicTypeRegistry - Adding type registration char[] -> org.hibernate.type.BasicTypeReference@aac3f4e
2026-01-14 13:05:55.854 [main] DEBUG org.hibernate.type.BasicTypeRegistry - Adding type registration [C -> org.hibernate.type.BasicTypeReference@aac3f4e
2026-01-14 13:05:55.854 [main] DEBUG org.hibernate.type.BasicTypeRegistry - Adding type registration wrapper-characters -> org.hibernate.type.BasicTypeReference@1f38957
2026-01-14 13:05:55.854 [main] DEBUG org.hibernate.type.BasicTypeRegistry - Adding type registration text -> org.hibernate.type.BasicTypeReference@2df3c564
2026-01-14 13:05:55.854 [main] DEBUG org.hibernate.type.BasicTypeRegistry - Adding type registration ntext -> org.hibernate.type.BasicTypeReference@2715644a
2026-01-14 13:05:55.854 [main] DEBUG org.hibernate.type.BasicTypeRegistry - Adding type registration clob -> org.hibernate.type.BasicTypeReference@4c2869a9
2026-01-14 13:05:55.854 [main] DEBUG org.hibernate.type.BasicTypeRegistry - Adding type registration java.sql.Clob -> org.hibernate.type.BasicTypeReference@4c2869a9
2026-01-14 13:05:55.854 [main] DEBUG org.hibernate.type.BasicTypeRegistry - Adding type registration nclob -> org.hibernate.type.BasicTypeReference@518cf84a
2026-01-14 13:05:55.854 [main] DEBUG org.hibernate.type.BasicTypeRegistry - Adding type registration java.sql.NClob -> org.hibernate.type.BasicTypeReference@518cf84a
2026-01-14 13:05:55.855 [main] DEBUG org.hibernate.type.BasicTypeRegistry - Adding type registration materialized_clob -> org.hibernate.type.BasicTypeReference@62e7dffa
2026-01-14 13:05:55.855 [main] DEBUG org.hibernate.type.BasicTypeRegistry - Adding type registration materialized_clob_char_array -> org.hibernate.type.BasicTypeReference@6edcd0d8
2026-01-14 13:05:55.855 [main] DEBUG org.hibernate.type.BasicTypeRegistry - Adding type registration materialized_clob_character_array -> org.hibernate.type.BasicTypeReference@6136998b
2026-01-14 13:05:55.855 [main] DEBUG org.hibernate.type.BasicTypeRegistry - Adding type registration materialized_nclob -> org.hibernate.type.BasicTypeReference@57ce634f
2026-01-14 13:05:55.855 [main] DEBUG org.hibernate.type.BasicTypeRegistry - Adding type registration materialized_nclob_character_array -> org.hibernate.type.BasicTypeReference@b8a7e43
2026-01-14 13:05:55.855 [main] DEBUG org.hibernate.type.BasicTypeRegistry - Adding type registration materialized_nclob_char_array -> org.hibernate.type.BasicTypeReference@35835fa
2026-01-14 13:05:55.855 [main] DEBUG org.hibernate.type.BasicTypeRegistry - Adding type registration Duration -> org.hibernate.type.BasicTypeReference@56f71edb
2026-01-14 13:05:55.855 [main] DEBUG org.hibernate.type.BasicTypeRegistry - Adding type registration java.time.Duration -> org.hibernate.type.BasicTypeReference@56f71edb
2026-01-14 13:05:55.856 [main] DEBUG org.hibernate.type.BasicTypeRegistry - Adding type registration LocalDateTime -> org.hibernate.type.BasicTypeReference@7207cb51
2026-01-14 13:05:55.856 [main] DEBUG org.hibernate.type.BasicTypeRegistry - Adding type registration java.time.LocalDateTime -> org.hibernate.type.BasicTypeReference@7207cb51
2026-01-14 13:05:55.856 [main] DEBUG org.hibernate.type.BasicTypeRegistry - Adding type registration LocalDate -> org.hibernate.type.BasicTypeReference@2a27cb34
2026-01-14 13:05:55.856 [main] DEBUG org.hibernate.type.BasicTypeRegistry - Adding type registration java.time.LocalDate -> org.hibernate.type.BasicTypeReference@2a27cb34
2026-01-14 13:05:55.856 [main] DEBUG org.hibernate.type.BasicTypeRegistry - Adding type registration LocalTime -> org.hibernate.type.BasicTypeReference@6892cc6f
2026-01-14 13:05:55.856 [main] DEBUG org.hibernate.type.BasicTypeRegistry - Adding type registration java.time.LocalTime -> org.hibernate.type.BasicTypeReference@6892cc6f
2026-01-14 13:05:55.856 [main] DEBUG org.hibernate.type.BasicTypeRegistry - Adding type registration OffsetDateTime -> org.hibernate.type.BasicTypeReference@6fd1660
2026-01-14 13:05:55.856 [main] DEBUG org.hibernate.type.BasicTypeRegistry - Adding type registration java.time.OffsetDateTime -> org.hibernate.type.BasicTypeReference@6fd1660
2026-01-14 13:05:55.856 [main] DEBUG org.hibernate.type.BasicTypeRegistry - Adding type registration OffsetDateTimeWithTimezone -> org.hibernate.type.BasicTypeReference@4a6c18ad
2026-01-14 13:05:55.856 [main] DEBUG org.hibernate.type.BasicTypeRegistry - Adding type registration OffsetDateTimeWithoutTimezone -> org.hibernate.type.BasicTypeReference@5e8604bf
2026-01-14 13:05:55.856 [main] DEBUG org.hibernate.type.BasicTypeRegistry - Adding type registration OffsetTime -> org.hibernate.type.BasicTypeReference@20095ab4
2026-01-14 13:05:55.857 [main] DEBUG org.hibernate.type.BasicTypeRegistry - Adding type registration java.time.OffsetTime -> org.hibernate.type.BasicTypeReference@20095ab4
2026-01-14 13:05:55.857 [main] DEBUG org.hibernate.type.BasicTypeRegistry - Adding type registration OffsetTimeUtc -> org.hibernate.type.BasicTypeReference@4e2916c3
2026-01-14 13:05:55.857 [main] DEBUG org.hibernate.type.BasicTypeRegistry - Adding type registration OffsetTimeWithTimezone -> org.hibernate.type.BasicTypeReference@64aad6db
2026-01-14 13:05:55.857 [main] DEBUG org.hibernate.type.BasicTypeRegistry - Adding type registration OffsetTimeWithoutTimezone -> org.hibernate.type.BasicTypeReference@ae7950d
2026-01-14 13:05:55.857 [main] DEBUG org.hibernate.type.BasicTypeRegistry - Adding type registration ZonedDateTime -> org.hibernate.type.BasicTypeReference@60d1b21f
2026-01-14 13:05:55.857 [main] DEBUG org.hibernate.type.BasicTypeRegistry - Adding type registration java.time.ZonedDateTime -> org.hibernate.type.BasicTypeReference@60d1b21f
2026-01-14 13:05:55.857 [main] DEBUG org.hibernate.type.BasicTypeRegistry - Adding type registration ZonedDateTimeWithTimezone -> org.hibernate.type.BasicTypeReference@66c83fc8
2026-01-14 13:05:55.857 [main] DEBUG org.hibernate.type.BasicTypeRegistry - Adding type registration ZonedDateTimeWithoutTimezone -> org.hibernate.type.BasicTypeReference@546621c4
2026-01-14 13:05:55.857 [main] DEBUG org.hibernate.type.BasicTypeRegistry - Adding type registration date -> org.hibernate.type.BasicTypeReference@621f89b8
2026-01-14 13:05:55.858 [main] DEBUG org.hibernate.type.BasicTypeRegistry - Adding type registration java.sql.Date -> org.hibernate.type.BasicTypeReference@621f89b8
2026-01-14 13:05:55.858 [main] DEBUG org.hibernate.type.BasicTypeRegistry - Adding type registration time -> org.hibernate.type.BasicTypeReference@f339eae
2026-01-14 13:05:55.858 [main] DEBUG org.hibernate.type.BasicTypeRegistry - Adding type registration java.sql.Time -> org.hibernate.type.BasicTypeReference@f339eae
2026-01-14 13:05:55.858 [main] DEBUG org.hibernate.type.BasicTypeRegistry - Adding type registration timestamp -> org.hibernate.type.BasicTypeReference@2822c6ff
2026-01-14 13:05:55.858 [main] DEBUG org.hibernate.type.BasicTypeRegistry - Adding type registration java.sql.Timestamp -> org.hibernate.type.BasicTypeReference@2822c6ff
2026-01-14 13:05:55.858 [main] DEBUG org.hibernate.type.BasicTypeRegistry - Adding type registration java.util.Date -> org.hibernate.type.BasicTypeReference@2822c6ff
2026-01-14 13:05:55.859 [main] DEBUG org.hibernate.type.BasicTypeRegistry - Adding type registration calendar -> org.hibernate.type.BasicTypeReference@4dafba3e
2026-01-14 13:05:55.859 [main] DEBUG org.hibernate.type.BasicTypeRegistry - Adding type registration java.util.Calendar -> org.hibernate.type.BasicTypeReference@4dafba3e
2026-01-14 13:05:55.859 [main] DEBUG org.hibernate.type.BasicTypeRegistry - Adding type registration java.util.GregorianCalendar -> org.hibernate.type.BasicTypeReference@4dafba3e
2026-01-14 13:05:55.859 [main] DEBUG org.hibernate.type.BasicTypeRegistry - Adding type registration calendar_date -> org.hibernate.type.BasicTypeReference@53e3a87a
2026-01-14 13:05:55.859 [main] DEBUG org.hibernate.type.BasicTypeRegistry - Adding type registration calendar_time -> org.hibernate.type.BasicTypeReference@40368a46
2026-01-14 13:05:55.859 [main] DEBUG org.hibernate.type.BasicTypeRegistry - Adding type registration instant -> org.hibernate.type.BasicTypeReference@7e9da981
2026-01-14 13:05:55.859 [main] DEBUG org.hibernate.type.BasicTypeRegistry - Adding type registration java.time.Instant -> org.hibernate.type.BasicTypeReference@7e9da981
2026-01-14 13:05:55.859 [main] DEBUG org.hibernate.type.BasicTypeRegistry - Adding type registration uuid -> org.hibernate.type.BasicTypeReference@4ed38226
2026-01-14 13:05:55.859 [main] DEBUG org.hibernate.type.BasicTypeRegistry - Adding type registration java.util.UUID -> org.hibernate.type.BasicTypeReference@4ed38226
2026-01-14 13:05:55.859 [main] DEBUG org.hibernate.type.BasicTypeRegistry - Adding type registration pg-uuid -> org.hibernate.type.BasicTypeReference@4ed38226
2026-01-14 13:05:55.859 [main] DEBUG org.hibernate.type.BasicTypeRegistry - Adding type registration uuid-binary -> org.hibernate.type.BasicTypeReference@3d43fe
2026-01-14 13:05:55.859 [main] DEBUG org.hibernate.type.BasicTypeRegistry - Adding type registration uuid-char -> org.hibernate.type.BasicTypeReference@74ad8d05
2026-01-14 13:05:55.859 [main] DEBUG org.hibernate.type.BasicTypeRegistry - Adding type registration class -> org.hibernate.type.BasicTypeReference@676ff3b0
2026-01-14 13:05:55.859 [main] DEBUG org.hibernate.type.BasicTypeRegistry - Adding type registration java.lang.Class -> org.hibernate.type.BasicTypeReference@676ff3b0
2026-01-14 13:05:55.860 [main] DEBUG org.hibernate.type.BasicTypeRegistry - Adding type registration currency -> org.hibernate.type.BasicTypeReference@35ff8fc9
2026-01-14 13:05:55.860 [main] DEBUG org.hibernate.type.BasicTypeRegistry - Adding type registration Currency -> org.hibernate.type.BasicTypeReference@35ff8fc9
2026-01-14 13:05:55.860 [main] DEBUG org.hibernate.type.BasicTypeRegistry - Adding type registration java.util.Currency -> org.hibernate.type.BasicTypeReference@35ff8fc9
2026-01-14 13:05:55.860 [main] DEBUG org.hibernate.type.BasicTypeRegistry - Adding type registration locale -> org.hibernate.type.BasicTypeReference@5fb7183b
2026-01-14 13:05:55.860 [main] DEBUG org.hibernate.type.BasicTypeRegistry - Adding type registration java.util.Locale -> org.hibernate.type.BasicTypeReference@5fb7183b
2026-01-14 13:05:55.860 [main] DEBUG org.hibernate.type.BasicTypeRegistry - Adding type registration serializable -> org.hibernate.type.BasicTypeReference@476a736d
2026-01-14 13:05:55.860 [main] DEBUG org.hibernate.type.BasicTypeRegistry - Adding type registration java.io.Serializable -> org.hibernate.type.BasicTypeReference@476a736d
2026-01-14 13:05:55.860 [main] DEBUG org.hibernate.type.BasicTypeRegistry - Adding type registration timezone -> org.hibernate.type.BasicTypeReference@5f80fa43
2026-01-14 13:05:55.860 [main] DEBUG org.hibernate.type.BasicTypeRegistry - Adding type registration java.util.TimeZone -> org.hibernate.type.BasicTypeReference@5f80fa43
2026-01-14 13:05:55.860 [main] DEBUG org.hibernate.type.BasicTypeRegistry - Adding type registration ZoneOffset -> org.hibernate.type.BasicTypeReference@16c8b7bd
2026-01-14 13:05:55.860 [main] DEBUG org.hibernate.type.BasicTypeRegistry - Adding type registration java.time.ZoneOffset -> org.hibernate.type.BasicTypeReference@16c8b7bd
2026-01-14 13:05:55.860 [main] DEBUG org.hibernate.type.BasicTypeRegistry - Adding type registration url -> org.hibernate.type.BasicTypeReference@7159139f
2026-01-14 13:05:55.860 [main] DEBUG org.hibernate.type.BasicTypeRegistry - Adding type registration java.net.URL -> org.hibernate.type.BasicTypeReference@7159139f
2026-01-14 13:05:55.860 [main] DEBUG org.hibernate.type.BasicTypeRegistry - Adding type registration vector -> org.hibernate.type.BasicTypeReference@65bcf7c2
2026-01-14 13:05:55.860 [main] DEBUG org.hibernate.type.BasicTypeRegistry - Adding type registration row_version -> org.hibernate.type.BasicTypeReference@3db64bd4
2026-01-14 13:05:55.864 [main] DEBUG org.hibernate.type.BasicTypeRegistry - Adding type registration object -> org.hibernate.type.JavaObjectType@1be59f28
2026-01-14 13:05:55.864 [main] DEBUG org.hibernate.type.BasicTypeRegistry - Adding type registration java.lang.Object -> org.hibernate.type.JavaObjectType@1be59f28
2026-01-14 13:05:55.865 [main] DEBUG org.hibernate.type.BasicTypeRegistry - Adding type registration null -> org.hibernate.type.NullType@253b380a
2026-01-14 13:05:55.865 [main] DEBUG org.hibernate.type.BasicTypeRegistry - Adding type registration imm_date -> org.hibernate.type.BasicTypeReference@29c2c826
2026-01-14 13:05:55.865 [main] DEBUG org.hibernate.type.BasicTypeRegistry - Adding type registration imm_time -> org.hibernate.type.BasicTypeReference@3350ebdd
2026-01-14 13:05:55.866 [main] DEBUG org.hibernate.type.BasicTypeRegistry - Adding type registration imm_timestamp -> org.hibernate.type.BasicTypeReference@6818d900
2026-01-14 13:05:55.866 [main] DEBUG org.hibernate.type.BasicTypeRegistry - Adding type registration imm_calendar -> org.hibernate.type.BasicTypeReference@149f5761
2026-01-14 13:05:55.866 [main] DEBUG org.hibernate.type.BasicTypeRegistry - Adding type registration imm_calendar_date -> org.hibernate.type.BasicTypeReference@2ba33e2c
2026-01-14 13:05:55.866 [main] DEBUG org.hibernate.type.BasicTypeRegistry - Adding type registration imm_calendar_time -> org.hibernate.type.BasicTypeReference@1f193686
2026-01-14 13:05:55.866 [main] DEBUG org.hibernate.type.BasicTypeRegistry - Adding type registration imm_binary -> org.hibernate.type.BasicTypeReference@31e72cbc
2026-01-14 13:05:55.866 [main] DEBUG org.hibernate.type.BasicTypeRegistry - Adding type registration imm_serializable -> org.hibernate.type.BasicTypeReference@5fad41be
2026-01-14 13:05:55.891 [main] WARN  org.hibernate.orm.connections.pooling - HHH10001002: Using built-in connection pool (not intended for production use)
2026-01-14 13:05:55.895 [main] INFO  org.hibernate.orm.connections.pooling - HHH10001005: Loaded JDBC driver class: com.mysql.cj.jdbc.Driver
2026-01-14 13:05:55.895 [main] INFO  org.hibernate.orm.connections.pooling - HHH10001012: Connecting with JDBC URL [jdbc:mysql://localhost:3307/accesoDatosDAM?useSSL=false&serverTimezone=UTC]
2026-01-14 13:05:55.896 [main] INFO  org.hibernate.orm.connections.pooling - HHH10001001: Connection properties: {password=usuario, user=usuario2}
2026-01-14 13:05:55.896 [main] INFO  org.hibernate.orm.connections.pooling - HHH10001003: Autocommit mode: false
2026-01-14 13:05:55.897 [main] DEBUG org.hibernate.orm.connections.pooling - Initializing Connection pool with 1 Connections
2026-01-14 13:05:55.897 [main] INFO  org.hibernate.orm.connections.pooling - HHH10001115: Connection pool size: 20 (min=1)
2026-01-14 13:05:56.036 [main] DEBUG org.hibernate.engine.jdbc.env.internal.JdbcEnvironmentInitiator - Database ->
       name : MySQL
    version : 8.4.7
      major : 8
      minor : 4
2026-01-14 13:05:56.036 [main] DEBUG org.hibernate.engine.jdbc.env.internal.JdbcEnvironmentInitiator - Driver ->
       name : MySQL Connector/J
    version : mysql-connector-j-8.4.0 (Revision: 1c3f5c149e0bfe31c7fbeb24e2d260cd890972c4)
      major : 8
      minor : 4
2026-01-14 13:05:56.036 [main] DEBUG org.hibernate.engine.jdbc.env.internal.JdbcEnvironmentInitiator - JDBC version : 4.2
2026-01-14 13:05:56.078 [main] WARN  org.hibernate.orm.deprecation - HHH90000025: MySQLDialect does not need to be specified explicitly using 'hibernate.dialect' (remove the property setting and it will be selected by default)
2026-01-14 13:05:56.079 [main] DEBUG org.hibernate.orm.dialect - HHH035001: Using dialect: org.hibernate.dialect.MySQLDialect, version: 8.4.7
2026-01-14 13:05:56.087 [main] DEBUG org.hibernate.engine.jdbc.env.spi.IdentifierHelperBuilder - JDBC driver metadata reported database stores quoted identifiers in more than one case
2026-01-14 13:05:56.087 [main] DEBUG org.hibernate.engine.jdbc.env.spi.IdentifierHelperBuilder - IdentifierCaseStrategy for both quoted and unquoted identifiers was set to the same strategy [MIXED]; that will likely lead to problems in schema update and validation if using quoted identifiers
2026-01-14 13:05:56.102 [main] DEBUG org.hibernate.type.descriptor.sql.spi.DdlTypeRegistry - addDescriptor(12, org.hibernate.type.descriptor.sql.internal.CapacityDependentDdlType@5b3a7ef5) replaced previous registration(org.hibernate.type.descriptor.sql.internal.CapacityDependentDdlType@8851ce1)
2026-01-14 13:05:56.102 [main] DEBUG org.hibernate.type.descriptor.sql.spi.DdlTypeRegistry - addDescriptor(-9, org.hibernate.type.descriptor.sql.internal.CapacityDependentDdlType@2d9dff65) replaced previous registration(org.hibernate.type.descriptor.sql.internal.CapacityDependentDdlType@5ef6fd7f)
2026-01-14 13:05:56.102 [main] DEBUG org.hibernate.type.descriptor.sql.spi.DdlTypeRegistry - addDescriptor(-3, org.hibernate.type.descriptor.sql.internal.CapacityDependentDdlType@5633ed82) replaced previous registration(org.hibernate.type.descriptor.sql.internal.CapacityDependentDdlType@767191b1)
2026-01-14 13:05:56.102 [main] DEBUG org.hibernate.type.descriptor.sql.spi.DdlTypeRegistry - addDescriptor(4003, org.hibernate.type.descriptor.sql.internal.DdlTypeImpl@34d52ecd) replaced previous registration(org.hibernate.type.descriptor.sql.internal.DdlTypeImpl@5d21202d)
2026-01-14 13:05:56.102 [main] DEBUG org.hibernate.type.descriptor.sql.spi.DdlTypeRegistry - addDescriptor(4001, org.hibernate.type.descriptor.sql.internal.DdlTypeImpl@14b789f6) replaced previous registration(org.hibernate.type.descriptor.sql.internal.DdlTypeImpl@6eb17ec8)
2026-01-14 13:05:56.102 [main] DEBUG org.hibernate.type.descriptor.sql.spi.DdlTypeRegistry - addDescriptor(4002, org.hibernate.type.descriptor.sql.internal.DdlTypeImpl@730f9695) replaced previous registration(org.hibernate.type.descriptor.sql.internal.DdlTypeImpl@277bf091)
2026-01-14 13:05:56.102 [main] DEBUG org.hibernate.type.descriptor.sql.spi.DdlTypeRegistry - addDescriptor(2004, org.hibernate.type.descriptor.sql.internal.CapacityDependentDdlType@fab35b1) replaced previous registration(org.hibernate.type.descriptor.sql.internal.DdlTypeImpl@6a094db2)
2026-01-14 13:05:56.103 [main] DEBUG org.hibernate.type.descriptor.sql.spi.DdlTypeRegistry - addDescriptor(2005, org.hibernate.type.descriptor.sql.internal.CapacityDependentDdlType@65bdd558) replaced previous registration(org.hibernate.type.descriptor.sql.internal.DdlTypeImpl@1dba4e06)
2026-01-14 13:05:56.103 [main] DEBUG org.hibernate.type.descriptor.sql.spi.DdlTypeRegistry - addDescriptor(2011, org.hibernate.type.descriptor.sql.internal.CapacityDependentDdlType@4beaf6bd) replaced previous registration(org.hibernate.type.descriptor.sql.internal.DdlTypeImpl@6b2e46af)
2026-01-14 13:05:56.104 [main] DEBUG org.hibernate.type.descriptor.jdbc.spi.JdbcTypeRegistry - addDescriptor(NCharTypeDescriptor) replaced previous registration(CharTypeDescriptor)
2026-01-14 13:05:56.104 [main] DEBUG org.hibernate.type.descriptor.jdbc.spi.JdbcTypeRegistry - addDescriptor(NVarcharTypeDescriptor) replaced previous registration(VarcharTypeDescriptor)
2026-01-14 13:05:56.105 [main] DEBUG org.hibernate.type.descriptor.jdbc.spi.JdbcTypeRegistry - addDescriptor(LongNVarcharTypeDescriptor) replaced previous registration(LongVarcharTypeDescriptor)
2026-01-14 13:05:56.108 [main] DEBUG org.hibernate.type.descriptor.jdbc.spi.JdbcTypeRegistry - addDescriptor(NClobTypeDescriptor(DEFAULT)) replaced previous registration(ClobTypeDescriptor(DEFAULT))
2026-01-14 13:05:56.108 [main] DEBUG org.hibernate.type.descriptor.jdbc.spi.JdbcTypeRegistry - addDescriptor(2005, ClobTypeDescriptor(STREAM_BINDING)) replaced previous registration(ClobTypeDescriptor(DEFAULT))
2026-01-14 13:05:56.110 [main] DEBUG org.hibernate.type.BasicTypeRegistry - Adding type registration null -> org.hibernate.type.NullType@26f46fa6
2026-01-14 13:05:56.110 [main] DEBUG org.hibernate.type.BasicTypeRegistry - Type registration key [null] overrode previous entry : `org.hibernate.type.NullType@253b380a`
2026-01-14 13:05:56.114 [main] DEBUG org.hibernate.type.BasicTypeRegistry - Adding type registration org.hibernate.type.DurationType -> basicType@1(java.time.Duration,3015)
2026-01-14 13:05:56.114 [main] DEBUG org.hibernate.type.BasicTypeRegistry - Adding type registration Duration -> basicType@1(java.time.Duration,3015)
2026-01-14 13:05:56.114 [main] DEBUG org.hibernate.type.BasicTypeRegistry - Adding type registration java.time.Duration -> basicType@1(java.time.Duration,3015)
2026-01-14 13:05:56.117 [main] DEBUG org.hibernate.type.BasicTypeRegistry - Adding type registration org.hibernate.type.OffsetDateTimeType -> basicType@2(java.time.OffsetDateTime,3003)
2026-01-14 13:05:56.117 [main] DEBUG org.hibernate.type.BasicTypeRegistry - Adding type registration OffsetDateTime -> basicType@2(java.time.OffsetDateTime,3003)
2026-01-14 13:05:56.117 [main] DEBUG org.hibernate.type.BasicTypeRegistry - Adding type registration java.time.OffsetDateTime -> basicType@2(java.time.OffsetDateTime,3003)
2026-01-14 13:05:56.117 [main] DEBUG org.hibernate.type.BasicTypeRegistry - Adding type registration org.hibernate.type.ZonedDateTimeType -> basicType@3(java.time.ZonedDateTime,3003)
2026-01-14 13:05:56.117 [main] DEBUG org.hibernate.type.BasicTypeRegistry - Adding type registration ZonedDateTime -> basicType@3(java.time.ZonedDateTime,3003)
2026-01-14 13:05:56.117 [main] DEBUG org.hibernate.type.BasicTypeRegistry - Adding type registration java.time.ZonedDateTime -> basicType@3(java.time.ZonedDateTime,3003)
2026-01-14 13:05:56.119 [main] DEBUG org.hibernate.type.BasicTypeRegistry - Adding type registration org.hibernate.type.OffsetTimeType -> basicType@4(java.time.OffsetTime,3007)
2026-01-14 13:05:56.119 [main] DEBUG org.hibernate.type.BasicTypeRegistry - Adding type registration OffsetTime -> basicType@4(java.time.OffsetTime,3007)
2026-01-14 13:05:56.119 [main] DEBUG org.hibernate.type.BasicTypeRegistry - Adding type registration java.time.OffsetTime -> basicType@4(java.time.OffsetTime,3007)
2026-01-14 13:05:56.122 [main] DEBUG org.hibernate.type.spi.TypeConfiguration$Scope - Scoping TypeConfiguration [org.hibernate.type.spi.TypeConfiguration@5e519ad3] to MetadataBuildingContext [org.hibernate.boot.internal.MetadataBuildingContextRootImpl@7bc44ce8]
2026-01-14 13:05:56.149 [main] DEBUG org.hibernate.boot.model.relational.Namespace - Created database namespace [logicalName=Name{catalog=null, schema=null}, physicalName=Name{catalog=null, schema=null}]
2026-01-14 13:05:56.169 [main] DEBUG org.hibernate.boot.model.internal.EntityBinder - Binding entity from annotated class: modelo.Reunion
2026-01-14 13:05:56.176 [main] DEBUG org.hibernate.boot.model.internal.EntityBinder - Import with entity name Reunion
2026-01-14 13:05:56.184 [main] DEBUG org.hibernate.boot.model.internal.EntityBinder - Bind entity modelo.Reunion on table reunion
2026-01-14 13:05:56.191 [main] DEBUG org.hibernate.boot.model.internal.AnnotatedColumn - Binding column: AnnotatedDiscriminatorColumn(column='DTYPE')
2026-01-14 13:05:56.205 [main] DEBUG org.hibernate.boot.model.internal.AnnotatedColumn - Binding column: AnnotatedColumn()
2026-01-14 13:05:56.205 [main] DEBUG org.hibernate.boot.internal.ClassLoaderAccessImpl - Not known whether passed class name [modelo.Reunion] is safe
2026-01-14 13:05:56.205 [main] DEBUG org.hibernate.boot.internal.ClassLoaderAccessImpl - No temp ClassLoader provided; using live ClassLoader for loading potentially unsafe class : modelo.Reunion
2026-01-14 13:05:56.207 [main] DEBUG org.hibernate.boot.model.internal.PropertyBinder - MetadataSourceProcessor property idReunion with lazy=false
2026-01-14 13:05:56.210 [main] DEBUG org.hibernate.boot.model.internal.AbstractPropertyHolder - Attempting to locate auto-apply AttributeConverter for property [modelo.Reunion:idReunion]
2026-01-14 13:05:56.212 [main] DEBUG org.hibernate.boot.model.internal.BasicValueBinder - building BasicValue for idReunion
2026-01-14 13:05:56.215 [main] DEBUG org.hibernate.mapping.BasicValue - Skipping column re-registration: reunion.idReunion
2026-01-14 13:05:56.216 [main] DEBUG org.hibernate.boot.model.internal.PropertyBinder - Building property idReunion
2026-01-14 13:05:56.218 [main] DEBUG org.hibernate.boot.model.internal.BinderHelper - #makeIdGenerator(BasicValue([Column(idReunion)]), idReunion, org.hibernate.id.enhanced.SequenceStyleGenerator, , ...)
2026-01-14 13:05:56.218 [main] DEBUG org.hibernate.boot.model.internal.AnnotatedColumn - Binding column: AnnotatedColumn()
2026-01-14 13:05:56.219 [main] DEBUG org.hibernate.boot.model.internal.PropertyBinder - MetadataSourceProcessor property asunto with lazy=false
2026-01-14 13:05:56.219 [main] DEBUG org.hibernate.boot.model.internal.AbstractPropertyHolder - Attempting to locate auto-apply AttributeConverter for property [modelo.Reunion:asunto]
2026-01-14 13:05:56.219 [main] DEBUG org.hibernate.boot.model.internal.BasicValueBinder - building BasicValue for asunto
2026-01-14 13:05:56.219 [main] DEBUG org.hibernate.mapping.BasicValue - Skipping column re-registration: reunion.asunto
2026-01-14 13:05:56.219 [main] DEBUG org.hibernate.boot.model.internal.PropertyBinder - Building property asunto
2026-01-14 13:05:56.220 [main] DEBUG org.hibernate.boot.model.internal.AnnotatedColumn - Binding column: AnnotatedColumn()
2026-01-14 13:05:56.220 [main] DEBUG org.hibernate.boot.model.internal.PropertyBinder - MetadataSourceProcessor property fecha with lazy=false
2026-01-14 13:05:56.220 [main] DEBUG org.hibernate.boot.model.internal.AbstractPropertyHolder - Attempting to locate auto-apply AttributeConverter for property [modelo.Reunion:fecha]
2026-01-14 13:05:56.220 [main] DEBUG org.hibernate.boot.model.internal.BasicValueBinder - building BasicValue for fecha
2026-01-14 13:05:56.220 [main] DEBUG org.hibernate.mapping.BasicValue - Skipping column re-registration: reunion.fecha
2026-01-14 13:05:56.220 [main] DEBUG org.hibernate.boot.model.internal.PropertyBinder - Building property fecha
2026-01-14 13:05:56.222 [main] DEBUG org.hibernate.boot.registry.classloading.internal.ClassLoaderServiceImpl - HHH000194: Package not found or wo package-info.java: modelo
2026-01-14 13:05:56.226 [main] DEBUG org.hibernate.boot.model.internal.BasicValueBinder - Starting `BasicValueBinder#fillSimpleValue` for idReunion
2026-01-14 13:05:56.226 [main] DEBUG org.hibernate.boot.model.internal.BasicValueBinder - Starting `BasicValueBinder#fillSimpleValue` for asunto
2026-01-14 13:05:56.227 [main] DEBUG org.hibernate.boot.model.internal.BasicValueBinder - Starting `BasicValueBinder#fillSimpleValue` for fecha
2026-01-14 13:05:56.229 [main] DEBUG org.hibernate.mapping.PrimaryKey - Forcing column [idreunion] to be non-null as it is part of the primary key for table [reunion]
2026-01-14 13:05:56.370 [main] DEBUG org.hibernate.internal.SessionFactoryImpl - Building session factory
2026-01-14 13:05:56.405 [main] DEBUG org.hibernate.service.internal.SessionFactoryServiceRegistryImpl - EventListenerRegistry access via ServiceRegistry is deprecated.  Use `sessionFactory.getEventEngine().getListenerRegistry()` instead
2026-01-14 13:05:56.405 [main] DEBUG org.hibernate.internal.SessionFactoryImpl - Instantiating SessionFactory with settings: {hibernate.format_sql=true, java.specification.version=21, sun.cpu.isalist=amd64, sun.jnu.encoding=Cp1252, hibernate.dialect=org.hibernate.dialect.MySQLDialect, java.class.path=C:\Users\alumno\Desktop\SegundoDAM\Acceso a Datos\Hibernate\target\test-classes;C:\Users\alumno\Desktop\SegundoDAM\Acceso a Datos\Hibernate\target\classes;C:\Users\alumno\Desktop\sts-4.31.0.RELEASE\plugins\junit-jupiter-api_5.12.2.jar;C:\Users\alumno\Desktop\sts-4.31.0.RELEASE\plugins\junit-jupiter-engine_5.12.2.jar;C:\Users\alumno\Desktop\sts-4.31.0.RELEASE\plugins\junit-jupiter-migrationsupport_5.12.2.jar;C:\Users\alumno\Desktop\sts-4.31.0.RELEASE\plugins\junit-jupiter-params_5.12.2.jar;C:\Users\alumno\Desktop\sts-4.31.0.RELEASE\plugins\junit-platform-commons_1.12.2.jar;C:\Users\alumno\Desktop\sts-4.31.0.RELEASE\plugins\junit-platform-engine_1.12.2.jar;C:\Users\alumno\Desktop\sts-4.31.0.RELEASE\plugins\junit-platform-launcher_1.12.2.jar;C:\Users\alumno\Desktop\sts-4.31.0.RELEASE\plugins\junit-platform-runner_1.12.2.jar;C:\Users\alumno\Desktop\sts-4.31.0.RELEASE\plugins\junit-platform-suite-api_1.12.2.jar;C:\Users\alumno\Desktop\sts-4.31.0.RELEASE\plugins\junit-platform-suite-engine_1.12.2.jar;C:\Users\alumno\Desktop\sts-4.31.0.RELEASE\plugins\junit-platform-suite-commons_1.12.2.jar;C:\Users\alumno\Desktop\sts-4.31.0.RELEASE\plugins\junit-vintage-engine_5.12.2.jar;C:\Users\alumno\Desktop\sts-4.31.0.RELEASE\plugins\org.opentest4j_1.3.0.jar;C:\Users\alumno\Desktop\sts-4.31.0.RELEASE\plugins\org.apiguardian.api_1.1.2.jar;C:\Users\alumno\Desktop\sts-4.31.0.RELEASE\plugins\org.junit_4.13.2.v20240929-1000.jar;C:\Users\alumno\Desktop\sts-4.31.0.RELEASE\plugins\org.hamcrest_3.0.0.jar;C:\Users\alumno\.m2\repository\org\hibernate\orm\hibernate-core\6.4.4.Final\hibernate-core-6.4.4.Final.jar;C:\Users\alumno\.m2\repository\jakarta\transaction\jakarta.transaction-api\2.0.1\jakarta.transaction-api-2.0.1.jar;C:\Users\alumno\.m2\repository\org\jboss\logging\jboss-logging\3.5.0.Final\jboss-logging-3.5.0.Final.jar;C:\Users\alumno\.m2\repository\org\hibernate\common\hibernate-commons-annotations\6.0.6.Final\hibernate-commons-annotations-6.0.6.Final.jar;C:\Users\alumno\.m2\repository\io\smallrye\jandex\3.1.2\jandex-3.1.2.jar;C:\Users\alumno\.m2\repository\com\fasterxml\classmate\1.5.1\classmate-1.5.1.jar;C:\Users\alumno\.m2\repository\net\bytebuddy\byte-buddy\1.14.11\byte-buddy-1.14.11.jar;C:\Users\alumno\.m2\repository\jakarta\xml\bind\jakarta.xml.bind-api\4.0.0\jakarta.xml.bind-api-4.0.0.jar;C:\Users\alumno\.m2\repository\jakarta\activation\jakarta.activation-api\2.1.0\jakarta.activation-api-2.1.0.jar;C:\Users\alumno\.m2\repository\org\glassfish\jaxb\jaxb-runtime\4.0.2\jaxb-runtime-4.0.2.jar;C:\Users\alumno\.m2\repository\org\glassfish\jaxb\jaxb-core\4.0.2\jaxb-core-4.0.2.jar;C:\Users\alumno\.m2\repository\org\eclipse\angus\angus-activation\2.0.0\angus-activation-2.0.0.jar;C:\Users\alumno\.m2\repository\org\glassfish\jaxb\txw2\4.0.2\txw2-4.0.2.jar;C:\Users\alumno\.m2\repository\com\sun\istack\istack-commons-runtime\4.1.1\istack-commons-runtime-4.1.1.jar;C:\Users\alumno\.m2\repository\jakarta\inject\jakarta.inject-api\2.0.1\jakarta.inject-api-2.0.1.jar;C:\Users\alumno\.m2\repository\org\antlr\antlr4-runtime\4.13.0\antlr4-runtime-4.13.0.jar;C:\Users\alumno\.m2\repository\com\mysql\mysql-connector-j\8.4.0\mysql-connector-j-8.4.0.jar;C:\Users\alumno\.m2\repository\com\google\protobuf\protobuf-java\3.25.1\protobuf-java-3.25.1.jar;C:\Users\alumno\.m2\repository\jakarta\persistence\jakarta.persistence-api\3.1.0\jakarta.persistence-api-3.1.0.jar;C:\Users\alumno\.m2\repository\org\junit\jupiter\junit-jupiter\5.10.1\junit-jupiter-5.10.1.jar;C:\Users\alumno\.m2\repository\org\junit\jupiter\junit-jupiter-api\5.10.1\junit-jupiter-api-5.10.1.jar;C:\Users\alumno\.m2\repository\org\opentest4j\opentest4j\1.3.0\opentest4j-1.3.0.jar;C:\Users\alumno\.m2\repository\org\junit\platform\junit-platform-commons\1.10.1\junit-platform-commons-1.10.1.jar;C:\Users\alumno\.m2\repository\org\apiguardian\apiguardian-api\1.1.2\apiguardian-api-1.1.2.jar;C:\Users\alumno\.m2\repository\org\junit\jupiter\junit-jupiter-params\5.10.1\junit-jupiter-params-5.10.1.jar;C:\Users\alumno\.m2\repository\org\junit\jupiter\junit-jupiter-engine\5.10.1\junit-jupiter-engine-5.10.1.jar;C:\Users\alumno\.m2\repository\org\junit\platform\junit-platform-engine\1.10.1\junit-platform-engine-1.10.1.jar;C:\Users\alumno\.m2\repository\org\apache\logging\log4j\log4j-api\2.13.0\log4j-api-2.13.0.jar;C:\Users\alumno\.m2\repository\org\apache\logging\log4j\log4j-core\2.13.0\log4j-core-2.13.0.jar;C:\Users\alumno\.m2\repository\com\google\code\gson\gson\2.10.1\gson-2.10.1.jar;C:\Users\alumno\Desktop\sts-4.31.0.RELEASE\configuration\org.eclipse.osgi\272\0\.cp;C:\Users\alumno\Desktop\sts-4.31.0.RELEASE\configuration\org.eclipse.osgi\270\0\.cp, java.vm.vendor=Oracle Corporation, sun.arch.data.model=64, user.variant=, java.vendor.url=https://java.oracle.com/, user.timezone=Europe/Madrid, org.apache.logging.log4j.assignedSequences=15240, java.vm.specification.version=21, os.name=Windows 11, sun.java.launcher=SUN_STANDARD, user.country=ES, sun.boot.library.path=C:\Program Files\Java\jdk-21\bin, sun.java.command=org.eclipse.jdt.internal.junit.runner.RemoteTestRunner -version 3 -port 61901 -testLoaderClass org.eclipse.jdt.internal.junit5.runner.JUnit5TestLoader -loaderpluginname org.eclipse.jdt.junit5.runtime -classNames TestReunion, jdk.debug=release, sun.cpu.endian=little, user.home=C:\Users\alumno, user.language=es, java.specification.vendor=Oracle Corporation, java.version.date=2025-07-15, java.home=C:\Program Files\Java\jdk-21, file.separator=\, java.vm.compressedOopsMode=Zero based, line.separator=
, java.vm.specification.vendor=Oracle Corporation, java.specification.name=Java Platform API Specification, hibernate.hbm2ddl.auto=create, user.script=, sun.management.compiler=HotSpot 64-Bit Tiered Compilers, java.runtime.version=21.0.8+12-LTS-250, user.name=alumno, stdout.encoding=UTF-8, path.separator=;, hibernate.connection.username=****, os.version=10.0, java.runtime.name=Java(TM) SE Runtime Environment, hibernate.connection.url=jdbc:mysql://localhost:3307/accesoDatosDAM?useSSL=false&serverTimezone=UTC, file.encoding=UTF-8, java.vm.name=Java HotSpot(TM) 64-Bit Server VM, hibernate.show_sql=true, hibernate.connection.driver_class=com.mysql.cj.jdbc.Driver, java.vendor.url.bug=https://bugreport.java.com/bugreport/, java.io.tmpdir=C:\Users\alumno\AppData\Local\Temp\, java.version=21.0.8, user.dir=C:\Users\alumno\Desktop\SegundoDAM\Acceso a Datos\Hibernate, os.arch=amd64, java.vm.specification.name=Java Virtual Machine Specification, hibernate.connection.password=****, sun.os.patch.level=, hibernate.boot.CfgXmlAccessService.key=org.hibernate.boot.cfgxml.spi.LoadedConfig@c1050f2, native.encoding=Cp1252, java.library.path=C:\Program Files\Java\jdk-21\bin;C:\WINDOWS\Sun\Java\bin;C:\WINDOWS\system32;C:\WINDOWS;C:/Users/alumno/Desktop/sts-4.31.0.RELEASE//plugins/org.eclipse.justj.openjdk.hotspot.jre.full.win32.x86_64_21.0.7.v20250502-0916/jre/bin/server;C:/Users/alumno/Desktop/sts-4.31.0.RELEASE//plugins/org.eclipse.justj.openjdk.hotspot.jre.full.win32.x86_64_21.0.7.v20250502-0916/jre/bin;C:\Program Files\Common Files\Oracle\Java\javapath;C:\WINDOWS\system32;C:\WINDOWS;C:\WINDOWS\System32\Wbem;C:\WINDOWS\System32\WindowsPowerShell\v1.0\;C:\WINDOWS\System32\OpenSSH\;C:\Program Files\nodejs\;C:\Program Files\Docker\Docker\resources\bin;C:\Users\alumno\AppData\Local\Programs\Python\Python311\Scripts\;C:\Users\alumno\AppData\Local\Programs\Python\Python311\;C:\Users\alumno\AppData\Local\Programs\Python\Python313\Scripts\;C:\Users\alumno\AppData\Local\Programs\Python\Python313\;C:\Users\alumno\AppData\Local\Programs\Python\Launcher\;C:\Users\alumno\AppData\Local\Programs\Python\Python314\Scripts\;C:\Users\alumno\AppData\Local\Programs\Python\Python314\;C:\Users\alumno\AppData\Local\Microsoft\WindowsApps;C:\Users\alumno\AppData\Local\GitHubDesktop\bin;C:\Users\alumno\AppData\Local\Programs\Git\cmd;C:\Users\alumno\AppData\Local\Programs\Microsoft VS Code\bin;C:\Users\alumno\AppData\Local\Python\bin;C:\Users\alumno\AppData\Roaming\npm;C:\Users\alumno\Desktop\sts-4.31.0.RELEASE;;., stderr.encoding=UTF-8, java.vendor=Oracle Corporation, java.vm.info=mixed mode, sharing, java.vm.version=21.0.8+12-LTS-250, sun.io.unicode.encoding=UnicodeLittle, java.class.version=65.0}
2026-01-14 13:05:56.408 [main] DEBUG org.hibernate.internal.SessionFactoryImpl - Session factory constructed with filter configurations : {}
2026-01-14 13:05:56.438 [main] DEBUG org.hibernate.query.sqm.function.SqmFunctionRegistry - Registered SqmFunctionTemplate [NamedSqmFunctionTemplate(max)] under max; prior registration was null
2026-01-14 13:05:56.438 [main] DEBUG org.hibernate.query.sqm.function.SqmFunctionRegistry - Registered SqmFunctionTemplate [NamedSqmFunctionTemplate(min)] under min; prior registration was null
2026-01-14 13:05:56.439 [main] DEBUG org.hibernate.query.sqm.function.SqmFunctionRegistry - Registered SqmFunctionTemplate [NamedSqmFunctionTemplate(sum)] under sum; prior registration was null
2026-01-14 13:05:56.439 [main] DEBUG org.hibernate.query.sqm.function.SqmFunctionRegistry - Registered SqmFunctionTemplate [NamedSqmFunctionTemplate(avg)] under avg; prior registration was null
2026-01-14 13:05:56.440 [main] DEBUG org.hibernate.query.sqm.function.SqmFunctionRegistry - Registered SqmFunctionTemplate [org.hibernate.dialect.function.CountFunction@1bbddada] under count; prior registration was null
2026-01-14 13:05:56.442 [main] DEBUG org.hibernate.query.sqm.function.SqmFunctionRegistry - Registered SqmFunctionTemplate [org.hibernate.dialect.function.EveryAnyEmulation@764b14b8] under every; prior registration was null
2026-01-14 13:05:56.442 [main] DEBUG org.hibernate.query.sqm.function.SqmFunctionRegistry - Registered SqmFunctionTemplate [org.hibernate.dialect.function.EveryAnyEmulation@202d9236] under any; prior registration was null
2026-01-14 13:05:56.442 [main] DEBUG org.hibernate.query.sqm.function.SqmFunctionRegistry - Registered SqmFunctionTemplate [NamedSqmFunctionTemplate(floor)] under floor; prior registration was null
2026-01-14 13:05:56.442 [main] DEBUG org.hibernate.query.sqm.function.SqmFunctionRegistry - Registered SqmFunctionTemplate [NamedSqmFunctionTemplate(ceiling)] under ceiling; prior registration was null
2026-01-14 13:05:56.442 [main] DEBUG org.hibernate.query.sqm.function.SqmFunctionRegistry - Registered SqmFunctionTemplate [NamedSqmFunctionTemplate(mod)] under mod; prior registration was null
2026-01-14 13:05:56.443 [main] DEBUG org.hibernate.query.sqm.function.SqmFunctionRegistry - Registered SqmFunctionTemplate [NamedSqmFunctionTemplate(abs)] under abs; prior registration was null
2026-01-14 13:05:56.443 [main] DEBUG org.hibernate.query.sqm.function.SqmFunctionRegistry - Registered SqmFunctionTemplate [NamedSqmFunctionTemplate(sign)] under sign; prior registration was null
2026-01-14 13:05:56.443 [main] DEBUG org.hibernate.query.sqm.function.SqmFunctionRegistry - Registered SqmFunctionTemplate [NamedSqmFunctionTemplate(sqrt)] under sqrt; prior registration was null
2026-01-14 13:05:56.443 [main] DEBUG org.hibernate.query.sqm.function.SqmFunctionRegistry - Registered SqmFunctionTemplate [NamedSqmFunctionTemplate(ln)] under ln; prior registration was null
2026-01-14 13:05:56.443 [main] DEBUG org.hibernate.query.sqm.function.SqmFunctionRegistry - Registered SqmFunctionTemplate [NamedSqmFunctionTemplate(exp)] under exp; prior registration was null
2026-01-14 13:05:56.443 [main] DEBUG org.hibernate.query.sqm.function.SqmFunctionRegistry - Registered SqmFunctionTemplate [NamedSqmFunctionTemplate(power)] under power; prior registration was null
2026-01-14 13:05:56.443 [main] DEBUG org.hibernate.query.sqm.function.SqmFunctionRegistry - Registered SqmFunctionTemplate [NamedSqmFunctionTemplate(round)] under round; prior registration was null
2026-01-14 13:05:56.443 [main] DEBUG org.hibernate.query.sqm.function.SqmFunctionRegistry - Registered SqmFunctionTemplate [NamedSqmFunctionTemplate(sin)] under sin; prior registration was null
2026-01-14 13:05:56.444 [main] DEBUG org.hibernate.query.sqm.function.SqmFunctionRegistry - Registered SqmFunctionTemplate [NamedSqmFunctionTemplate(cos)] under cos; prior registration was null
2026-01-14 13:05:56.444 [main] DEBUG org.hibernate.query.sqm.function.SqmFunctionRegistry - Registered SqmFunctionTemplate [NamedSqmFunctionTemplate(tan)] under tan; prior registration was null
2026-01-14 13:05:56.444 [main] DEBUG org.hibernate.query.sqm.function.SqmFunctionRegistry - Registered SqmFunctionTemplate [NamedSqmFunctionTemplate(asin)] under asin; prior registration was null
2026-01-14 13:05:56.444 [main] DEBUG org.hibernate.query.sqm.function.SqmFunctionRegistry - Registered SqmFunctionTemplate [NamedSqmFunctionTemplate(acos)] under acos; prior registration was null
2026-01-14 13:05:56.444 [main] DEBUG org.hibernate.query.sqm.function.SqmFunctionRegistry - Registered SqmFunctionTemplate [NamedSqmFunctionTemplate(atan)] under atan; prior registration was null
2026-01-14 13:05:56.444 [main] DEBUG org.hibernate.query.sqm.function.SqmFunctionRegistry - Registered SqmFunctionTemplate [NamedSqmFunctionTemplate(atan2)] under atan2; prior registration was null
2026-01-14 13:05:56.447 [main] DEBUG org.hibernate.query.sqm.function.SqmFunctionRegistry - Registered SqmFunctionTemplate [org.hibernate.query.sqm.function.PatternBasedSqmFunctionDescriptor@59498d94] under sinh; prior registration was null
2026-01-14 13:05:56.447 [main] DEBUG org.hibernate.query.sqm.function.SqmFunctionRegistry - Registered SqmFunctionTemplate [org.hibernate.query.sqm.function.PatternBasedSqmFunctionDescriptor@35bfa1bb] under cosh; prior registration was null
2026-01-14 13:05:56.447 [main] DEBUG org.hibernate.query.sqm.function.SqmFunctionRegistry - Registered SqmFunctionTemplate [org.hibernate.query.sqm.function.PatternBasedSqmFunctionDescriptor@6b321262] under tanh; prior registration was null
2026-01-14 13:05:56.447 [main] DEBUG org.hibernate.query.sqm.function.SqmFunctionRegistry - Registered SqmFunctionTemplate [org.hibernate.query.sqm.function.PatternBasedSqmFunctionDescriptor@68b11545] under pi; prior registration was null
2026-01-14 13:05:56.447 [main] DEBUG org.hibernate.query.sqm.function.SqmFunctionRegistry - Registered SqmFunctionTemplate [org.hibernate.query.sqm.function.PatternBasedSqmFunctionDescriptor@7d0100ea] under log; prior registration was null
2026-01-14 13:05:56.448 [main] DEBUG org.hibernate.query.sqm.function.SqmFunctionRegistry - Registered SqmFunctionTemplate [NamedSqmFunctionTemplate(coalesce)] under coalesce; prior registration was null
2026-01-14 13:05:56.448 [main] DEBUG org.hibernate.query.sqm.function.SqmFunctionRegistry - Registered SqmFunctionTemplate [NamedSqmFunctionTemplate(nullif)] under nullif; prior registration was null
2026-01-14 13:05:56.448 [main] DEBUG org.hibernate.query.sqm.function.SqmFunctionRegistry - Registered SqmFunctionTemplate [NamedSqmFunctionTemplate(left)] under left; prior registration was null
2026-01-14 13:05:56.448 [main] DEBUG org.hibernate.query.sqm.function.SqmFunctionRegistry - Registered SqmFunctionTemplate [NamedSqmFunctionTemplate(right)] under right; prior registration was null
2026-01-14 13:05:56.448 [main] DEBUG org.hibernate.query.sqm.function.SqmFunctionRegistry - Registered SqmFunctionTemplate [NamedSqmFunctionTemplate(replace)] under replace; prior registration was null
2026-01-14 13:05:56.448 [main] DEBUG org.hibernate.query.sqm.function.SqmFunctionRegistry - Registered SqmFunctionTemplate [NamedSqmFunctionTemplate(concat)] under concat; prior registration was null
2026-01-14 13:05:56.448 [main] DEBUG org.hibernate.query.sqm.function.SqmFunctionRegistry - Registered SqmFunctionTemplate [NamedSqmFunctionTemplate(lower)] under lower; prior registration was null
2026-01-14 13:05:56.448 [main] DEBUG org.hibernate.query.sqm.function.SqmFunctionRegistry - Registered SqmFunctionTemplate [NamedSqmFunctionTemplate(upper)] under upper; prior registration was null
2026-01-14 13:05:56.448 [main] DEBUG org.hibernate.query.sqm.function.SqmFunctionRegistry - Registered SqmFunctionTemplate [NamedSqmFunctionTemplate(substring)] under substring; prior registration was null
2026-01-14 13:05:56.448 [main] DEBUG org.hibernate.query.sqm.function.SqmFunctionRegistry - Registered SqmFunctionTemplate [NamedSqmFunctionTemplate(locate)] under locate; prior registration was null
2026-01-14 13:05:56.448 [main] DEBUG org.hibernate.query.sqm.function.SqmFunctionRegistry - Registered SqmFunctionTemplate [NamedSqmFunctionTemplate(character_length)] under character_length; prior registration was null
2026-01-14 13:05:56.448 [main] DEBUG org.hibernate.query.sqm.function.SqmFunctionRegistry - Registering alternate key : length -> character_length
2026-01-14 13:05:56.449 [main] DEBUG org.hibernate.query.sqm.function.SqmFunctionRegistry - Registered SqmFunctionTemplate [org.hibernate.dialect.function.LocatePositionEmulation@2c0c4c0a] under position; prior registration was null
2026-01-14 13:05:56.450 [main] DEBUG org.hibernate.query.sqm.function.SqmFunctionRegistry - Registered SqmFunctionTemplate [org.hibernate.dialect.function.InsertSubstringOverlayEmulation@35dece42] under overlay; prior registration was null
2026-01-14 13:05:56.450 [main] DEBUG org.hibernate.query.sqm.function.SqmFunctionRegistry - Registered SqmFunctionTemplate [org.hibernate.dialect.function.TrimFunction@40ce9049] under trim; prior registration was null
2026-01-14 13:05:56.450 [main] DEBUG org.hibernate.query.sqm.function.SqmFunctionRegistry - Registered SqmFunctionTemplate [org.hibernate.dialect.function.CastFunction@149b4d20] under cast; prior registration was null
2026-01-14 13:05:56.450 [main] DEBUG org.hibernate.query.sqm.function.SqmFunctionRegistry - Registered SqmFunctionTemplate [org.hibernate.query.sqm.function.PatternBasedSqmFunctionDescriptor@664e848c] under collate; prior registration was null
2026-01-14 13:05:56.451 [main] DEBUG org.hibernate.query.sqm.function.SqmFunctionRegistry - Registered SqmFunctionTemplate [org.hibernate.dialect.function.ExtractFunction@5d508d22] under extract; prior registration was null
2026-01-14 13:05:56.451 [main] DEBUG org.hibernate.query.sqm.function.SqmFunctionRegistry - Registered SqmFunctionTemplate [NamedSqmFunctionTemplate(least)] under least; prior registration was null
2026-01-14 13:05:56.451 [main] DEBUG org.hibernate.query.sqm.function.SqmFunctionRegistry - Registered SqmFunctionTemplate [NamedSqmFunctionTemplate(greatest)] under greatest; prior registration was null
2026-01-14 13:05:56.451 [main] DEBUG org.hibernate.query.sqm.function.SqmFunctionRegistry - Registered SqmFunctionTemplate [org.hibernate.dialect.function.CoalesceIfnullEmulation@7da635c0] under ifnull; prior registration was null
2026-01-14 13:05:56.451 [main] DEBUG org.hibernate.query.sqm.function.SqmFunctionRegistry - Registered SqmFunctionTemplate [NamedSqmFunctionTemplate(lpad)] under lpad; prior registration was null
2026-01-14 13:05:56.451 [main] DEBUG org.hibernate.query.sqm.function.SqmFunctionRegistry - Registered SqmFunctionTemplate [NamedSqmFunctionTemplate(rpad)] under rpad; prior registration was null
2026-01-14 13:05:56.451 [main] DEBUG org.hibernate.query.sqm.function.SqmFunctionRegistry - Registered SqmFunctionTemplate [org.hibernate.dialect.function.LpadRpadPadEmulation@79a13920] under pad; prior registration was null
2026-01-14 13:05:56.452 [main] DEBUG org.hibernate.query.sqm.function.SqmFunctionRegistry - Registered SqmFunctionTemplate [org.hibernate.dialect.function.CastStrEmulation@3292d91a] under str; prior registration was null
2026-01-14 13:05:56.453 [main] DEBUG org.hibernate.query.sqm.function.SqmFunctionRegistry - Registered SqmFunctionTemplate [org.hibernate.dialect.function.FormatFunction@13803a94] under format; prior registration was null
2026-01-14 13:05:56.453 [main] DEBUG org.hibernate.query.sqm.function.SqmFunctionRegistry - Registered SqmFunctionTemplate [org.hibernate.dialect.function.TimestampaddFunction@28babeca] under timestampadd; prior registration was null
2026-01-14 13:05:56.454 [main] DEBUG org.hibernate.query.sqm.function.SqmFunctionRegistry - Registered SqmFunctionTemplate [org.hibernate.dialect.function.TimestampdiffFunction@778a1250] under timestampdiff; prior registration was null
2026-01-14 13:05:56.454 [main] DEBUG org.hibernate.query.sqm.function.SqmFunctionRegistry - Registering alternate key : dateadd -> timestampadd
2026-01-14 13:05:56.454 [main] DEBUG org.hibernate.query.sqm.function.SqmFunctionRegistry - Registering alternate key : datediff -> timestampdiff
2026-01-14 13:05:56.454 [main] DEBUG org.hibernate.query.sqm.function.SqmFunctionRegistry - Registered SqmFunctionTemplate [org.hibernate.dialect.function.CurrentFunction@7f3ca64a] under current_date; prior registration was null
2026-01-14 13:05:56.454 [main] DEBUG org.hibernate.query.sqm.function.SqmFunctionRegistry - Registered SqmFunctionTemplate [org.hibernate.dialect.function.CurrentFunction@4d464510] under current_time; prior registration was null
2026-01-14 13:05:56.454 [main] DEBUG org.hibernate.query.sqm.function.SqmFunctionRegistry - Registered SqmFunctionTemplate [org.hibernate.dialect.function.CurrentFunction@64e7d698] under current_timestamp; prior registration was null
2026-01-14 13:05:56.454 [main] DEBUG org.hibernate.query.sqm.function.SqmFunctionRegistry - Registering alternate key : current date -> current_date
2026-01-14 13:05:56.454 [main] DEBUG org.hibernate.query.sqm.function.SqmFunctionRegistry - Registering alternate key : current time -> current_time
2026-01-14 13:05:56.454 [main] DEBUG org.hibernate.query.sqm.function.SqmFunctionRegistry - Registering alternate key : current timestamp -> current_timestamp
2026-01-14 13:05:56.454 [main] DEBUG org.hibernate.query.sqm.function.SqmFunctionRegistry - Registered SqmFunctionTemplate [org.hibernate.dialect.function.CurrentFunction@2519026b] under local_date; prior registration was null
2026-01-14 13:05:56.454 [main] DEBUG org.hibernate.query.sqm.function.SqmFunctionRegistry - Registered SqmFunctionTemplate [org.hibernate.dialect.function.CurrentFunction@3f8dfe74] under local_time; prior registration was null
2026-01-14 13:05:56.454 [main] DEBUG org.hibernate.query.sqm.function.SqmFunctionRegistry - Registered SqmFunctionTemplate [org.hibernate.dialect.function.CurrentFunction@401c4250] under local_datetime; prior registration was null
2026-01-14 13:05:56.454 [main] DEBUG org.hibernate.query.sqm.function.SqmFunctionRegistry - Registered SqmFunctionTemplate [org.hibernate.dialect.function.CurrentFunction@1a950fdd] under offset_datetime; prior registration was null
2026-01-14 13:05:56.454 [main] DEBUG org.hibernate.query.sqm.function.SqmFunctionRegistry - Registering alternate key : local date -> local_date
2026-01-14 13:05:56.454 [main] DEBUG org.hibernate.query.sqm.function.SqmFunctionRegistry - Registering alternate key : local time -> local_time
2026-01-14 13:05:56.454 [main] DEBUG org.hibernate.query.sqm.function.SqmFunctionRegistry - Registering alternate key : local datetime -> local_datetime
2026-01-14 13:05:56.454 [main] DEBUG org.hibernate.query.sqm.function.SqmFunctionRegistry - Registering alternate key : offset datetime -> offset_datetime
2026-01-14 13:05:56.454 [main] DEBUG org.hibernate.query.sqm.function.SqmFunctionRegistry - Registered SqmFunctionTemplate [org.hibernate.dialect.function.CurrentFunction@77724cbe] under instant; prior registration was null
2026-01-14 13:05:56.454 [main] DEBUG org.hibernate.query.sqm.function.SqmFunctionRegistry - Registering alternate key : current_instant -> instant
2026-01-14 13:05:56.455 [main] DEBUG org.hibernate.query.sqm.function.SqmFunctionRegistry - Registered SqmFunctionTemplate [org.hibernate.dialect.function.SqlFunction@525b1b70] under sql; prior registration was null
2026-01-14 13:05:56.455 [main] DEBUG org.hibernate.query.sqm.function.SqmFunctionRegistry - Registered SqmFunctionTemplate [NamedSqmFunctionTemplate(soundex)] under soundex; prior registration was null
2026-01-14 13:05:56.455 [main] DEBUG org.hibernate.query.sqm.function.SqmFunctionRegistry - Registered SqmFunctionTemplate [NamedSqmFunctionTemplate(radians)] under radians; prior registration was null
2026-01-14 13:05:56.455 [main] DEBUG org.hibernate.query.sqm.function.SqmFunctionRegistry - Registered SqmFunctionTemplate [NamedSqmFunctionTemplate(degrees)] under degrees; prior registration was null
2026-01-14 13:05:56.455 [main] DEBUG org.hibernate.query.sqm.function.SqmFunctionRegistry - Registered SqmFunctionTemplate [NamedSqmFunctionTemplate(cot)] under cot; prior registration was null
2026-01-14 13:05:56.455 [main] DEBUG org.hibernate.query.sqm.function.SqmFunctionRegistry - Registered SqmFunctionTemplate [NamedSqmFunctionTemplate(log)] under log; prior registration was org.hibernate.query.sqm.function.PatternBasedSqmFunctionDescriptor@7d0100ea
2026-01-14 13:05:56.455 [main] DEBUG org.hibernate.query.sqm.function.SqmFunctionRegistry - Registered SqmFunctionTemplate [NamedSqmFunctionTemplate(log2)] under log2; prior registration was null
2026-01-14 13:05:56.455 [main] DEBUG org.hibernate.query.sqm.function.SqmFunctionRegistry - Registered SqmFunctionTemplate [NamedSqmFunctionTemplate(log10)] under log10; prior registration was null
2026-01-14 13:05:56.455 [main] DEBUG org.hibernate.query.sqm.function.SqmFunctionRegistry - Registered SqmFunctionTemplate [NamedSqmFunctionTemplate(ltrim)] under ltrim; prior registration was null
2026-01-14 13:05:56.455 [main] DEBUG org.hibernate.query.sqm.function.SqmFunctionRegistry - Registered SqmFunctionTemplate [NamedSqmFunctionTemplate(rtrim)] under rtrim; prior registration was null
2026-01-14 13:05:56.455 [main] DEBUG org.hibernate.query.sqm.function.SqmFunctionRegistry - Registered SqmFunctionTemplate [NamedSqmFunctionTemplate(octet_length)] under octet_length; prior registration was null
2026-01-14 13:05:56.455 [main] DEBUG org.hibernate.query.sqm.function.SqmFunctionRegistry - Registered SqmFunctionTemplate [NamedSqmFunctionTemplate(reverse)] under reverse; prior registration was null
2026-01-14 13:05:56.455 [main] DEBUG org.hibernate.query.sqm.function.SqmFunctionRegistry - Registered SqmFunctionTemplate [NamedSqmFunctionTemplate(space)] under space; prior registration was null
2026-01-14 13:05:56.455 [main] DEBUG org.hibernate.query.sqm.function.SqmFunctionRegistry - Registered SqmFunctionTemplate [NamedSqmFunctionTemplate(repeat)] under repeat; prior registration was null
2026-01-14 13:05:56.456 [main] DEBUG org.hibernate.query.sqm.function.SqmFunctionRegistry - Registered SqmFunctionTemplate [org.hibernate.query.sqm.function.MultipatternSqmFunctionDescriptor@661d6bb6] under lpad; prior registration was NamedSqmFunctionTemplate(lpad)
2026-01-14 13:05:56.456 [main] DEBUG org.hibernate.query.sqm.function.SqmFunctionRegistry - Registered SqmFunctionTemplate [org.hibernate.query.sqm.function.MultipatternSqmFunctionDescriptor@733fb462] under rpad; prior registration was NamedSqmFunctionTemplate(rpad)
2026-01-14 13:05:56.456 [main] DEBUG org.hibernate.query.sqm.function.SqmFunctionRegistry - Registered SqmFunctionTemplate [NamedSqmFunctionTemplate(md5)] under md5; prior registration was null
2026-01-14 13:05:56.456 [main] DEBUG org.hibernate.query.sqm.function.SqmFunctionRegistry - Registered SqmFunctionTemplate [NamedSqmFunctionTemplate(day)] under day; prior registration was null
2026-01-14 13:05:56.456 [main] DEBUG org.hibernate.query.sqm.function.SqmFunctionRegistry - Registered SqmFunctionTemplate [NamedSqmFunctionTemplate(month)] under month; prior registration was null
2026-01-14 13:05:56.456 [main] DEBUG org.hibernate.query.sqm.function.SqmFunctionRegistry - Registered SqmFunctionTemplate [NamedSqmFunctionTemplate(year)] under year; prior registration was null
2026-01-14 13:05:56.456 [main] DEBUG org.hibernate.query.sqm.function.SqmFunctionRegistry - Registered SqmFunctionTemplate [NamedSqmFunctionTemplate(hour)] under hour; prior registration was null
2026-01-14 13:05:56.456 [main] DEBUG org.hibernate.query.sqm.function.SqmFunctionRegistry - Registered SqmFunctionTemplate [NamedSqmFunctionTemplate(minute)] under minute; prior registration was null
2026-01-14 13:05:56.456 [main] DEBUG org.hibernate.query.sqm.function.SqmFunctionRegistry - Registered SqmFunctionTemplate [NamedSqmFunctionTemplate(second)] under second; prior registration was null
2026-01-14 13:05:56.456 [main] DEBUG org.hibernate.query.sqm.function.SqmFunctionRegistry - Registered SqmFunctionTemplate [NamedSqmFunctionTemplate(microsecond)] under microsecond; prior registration was null
2026-01-14 13:05:56.456 [main] DEBUG org.hibernate.query.sqm.function.SqmFunctionRegistry - Registered SqmFunctionTemplate [NamedSqmFunctionTemplate(dayofweek)] under dayofweek; prior registration was null
2026-01-14 13:05:56.456 [main] DEBUG org.hibernate.query.sqm.function.SqmFunctionRegistry - Registered SqmFunctionTemplate [NamedSqmFunctionTemplate(dayofmonth)] under dayofmonth; prior registration was null
2026-01-14 13:05:56.456 [main] DEBUG org.hibernate.query.sqm.function.SqmFunctionRegistry - Registering alternate key : day -> dayofmonth
2026-01-14 13:05:56.456 [main] DEBUG org.hibernate.query.sqm.function.SqmFunctionRegistry - Registered SqmFunctionTemplate [NamedSqmFunctionTemplate(dayofyear)] under dayofyear; prior registration was null
2026-01-14 13:05:56.456 [main] DEBUG org.hibernate.query.sqm.function.SqmFunctionRegistry - Registered SqmFunctionTemplate [NamedSqmFunctionTemplate(week)] under week; prior registration was null
2026-01-14 13:05:56.456 [main] DEBUG org.hibernate.query.sqm.function.SqmFunctionRegistry - Registered SqmFunctionTemplate [NamedSqmFunctionTemplate(quarter)] under quarter; prior registration was null
2026-01-14 13:05:56.456 [main] DEBUG org.hibernate.query.sqm.function.SqmFunctionRegistry - Registered SqmFunctionTemplate [NamedSqmFunctionTemplate(monthname)] under monthname; prior registration was null
2026-01-14 13:05:56.456 [main] DEBUG org.hibernate.query.sqm.function.SqmFunctionRegistry - Registered SqmFunctionTemplate [NamedSqmFunctionTemplate(dayname)] under dayname; prior registration was null
2026-01-14 13:05:56.456 [main] DEBUG org.hibernate.query.sqm.function.SqmFunctionRegistry - Registered SqmFunctionTemplate [NamedSqmFunctionTemplate(last_day)] under last_day; prior registration was null
2026-01-14 13:05:56.456 [main] DEBUG org.hibernate.query.sqm.function.SqmFunctionRegistry - Registered SqmFunctionTemplate [NamedSqmFunctionTemplate(date)] under date; prior registration was null
2026-01-14 13:05:56.456 [main] DEBUG org.hibernate.query.sqm.function.SqmFunctionRegistry - Registered SqmFunctionTemplate [NamedSqmFunctionTemplate(timestamp)] under timestamp; prior registration was null
2026-01-14 13:05:56.456 [main] DEBUG org.hibernate.query.sqm.function.SqmFunctionRegistry - Registered SqmFunctionTemplate [NamedSqmFunctionTemplate(time)] under time; prior registration was null
2026-01-14 13:05:56.456 [main] DEBUG org.hibernate.query.sqm.function.SqmFunctionRegistry - Registered SqmFunctionTemplate [NamedSqmFunctionTemplate(utc_date)] under utc_date; prior registration was null
2026-01-14 13:05:56.456 [main] DEBUG org.hibernate.query.sqm.function.SqmFunctionRegistry - Registered SqmFunctionTemplate [NamedSqmFunctionTemplate(utc_time)] under utc_time; prior registration was null
2026-01-14 13:05:56.456 [main] DEBUG org.hibernate.query.sqm.function.SqmFunctionRegistry - Registered SqmFunctionTemplate [NamedSqmFunctionTemplate(utc_timestamp)] under utc_timestamp; prior registration was null
2026-01-14 13:05:56.457 [main] DEBUG org.hibernate.query.sqm.function.SqmFunctionRegistry - Registered SqmFunctionTemplate [NamedSqmFunctionTemplate(rand)] under rand; prior registration was null
2026-01-14 13:05:56.457 [main] DEBUG org.hibernate.query.sqm.function.SqmFunctionRegistry - Registered SqmFunctionTemplate [NamedSqmFunctionTemplate(crc32)] under crc32; prior registration was null
2026-01-14 13:05:56.457 [main] DEBUG org.hibernate.query.sqm.function.SqmFunctionRegistry - Registered SqmFunctionTemplate [NamedSqmFunctionTemplate(sha1)] under sha1; prior registration was null
2026-01-14 13:05:56.457 [main] DEBUG org.hibernate.query.sqm.function.SqmFunctionRegistry - Registered SqmFunctionTemplate [NamedSqmFunctionTemplate(sha2)] under sha2; prior registration was null
2026-01-14 13:05:56.457 [main] DEBUG org.hibernate.query.sqm.function.SqmFunctionRegistry - Registered SqmFunctionTemplate [NamedSqmFunctionTemplate(sha)] under sha; prior registration was null
2026-01-14 13:05:56.457 [main] DEBUG org.hibernate.query.sqm.function.SqmFunctionRegistry - Registered SqmFunctionTemplate [NamedSqmFunctionTemplate(bit_length)] under bit_length; prior registration was null
2026-01-14 13:05:56.457 [main] DEBUG org.hibernate.query.sqm.function.SqmFunctionRegistry - Registered SqmFunctionTemplate [NamedSqmFunctionTemplate(octet_length)] under octet_length; prior registration was NamedSqmFunctionTemplate(octet_length)
2026-01-14 13:05:56.457 [main] DEBUG org.hibernate.query.sqm.function.SqmFunctionRegistry - Registered SqmFunctionTemplate [NamedSqmFunctionTemplate(ascii)] under ascii; prior registration was null
2026-01-14 13:05:56.457 [main] DEBUG org.hibernate.query.sqm.function.SqmFunctionRegistry - Registered SqmFunctionTemplate [NamedSqmFunctionTemplate(instr)] under instr; prior registration was null
2026-01-14 13:05:56.457 [main] DEBUG org.hibernate.query.sqm.function.SqmFunctionRegistry - Registered SqmFunctionTemplate [NamedSqmFunctionTemplate(substr)] under substr; prior registration was null
2026-01-14 13:05:56.457 [main] DEBUG org.hibernate.query.sqm.function.SqmFunctionRegistry - Registered SqmFunctionTemplate [org.hibernate.query.sqm.function.PatternBasedSqmFunctionDescriptor@623e0631] under position; prior registration was org.hibernate.dialect.function.LocatePositionEmulation@2c0c4c0a
2026-01-14 13:05:56.457 [main] DEBUG org.hibernate.query.sqm.function.SqmFunctionRegistry - Registered SqmFunctionTemplate [NamedSqmFunctionTemplate(curtime)] under curtime; prior registration was null
2026-01-14 13:05:56.457 [main] DEBUG org.hibernate.query.sqm.function.SqmFunctionRegistry - Registered SqmFunctionTemplate [NamedSqmFunctionTemplate(curdate)] under curdate; prior registration was null
2026-01-14 13:05:56.457 [main] DEBUG org.hibernate.query.sqm.function.SqmFunctionRegistry - Registered SqmFunctionTemplate [NamedSqmFunctionTemplate(now)] under now; prior registration was null
2026-01-14 13:05:56.459 [main] DEBUG org.hibernate.query.sqm.function.SqmFunctionRegistry - Registered SqmFunctionTemplate [org.hibernate.dialect.function.TruncFunction@69a024a0] under trunc; prior registration was null
2026-01-14 13:05:56.460 [main] DEBUG org.hibernate.query.sqm.function.SqmFunctionRegistry - Registering alternate key : truncate -> trunc
2026-01-14 13:05:56.460 [main] DEBUG org.hibernate.query.sqm.function.SqmFunctionRegistry - Registered SqmFunctionTemplate [NamedSqmFunctionTemplate(insert)] under insert; prior registration was null
2026-01-14 13:05:56.460 [main] DEBUG org.hibernate.query.sqm.function.SqmFunctionRegistry - Registered SqmFunctionTemplate [org.hibernate.query.sqm.function.PatternBasedSqmFunctionDescriptor@4bf80c29] under bitand; prior registration was null
2026-01-14 13:05:56.460 [main] DEBUG org.hibernate.query.sqm.function.SqmFunctionRegistry - Registered SqmFunctionTemplate [org.hibernate.query.sqm.function.PatternBasedSqmFunctionDescriptor@2d7637e6] under bitor; prior registration was null
2026-01-14 13:05:56.460 [main] DEBUG org.hibernate.query.sqm.function.SqmFunctionRegistry - Registered SqmFunctionTemplate [org.hibernate.query.sqm.function.PatternBasedSqmFunctionDescriptor@515b9d4a] under bitxor; prior registration was null
2026-01-14 13:05:56.460 [main] DEBUG org.hibernate.query.sqm.function.SqmFunctionRegistry - Registered SqmFunctionTemplate [org.hibernate.query.sqm.function.PatternBasedSqmFunctionDescriptor@39b626e5] under bitnot; prior registration was null
2026-01-14 13:05:56.460 [main] DEBUG org.hibernate.query.sqm.function.SqmFunctionRegistry - Registered SqmFunctionTemplate [NamedSqmFunctionTemplate(bit_and)] under bit_and; prior registration was null
2026-01-14 13:05:56.460 [main] DEBUG org.hibernate.query.sqm.function.SqmFunctionRegistry - Registered SqmFunctionTemplate [NamedSqmFunctionTemplate(bit_or)] under bit_or; prior registration was null
2026-01-14 13:05:56.460 [main] DEBUG org.hibernate.query.sqm.function.SqmFunctionRegistry - Registered SqmFunctionTemplate [NamedSqmFunctionTemplate(stddev)] under stddev; prior registration was null
2026-01-14 13:05:56.460 [main] DEBUG org.hibernate.query.sqm.function.SqmFunctionRegistry - Registered SqmFunctionTemplate [NamedSqmFunctionTemplate(stddev_pop)] under stddev_pop; prior registration was null
2026-01-14 13:05:56.460 [main] DEBUG org.hibernate.query.sqm.function.SqmFunctionRegistry - Registered SqmFunctionTemplate [NamedSqmFunctionTemplate(stddev_samp)] under stddev_samp; prior registration was null
2026-01-14 13:05:56.460 [main] DEBUG org.hibernate.query.sqm.function.SqmFunctionRegistry - Registered SqmFunctionTemplate [NamedSqmFunctionTemplate(variance)] under variance; prior registration was null
2026-01-14 13:05:56.460 [main] DEBUG org.hibernate.query.sqm.function.SqmFunctionRegistry - Registered SqmFunctionTemplate [NamedSqmFunctionTemplate(var_pop)] under var_pop; prior registration was null
2026-01-14 13:05:56.460 [main] DEBUG org.hibernate.query.sqm.function.SqmFunctionRegistry - Registered SqmFunctionTemplate [NamedSqmFunctionTemplate(var_samp)] under var_samp; prior registration was null
2026-01-14 13:05:56.460 [main] DEBUG org.hibernate.query.sqm.function.SqmFunctionRegistry - Registered SqmFunctionTemplate [NamedSqmFunctionTemplate(datediff)] under datediff; prior registration was null
2026-01-14 13:05:56.460 [main] DEBUG org.hibernate.query.sqm.function.SqmFunctionRegistry - Registered SqmFunctionTemplate [NamedSqmFunctionTemplate(adddate)] under adddate; prior registration was null
2026-01-14 13:05:56.460 [main] DEBUG org.hibernate.query.sqm.function.SqmFunctionRegistry - Registered SqmFunctionTemplate [NamedSqmFunctionTemplate(subdate)] under subdate; prior registration was null
2026-01-14 13:05:56.460 [main] DEBUG org.hibernate.query.sqm.function.SqmFunctionRegistry - Registered SqmFunctionTemplate [NamedSqmFunctionTemplate(addtime)] under addtime; prior registration was null
2026-01-14 13:05:56.460 [main] DEBUG org.hibernate.query.sqm.function.SqmFunctionRegistry - Registered SqmFunctionTemplate [NamedSqmFunctionTemplate(subtime)] under subtime; prior registration was null
2026-01-14 13:05:56.460 [main] DEBUG org.hibernate.query.sqm.function.SqmFunctionRegistry - Registered SqmFunctionTemplate [org.hibernate.dialect.function.FormatFunction@32a4ecbe] under format; prior registration was org.hibernate.dialect.function.FormatFunction@13803a94
2026-01-14 13:05:56.460 [main] DEBUG org.hibernate.query.sqm.function.SqmFunctionRegistry - Registered SqmFunctionTemplate [NamedSqmFunctionTemplate(makedate)] under makedate; prior registration was null
2026-01-14 13:05:56.460 [main] DEBUG org.hibernate.query.sqm.function.SqmFunctionRegistry - Registered SqmFunctionTemplate [NamedSqmFunctionTemplate(maketime)] under maketime; prior registration was null
2026-01-14 13:05:56.460 [main] DEBUG org.hibernate.query.sqm.function.SqmFunctionRegistry - Registered SqmFunctionTemplate [NamedSqmFunctionTemplate(localtime)] under localtime; prior registration was null
2026-01-14 13:05:56.460 [main] DEBUG org.hibernate.query.sqm.function.SqmFunctionRegistry - Registered SqmFunctionTemplate [NamedSqmFunctionTemplate(localtimestamp)] under localtimestamp; prior registration was null
2026-01-14 13:05:56.460 [main] DEBUG org.hibernate.query.sqm.function.SqmFunctionRegistry - Registered SqmFunctionTemplate [NamedSqmFunctionTemplate(localtime)] under local_time; prior registration was org.hibernate.dialect.function.CurrentFunction@3f8dfe74
2026-01-14 13:05:56.460 [main] DEBUG org.hibernate.query.sqm.function.SqmFunctionRegistry - Registered SqmFunctionTemplate [NamedSqmFunctionTemplate(localtimestamp)] under local_datetime; prior registration was org.hibernate.dialect.function.CurrentFunction@401c4250
2026-01-14 13:05:56.460 [main] DEBUG org.hibernate.query.sqm.function.SqmFunctionRegistry - Registered SqmFunctionTemplate [NamedSqmFunctionTemplate(localtime)] under localtime; prior registration was NamedSqmFunctionTemplate(localtime)
2026-01-14 13:05:56.460 [main] DEBUG org.hibernate.query.sqm.function.SqmFunctionRegistry - Registered SqmFunctionTemplate [org.hibernate.query.sqm.function.PatternBasedSqmFunctionDescriptor@2e71240b] under pi; prior registration was org.hibernate.query.sqm.function.PatternBasedSqmFunctionDescriptor@68b11545
2026-01-14 13:05:56.460 [main] DEBUG org.hibernate.query.sqm.function.SqmFunctionRegistry - Registered SqmFunctionTemplate [org.hibernate.query.sqm.function.PatternBasedSqmFunctionDescriptor@23cd5d42] under chr; prior registration was null
2026-01-14 13:05:56.460 [main] DEBUG org.hibernate.query.sqm.function.SqmFunctionRegistry - Registering alternate key : char -> chr
2026-01-14 13:05:56.460 [main] DEBUG org.hibernate.query.sqm.function.SqmFunctionRegistry - Registered SqmFunctionTemplate [org.hibernate.query.sqm.function.PatternBasedSqmFunctionDescriptor@2b44d6d0] under sysdate; prior registration was null
2026-01-14 13:05:56.460 [main] DEBUG org.hibernate.query.sqm.function.SqmFunctionRegistry - Registered SqmFunctionTemplate [NamedSqmFunctionTemplate(row_number)] under row_number; prior registration was null
2026-01-14 13:05:56.461 [main] DEBUG org.hibernate.query.sqm.function.SqmFunctionRegistry - Registered SqmFunctionTemplate [NamedSqmFunctionTemplate(lag)] under lag; prior registration was null
2026-01-14 13:05:56.461 [main] DEBUG org.hibernate.query.sqm.function.SqmFunctionRegistry - Registered SqmFunctionTemplate [NamedSqmFunctionTemplate(lead)] under lead; prior registration was null
2026-01-14 13:05:56.461 [main] DEBUG org.hibernate.query.sqm.function.SqmFunctionRegistry - Registered SqmFunctionTemplate [NamedSqmFunctionTemplate(first_value)] under first_value; prior registration was null
2026-01-14 13:05:56.461 [main] DEBUG org.hibernate.query.sqm.function.SqmFunctionRegistry - Registered SqmFunctionTemplate [NamedSqmFunctionTemplate(last_value)] under last_value; prior registration was null
2026-01-14 13:05:56.461 [main] DEBUG org.hibernate.query.sqm.function.SqmFunctionRegistry - Registered SqmFunctionTemplate [NamedSqmFunctionTemplate(nth_value)] under nth_value; prior registration was null
2026-01-14 13:05:56.463 [main] DEBUG org.hibernate.query.sqm.function.SqmFunctionRegistry - Registered SqmFunctionTemplate [org.hibernate.dialect.function.HypotheticalSetWindowEmulation@4f3e9fbb] under rank; prior registration was null
2026-01-14 13:05:56.463 [main] DEBUG org.hibernate.query.sqm.function.SqmFunctionRegistry - Registered SqmFunctionTemplate [org.hibernate.dialect.function.HypotheticalSetWindowEmulation@365afe87] under dense_rank; prior registration was null
2026-01-14 13:05:56.463 [main] DEBUG org.hibernate.query.sqm.function.SqmFunctionRegistry - Registered SqmFunctionTemplate [org.hibernate.dialect.function.HypotheticalSetWindowEmulation@43471a7e] under percent_rank; prior registration was null
2026-01-14 13:05:56.463 [main] DEBUG org.hibernate.query.sqm.function.SqmFunctionRegistry - Registered SqmFunctionTemplate [org.hibernate.dialect.function.HypotheticalSetWindowEmulation@21e45a6f] under cume_dist; prior registration was null
2026-01-14 13:05:56.463 [main] DEBUG org.hibernate.query.sqm.function.SqmFunctionRegistry - Registered SqmFunctionTemplate [org.hibernate.dialect.function.ListaggGroupConcatEmulation@388c519] under listagg; prior registration was null
2026-01-14 13:05:56.464 [main] DEBUG org.hibernate.HQL_FUNCTIONS - abs(NUMERIC arg)
2026-01-14 13:05:56.464 [main] DEBUG org.hibernate.HQL_FUNCTIONS - Double acos(NUMERIC arg)
2026-01-14 13:05:56.464 [main] DEBUG org.hibernate.HQL_FUNCTIONS - adddate(DATE datetime, INTEGER days)
2026-01-14 13:05:56.464 [main] DEBUG org.hibernate.HQL_FUNCTIONS - addtime(TIME datetime, TIME time)
2026-01-14 13:05:56.464 [main] DEBUG org.hibernate.HQL_FUNCTIONS - Boolean any(BOOLEAN arg)
2026-01-14 13:05:56.464 [main] DEBUG org.hibernate.HQL_FUNCTIONS - Integer ascii(STRING arg)
2026-01-14 13:05:56.464 [main] DEBUG org.hibernate.HQL_FUNCTIONS - Double asin(NUMERIC arg)
2026-01-14 13:05:56.464 [main] DEBUG org.hibernate.HQL_FUNCTIONS - Double atan(NUMERIC arg)
2026-01-14 13:05:56.464 [main] DEBUG org.hibernate.HQL_FUNCTIONS - Double atan2(NUMERIC arg0, NUMERIC arg1)
2026-01-14 13:05:56.464 [main] DEBUG org.hibernate.HQL_FUNCTIONS - avg(arg)
2026-01-14 13:05:56.464 [main] DEBUG org.hibernate.HQL_FUNCTIONS - bit_and(arg)
2026-01-14 13:05:56.464 [main] DEBUG org.hibernate.HQL_FUNCTIONS - Integer bit_length(STRING_OR_CLOB arg)
2026-01-14 13:05:56.464 [main] DEBUG org.hibernate.HQL_FUNCTIONS - bit_or(arg)
2026-01-14 13:05:56.464 [main] DEBUG org.hibernate.HQL_FUNCTIONS - bitand(arg0, arg1)
2026-01-14 13:05:56.464 [main] DEBUG org.hibernate.HQL_FUNCTIONS - bitnot(arg)
2026-01-14 13:05:56.464 [main] DEBUG org.hibernate.HQL_FUNCTIONS - bitor(arg0, arg1)
2026-01-14 13:05:56.465 [main] DEBUG org.hibernate.HQL_FUNCTIONS - bitxor(arg0, arg1)
2026-01-14 13:05:56.465 [main] DEBUG org.hibernate.HQL_FUNCTIONS - cast(arg as Type)
2026-01-14 13:05:56.465 [main] DEBUG org.hibernate.HQL_FUNCTIONS - ceiling(NUMERIC arg)
2026-01-14 13:05:56.465 [main] DEBUG org.hibernate.HQL_FUNCTIONS - Character char(INTEGER arg)
2026-01-14 13:05:56.465 [main] DEBUG org.hibernate.HQL_FUNCTIONS - Integer character_length(STRING_OR_CLOB arg)
2026-01-14 13:05:56.465 [main] DEBUG org.hibernate.HQL_FUNCTIONS - Character chr(INTEGER arg)
2026-01-14 13:05:56.465 [main] DEBUG org.hibernate.HQL_FUNCTIONS - coalesce(arg0[, arg1[, ...]])
2026-01-14 13:05:56.465 [main] DEBUG org.hibernate.HQL_FUNCTIONS - String collate(STRING string as COLLATION collation)
2026-01-14 13:05:56.465 [main] DEBUG org.hibernate.HQL_FUNCTIONS - String concat(STRING string0[, STRING string1[, ...]])
2026-01-14 13:05:56.465 [main] DEBUG org.hibernate.HQL_FUNCTIONS - Double cos(NUMERIC arg)
2026-01-14 13:05:56.465 [main] DEBUG org.hibernate.HQL_FUNCTIONS - Double cosh(NUMERIC arg)
2026-01-14 13:05:56.465 [main] DEBUG org.hibernate.HQL_FUNCTIONS - Double cot(NUMERIC arg)
2026-01-14 13:05:56.465 [main] DEBUG org.hibernate.HQL_FUNCTIONS - Long count([distinct ]{arg|*})
2026-01-14 13:05:56.465 [main] DEBUG org.hibernate.HQL_FUNCTIONS - Integer crc32(arg)
2026-01-14 13:05:56.465 [main] DEBUG org.hibernate.HQL_FUNCTIONS - Double cume_dist([arg0[, ...]])
2026-01-14 13:05:56.465 [main] DEBUG org.hibernate.HQL_FUNCTIONS - Date curdate()
2026-01-14 13:05:56.465 [main] DEBUG org.hibernate.HQL_FUNCTIONS - Date current date
2026-01-14 13:05:56.465 [main] DEBUG org.hibernate.HQL_FUNCTIONS - Time current time
2026-01-14 13:05:56.465 [main] DEBUG org.hibernate.HQL_FUNCTIONS - Timestamp current timestamp
2026-01-14 13:05:56.465 [main] DEBUG org.hibernate.HQL_FUNCTIONS - Date current_date
2026-01-14 13:05:56.465 [main] DEBUG org.hibernate.HQL_FUNCTIONS - Instant current_instant
2026-01-14 13:05:56.465 [main] DEBUG org.hibernate.HQL_FUNCTIONS - Time current_time
2026-01-14 13:05:56.465 [main] DEBUG org.hibernate.HQL_FUNCTIONS - Timestamp current_timestamp
2026-01-14 13:05:56.465 [main] DEBUG org.hibernate.HQL_FUNCTIONS - Time curtime()
2026-01-14 13:05:56.465 [main] DEBUG org.hibernate.HQL_FUNCTIONS - Date date(arg)
2026-01-14 13:05:56.465 [main] DEBUG org.hibernate.HQL_FUNCTIONS - dateadd(TEMPORAL_UNIT field, INTEGER magnitude, TEMPORAL datetime)
2026-01-14 13:05:56.465 [main] DEBUG org.hibernate.HQL_FUNCTIONS - Integer datediff(DATE end, DATE start)
2026-01-14 13:05:56.465 [main] DEBUG org.hibernate.HQL_FUNCTIONS - Integer day(DATE arg)
2026-01-14 13:05:56.465 [main] DEBUG org.hibernate.HQL_FUNCTIONS - String dayname(DATE arg)
2026-01-14 13:05:56.465 [main] DEBUG org.hibernate.HQL_FUNCTIONS - Integer dayofmonth(DATE arg)
2026-01-14 13:05:56.465 [main] DEBUG org.hibernate.HQL_FUNCTIONS - Integer dayofweek(DATE arg)
2026-01-14 13:05:56.466 [main] DEBUG org.hibernate.HQL_FUNCTIONS - Integer dayofyear(DATE arg)
2026-01-14 13:05:56.466 [main] DEBUG org.hibernate.HQL_FUNCTIONS - Double degrees(NUMERIC arg)
2026-01-14 13:05:56.466 [main] DEBUG org.hibernate.HQL_FUNCTIONS - Long dense_rank([arg0[, ...]])
2026-01-14 13:05:56.466 [main] DEBUG org.hibernate.HQL_FUNCTIONS - Boolean every(BOOLEAN arg)
2026-01-14 13:05:56.466 [main] DEBUG org.hibernate.HQL_FUNCTIONS - Double exp(NUMERIC arg)
2026-01-14 13:05:56.466 [main] DEBUG org.hibernate.HQL_FUNCTIONS - extract(TEMPORAL_UNIT field from TEMPORAL arg)
2026-01-14 13:05:56.466 [main] DEBUG org.hibernate.HQL_FUNCTIONS - first_valueANY value
2026-01-14 13:05:56.466 [main] DEBUG org.hibernate.HQL_FUNCTIONS - floor(NUMERIC arg)
2026-01-14 13:05:56.466 [main] DEBUG org.hibernate.HQL_FUNCTIONS - String format(TEMPORAL datetime as STRING pattern)
2026-01-14 13:05:56.466 [main] DEBUG org.hibernate.HQL_FUNCTIONS - greatest(COMPARABLE arg0, COMPARABLE arg1[, arg2[, ...]])
2026-01-14 13:05:56.466 [main] DEBUG org.hibernate.HQL_FUNCTIONS - Integer hour(TIME arg)
2026-01-14 13:05:56.466 [main] DEBUG org.hibernate.HQL_FUNCTIONS - ifnull(arg0, arg1)
2026-01-14 13:05:56.466 [main] DEBUG org.hibernate.HQL_FUNCTIONS - String insert(STRING string, INTEGER start, INTEGER length, STRING replacement)
2026-01-14 13:05:56.466 [main] DEBUG org.hibernate.HQL_FUNCTIONS - Instant instant
2026-01-14 13:05:56.466 [main] DEBUG org.hibernate.HQL_FUNCTIONS - Integer instr(STRING string, STRING pattern[, INTEGER start[, INTEGER occurrence]])
2026-01-14 13:05:56.466 [main] DEBUG org.hibernate.HQL_FUNCTIONS - lagANY value[, INTEGER offset[, ANY default]]
2026-01-14 13:05:56.466 [main] DEBUG org.hibernate.HQL_FUNCTIONS - Date last_day(DATE arg)
2026-01-14 13:05:56.466 [main] DEBUG org.hibernate.HQL_FUNCTIONS - last_valueANY value
2026-01-14 13:05:56.466 [main] DEBUG org.hibernate.HQL_FUNCTIONS - leadANY value[, INTEGER offset[, ANY default]]
2026-01-14 13:05:56.466 [main] DEBUG org.hibernate.HQL_FUNCTIONS - least(COMPARABLE arg0, COMPARABLE arg1[, arg2[, ...]])
2026-01-14 13:05:56.466 [main] DEBUG org.hibernate.HQL_FUNCTIONS - String left(STRING string, INTEGER length)
2026-01-14 13:05:56.466 [main] DEBUG org.hibernate.HQL_FUNCTIONS - Integer length(STRING_OR_CLOB arg)
2026-01-14 13:05:56.466 [main] DEBUG org.hibernate.HQL_FUNCTIONS - String listagg(STRING arg0, STRING arg1)
2026-01-14 13:05:56.466 [main] DEBUG org.hibernate.HQL_FUNCTIONS - Double ln(NUMERIC arg)
2026-01-14 13:05:56.466 [main] DEBUG org.hibernate.HQL_FUNCTIONS - LocalDate local date
2026-01-14 13:05:56.466 [main] DEBUG org.hibernate.HQL_FUNCTIONS - LocalDateTime local datetime
2026-01-14 13:05:56.466 [main] DEBUG org.hibernate.HQL_FUNCTIONS - LocalTime local time
2026-01-14 13:05:56.466 [main] DEBUG org.hibernate.HQL_FUNCTIONS - LocalDate local_date
2026-01-14 13:05:56.466 [main] DEBUG org.hibernate.HQL_FUNCTIONS - LocalDateTime local_datetime
2026-01-14 13:05:56.466 [main] DEBUG org.hibernate.HQL_FUNCTIONS - LocalTime local_time
2026-01-14 13:05:56.466 [main] DEBUG org.hibernate.HQL_FUNCTIONS - Timestamp localtime
2026-01-14 13:05:56.466 [main] DEBUG org.hibernate.HQL_FUNCTIONS - Timestamp localtimestamp
2026-01-14 13:05:56.466 [main] DEBUG org.hibernate.HQL_FUNCTIONS - Integer locate(STRING pattern, STRING string[, INTEGER start])
2026-01-14 13:05:56.466 [main] DEBUG org.hibernate.HQL_FUNCTIONS - Double log(NUMERIC arg0[, NUMERIC arg1])
2026-01-14 13:05:56.466 [main] DEBUG org.hibernate.HQL_FUNCTIONS - Double log10(NUMERIC arg)
2026-01-14 13:05:56.467 [main] DEBUG org.hibernate.HQL_FUNCTIONS - Double log2(NUMERIC arg)
2026-01-14 13:05:56.467 [main] DEBUG org.hibernate.HQL_FUNCTIONS - String lower(STRING string)
2026-01-14 13:05:56.467 [main] DEBUG org.hibernate.HQL_FUNCTIONS - String lpad(string, length[, padding])
2026-01-14 13:05:56.467 [main] DEBUG org.hibernate.HQL_FUNCTIONS - String ltrim(STRING string[, STRING characters])
2026-01-14 13:05:56.467 [main] DEBUG org.hibernate.HQL_FUNCTIONS - Date makedate(INTEGER year, INTEGER dayofyear)
2026-01-14 13:05:56.467 [main] DEBUG org.hibernate.HQL_FUNCTIONS - Time maketime(INTEGER hour, INTEGER min, INTEGER sec)
2026-01-14 13:05:56.467 [main] DEBUG org.hibernate.HQL_FUNCTIONS - max(COMPARABLE arg)
2026-01-14 13:05:56.467 [main] DEBUG org.hibernate.HQL_FUNCTIONS - String md5(arg)
2026-01-14 13:05:56.467 [main] DEBUG org.hibernate.HQL_FUNCTIONS - Integer microsecond(TIME arg)
2026-01-14 13:05:56.467 [main] DEBUG org.hibernate.HQL_FUNCTIONS - min(COMPARABLE arg)
2026-01-14 13:05:56.467 [main] DEBUG org.hibernate.HQL_FUNCTIONS - Integer minute(TIME arg)
2026-01-14 13:05:56.467 [main] DEBUG org.hibernate.HQL_FUNCTIONS - Integer mod(INTEGER arg0, INTEGER arg1)
2026-01-14 13:05:56.467 [main] DEBUG org.hibernate.HQL_FUNCTIONS - Integer month(DATE arg)
2026-01-14 13:05:56.467 [main] DEBUG org.hibernate.HQL_FUNCTIONS - String monthname(DATE arg)
2026-01-14 13:05:56.467 [main] DEBUG org.hibernate.HQL_FUNCTIONS - Timestamp now()
2026-01-14 13:05:56.467 [main] DEBUG org.hibernate.HQL_FUNCTIONS - nth_valueANY value, INTEGER nth
2026-01-14 13:05:56.467 [main] DEBUG org.hibernate.HQL_FUNCTIONS - nullif(arg0, arg1)
2026-01-14 13:05:56.467 [main] DEBUG org.hibernate.HQL_FUNCTIONS - Integer octet_length(STRING_OR_CLOB arg)
2026-01-14 13:05:56.467 [main] DEBUG org.hibernate.HQL_FUNCTIONS - OffsetDateTime offset datetime
2026-01-14 13:05:56.467 [main] DEBUG org.hibernate.HQL_FUNCTIONS - OffsetDateTime offset_datetime
2026-01-14 13:05:56.467 [main] DEBUG org.hibernate.HQL_FUNCTIONS - String overlay(STRING string placing STRING replacement from INTEGER start[ for INTEGER length])
2026-01-14 13:05:56.467 [main] DEBUG org.hibernate.HQL_FUNCTIONS - String pad(STRING string with INTEGER length {leading|trailing}[ STRING character])
2026-01-14 13:05:56.467 [main] DEBUG org.hibernate.HQL_FUNCTIONS - Double percent_rank([arg0[, ...]])
2026-01-14 13:05:56.467 [main] DEBUG org.hibernate.HQL_FUNCTIONS - Double pi
2026-01-14 13:05:56.467 [main] DEBUG org.hibernate.HQL_FUNCTIONS - Integer position(STRING pattern in STRING string)
2026-01-14 13:05:56.467 [main] DEBUG org.hibernate.HQL_FUNCTIONS - Double power(NUMERIC arg0, NUMERIC arg1)
2026-01-14 13:05:56.467 [main] DEBUG org.hibernate.HQL_FUNCTIONS - Integer quarter(DATE arg)
2026-01-14 13:05:56.467 [main] DEBUG org.hibernate.HQL_FUNCTIONS - Double radians(NUMERIC arg)
2026-01-14 13:05:56.467 [main] DEBUG org.hibernate.HQL_FUNCTIONS - Double rand([INTEGER seed])
2026-01-14 13:05:56.467 [main] DEBUG org.hibernate.HQL_FUNCTIONS - Long rank([arg0[, ...]])
2026-01-14 13:05:56.467 [main] DEBUG org.hibernate.HQL_FUNCTIONS - String repeat(STRING string, INTEGER times)
2026-01-14 13:05:56.467 [main] DEBUG org.hibernate.HQL_FUNCTIONS - String replace(STRING string, STRING pattern, STRING replacement)
2026-01-14 13:05:56.467 [main] DEBUG org.hibernate.HQL_FUNCTIONS - String reverse(STRING arg)
2026-01-14 13:05:56.467 [main] DEBUG org.hibernate.HQL_FUNCTIONS - String right(STRING string, INTEGER length)
2026-01-14 13:05:56.467 [main] DEBUG org.hibernate.HQL_FUNCTIONS - round(NUMERIC number[, INTEGER places])
2026-01-14 13:05:56.467 [main] DEBUG org.hibernate.HQL_FUNCTIONS - Long row_number()
2026-01-14 13:05:56.467 [main] DEBUG org.hibernate.HQL_FUNCTIONS - String rpad(string, length[, padding])
2026-01-14 13:05:56.467 [main] DEBUG org.hibernate.HQL_FUNCTIONS - String rtrim(STRING string[, STRING characters])
2026-01-14 13:05:56.467 [main] DEBUG org.hibernate.HQL_FUNCTIONS - Integer second(TIME arg)
2026-01-14 13:05:56.467 [main] DEBUG org.hibernate.HQL_FUNCTIONS - String sha(arg)
2026-01-14 13:05:56.467 [main] DEBUG org.hibernate.HQL_FUNCTIONS - String sha1(arg)
2026-01-14 13:05:56.467 [main] DEBUG org.hibernate.HQL_FUNCTIONS - String sha2(arg0, arg1)
2026-01-14 13:05:56.467 [main] DEBUG org.hibernate.HQL_FUNCTIONS - Integer sign(NUMERIC arg)
2026-01-14 13:05:56.467 [main] DEBUG org.hibernate.HQL_FUNCTIONS - Double sin(NUMERIC arg)
2026-01-14 13:05:56.467 [main] DEBUG org.hibernate.HQL_FUNCTIONS - Double sinh(NUMERIC arg)
2026-01-14 13:05:56.467 [main] DEBUG org.hibernate.HQL_FUNCTIONS - String soundex(arg)
2026-01-14 13:05:56.469 [main] DEBUG org.hibernate.HQL_FUNCTIONS - String space(INTEGER arg)
2026-01-14 13:05:56.469 [main] DEBUG org.hibernate.HQL_FUNCTIONS - Object sql
2026-01-14 13:05:56.469 [main] DEBUG org.hibernate.HQL_FUNCTIONS - Double sqrt(NUMERIC arg)
2026-01-14 13:05:56.469 [main] DEBUG org.hibernate.HQL_FUNCTIONS - Double stddev(NUMERIC arg)
2026-01-14 13:05:56.469 [main] DEBUG org.hibernate.HQL_FUNCTIONS - Double stddev_pop(NUMERIC arg)
2026-01-14 13:05:56.469 [main] DEBUG org.hibernate.HQL_FUNCTIONS - Double stddev_samp(NUMERIC arg)
2026-01-14 13:05:56.469 [main] DEBUG org.hibernate.HQL_FUNCTIONS - String str(arg)
2026-01-14 13:05:56.469 [main] DEBUG org.hibernate.HQL_FUNCTIONS - subdate(DATE datetime, INTEGER days)
2026-01-14 13:05:56.469 [main] DEBUG org.hibernate.HQL_FUNCTIONS - String substr(STRING string, INTEGER start[, INTEGER length])
2026-01-14 13:05:56.469 [main] DEBUG org.hibernate.HQL_FUNCTIONS - String substring(STRING string{ from|,} INTEGER start[{ for|,} INTEGER length])
2026-01-14 13:05:56.469 [main] DEBUG org.hibernate.HQL_FUNCTIONS - subtime(TIME datetime, TIME time)
2026-01-14 13:05:56.469 [main] DEBUG org.hibernate.HQL_FUNCTIONS - sum(arg)
2026-01-14 13:05:56.469 [main] DEBUG org.hibernate.HQL_FUNCTIONS - Timestamp sysdate()
2026-01-14 13:05:56.469 [main] DEBUG org.hibernate.HQL_FUNCTIONS - Double tan(NUMERIC arg)
2026-01-14 13:05:56.469 [main] DEBUG org.hibernate.HQL_FUNCTIONS - Double tanh(NUMERIC arg)
2026-01-14 13:05:56.469 [main] DEBUG org.hibernate.HQL_FUNCTIONS - String time(arg)
2026-01-14 13:05:56.469 [main] DEBUG org.hibernate.HQL_FUNCTIONS - Timestamp timestamp(arg0[, arg1])
2026-01-14 13:05:56.469 [main] DEBUG org.hibernate.HQL_FUNCTIONS - timestampadd(TEMPORAL_UNIT field, INTEGER magnitude, TEMPORAL datetime)
2026-01-14 13:05:56.469 [main] DEBUG org.hibernate.HQL_FUNCTIONS - basicType@8(java.lang.Long,-5)|basicType@17(java.lang.Double,8) timestampdiff(TEMPORAL_UNIT field, TEMPORAL start, TEMPORAL end)
2026-01-14 13:05:56.469 [main] DEBUG org.hibernate.HQL_FUNCTIONS - String trim([[{leading|trailing|both} ][STRING arg0 ]from] STRING arg1)
2026-01-14 13:05:56.469 [main] DEBUG org.hibernate.HQL_FUNCTIONS - trunc( ... )
2026-01-14 13:05:56.469 [main] DEBUG org.hibernate.HQL_FUNCTIONS - truncate( ... )
2026-01-14 13:05:56.469 [main] DEBUG org.hibernate.HQL_FUNCTIONS - String upper(STRING string)
2026-01-14 13:05:56.469 [main] DEBUG org.hibernate.HQL_FUNCTIONS - Date utc_date
2026-01-14 13:05:56.469 [main] DEBUG org.hibernate.HQL_FUNCTIONS - Time utc_time
2026-01-14 13:05:56.469 [main] DEBUG org.hibernate.HQL_FUNCTIONS - Timestamp utc_timestamp
2026-01-14 13:05:56.469 [main] DEBUG org.hibernate.HQL_FUNCTIONS - Double var_pop(NUMERIC arg)
2026-01-14 13:05:56.469 [main] DEBUG org.hibernate.HQL_FUNCTIONS - Double var_samp(NUMERIC arg)
2026-01-14 13:05:56.469 [main] DEBUG org.hibernate.HQL_FUNCTIONS - Double variance(NUMERIC arg)
2026-01-14 13:05:56.469 [main] DEBUG org.hibernate.HQL_FUNCTIONS - Integer week(DATE arg)
2026-01-14 13:05:56.469 [main] DEBUG org.hibernate.HQL_FUNCTIONS - Integer year(DATE arg)
2026-01-14 13:05:56.474 [main] DEBUG org.hibernate.orm.query.plan.cache - Starting QueryInterpretationCache(2048)
2026-01-14 13:05:56.524 [main] DEBUG org.hibernate.service.internal.SessionFactoryServiceRegistryImpl - EventListenerRegistry access via ServiceRegistry is deprecated.  Use `sessionFactory.getEventEngine().getListenerRegistry()` instead
2026-01-14 13:05:56.528 [main] DEBUG org.hibernate.event.internal.EntityCopyObserverFactoryInitiator - Configured EntityCopyObserver strategy: disallow
2026-01-14 13:05:56.578 [main] DEBUG org.hibernate.boot.internal.ClassLoaderAccessImpl - Not known whether passed class name [modelo.Reunion] is safe
2026-01-14 13:05:56.578 [main] DEBUG org.hibernate.boot.internal.ClassLoaderAccessImpl - No temp ClassLoader provided; using live ClassLoader for loading potentially unsafe class : modelo.Reunion
2026-01-14 13:05:56.708 [main] DEBUG org.hibernate.bytecode.internal.bytebuddy.BytecodeProviderImpl - HHH000513: Unable to create the ReflectionOptimizer for [modelo.Reunion]: private accessor [asunto]
2026-01-14 13:05:56.735 [main] DEBUG org.hibernate.orm.model.mapping.creation - Starting post-init callbacks
2026-01-14 13:05:56.735 [main] DEBUG org.hibernate.orm.model.mapping.creation - Starting PostInitCallbackEntry : Entity(modelo.Reunion) `staticFetchableList` generator
2026-01-14 13:05:56.736 [main] DEBUG org.hibernate.orm.model.mapping.creation - Starting PostInitCallbackEntry : Entity(modelo.Reunion) `sqmMultiTableInsertStrategy` interpretation
2026-01-14 13:05:56.787 [main] DEBUG org.hibernate.orm.sql.ast.create - Created new SQL alias : r1_0
2026-01-14 13:05:56.789 [main] DEBUG org.hibernate.orm.sql.ast.create - Registration of TableGroup [StandardTableGroup(modelo.Reunion)] with identifierForTableGroup [modelo.Reunion] for NavigablePath [modelo.Reunion] 
2026-01-14 13:05:56.799 [main] DEBUG org.hibernate.orm.results.graph.AST - DomainResult Graph:
 \-EntityResultImpl [modelo.Reunion]
 |  +-BasicFetch [modelo.Reunion.asunto]
 |  \-BasicFetch [modelo.Reunion.fecha]

2026-01-14 13:05:56.801 [main] DEBUG org.hibernate.orm.sql.ast.tree - SQL AST Tree:
    SelectStatement {
      FromClause {
        StandardTableGroup (r1 : modelo.Reunion) {
          primaryTableReference : reunion as r1_0
        }
      }
    }

2026-01-14 13:05:56.809 [main] DEBUG org.hibernate.persister.entity.AbstractEntityPersister - Static SQL for entity: modelo.Reunion
2026-01-14 13:05:56.809 [main] DEBUG org.hibernate.persister.entity.AbstractEntityPersister -  Version select: select idReunion from reunion where idReunion=?
2026-01-14 13:05:56.809 [main] DEBUG org.hibernate.persister.entity.AbstractEntityPersister -  Insert (0): insert into reunion (asunto,fecha,idReunion) values (?,?,?)
2026-01-14 13:05:56.809 [main] DEBUG org.hibernate.persister.entity.AbstractEntityPersister -  Update (0): update reunion set asunto=?,fecha=? where idReunion=?
2026-01-14 13:05:56.809 [main] DEBUG org.hibernate.persister.entity.AbstractEntityPersister -  Delete (0): delete from reunion where idReunion=?
2026-01-14 13:05:56.826 [main] DEBUG org.hibernate.engine.transaction.jta.platform.internal.JtaPlatformInitiator - No JtaPlatform was specified, checking resolver
2026-01-14 13:05:56.826 [main] DEBUG org.hibernate.engine.transaction.jta.platform.internal.JtaPlatformResolverInitiator - No JtaPlatformResolver was specified, using default [org.hibernate.engine.transaction.jta.platform.internal.StandardJtaPlatformResolver]
2026-01-14 13:05:56.830 [main] DEBUG org.hibernate.engine.transaction.jta.platform.internal.StandardJtaPlatformResolver - Could not resolve JtaPlatform, using default [org.hibernate.engine.transaction.jta.platform.internal.NoJtaPlatform]
2026-01-14 13:05:56.830 [main] INFO  org.hibernate.engine.transaction.jta.platform.internal.JtaPlatformInitiator - HHH000489: No JTA platform available (set 'hibernate.transaction.jta.platform' to enable JTA platform integration)
2026-01-14 13:05:56.831 [main] DEBUG org.hibernate.type.spi.TypeConfiguration$Scope - Scoping TypeConfiguration [org.hibernate.type.spi.TypeConfiguration@5e519ad3] to SessionFactoryImplementor [org.hibernate.internal.SessionFactoryImpl@6736f40f]
2026-01-14 13:05:56.831 [main] DEBUG org.hibernate.query.named.NamedObjectRepository - Checking 0 named HQL queries
2026-01-14 13:05:56.833 [main] DEBUG org.hibernate.query.named.NamedObjectRepository - Checking 0 named SQL queries
2026-01-14 13:05:56.847 [main] DEBUG org.hibernate.SQL - 
    drop table if exists reunion
2026-01-14 13:05:56.850 [main] INFO  org.hibernate.orm.connections.access - HHH10001501: Connection obtained from JdbcConnectionAccess [org.hibernate.engine.jdbc.env.internal.JdbcEnvironmentInitiator$ConnectionProviderJdbcConnectionAccess@2e29f28e] for (non-JTA) DDL execution was not in auto-commit mode; the Connection 'local transaction' will be committed and the Connection will be set into auto-commit mode.
2026-01-14 13:05:56.872 [main] DEBUG org.hibernate.SQL - 
    drop table if exists reunion_SEQ
2026-01-14 13:05:56.899 [main] DEBUG org.hibernate.SQL - 
    create table reunion (
        idReunion integer not null,
        fecha datetime(6),
        asunto varchar(255),
        primary key (idReunion)
    ) engine=InnoDB
2026-01-14 13:05:56.900 [main] INFO  org.hibernate.orm.connections.access - HHH10001501: Connection obtained from JdbcConnectionAccess [org.hibernate.engine.jdbc.env.internal.JdbcEnvironmentInitiator$ConnectionProviderJdbcConnectionAccess@5817f1ca] for (non-JTA) DDL execution was not in auto-commit mode; the Connection 'local transaction' will be committed and the Connection will be set into auto-commit mode.
2026-01-14 13:05:56.926 [main] DEBUG org.hibernate.SQL - 
    create table reunion_SEQ (
        next_val bigint
    ) engine=InnoDB
2026-01-14 13:05:56.953 [main] DEBUG org.hibernate.SQL - 
    insert into reunion_SEQ values ( 1 )
2026-01-14 13:05:56.963 [main] DEBUG org.hibernate.internal.SessionFactoryRegistry - Initializing SessionFactoryRegistry : org.hibernate.internal.SessionFactoryRegistry@57416e49
2026-01-14 13:05:56.963 [main] DEBUG org.hibernate.internal.SessionFactoryRegistry - Registering SessionFactory: 171b403f-a04f-462e-a76c-de2b8a06246d (<unnamed>)
2026-01-14 13:05:56.963 [main] DEBUG org.hibernate.internal.SessionFactoryRegistry - Not binding SessionFactory to JNDI, no JNDI name configured
2026-01-14 13:05:56.963 [main] DEBUG org.hibernate.internal.SessionFactoryImpl - Instantiated SessionFactory
2026-01-14 13:05:56.990 [main] DEBUG org.hibernate.stat.internal.StatisticsInitiator - Statistics initialized [enabled=false]
2026-01-14 13:05:56.993 [main] DEBUG org.hibernate.engine.transaction.internal.TransactionImpl - On TransactionImpl creation, JpaCompliance#isJpaTransactionComplianceEnabled == false
2026-01-14 13:05:56.993 [main] DEBUG org.hibernate.engine.transaction.internal.TransactionImpl - begin
2026-01-14 13:05:57.011 [main] DEBUG org.hibernate.SQL - 
    select
        next_val as id_val 
    from
        reunion_SEQ for update
2026-01-14 13:05:57.017 [main] DEBUG org.hibernate.SQL - 
    update
        reunion_SEQ 
    set
        next_val= ? 
    where
        next_val=?
2026-01-14 13:05:57.024 [main] DEBUG org.hibernate.event.internal.AbstractSaveEventListener - Generated identifier: 1, using strategy: org.hibernate.id.enhanced.SequenceStyleGenerator
2026-01-14 13:05:57.032 [main] DEBUG org.hibernate.engine.transaction.internal.TransactionImpl - committing
2026-01-14 13:05:57.032 [main] DEBUG org.hibernate.event.internal.AbstractFlushingEventListener - Processing flush-time cascades
2026-01-14 13:05:57.033 [main] DEBUG org.hibernate.event.internal.AbstractFlushingEventListener - Dirty checking collections
2026-01-14 13:05:57.036 [main] DEBUG org.hibernate.event.internal.AbstractFlushingEventListener - Flushed: 1 insertions, 0 updates, 0 deletions to 1 objects
2026-01-14 13:05:57.036 [main] DEBUG org.hibernate.event.internal.AbstractFlushingEventListener - Flushed: 0 (re)creations, 0 updates, 0 removals to 0 collections
2026-01-14 13:05:57.037 [main] DEBUG org.hibernate.internal.util.EntityPrinter - Listing entities:
2026-01-14 13:05:57.037 [main] DEBUG org.hibernate.internal.util.EntityPrinter - modelo.Reunion{fecha=2026-01-14T13:05:56.998786100, idReunion=1, asunto=mi reunion de hoy}
2026-01-14 13:05:57.041 [main] DEBUG org.hibernate.SQL - 
    insert 
    into
        reunion
        (asunto, fecha, idReunion) 
    values
        (?, ?, ?)
2026-01-14 13:05:57.055 [main] DEBUG org.hibernate.resource.jdbc.internal.LogicalConnectionManagedImpl - Initiating JDBC connection release from afterTransaction
2026-01-14 13:05:57.056 [main] DEBUG org.hibernate.resource.jdbc.internal.LogicalConnectionManagedImpl - Initiating JDBC connection release from afterTransaction
2026-01-14 13:05:57.076 [main] DEBUG org.hibernate.orm.sql.exec - Skipping reading Query result cache data: cache-enabled = false, cache-mode = IGNORE
2026-01-14 13:05:57.087 [main] DEBUG org.hibernate.orm.results - Initializer list:
	  modelo.Reunion -> EntityResultInitializer(modelo.Reunion)@742343633 (SingleTableEntityPersister(modelo.Reunion))

2026-01-14 13:05:57.090 [main] DEBUG org.hibernate.SQL - 
    select
        r1_0.idReunion,
        r1_0.asunto,
        r1_0.fecha 
    from
        reunion r1_0 
    where
        r1_0.idReunion=?
2026-01-14 13:05:57.095 [main] DEBUG org.hibernate.orm.results.loading.entity - (EntityResultInitializer) Hydrated EntityKey (modelo.Reunion): 1
2026-01-14 13:05:57.096 [main] DEBUG org.hibernate.orm.results.loading.entity - (EntityResultInitializer) Created new entity instance [modelo.Reunion#1] : 12897515
2026-01-14 13:05:57.097 [main] DEBUG org.hibernate.orm.results - Extracted JDBC value [1] - [mi reunion de hoy]
2026-01-14 13:05:57.097 [main] DEBUG org.hibernate.orm.results - Extracted JDBC value [2] - [2026-01-14T13:05:56.998786]
2026-01-14 13:05:57.098 [main] DEBUG org.hibernate.orm.results.loading.entity - (EntityResultInitializer) Done materializing entityInstance : modelo.Reunion#1
2026-01-14 13:05:57.098 [main] DEBUG org.hibernate.orm.results.loading - Calling top-level assembler (0 / 1) : org.hibernate.sql.results.graph.entity.internal.EntityAssembler@50b4364
2026-01-14 13:05:57.099 [main] DEBUG org.hibernate.resource.jdbc.internal.LogicalConnectionManagedImpl - Initiating JDBC connection release from afterTransaction
2026-01-14 13:05:57.101 [main] DEBUG TestReunion - El asunto es:mi reunion de hoy
2026-01-14 13:05:57.103 [main] DEBUG org.hibernate.orm.sql.exec - Skipping reading Query result cache data: cache-enabled = false, cache-mode = IGNORE
2026-01-14 13:05:57.103 [main] DEBUG org.hibernate.orm.results - Initializer list:
	  modelo.Reunion -> EntityResultInitializer(modelo.Reunion)@1649665434 (SingleTableEntityPersister(modelo.Reunion))

2026-01-14 13:05:57.103 [main] DEBUG org.hibernate.SQL - 
    select
        r1_0.idReunion,
        r1_0.asunto,
        r1_0.fecha 
    from
        reunion r1_0 
    where
        r1_0.idReunion=?
2026-01-14 13:05:57.106 [main] DEBUG org.hibernate.orm.results.loading.entity - (EntityResultInitializer) Hydrated EntityKey (modelo.Reunion): 1
2026-01-14 13:05:57.106 [main] DEBUG org.hibernate.orm.results.loading.entity - (EntityResultInitializer) Created new entity instance [modelo.Reunion#1] : 318269482
2026-01-14 13:05:57.106 [main] DEBUG org.hibernate.orm.results - Extracted JDBC value [1] - [mi reunion de hoy]
2026-01-14 13:05:57.106 [main] DEBUG org.hibernate.orm.results - Extracted JDBC value [2] - [2026-01-14T13:05:56.998786]
2026-01-14 13:05:57.106 [main] DEBUG org.hibernate.orm.results.loading.entity - (EntityResultInitializer) Done materializing entityInstance : modelo.Reunion#1
2026-01-14 13:05:57.106 [main] DEBUG org.hibernate.orm.results.loading - Calling top-level assembler (0 / 1) : org.hibernate.sql.results.graph.entity.internal.EntityAssembler@6f7a20da
2026-01-14 13:05:57.106 [main] DEBUG org.hibernate.resource.jdbc.internal.LogicalConnectionManagedImpl - Initiating JDBC connection release from afterTransaction
2026-01-14 13:05:57.107 [main] DEBUG org.hibernate.engine.transaction.internal.TransactionImpl - On TransactionImpl creation, JpaCompliance#isJpaTransactionComplianceEnabled == false
2026-01-14 13:05:57.108 [main] DEBUG org.hibernate.engine.transaction.internal.TransactionImpl - begin
2026-01-14 13:05:57.109 [main] DEBUG org.hibernate.engine.transaction.internal.TransactionImpl - committing
2026-01-14 13:05:57.109 [main] DEBUG org.hibernate.event.internal.AbstractFlushingEventListener - Processing flush-time cascades
2026-01-14 13:05:57.109 [main] DEBUG org.hibernate.event.internal.AbstractFlushingEventListener - Dirty checking collections
2026-01-14 13:05:57.110 [main] DEBUG org.hibernate.event.internal.AbstractFlushingEventListener - Flushed: 0 insertions, 1 updates, 0 deletions to 1 objects
2026-01-14 13:05:57.110 [main] DEBUG org.hibernate.event.internal.AbstractFlushingEventListener - Flushed: 0 (re)creations, 0 updates, 0 removals to 0 collections
2026-01-14 13:05:57.110 [main] DEBUG org.hibernate.internal.util.EntityPrinter - Listing entities:
2026-01-14 13:05:57.110 [main] DEBUG org.hibernate.internal.util.EntityPrinter - modelo.Reunion{fecha=2026-01-14T13:05:56.998786, idReunion=1, asunto=Nuevo Asunto --}
2026-01-14 13:05:57.113 [main] DEBUG org.hibernate.SQL - 
    update
        reunion 
    set
        asunto=?,
        fecha=? 
    where
        idReunion=?
2026-01-14 13:05:57.120 [main] DEBUG org.hibernate.resource.jdbc.internal.LogicalConnectionManagedImpl - Initiating JDBC connection release from afterTransaction
2026-01-14 13:05:57.121 [main] DEBUG org.hibernate.resource.jdbc.internal.LogicalConnectionManagedImpl - Initiating JDBC connection release from afterTransaction
2026-01-14 13:25:26.915 [main] DEBUG org.jboss.logging - Logging Provider: org.jboss.logging.Log4j2LoggerProvider
2026-01-14 13:25:26.930 [main] DEBUG org.hibernate.integrator.internal.IntegratorServiceImpl - Adding Integrator [org.hibernate.boot.beanvalidation.BeanValidationIntegrator].
2026-01-14 13:25:26.934 [main] DEBUG org.hibernate.integrator.internal.IntegratorServiceImpl - Adding Integrator [org.hibernate.cache.internal.CollectionCacheInvalidator].
2026-01-14 13:25:26.960 [main] INFO  org.hibernate.Version - HHH000412: Hibernate ORM core version 6.4.4.Final
2026-01-14 13:25:26.962 [main] DEBUG org.hibernate.cfg.Environment - HHH000206: 'hibernate.properties' not found
2026-01-14 13:25:26.985 [main] DEBUG org.hibernate.boot.jaxb.internal.stax.LocalXmlResourceResolver - Checking public/system identifiers `-//Hibernate/Hibernate Configuration DTD 3.0//EN`/`https://hibernate.org/dtd/hibernate-configuration-3.0.dtd` as DTD references
2026-01-14 13:25:26.989 [main] DEBUG org.hibernate.boot.cfgxml.internal.JaxbCfgProcessor - cfg.xml document did not define namespaces; wrapping in custom event reader to introduce namespace information
2026-01-14 13:25:27.134 [main] DEBUG org.hibernate.orm.idgen.factory - Ignoring CDI for resolving IdentifierGenerator instances as extended or delayed CDI support was enabled
2026-01-14 13:25:27.137 [main] DEBUG org.hibernate.orm.idgen.factory - Registering IdentifierGenerator strategy [uuid2] -> [org.hibernate.id.UUIDGenerator]
2026-01-14 13:25:27.137 [main] DEBUG org.hibernate.orm.idgen.factory - Registering IdentifierGenerator strategy [guid] -> [org.hibernate.id.GUIDGenerator]
2026-01-14 13:25:27.138 [main] DEBUG org.hibernate.orm.idgen.factory - Registering IdentifierGenerator strategy [uuid] -> [org.hibernate.id.UUIDHexGenerator]
2026-01-14 13:25:27.139 [main] DEBUG org.hibernate.orm.idgen.factory - Registering IdentifierGenerator strategy [uuid.hex] -> [org.hibernate.id.UUIDHexGenerator]
2026-01-14 13:25:27.139 [main] DEBUG org.hibernate.orm.idgen.factory - Registering IdentifierGenerator strategy [assigned] -> [org.hibernate.id.Assigned]
2026-01-14 13:25:27.140 [main] DEBUG org.hibernate.orm.idgen.factory - Registering IdentifierGenerator strategy [identity] -> [org.hibernate.id.IdentityGenerator]
2026-01-14 13:25:27.140 [main] DEBUG org.hibernate.orm.idgen.factory - Registering IdentifierGenerator strategy [select] -> [org.hibernate.id.SelectGenerator]
2026-01-14 13:25:27.141 [main] DEBUG org.hibernate.orm.idgen.factory - Registering IdentifierGenerator strategy [sequence] -> [org.hibernate.id.enhanced.SequenceStyleGenerator]
2026-01-14 13:25:27.141 [main] DEBUG org.hibernate.orm.idgen.factory - Registering IdentifierGenerator strategy [increment] -> [org.hibernate.id.IncrementGenerator]
2026-01-14 13:25:27.141 [main] DEBUG org.hibernate.orm.idgen.factory - Registering IdentifierGenerator strategy [foreign] -> [org.hibernate.id.ForeignGenerator]
2026-01-14 13:25:27.142 [main] DEBUG org.hibernate.orm.idgen.factory - Registering IdentifierGenerator strategy [enhanced-sequence] -> [org.hibernate.id.enhanced.SequenceStyleGenerator]
2026-01-14 13:25:27.142 [main] DEBUG org.hibernate.orm.idgen.factory - Registering IdentifierGenerator strategy [enhanced-table] -> [org.hibernate.id.enhanced.TableGenerator]
2026-01-14 13:25:27.148 [main] DEBUG org.hibernate.cache.internal.RegionFactoryInitiator - Cannot default RegionFactory based on registered strategies as `[]` RegionFactory strategies were registered
2026-01-14 13:25:27.148 [main] INFO  org.hibernate.cache.internal.RegionFactoryInitiator - HHH000026: Second-level cache disabled
2026-01-14 13:25:27.214 [main] DEBUG org.hibernate.type.BasicTypeRegistry - Adding type registration boolean -> org.hibernate.type.BasicTypeReference@4074023c
2026-01-14 13:25:27.215 [main] DEBUG org.hibernate.type.BasicTypeRegistry - Adding type registration boolean -> org.hibernate.type.BasicTypeReference@4074023c
2026-01-14 13:25:27.215 [main] DEBUG org.hibernate.type.BasicTypeRegistry - Adding type registration java.lang.Boolean -> org.hibernate.type.BasicTypeReference@4074023c
2026-01-14 13:25:27.216 [main] DEBUG org.hibernate.type.BasicTypeRegistry - Adding type registration numeric_boolean -> org.hibernate.type.BasicTypeReference@3ed0918d
2026-01-14 13:25:27.216 [main] DEBUG org.hibernate.type.BasicTypeRegistry - Adding type registration org.hibernate.type.NumericBooleanConverter -> org.hibernate.type.BasicTypeReference@3ed0918d
2026-01-14 13:25:27.216 [main] DEBUG org.hibernate.type.BasicTypeRegistry - Adding type registration true_false -> org.hibernate.type.BasicTypeReference@5e268ce6
2026-01-14 13:25:27.216 [main] DEBUG org.hibernate.type.BasicTypeRegistry - Adding type registration org.hibernate.type.TrueFalseConverter -> org.hibernate.type.BasicTypeReference@5e268ce6
2026-01-14 13:25:27.217 [main] DEBUG org.hibernate.type.BasicTypeRegistry - Adding type registration yes_no -> org.hibernate.type.BasicTypeReference@66ec9390
2026-01-14 13:25:27.217 [main] DEBUG org.hibernate.type.BasicTypeRegistry - Adding type registration org.hibernate.type.YesNoConverter -> org.hibernate.type.BasicTypeReference@66ec9390
2026-01-14 13:25:27.217 [main] DEBUG org.hibernate.type.BasicTypeRegistry - Adding type registration byte -> org.hibernate.type.BasicTypeReference@6e91893
2026-01-14 13:25:27.217 [main] DEBUG org.hibernate.type.BasicTypeRegistry - Adding type registration byte -> org.hibernate.type.BasicTypeReference@6e91893
2026-01-14 13:25:27.217 [main] DEBUG org.hibernate.type.BasicTypeRegistry - Adding type registration java.lang.Byte -> org.hibernate.type.BasicTypeReference@6e91893
2026-01-14 13:25:27.217 [main] DEBUG org.hibernate.type.BasicTypeRegistry - Adding type registration binary -> org.hibernate.type.BasicTypeReference@3c0fbd3a
2026-01-14 13:25:27.217 [main] DEBUG org.hibernate.type.BasicTypeRegistry - Adding type registration byte[] -> org.hibernate.type.BasicTypeReference@3c0fbd3a
2026-01-14 13:25:27.218 [main] DEBUG org.hibernate.type.BasicTypeRegistry - Adding type registration [B -> org.hibernate.type.BasicTypeReference@3c0fbd3a
2026-01-14 13:25:27.218 [main] DEBUG org.hibernate.type.BasicTypeRegistry - Adding type registration binary_wrapper -> org.hibernate.type.BasicTypeReference@562457e1
2026-01-14 13:25:27.218 [main] DEBUG org.hibernate.type.BasicTypeRegistry - Adding type registration wrapper-binary -> org.hibernate.type.BasicTypeReference@562457e1
2026-01-14 13:25:27.218 [main] DEBUG org.hibernate.type.BasicTypeRegistry - Adding type registration image -> org.hibernate.type.BasicTypeReference@54562ea6
2026-01-14 13:25:27.218 [main] DEBUG org.hibernate.type.BasicTypeRegistry - Adding type registration blob -> org.hibernate.type.BasicTypeReference@1a35993f
2026-01-14 13:25:27.218 [main] DEBUG org.hibernate.type.BasicTypeRegistry - Adding type registration java.sql.Blob -> org.hibernate.type.BasicTypeReference@1a35993f
2026-01-14 13:25:27.218 [main] DEBUG org.hibernate.type.BasicTypeRegistry - Adding type registration materialized_blob -> org.hibernate.type.BasicTypeReference@5b12012e
2026-01-14 13:25:27.219 [main] DEBUG org.hibernate.type.BasicTypeRegistry - Adding type registration materialized_blob_wrapper -> org.hibernate.type.BasicTypeReference@2f7dcef2
2026-01-14 13:25:27.219 [main] DEBUG org.hibernate.type.BasicTypeRegistry - Adding type registration short -> org.hibernate.type.BasicTypeReference@4a3be6a5
2026-01-14 13:25:27.219 [main] DEBUG org.hibernate.type.BasicTypeRegistry - Adding type registration short -> org.hibernate.type.BasicTypeReference@4a3be6a5
2026-01-14 13:25:27.219 [main] DEBUG org.hibernate.type.BasicTypeRegistry - Adding type registration java.lang.Short -> org.hibernate.type.BasicTypeReference@4a3be6a5
2026-01-14 13:25:27.219 [main] DEBUG org.hibernate.type.BasicTypeRegistry - Adding type registration integer -> org.hibernate.type.BasicTypeReference@7cf162bc
2026-01-14 13:25:27.219 [main] DEBUG org.hibernate.type.BasicTypeRegistry - Adding type registration int -> org.hibernate.type.BasicTypeReference@7cf162bc
2026-01-14 13:25:27.219 [main] DEBUG org.hibernate.type.BasicTypeRegistry - Adding type registration java.lang.Integer -> org.hibernate.type.BasicTypeReference@7cf162bc
2026-01-14 13:25:27.220 [main] DEBUG org.hibernate.type.BasicTypeRegistry - Adding type registration long -> org.hibernate.type.BasicTypeReference@3721177d
2026-01-14 13:25:27.220 [main] DEBUG org.hibernate.type.BasicTypeRegistry - Adding type registration long -> org.hibernate.type.BasicTypeReference@3721177d
2026-01-14 13:25:27.220 [main] DEBUG org.hibernate.type.BasicTypeRegistry - Adding type registration java.lang.Long -> org.hibernate.type.BasicTypeReference@3721177d
2026-01-14 13:25:27.220 [main] DEBUG org.hibernate.type.BasicTypeRegistry - Adding type registration float -> org.hibernate.type.BasicTypeReference@766a4535
2026-01-14 13:25:27.220 [main] DEBUG org.hibernate.type.BasicTypeRegistry - Adding type registration float -> org.hibernate.type.BasicTypeReference@766a4535
2026-01-14 13:25:27.220 [main] DEBUG org.hibernate.type.BasicTypeRegistry - Adding type registration java.lang.Float -> org.hibernate.type.BasicTypeReference@766a4535
2026-01-14 13:25:27.220 [main] DEBUG org.hibernate.type.BasicTypeRegistry - Adding type registration double -> org.hibernate.type.BasicTypeReference@63718b93
2026-01-14 13:25:27.221 [main] DEBUG org.hibernate.type.BasicTypeRegistry - Adding type registration double -> org.hibernate.type.BasicTypeReference@63718b93
2026-01-14 13:25:27.221 [main] DEBUG org.hibernate.type.BasicTypeRegistry - Adding type registration java.lang.Double -> org.hibernate.type.BasicTypeReference@63718b93
2026-01-14 13:25:27.221 [main] DEBUG org.hibernate.type.BasicTypeRegistry - Adding type registration big_integer -> org.hibernate.type.BasicTypeReference@14e2e1c3
2026-01-14 13:25:27.221 [main] DEBUG org.hibernate.type.BasicTypeRegistry - Adding type registration java.math.BigInteger -> org.hibernate.type.BasicTypeReference@14e2e1c3
2026-01-14 13:25:27.221 [main] DEBUG org.hibernate.type.BasicTypeRegistry - Adding type registration big_decimal -> org.hibernate.type.BasicTypeReference@2b4786dd
2026-01-14 13:25:27.221 [main] DEBUG org.hibernate.type.BasicTypeRegistry - Adding type registration java.math.BigDecimal -> org.hibernate.type.BasicTypeReference@2b4786dd
2026-01-14 13:25:27.221 [main] DEBUG org.hibernate.type.BasicTypeRegistry - Adding type registration character -> org.hibernate.type.BasicTypeReference@f202d6d
2026-01-14 13:25:27.221 [main] DEBUG org.hibernate.type.BasicTypeRegistry - Adding type registration char -> org.hibernate.type.BasicTypeReference@f202d6d
2026-01-14 13:25:27.222 [main] DEBUG org.hibernate.type.BasicTypeRegistry - Adding type registration java.lang.Character -> org.hibernate.type.BasicTypeReference@f202d6d
2026-01-14 13:25:27.222 [main] DEBUG org.hibernate.type.BasicTypeRegistry - Adding type registration character_nchar -> org.hibernate.type.BasicTypeReference@60e21209
2026-01-14 13:25:27.222 [main] DEBUG org.hibernate.type.BasicTypeRegistry - Adding type registration string -> org.hibernate.type.BasicTypeReference@630d1b2f
2026-01-14 13:25:27.222 [main] DEBUG org.hibernate.type.BasicTypeRegistry - Adding type registration java.lang.String -> org.hibernate.type.BasicTypeReference@630d1b2f
2026-01-14 13:25:27.222 [main] DEBUG org.hibernate.type.BasicTypeRegistry - Adding type registration nstring -> org.hibernate.type.BasicTypeReference@746b18fd
2026-01-14 13:25:27.222 [main] DEBUG org.hibernate.type.BasicTypeRegistry - Adding type registration characters -> org.hibernate.type.BasicTypeReference@7a2e0858
2026-01-14 13:25:27.222 [main] DEBUG org.hibernate.type.BasicTypeRegistry - Adding type registration char[] -> org.hibernate.type.BasicTypeReference@7a2e0858
2026-01-14 13:25:27.222 [main] DEBUG org.hibernate.type.BasicTypeRegistry - Adding type registration [C -> org.hibernate.type.BasicTypeReference@7a2e0858
2026-01-14 13:25:27.222 [main] DEBUG org.hibernate.type.BasicTypeRegistry - Adding type registration wrapper-characters -> org.hibernate.type.BasicTypeReference@aac3f4e
2026-01-14 13:25:27.222 [main] DEBUG org.hibernate.type.BasicTypeRegistry - Adding type registration text -> org.hibernate.type.BasicTypeReference@1f38957
2026-01-14 13:25:27.223 [main] DEBUG org.hibernate.type.BasicTypeRegistry - Adding type registration ntext -> org.hibernate.type.BasicTypeReference@2df3c564
2026-01-14 13:25:27.223 [main] DEBUG org.hibernate.type.BasicTypeRegistry - Adding type registration clob -> org.hibernate.type.BasicTypeReference@2715644a
2026-01-14 13:25:27.223 [main] DEBUG org.hibernate.type.BasicTypeRegistry - Adding type registration java.sql.Clob -> org.hibernate.type.BasicTypeReference@2715644a
2026-01-14 13:25:27.223 [main] DEBUG org.hibernate.type.BasicTypeRegistry - Adding type registration nclob -> org.hibernate.type.BasicTypeReference@4c2869a9
2026-01-14 13:25:27.223 [main] DEBUG org.hibernate.type.BasicTypeRegistry - Adding type registration java.sql.NClob -> org.hibernate.type.BasicTypeReference@4c2869a9
2026-01-14 13:25:27.223 [main] DEBUG org.hibernate.type.BasicTypeRegistry - Adding type registration materialized_clob -> org.hibernate.type.BasicTypeReference@518cf84a
2026-01-14 13:25:27.223 [main] DEBUG org.hibernate.type.BasicTypeRegistry - Adding type registration materialized_clob_char_array -> org.hibernate.type.BasicTypeReference@62e7dffa
2026-01-14 13:25:27.223 [main] DEBUG org.hibernate.type.BasicTypeRegistry - Adding type registration materialized_clob_character_array -> org.hibernate.type.BasicTypeReference@6edcd0d8
2026-01-14 13:25:27.223 [main] DEBUG org.hibernate.type.BasicTypeRegistry - Adding type registration materialized_nclob -> org.hibernate.type.BasicTypeReference@6136998b
2026-01-14 13:25:27.224 [main] DEBUG org.hibernate.type.BasicTypeRegistry - Adding type registration materialized_nclob_character_array -> org.hibernate.type.BasicTypeReference@57ce634f
2026-01-14 13:25:27.224 [main] DEBUG org.hibernate.type.BasicTypeRegistry - Adding type registration materialized_nclob_char_array -> org.hibernate.type.BasicTypeReference@b8a7e43
2026-01-14 13:25:27.224 [main] DEBUG org.hibernate.type.BasicTypeRegistry - Adding type registration Duration -> org.hibernate.type.BasicTypeReference@35835fa
2026-01-14 13:25:27.224 [main] DEBUG org.hibernate.type.BasicTypeRegistry - Adding type registration java.time.Duration -> org.hibernate.type.BasicTypeReference@35835fa
2026-01-14 13:25:27.224 [main] DEBUG org.hibernate.type.BasicTypeRegistry - Adding type registration LocalDateTime -> org.hibernate.type.BasicTypeReference@56f71edb
2026-01-14 13:25:27.224 [main] DEBUG org.hibernate.type.BasicTypeRegistry - Adding type registration java.time.LocalDateTime -> org.hibernate.type.BasicTypeReference@56f71edb
2026-01-14 13:25:27.224 [main] DEBUG org.hibernate.type.BasicTypeRegistry - Adding type registration LocalDate -> org.hibernate.type.BasicTypeReference@7207cb51
2026-01-14 13:25:27.225 [main] DEBUG org.hibernate.type.BasicTypeRegistry - Adding type registration java.time.LocalDate -> org.hibernate.type.BasicTypeReference@7207cb51
2026-01-14 13:25:27.225 [main] DEBUG org.hibernate.type.BasicTypeRegistry - Adding type registration LocalTime -> org.hibernate.type.BasicTypeReference@2a27cb34
2026-01-14 13:25:27.225 [main] DEBUG org.hibernate.type.BasicTypeRegistry - Adding type registration java.time.LocalTime -> org.hibernate.type.BasicTypeReference@2a27cb34
2026-01-14 13:25:27.225 [main] DEBUG org.hibernate.type.BasicTypeRegistry - Adding type registration OffsetDateTime -> org.hibernate.type.BasicTypeReference@6892cc6f
2026-01-14 13:25:27.225 [main] DEBUG org.hibernate.type.BasicTypeRegistry - Adding type registration java.time.OffsetDateTime -> org.hibernate.type.BasicTypeReference@6892cc6f
2026-01-14 13:25:27.225 [main] DEBUG org.hibernate.type.BasicTypeRegistry - Adding type registration OffsetDateTimeWithTimezone -> org.hibernate.type.BasicTypeReference@6fd1660
2026-01-14 13:25:27.225 [main] DEBUG org.hibernate.type.BasicTypeRegistry - Adding type registration OffsetDateTimeWithoutTimezone -> org.hibernate.type.BasicTypeReference@4a6c18ad
2026-01-14 13:25:27.226 [main] DEBUG org.hibernate.type.BasicTypeRegistry - Adding type registration OffsetTime -> org.hibernate.type.BasicTypeReference@5e8604bf
2026-01-14 13:25:27.226 [main] DEBUG org.hibernate.type.BasicTypeRegistry - Adding type registration java.time.OffsetTime -> org.hibernate.type.BasicTypeReference@5e8604bf
2026-01-14 13:25:27.226 [main] DEBUG org.hibernate.type.BasicTypeRegistry - Adding type registration OffsetTimeUtc -> org.hibernate.type.BasicTypeReference@20095ab4
2026-01-14 13:25:27.226 [main] DEBUG org.hibernate.type.BasicTypeRegistry - Adding type registration OffsetTimeWithTimezone -> org.hibernate.type.BasicTypeReference@4e2916c3
2026-01-14 13:25:27.226 [main] DEBUG org.hibernate.type.BasicTypeRegistry - Adding type registration OffsetTimeWithoutTimezone -> org.hibernate.type.BasicTypeReference@64aad6db
2026-01-14 13:25:27.226 [main] DEBUG org.hibernate.type.BasicTypeRegistry - Adding type registration ZonedDateTime -> org.hibernate.type.BasicTypeReference@ae7950d
2026-01-14 13:25:27.226 [main] DEBUG org.hibernate.type.BasicTypeRegistry - Adding type registration java.time.ZonedDateTime -> org.hibernate.type.BasicTypeReference@ae7950d
2026-01-14 13:25:27.226 [main] DEBUG org.hibernate.type.BasicTypeRegistry - Adding type registration ZonedDateTimeWithTimezone -> org.hibernate.type.BasicTypeReference@60d1b21f
2026-01-14 13:25:27.227 [main] DEBUG org.hibernate.type.BasicTypeRegistry - Adding type registration ZonedDateTimeWithoutTimezone -> org.hibernate.type.BasicTypeReference@66c83fc8
2026-01-14 13:25:27.227 [main] DEBUG org.hibernate.type.BasicTypeRegistry - Adding type registration date -> org.hibernate.type.BasicTypeReference@546621c4
2026-01-14 13:25:27.227 [main] DEBUG org.hibernate.type.BasicTypeRegistry - Adding type registration java.sql.Date -> org.hibernate.type.BasicTypeReference@546621c4
2026-01-14 13:25:27.227 [main] DEBUG org.hibernate.type.BasicTypeRegistry - Adding type registration time -> org.hibernate.type.BasicTypeReference@621f89b8
2026-01-14 13:25:27.227 [main] DEBUG org.hibernate.type.BasicTypeRegistry - Adding type registration java.sql.Time -> org.hibernate.type.BasicTypeReference@621f89b8
2026-01-14 13:25:27.227 [main] DEBUG org.hibernate.type.BasicTypeRegistry - Adding type registration timestamp -> org.hibernate.type.BasicTypeReference@f339eae
2026-01-14 13:25:27.227 [main] DEBUG org.hibernate.type.BasicTypeRegistry - Adding type registration java.sql.Timestamp -> org.hibernate.type.BasicTypeReference@f339eae
2026-01-14 13:25:27.227 [main] DEBUG org.hibernate.type.BasicTypeRegistry - Adding type registration java.util.Date -> org.hibernate.type.BasicTypeReference@f339eae
2026-01-14 13:25:27.227 [main] DEBUG org.hibernate.type.BasicTypeRegistry - Adding type registration calendar -> org.hibernate.type.BasicTypeReference@2822c6ff
2026-01-14 13:25:27.227 [main] DEBUG org.hibernate.type.BasicTypeRegistry - Adding type registration java.util.Calendar -> org.hibernate.type.BasicTypeReference@2822c6ff
2026-01-14 13:25:27.228 [main] DEBUG org.hibernate.type.BasicTypeRegistry - Adding type registration java.util.GregorianCalendar -> org.hibernate.type.BasicTypeReference@2822c6ff
2026-01-14 13:25:27.228 [main] DEBUG org.hibernate.type.BasicTypeRegistry - Adding type registration calendar_date -> org.hibernate.type.BasicTypeReference@4dafba3e
2026-01-14 13:25:27.228 [main] DEBUG org.hibernate.type.BasicTypeRegistry - Adding type registration calendar_time -> org.hibernate.type.BasicTypeReference@53e3a87a
2026-01-14 13:25:27.228 [main] DEBUG org.hibernate.type.BasicTypeRegistry - Adding type registration instant -> org.hibernate.type.BasicTypeReference@40368a46
2026-01-14 13:25:27.228 [main] DEBUG org.hibernate.type.BasicTypeRegistry - Adding type registration java.time.Instant -> org.hibernate.type.BasicTypeReference@40368a46
2026-01-14 13:25:27.228 [main] DEBUG org.hibernate.type.BasicTypeRegistry - Adding type registration uuid -> org.hibernate.type.BasicTypeReference@7e9da981
2026-01-14 13:25:27.228 [main] DEBUG org.hibernate.type.BasicTypeRegistry - Adding type registration java.util.UUID -> org.hibernate.type.BasicTypeReference@7e9da981
2026-01-14 13:25:27.228 [main] DEBUG org.hibernate.type.BasicTypeRegistry - Adding type registration pg-uuid -> org.hibernate.type.BasicTypeReference@7e9da981
2026-01-14 13:25:27.228 [main] DEBUG org.hibernate.type.BasicTypeRegistry - Adding type registration uuid-binary -> org.hibernate.type.BasicTypeReference@4ed38226
2026-01-14 13:25:27.228 [main] DEBUG org.hibernate.type.BasicTypeRegistry - Adding type registration uuid-char -> org.hibernate.type.BasicTypeReference@3d43fe
2026-01-14 13:25:27.228 [main] DEBUG org.hibernate.type.BasicTypeRegistry - Adding type registration class -> org.hibernate.type.BasicTypeReference@74ad8d05
2026-01-14 13:25:27.229 [main] DEBUG org.hibernate.type.BasicTypeRegistry - Adding type registration java.lang.Class -> org.hibernate.type.BasicTypeReference@74ad8d05
2026-01-14 13:25:27.229 [main] DEBUG org.hibernate.type.BasicTypeRegistry - Adding type registration currency -> org.hibernate.type.BasicTypeReference@676ff3b0
2026-01-14 13:25:27.229 [main] DEBUG org.hibernate.type.BasicTypeRegistry - Adding type registration Currency -> org.hibernate.type.BasicTypeReference@676ff3b0
2026-01-14 13:25:27.229 [main] DEBUG org.hibernate.type.BasicTypeRegistry - Adding type registration java.util.Currency -> org.hibernate.type.BasicTypeReference@676ff3b0
2026-01-14 13:25:27.229 [main] DEBUG org.hibernate.type.BasicTypeRegistry - Adding type registration locale -> org.hibernate.type.BasicTypeReference@35ff8fc9
2026-01-14 13:25:27.229 [main] DEBUG org.hibernate.type.BasicTypeRegistry - Adding type registration java.util.Locale -> org.hibernate.type.BasicTypeReference@35ff8fc9
2026-01-14 13:25:27.229 [main] DEBUG org.hibernate.type.BasicTypeRegistry - Adding type registration serializable -> org.hibernate.type.BasicTypeReference@5fb7183b
2026-01-14 13:25:27.229 [main] DEBUG org.hibernate.type.BasicTypeRegistry - Adding type registration java.io.Serializable -> org.hibernate.type.BasicTypeReference@5fb7183b
2026-01-14 13:25:27.229 [main] DEBUG org.hibernate.type.BasicTypeRegistry - Adding type registration timezone -> org.hibernate.type.BasicTypeReference@476a736d
2026-01-14 13:25:27.229 [main] DEBUG org.hibernate.type.BasicTypeRegistry - Adding type registration java.util.TimeZone -> org.hibernate.type.BasicTypeReference@476a736d
2026-01-14 13:25:27.229 [main] DEBUG org.hibernate.type.BasicTypeRegistry - Adding type registration ZoneOffset -> org.hibernate.type.BasicTypeReference@5f80fa43
2026-01-14 13:25:27.229 [main] DEBUG org.hibernate.type.BasicTypeRegistry - Adding type registration java.time.ZoneOffset -> org.hibernate.type.BasicTypeReference@5f80fa43
2026-01-14 13:25:27.230 [main] DEBUG org.hibernate.type.BasicTypeRegistry - Adding type registration url -> org.hibernate.type.BasicTypeReference@16c8b7bd
2026-01-14 13:25:27.230 [main] DEBUG org.hibernate.type.BasicTypeRegistry - Adding type registration java.net.URL -> org.hibernate.type.BasicTypeReference@16c8b7bd
2026-01-14 13:25:27.230 [main] DEBUG org.hibernate.type.BasicTypeRegistry - Adding type registration vector -> org.hibernate.type.BasicTypeReference@7159139f
2026-01-14 13:25:27.230 [main] DEBUG org.hibernate.type.BasicTypeRegistry - Adding type registration row_version -> org.hibernate.type.BasicTypeReference@65bcf7c2
2026-01-14 13:25:27.233 [main] DEBUG org.hibernate.type.BasicTypeRegistry - Adding type registration object -> org.hibernate.type.JavaObjectType@22bb5646
2026-01-14 13:25:27.234 [main] DEBUG org.hibernate.type.BasicTypeRegistry - Adding type registration java.lang.Object -> org.hibernate.type.JavaObjectType@22bb5646
2026-01-14 13:25:27.235 [main] DEBUG org.hibernate.type.BasicTypeRegistry - Adding type registration null -> org.hibernate.type.NullType@2ab2710
2026-01-14 13:25:27.235 [main] DEBUG org.hibernate.type.BasicTypeRegistry - Adding type registration imm_date -> org.hibernate.type.BasicTypeReference@253b380a
2026-01-14 13:25:27.235 [main] DEBUG org.hibernate.type.BasicTypeRegistry - Adding type registration imm_time -> org.hibernate.type.BasicTypeReference@29c2c826
2026-01-14 13:25:27.235 [main] DEBUG org.hibernate.type.BasicTypeRegistry - Adding type registration imm_timestamp -> org.hibernate.type.BasicTypeReference@3350ebdd
2026-01-14 13:25:27.235 [main] DEBUG org.hibernate.type.BasicTypeRegistry - Adding type registration imm_calendar -> org.hibernate.type.BasicTypeReference@6818d900
2026-01-14 13:25:27.235 [main] DEBUG org.hibernate.type.BasicTypeRegistry - Adding type registration imm_calendar_date -> org.hibernate.type.BasicTypeReference@149f5761
2026-01-14 13:25:27.235 [main] DEBUG org.hibernate.type.BasicTypeRegistry - Adding type registration imm_calendar_time -> org.hibernate.type.BasicTypeReference@2ba33e2c
2026-01-14 13:25:27.235 [main] DEBUG org.hibernate.type.BasicTypeRegistry - Adding type registration imm_binary -> org.hibernate.type.BasicTypeReference@1f193686
2026-01-14 13:25:27.235 [main] DEBUG org.hibernate.type.BasicTypeRegistry - Adding type registration imm_serializable -> org.hibernate.type.BasicTypeReference@31e72cbc
2026-01-14 13:25:27.262 [main] WARN  org.hibernate.orm.connections.pooling - HHH10001002: Using built-in connection pool (not intended for production use)
2026-01-14 13:25:27.267 [main] INFO  org.hibernate.orm.connections.pooling - HHH10001005: Loaded JDBC driver class: com.mysql.cj.jdbc.Driver
2026-01-14 13:25:27.267 [main] INFO  org.hibernate.orm.connections.pooling - HHH10001012: Connecting with JDBC URL [jdbc:mysql://localhost:3307/accesoDatosDAM?useSSL=false&serverTimezone=UTC]
2026-01-14 13:25:27.267 [main] INFO  org.hibernate.orm.connections.pooling - HHH10001001: Connection properties: {password=usuario, user=usuario2}
2026-01-14 13:25:27.267 [main] INFO  org.hibernate.orm.connections.pooling - HHH10001003: Autocommit mode: false
2026-01-14 13:25:27.269 [main] DEBUG org.hibernate.orm.connections.pooling - Initializing Connection pool with 1 Connections
2026-01-14 13:25:27.269 [main] INFO  org.hibernate.orm.connections.pooling - HHH10001115: Connection pool size: 20 (min=1)
2026-01-14 13:25:27.408 [main] DEBUG org.hibernate.engine.jdbc.env.internal.JdbcEnvironmentInitiator - Database ->
       name : MySQL
    version : 8.4.7
      major : 8
      minor : 4
2026-01-14 13:25:27.409 [main] DEBUG org.hibernate.engine.jdbc.env.internal.JdbcEnvironmentInitiator - Driver ->
       name : MySQL Connector/J
    version : mysql-connector-j-8.4.0 (Revision: 1c3f5c149e0bfe31c7fbeb24e2d260cd890972c4)
      major : 8
      minor : 4
2026-01-14 13:25:27.409 [main] DEBUG org.hibernate.engine.jdbc.env.internal.JdbcEnvironmentInitiator - JDBC version : 4.2
2026-01-14 13:25:27.449 [main] WARN  org.hibernate.orm.deprecation - HHH90000025: MySQLDialect does not need to be specified explicitly using 'hibernate.dialect' (remove the property setting and it will be selected by default)
2026-01-14 13:25:27.450 [main] DEBUG org.hibernate.orm.dialect - HHH035001: Using dialect: org.hibernate.dialect.MySQLDialect, version: 8.4.7
2026-01-14 13:25:27.458 [main] DEBUG org.hibernate.engine.jdbc.env.spi.IdentifierHelperBuilder - JDBC driver metadata reported database stores quoted identifiers in more than one case
2026-01-14 13:25:27.458 [main] DEBUG org.hibernate.engine.jdbc.env.spi.IdentifierHelperBuilder - IdentifierCaseStrategy for both quoted and unquoted identifiers was set to the same strategy [MIXED]; that will likely lead to problems in schema update and validation if using quoted identifiers
2026-01-14 13:25:27.472 [main] DEBUG org.hibernate.type.descriptor.sql.spi.DdlTypeRegistry - addDescriptor(12, org.hibernate.type.descriptor.sql.internal.CapacityDependentDdlType@5b3a7ef5) replaced previous registration(org.hibernate.type.descriptor.sql.internal.CapacityDependentDdlType@8851ce1)
2026-01-14 13:25:27.473 [main] DEBUG org.hibernate.type.descriptor.sql.spi.DdlTypeRegistry - addDescriptor(-9, org.hibernate.type.descriptor.sql.internal.CapacityDependentDdlType@2d9dff65) replaced previous registration(org.hibernate.type.descriptor.sql.internal.CapacityDependentDdlType@5ef6fd7f)
2026-01-14 13:25:27.473 [main] DEBUG org.hibernate.type.descriptor.sql.spi.DdlTypeRegistry - addDescriptor(-3, org.hibernate.type.descriptor.sql.internal.CapacityDependentDdlType@5633ed82) replaced previous registration(org.hibernate.type.descriptor.sql.internal.CapacityDependentDdlType@767191b1)
2026-01-14 13:25:27.473 [main] DEBUG org.hibernate.type.descriptor.sql.spi.DdlTypeRegistry - addDescriptor(4003, org.hibernate.type.descriptor.sql.internal.DdlTypeImpl@34d52ecd) replaced previous registration(org.hibernate.type.descriptor.sql.internal.DdlTypeImpl@5d21202d)
2026-01-14 13:25:27.473 [main] DEBUG org.hibernate.type.descriptor.sql.spi.DdlTypeRegistry - addDescriptor(4001, org.hibernate.type.descriptor.sql.internal.DdlTypeImpl@14b789f6) replaced previous registration(org.hibernate.type.descriptor.sql.internal.DdlTypeImpl@6eb17ec8)
2026-01-14 13:25:27.473 [main] DEBUG org.hibernate.type.descriptor.sql.spi.DdlTypeRegistry - addDescriptor(4002, org.hibernate.type.descriptor.sql.internal.DdlTypeImpl@730f9695) replaced previous registration(org.hibernate.type.descriptor.sql.internal.DdlTypeImpl@277bf091)
2026-01-14 13:25:27.473 [main] DEBUG org.hibernate.type.descriptor.sql.spi.DdlTypeRegistry - addDescriptor(2004, org.hibernate.type.descriptor.sql.internal.CapacityDependentDdlType@fab35b1) replaced previous registration(org.hibernate.type.descriptor.sql.internal.DdlTypeImpl@6a094db2)
2026-01-14 13:25:27.473 [main] DEBUG org.hibernate.type.descriptor.sql.spi.DdlTypeRegistry - addDescriptor(2005, org.hibernate.type.descriptor.sql.internal.CapacityDependentDdlType@65bdd558) replaced previous registration(org.hibernate.type.descriptor.sql.internal.DdlTypeImpl@1dba4e06)
2026-01-14 13:25:27.473 [main] DEBUG org.hibernate.type.descriptor.sql.spi.DdlTypeRegistry - addDescriptor(2011, org.hibernate.type.descriptor.sql.internal.CapacityDependentDdlType@4beaf6bd) replaced previous registration(org.hibernate.type.descriptor.sql.internal.DdlTypeImpl@6b2e46af)
2026-01-14 13:25:27.475 [main] DEBUG org.hibernate.type.descriptor.jdbc.spi.JdbcTypeRegistry - addDescriptor(NCharTypeDescriptor) replaced previous registration(CharTypeDescriptor)
2026-01-14 13:25:27.475 [main] DEBUG org.hibernate.type.descriptor.jdbc.spi.JdbcTypeRegistry - addDescriptor(NVarcharTypeDescriptor) replaced previous registration(VarcharTypeDescriptor)
2026-01-14 13:25:27.476 [main] DEBUG org.hibernate.type.descriptor.jdbc.spi.JdbcTypeRegistry - addDescriptor(LongNVarcharTypeDescriptor) replaced previous registration(LongVarcharTypeDescriptor)
2026-01-14 13:25:27.477 [main] DEBUG org.hibernate.type.descriptor.jdbc.spi.JdbcTypeRegistry - addDescriptor(NClobTypeDescriptor(DEFAULT)) replaced previous registration(ClobTypeDescriptor(DEFAULT))
2026-01-14 13:25:27.478 [main] DEBUG org.hibernate.type.descriptor.jdbc.spi.JdbcTypeRegistry - addDescriptor(2005, ClobTypeDescriptor(STREAM_BINDING)) replaced previous registration(ClobTypeDescriptor(DEFAULT))
2026-01-14 13:25:27.480 [main] DEBUG org.hibernate.type.BasicTypeRegistry - Adding type registration null -> org.hibernate.type.NullType@26f46fa6
2026-01-14 13:25:27.480 [main] DEBUG org.hibernate.type.BasicTypeRegistry - Type registration key [null] overrode previous entry : `org.hibernate.type.NullType@2ab2710`
2026-01-14 13:25:27.484 [main] DEBUG org.hibernate.type.BasicTypeRegistry - Adding type registration org.hibernate.type.DurationType -> basicType@1(java.time.Duration,3015)
2026-01-14 13:25:27.484 [main] DEBUG org.hibernate.type.BasicTypeRegistry - Adding type registration Duration -> basicType@1(java.time.Duration,3015)
2026-01-14 13:25:27.484 [main] DEBUG org.hibernate.type.BasicTypeRegistry - Adding type registration java.time.Duration -> basicType@1(java.time.Duration,3015)
2026-01-14 13:25:27.486 [main] DEBUG org.hibernate.type.BasicTypeRegistry - Adding type registration org.hibernate.type.OffsetDateTimeType -> basicType@2(java.time.OffsetDateTime,3003)
2026-01-14 13:25:27.487 [main] DEBUG org.hibernate.type.BasicTypeRegistry - Adding type registration OffsetDateTime -> basicType@2(java.time.OffsetDateTime,3003)
2026-01-14 13:25:27.487 [main] DEBUG org.hibernate.type.BasicTypeRegistry - Adding type registration java.time.OffsetDateTime -> basicType@2(java.time.OffsetDateTime,3003)
2026-01-14 13:25:27.487 [main] DEBUG org.hibernate.type.BasicTypeRegistry - Adding type registration org.hibernate.type.ZonedDateTimeType -> basicType@3(java.time.ZonedDateTime,3003)
2026-01-14 13:25:27.487 [main] DEBUG org.hibernate.type.BasicTypeRegistry - Adding type registration ZonedDateTime -> basicType@3(java.time.ZonedDateTime,3003)
2026-01-14 13:25:27.487 [main] DEBUG org.hibernate.type.BasicTypeRegistry - Adding type registration java.time.ZonedDateTime -> basicType@3(java.time.ZonedDateTime,3003)
2026-01-14 13:25:27.488 [main] DEBUG org.hibernate.type.BasicTypeRegistry - Adding type registration org.hibernate.type.OffsetTimeType -> basicType@4(java.time.OffsetTime,3007)
2026-01-14 13:25:27.489 [main] DEBUG org.hibernate.type.BasicTypeRegistry - Adding type registration OffsetTime -> basicType@4(java.time.OffsetTime,3007)
2026-01-14 13:25:27.489 [main] DEBUG org.hibernate.type.BasicTypeRegistry - Adding type registration java.time.OffsetTime -> basicType@4(java.time.OffsetTime,3007)
2026-01-14 13:25:27.492 [main] DEBUG org.hibernate.type.spi.TypeConfiguration$Scope - Scoping TypeConfiguration [org.hibernate.type.spi.TypeConfiguration@5e519ad3] to MetadataBuildingContext [org.hibernate.boot.internal.MetadataBuildingContextRootImpl@7bc44ce8]
2026-01-14 13:25:27.522 [main] DEBUG org.hibernate.boot.model.relational.Namespace - Created database namespace [logicalName=Name{catalog=null, schema=null}, physicalName=Name{catalog=null, schema=null}]
2026-01-14 13:25:27.540 [main] DEBUG org.hibernate.boot.model.internal.EntityBinder - Binding entity from annotated class: modelo.Reunion
2026-01-14 13:25:27.548 [main] DEBUG org.hibernate.boot.model.internal.EntityBinder - Import with entity name Reunion
2026-01-14 13:25:27.556 [main] DEBUG org.hibernate.boot.model.internal.EntityBinder - Bind entity modelo.Reunion on table reunion
2026-01-14 13:25:27.561 [main] DEBUG org.hibernate.boot.model.internal.AnnotatedColumn - Binding column: AnnotatedDiscriminatorColumn(column='DTYPE')
2026-01-14 13:25:27.574 [main] DEBUG org.hibernate.boot.model.internal.AnnotatedColumn - Binding column: AnnotatedColumn()
2026-01-14 13:25:27.574 [main] DEBUG org.hibernate.boot.internal.ClassLoaderAccessImpl - Not known whether passed class name [modelo.Reunion] is safe
2026-01-14 13:25:27.574 [main] DEBUG org.hibernate.boot.internal.ClassLoaderAccessImpl - No temp ClassLoader provided; using live ClassLoader for loading potentially unsafe class : modelo.Reunion
2026-01-14 13:25:27.576 [main] DEBUG org.hibernate.boot.model.internal.PropertyBinder - MetadataSourceProcessor property idReunion with lazy=false
2026-01-14 13:25:27.578 [main] DEBUG org.hibernate.boot.model.internal.AbstractPropertyHolder - Attempting to locate auto-apply AttributeConverter for property [modelo.Reunion:idReunion]
2026-01-14 13:25:27.581 [main] DEBUG org.hibernate.boot.model.internal.BasicValueBinder - building BasicValue for idReunion
2026-01-14 13:25:27.584 [main] DEBUG org.hibernate.mapping.BasicValue - Skipping column re-registration: reunion.idReunion
2026-01-14 13:25:27.584 [main] DEBUG org.hibernate.boot.model.internal.PropertyBinder - Building property idReunion
2026-01-14 13:25:27.587 [main] DEBUG org.hibernate.boot.model.internal.BinderHelper - #makeIdGenerator(BasicValue([Column(idReunion)]), idReunion, org.hibernate.id.enhanced.SequenceStyleGenerator, , ...)
2026-01-14 13:25:27.588 [main] DEBUG org.hibernate.boot.model.internal.AnnotatedColumn - Binding column: AnnotatedColumn()
2026-01-14 13:25:27.588 [main] DEBUG org.hibernate.boot.model.internal.PropertyBinder - MetadataSourceProcessor property asunto with lazy=false
2026-01-14 13:25:27.588 [main] DEBUG org.hibernate.boot.model.internal.AbstractPropertyHolder - Attempting to locate auto-apply AttributeConverter for property [modelo.Reunion:asunto]
2026-01-14 13:25:27.588 [main] DEBUG org.hibernate.boot.model.internal.BasicValueBinder - building BasicValue for asunto
2026-01-14 13:25:27.588 [main] DEBUG org.hibernate.mapping.BasicValue - Skipping column re-registration: reunion.asunto
2026-01-14 13:25:27.588 [main] DEBUG org.hibernate.boot.model.internal.PropertyBinder - Building property asunto
2026-01-14 13:25:27.589 [main] DEBUG org.hibernate.boot.model.internal.AnnotatedColumn - Binding column: AnnotatedColumn()
2026-01-14 13:25:27.590 [main] DEBUG org.hibernate.boot.model.internal.PropertyBinder - MetadataSourceProcessor property fecha with lazy=false
2026-01-14 13:25:27.590 [main] DEBUG org.hibernate.boot.model.internal.AbstractPropertyHolder - Attempting to locate auto-apply AttributeConverter for property [modelo.Reunion:fecha]
2026-01-14 13:25:27.590 [main] DEBUG org.hibernate.boot.model.internal.BasicValueBinder - building BasicValue for fecha
2026-01-14 13:25:27.590 [main] DEBUG org.hibernate.mapping.BasicValue - Skipping column re-registration: reunion.fecha
2026-01-14 13:25:27.590 [main] DEBUG org.hibernate.boot.model.internal.PropertyBinder - Building property fecha
2026-01-14 13:25:27.591 [main] DEBUG org.hibernate.boot.registry.classloading.internal.ClassLoaderServiceImpl - HHH000194: Package not found or wo package-info.java: modelo
2026-01-14 13:25:27.594 [main] DEBUG org.hibernate.boot.model.internal.EntityBinder - Binding entity from annotated class: modelo.Persona
2026-01-14 13:25:27.595 [main] DEBUG org.hibernate.boot.model.internal.EntityBinder - Import with entity name Persona
2026-01-14 13:25:27.595 [main] DEBUG org.hibernate.boot.model.internal.EntityBinder - Bind entity modelo.Persona on table persona
2026-01-14 13:25:27.595 [main] DEBUG org.hibernate.boot.model.internal.AnnotatedColumn - Binding column: AnnotatedDiscriminatorColumn(column='DTYPE')
2026-01-14 13:25:27.596 [main] DEBUG org.hibernate.boot.model.internal.AnnotatedColumn - Binding column: AnnotatedColumn()
2026-01-14 13:25:27.596 [main] DEBUG org.hibernate.boot.internal.ClassLoaderAccessImpl - Not known whether passed class name [modelo.Persona] is safe
2026-01-14 13:25:27.596 [main] DEBUG org.hibernate.boot.internal.ClassLoaderAccessImpl - No temp ClassLoader provided; using live ClassLoader for loading potentially unsafe class : modelo.Persona
2026-01-14 13:25:27.596 [main] DEBUG org.hibernate.boot.model.internal.PropertyBinder - MetadataSourceProcessor property dni with lazy=false
2026-01-14 13:25:27.596 [main] DEBUG org.hibernate.boot.model.internal.AbstractPropertyHolder - Attempting to locate auto-apply AttributeConverter for property [modelo.Persona:dni]
2026-01-14 13:25:27.596 [main] DEBUG org.hibernate.boot.model.internal.BasicValueBinder - building BasicValue for dni
2026-01-14 13:25:27.596 [main] DEBUG org.hibernate.mapping.BasicValue - Skipping column re-registration: persona.dni
2026-01-14 13:25:27.596 [main] DEBUG org.hibernate.boot.model.internal.PropertyBinder - Building property dni
2026-01-14 13:25:27.597 [main] DEBUG org.hibernate.boot.model.internal.BinderHelper - #makeIdGenerator(BasicValue([Column(dni)]), dni, org.hibernate.id.enhanced.SequenceStyleGenerator, , ...)
2026-01-14 13:25:27.597 [main] DEBUG org.hibernate.boot.model.internal.AnnotatedColumn - Binding column: AnnotatedColumn()
2026-01-14 13:25:27.597 [main] DEBUG org.hibernate.boot.model.internal.PropertyBinder - MetadataSourceProcessor property edad with lazy=false
2026-01-14 13:25:27.597 [main] DEBUG org.hibernate.boot.model.internal.AbstractPropertyHolder - Attempting to locate auto-apply AttributeConverter for property [modelo.Persona:edad]
2026-01-14 13:25:27.597 [main] DEBUG org.hibernate.boot.model.internal.BasicValueBinder - building BasicValue for edad
2026-01-14 13:25:27.597 [main] DEBUG org.hibernate.mapping.BasicValue - Skipping column re-registration: persona.edad
2026-01-14 13:25:27.597 [main] DEBUG org.hibernate.boot.model.internal.PropertyBinder - Building property edad
2026-01-14 13:25:27.597 [main] DEBUG org.hibernate.boot.model.internal.AnnotatedColumn - Binding column: AnnotatedColumn()
2026-01-14 13:25:27.597 [main] DEBUG org.hibernate.boot.model.internal.PropertyBinder - MetadataSourceProcessor property email with lazy=false
2026-01-14 13:25:27.598 [main] DEBUG org.hibernate.boot.model.internal.AbstractPropertyHolder - Attempting to locate auto-apply AttributeConverter for property [modelo.Persona:email]
2026-01-14 13:25:27.598 [main] DEBUG org.hibernate.boot.model.internal.BasicValueBinder - building BasicValue for email
2026-01-14 13:25:27.598 [main] DEBUG org.hibernate.mapping.BasicValue - Skipping column re-registration: persona.email
2026-01-14 13:25:27.598 [main] DEBUG org.hibernate.boot.model.internal.PropertyBinder - Building property email
2026-01-14 13:25:27.598 [main] DEBUG org.hibernate.boot.model.internal.AnnotatedColumn - Binding column: AnnotatedColumn()
2026-01-14 13:25:27.598 [main] DEBUG org.hibernate.boot.model.internal.PropertyBinder - MetadataSourceProcessor property fechaNacimiento with lazy=false
2026-01-14 13:25:27.598 [main] DEBUG org.hibernate.boot.model.internal.AbstractPropertyHolder - Attempting to locate auto-apply AttributeConverter for property [modelo.Persona:fechaNacimiento]
2026-01-14 13:25:27.598 [main] DEBUG org.hibernate.boot.model.internal.BasicValueBinder - building BasicValue for fechaNacimiento
2026-01-14 13:25:27.598 [main] DEBUG org.hibernate.mapping.BasicValue - Skipping column re-registration: persona.fechaNacimiento
2026-01-14 13:25:27.598 [main] DEBUG org.hibernate.boot.model.internal.PropertyBinder - Building property fechaNacimiento
2026-01-14 13:25:27.599 [main] DEBUG org.hibernate.boot.model.internal.AnnotatedColumn - Binding column: AnnotatedColumn()
2026-01-14 13:25:27.599 [main] DEBUG org.hibernate.boot.model.internal.PropertyBinder - MetadataSourceProcessor property nombreApellido with lazy=false
2026-01-14 13:25:27.599 [main] DEBUG org.hibernate.boot.model.internal.AbstractPropertyHolder - Attempting to locate auto-apply AttributeConverter for property [modelo.Persona:nombreApellido]
2026-01-14 13:25:27.599 [main] DEBUG org.hibernate.boot.model.internal.BasicValueBinder - building BasicValue for nombreApellido
2026-01-14 13:25:27.599 [main] DEBUG org.hibernate.mapping.BasicValue - Skipping column re-registration: persona.nombreApellido
2026-01-14 13:25:27.599 [main] DEBUG org.hibernate.boot.model.internal.PropertyBinder - Building property nombreApellido
2026-01-14 13:25:27.599 [main] DEBUG org.hibernate.boot.model.internal.AnnotatedColumn - Binding column: AnnotatedColumn()
2026-01-14 13:25:27.599 [main] DEBUG org.hibernate.boot.model.internal.PropertyBinder - MetadataSourceProcessor property telefono with lazy=false
2026-01-14 13:25:27.599 [main] DEBUG org.hibernate.boot.model.internal.AbstractPropertyHolder - Attempting to locate auto-apply AttributeConverter for property [modelo.Persona:telefono]
2026-01-14 13:25:27.599 [main] DEBUG org.hibernate.boot.model.internal.BasicValueBinder - building BasicValue for telefono
2026-01-14 13:25:27.599 [main] DEBUG org.hibernate.mapping.BasicValue - Skipping column re-registration: persona.telefono
2026-01-14 13:25:27.599 [main] DEBUG org.hibernate.boot.model.internal.PropertyBinder - Building property telefono
2026-01-14 13:25:27.600 [main] DEBUG org.hibernate.boot.registry.classloading.internal.ClassLoaderServiceImpl - HHH000194: Package not found or wo package-info.java: modelo
2026-01-14 13:25:27.601 [main] DEBUG org.hibernate.boot.model.internal.BasicValueBinder - Starting `BasicValueBinder#fillSimpleValue` for idReunion
2026-01-14 13:25:27.602 [main] DEBUG org.hibernate.boot.model.internal.BasicValueBinder - Starting `BasicValueBinder#fillSimpleValue` for asunto
2026-01-14 13:25:27.603 [main] DEBUG org.hibernate.boot.model.internal.BasicValueBinder - Starting `BasicValueBinder#fillSimpleValue` for fecha
2026-01-14 13:25:27.603 [main] DEBUG org.hibernate.boot.model.internal.BasicValueBinder - Starting `BasicValueBinder#fillSimpleValue` for dni
2026-01-14 13:25:27.603 [main] DEBUG org.hibernate.boot.model.internal.BasicValueBinder - Starting `BasicValueBinder#fillSimpleValue` for edad
2026-01-14 13:25:27.603 [main] DEBUG org.hibernate.boot.model.internal.BasicValueBinder - Starting `BasicValueBinder#fillSimpleValue` for email
2026-01-14 13:25:27.603 [main] DEBUG org.hibernate.boot.model.internal.BasicValueBinder - Starting `BasicValueBinder#fillSimpleValue` for fechaNacimiento
2026-01-14 13:25:27.603 [main] DEBUG org.hibernate.boot.model.internal.BasicValueBinder - Starting `BasicValueBinder#fillSimpleValue` for nombreApellido
2026-01-14 13:25:27.603 [main] DEBUG org.hibernate.boot.model.internal.BasicValueBinder - Starting `BasicValueBinder#fillSimpleValue` for telefono
2026-01-14 13:25:27.605 [main] DEBUG org.hibernate.mapping.PrimaryKey - Forcing column [idreunion] to be non-null as it is part of the primary key for table [reunion]
2026-01-14 13:25:27.605 [main] DEBUG org.hibernate.mapping.PrimaryKey - Forcing column [dni] to be non-null as it is part of the primary key for table [persona]
2026-01-14 13:25:27.743 [main] DEBUG org.hibernate.internal.SessionFactoryImpl - Building session factory
2026-01-14 13:25:27.775 [main] DEBUG org.hibernate.service.internal.SessionFactoryServiceRegistryImpl - EventListenerRegistry access via ServiceRegistry is deprecated.  Use `sessionFactory.getEventEngine().getListenerRegistry()` instead
2026-01-14 13:25:27.776 [main] DEBUG org.hibernate.internal.SessionFactoryImpl - Instantiating SessionFactory with settings: {hibernate.format_sql=true, java.specification.version=21, sun.cpu.isalist=amd64, sun.jnu.encoding=Cp1252, hibernate.dialect=org.hibernate.dialect.MySQLDialect, java.class.path=C:\Users\alumno\Desktop\SegundoDAM\Acceso a Datos\Hibernate\target\test-classes;C:\Users\alumno\Desktop\SegundoDAM\Acceso a Datos\Hibernate\target\classes;C:\Users\alumno\Desktop\sts-4.31.0.RELEASE\plugins\junit-jupiter-api_5.12.2.jar;C:\Users\alumno\Desktop\sts-4.31.0.RELEASE\plugins\junit-jupiter-engine_5.12.2.jar;C:\Users\alumno\Desktop\sts-4.31.0.RELEASE\plugins\junit-jupiter-migrationsupport_5.12.2.jar;C:\Users\alumno\Desktop\sts-4.31.0.RELEASE\plugins\junit-jupiter-params_5.12.2.jar;C:\Users\alumno\Desktop\sts-4.31.0.RELEASE\plugins\junit-platform-commons_1.12.2.jar;C:\Users\alumno\Desktop\sts-4.31.0.RELEASE\plugins\junit-platform-engine_1.12.2.jar;C:\Users\alumno\Desktop\sts-4.31.0.RELEASE\plugins\junit-platform-launcher_1.12.2.jar;C:\Users\alumno\Desktop\sts-4.31.0.RELEASE\plugins\junit-platform-runner_1.12.2.jar;C:\Users\alumno\Desktop\sts-4.31.0.RELEASE\plugins\junit-platform-suite-api_1.12.2.jar;C:\Users\alumno\Desktop\sts-4.31.0.RELEASE\plugins\junit-platform-suite-engine_1.12.2.jar;C:\Users\alumno\Desktop\sts-4.31.0.RELEASE\plugins\junit-platform-suite-commons_1.12.2.jar;C:\Users\alumno\Desktop\sts-4.31.0.RELEASE\plugins\junit-vintage-engine_5.12.2.jar;C:\Users\alumno\Desktop\sts-4.31.0.RELEASE\plugins\org.opentest4j_1.3.0.jar;C:\Users\alumno\Desktop\sts-4.31.0.RELEASE\plugins\org.apiguardian.api_1.1.2.jar;C:\Users\alumno\Desktop\sts-4.31.0.RELEASE\plugins\org.junit_4.13.2.v20240929-1000.jar;C:\Users\alumno\Desktop\sts-4.31.0.RELEASE\plugins\org.hamcrest_3.0.0.jar;C:\Users\alumno\.m2\repository\org\hibernate\orm\hibernate-core\6.4.4.Final\hibernate-core-6.4.4.Final.jar;C:\Users\alumno\.m2\repository\jakarta\transaction\jakarta.transaction-api\2.0.1\jakarta.transaction-api-2.0.1.jar;C:\Users\alumno\.m2\repository\org\jboss\logging\jboss-logging\3.5.0.Final\jboss-logging-3.5.0.Final.jar;C:\Users\alumno\.m2\repository\org\hibernate\common\hibernate-commons-annotations\6.0.6.Final\hibernate-commons-annotations-6.0.6.Final.jar;C:\Users\alumno\.m2\repository\io\smallrye\jandex\3.1.2\jandex-3.1.2.jar;C:\Users\alumno\.m2\repository\com\fasterxml\classmate\1.5.1\classmate-1.5.1.jar;C:\Users\alumno\.m2\repository\net\bytebuddy\byte-buddy\1.14.11\byte-buddy-1.14.11.jar;C:\Users\alumno\.m2\repository\jakarta\xml\bind\jakarta.xml.bind-api\4.0.0\jakarta.xml.bind-api-4.0.0.jar;C:\Users\alumno\.m2\repository\jakarta\activation\jakarta.activation-api\2.1.0\jakarta.activation-api-2.1.0.jar;C:\Users\alumno\.m2\repository\org\glassfish\jaxb\jaxb-runtime\4.0.2\jaxb-runtime-4.0.2.jar;C:\Users\alumno\.m2\repository\org\glassfish\jaxb\jaxb-core\4.0.2\jaxb-core-4.0.2.jar;C:\Users\alumno\.m2\repository\org\eclipse\angus\angus-activation\2.0.0\angus-activation-2.0.0.jar;C:\Users\alumno\.m2\repository\org\glassfish\jaxb\txw2\4.0.2\txw2-4.0.2.jar;C:\Users\alumno\.m2\repository\com\sun\istack\istack-commons-runtime\4.1.1\istack-commons-runtime-4.1.1.jar;C:\Users\alumno\.m2\repository\jakarta\inject\jakarta.inject-api\2.0.1\jakarta.inject-api-2.0.1.jar;C:\Users\alumno\.m2\repository\org\antlr\antlr4-runtime\4.13.0\antlr4-runtime-4.13.0.jar;C:\Users\alumno\.m2\repository\com\mysql\mysql-connector-j\8.4.0\mysql-connector-j-8.4.0.jar;C:\Users\alumno\.m2\repository\com\google\protobuf\protobuf-java\3.25.1\protobuf-java-3.25.1.jar;C:\Users\alumno\.m2\repository\jakarta\persistence\jakarta.persistence-api\3.1.0\jakarta.persistence-api-3.1.0.jar;C:\Users\alumno\.m2\repository\org\junit\jupiter\junit-jupiter\5.10.1\junit-jupiter-5.10.1.jar;C:\Users\alumno\.m2\repository\org\junit\jupiter\junit-jupiter-api\5.10.1\junit-jupiter-api-5.10.1.jar;C:\Users\alumno\.m2\repository\org\opentest4j\opentest4j\1.3.0\opentest4j-1.3.0.jar;C:\Users\alumno\.m2\repository\org\junit\platform\junit-platform-commons\1.10.1\junit-platform-commons-1.10.1.jar;C:\Users\alumno\.m2\repository\org\apiguardian\apiguardian-api\1.1.2\apiguardian-api-1.1.2.jar;C:\Users\alumno\.m2\repository\org\junit\jupiter\junit-jupiter-params\5.10.1\junit-jupiter-params-5.10.1.jar;C:\Users\alumno\.m2\repository\org\junit\jupiter\junit-jupiter-engine\5.10.1\junit-jupiter-engine-5.10.1.jar;C:\Users\alumno\.m2\repository\org\junit\platform\junit-platform-engine\1.10.1\junit-platform-engine-1.10.1.jar;C:\Users\alumno\.m2\repository\org\apache\logging\log4j\log4j-api\2.13.0\log4j-api-2.13.0.jar;C:\Users\alumno\.m2\repository\org\apache\logging\log4j\log4j-core\2.13.0\log4j-core-2.13.0.jar;C:\Users\alumno\.m2\repository\com\google\code\gson\gson\2.10.1\gson-2.10.1.jar;C:\Users\alumno\Desktop\sts-4.31.0.RELEASE\configuration\org.eclipse.osgi\272\0\.cp;C:\Users\alumno\Desktop\sts-4.31.0.RELEASE\configuration\org.eclipse.osgi\270\0\.cp, java.vm.vendor=Oracle Corporation, sun.arch.data.model=64, user.variant=, java.vendor.url=https://java.oracle.com/, user.timezone=Europe/Madrid, org.apache.logging.log4j.assignedSequences=8392, java.vm.specification.version=21, os.name=Windows 11, sun.java.launcher=SUN_STANDARD, user.country=ES, sun.boot.library.path=C:\Program Files\Java\jdk-21\bin, sun.java.command=org.eclipse.jdt.internal.junit.runner.RemoteTestRunner -version 3 -port 59274 -testLoaderClass org.eclipse.jdt.internal.junit5.runner.JUnit5TestLoader -loaderpluginname org.eclipse.jdt.junit5.runtime -classNames TestPersona, jdk.debug=release, sun.cpu.endian=little, user.home=C:\Users\alumno, user.language=es, java.specification.vendor=Oracle Corporation, java.version.date=2025-07-15, java.home=C:\Program Files\Java\jdk-21, file.separator=\, java.vm.compressedOopsMode=Zero based, line.separator=
, java.vm.specification.vendor=Oracle Corporation, java.specification.name=Java Platform API Specification, hibernate.hbm2ddl.auto=update, user.script=, sun.management.compiler=HotSpot 64-Bit Tiered Compilers, java.runtime.version=21.0.8+12-LTS-250, user.name=alumno, stdout.encoding=UTF-8, path.separator=;, hibernate.connection.username=****, os.version=10.0, java.runtime.name=Java(TM) SE Runtime Environment, hibernate.connection.url=jdbc:mysql://localhost:3307/accesoDatosDAM?useSSL=false&serverTimezone=UTC, file.encoding=UTF-8, java.vm.name=Java HotSpot(TM) 64-Bit Server VM, hibernate.show_sql=true, hibernate.connection.driver_class=com.mysql.cj.jdbc.Driver, java.vendor.url.bug=https://bugreport.java.com/bugreport/, java.io.tmpdir=C:\Users\alumno\AppData\Local\Temp\, java.version=21.0.8, user.dir=C:\Users\alumno\Desktop\SegundoDAM\Acceso a Datos\Hibernate, os.arch=amd64, java.vm.specification.name=Java Virtual Machine Specification, hibernate.connection.password=****, sun.os.patch.level=, hibernate.boot.CfgXmlAccessService.key=org.hibernate.boot.cfgxml.spi.LoadedConfig@41f4039e, native.encoding=Cp1252, java.library.path=C:\Program Files\Java\jdk-21\bin;C:\WINDOWS\Sun\Java\bin;C:\WINDOWS\system32;C:\WINDOWS;C:/Users/alumno/Desktop/sts-4.31.0.RELEASE//plugins/org.eclipse.justj.openjdk.hotspot.jre.full.win32.x86_64_21.0.7.v20250502-0916/jre/bin/server;C:/Users/alumno/Desktop/sts-4.31.0.RELEASE//plugins/org.eclipse.justj.openjdk.hotspot.jre.full.win32.x86_64_21.0.7.v20250502-0916/jre/bin;C:\Program Files\Common Files\Oracle\Java\javapath;C:\WINDOWS\system32;C:\WINDOWS;C:\WINDOWS\System32\Wbem;C:\WINDOWS\System32\WindowsPowerShell\v1.0\;C:\WINDOWS\System32\OpenSSH\;C:\Program Files\nodejs\;C:\Program Files\Docker\Docker\resources\bin;C:\Users\alumno\AppData\Local\Programs\Python\Python311\Scripts\;C:\Users\alumno\AppData\Local\Programs\Python\Python311\;C:\Users\alumno\AppData\Local\Programs\Python\Python313\Scripts\;C:\Users\alumno\AppData\Local\Programs\Python\Python313\;C:\Users\alumno\AppData\Local\Programs\Python\Launcher\;C:\Users\alumno\AppData\Local\Programs\Python\Python314\Scripts\;C:\Users\alumno\AppData\Local\Programs\Python\Python314\;C:\Users\alumno\AppData\Local\Microsoft\WindowsApps;C:\Users\alumno\AppData\Local\GitHubDesktop\bin;C:\Users\alumno\AppData\Local\Programs\Git\cmd;C:\Users\alumno\AppData\Local\Programs\Microsoft VS Code\bin;C:\Users\alumno\AppData\Local\Python\bin;C:\Users\alumno\AppData\Roaming\npm;C:\Users\alumno\Desktop\sts-4.31.0.RELEASE;;., stderr.encoding=UTF-8, java.vendor=Oracle Corporation, java.vm.info=mixed mode, sharing, java.vm.version=21.0.8+12-LTS-250, sun.io.unicode.encoding=UnicodeLittle, java.class.version=65.0}
2026-01-14 13:25:27.779 [main] DEBUG org.hibernate.internal.SessionFactoryImpl - Session factory constructed with filter configurations : {}
2026-01-14 13:25:27.813 [main] DEBUG org.hibernate.query.sqm.function.SqmFunctionRegistry - Registered SqmFunctionTemplate [NamedSqmFunctionTemplate(max)] under max; prior registration was null
2026-01-14 13:25:27.814 [main] DEBUG org.hibernate.query.sqm.function.SqmFunctionRegistry - Registered SqmFunctionTemplate [NamedSqmFunctionTemplate(min)] under min; prior registration was null
2026-01-14 13:25:27.814 [main] DEBUG org.hibernate.query.sqm.function.SqmFunctionRegistry - Registered SqmFunctionTemplate [NamedSqmFunctionTemplate(sum)] under sum; prior registration was null
2026-01-14 13:25:27.814 [main] DEBUG org.hibernate.query.sqm.function.SqmFunctionRegistry - Registered SqmFunctionTemplate [NamedSqmFunctionTemplate(avg)] under avg; prior registration was null
2026-01-14 13:25:27.815 [main] DEBUG org.hibernate.query.sqm.function.SqmFunctionRegistry - Registered SqmFunctionTemplate [org.hibernate.dialect.function.CountFunction@66e17eff] under count; prior registration was null
2026-01-14 13:25:27.816 [main] DEBUG org.hibernate.query.sqm.function.SqmFunctionRegistry - Registered SqmFunctionTemplate [org.hibernate.dialect.function.EveryAnyEmulation@7069f076] under every; prior registration was null
2026-01-14 13:25:27.816 [main] DEBUG org.hibernate.query.sqm.function.SqmFunctionRegistry - Registered SqmFunctionTemplate [org.hibernate.dialect.function.EveryAnyEmulation@4a070cf0] under any; prior registration was null
2026-01-14 13:25:27.816 [main] DEBUG org.hibernate.query.sqm.function.SqmFunctionRegistry - Registered SqmFunctionTemplate [NamedSqmFunctionTemplate(floor)] under floor; prior registration was null
2026-01-14 13:25:27.816 [main] DEBUG org.hibernate.query.sqm.function.SqmFunctionRegistry - Registered SqmFunctionTemplate [NamedSqmFunctionTemplate(ceiling)] under ceiling; prior registration was null
2026-01-14 13:25:27.816 [main] DEBUG org.hibernate.query.sqm.function.SqmFunctionRegistry - Registered SqmFunctionTemplate [NamedSqmFunctionTemplate(mod)] under mod; prior registration was null
2026-01-14 13:25:27.816 [main] DEBUG org.hibernate.query.sqm.function.SqmFunctionRegistry - Registered SqmFunctionTemplate [NamedSqmFunctionTemplate(abs)] under abs; prior registration was null
2026-01-14 13:25:27.816 [main] DEBUG org.hibernate.query.sqm.function.SqmFunctionRegistry - Registered SqmFunctionTemplate [NamedSqmFunctionTemplate(sign)] under sign; prior registration was null
2026-01-14 13:25:27.816 [main] DEBUG org.hibernate.query.sqm.function.SqmFunctionRegistry - Registered SqmFunctionTemplate [NamedSqmFunctionTemplate(sqrt)] under sqrt; prior registration was null
2026-01-14 13:25:27.816 [main] DEBUG org.hibernate.query.sqm.function.SqmFunctionRegistry - Registered SqmFunctionTemplate [NamedSqmFunctionTemplate(ln)] under ln; prior registration was null
2026-01-14 13:25:27.816 [main] DEBUG org.hibernate.query.sqm.function.SqmFunctionRegistry - Registered SqmFunctionTemplate [NamedSqmFunctionTemplate(exp)] under exp; prior registration was null
2026-01-14 13:25:27.816 [main] DEBUG org.hibernate.query.sqm.function.SqmFunctionRegistry - Registered SqmFunctionTemplate [NamedSqmFunctionTemplate(power)] under power; prior registration was null
2026-01-14 13:25:27.817 [main] DEBUG org.hibernate.query.sqm.function.SqmFunctionRegistry - Registered SqmFunctionTemplate [NamedSqmFunctionTemplate(round)] under round; prior registration was null
2026-01-14 13:25:27.817 [main] DEBUG org.hibernate.query.sqm.function.SqmFunctionRegistry - Registered SqmFunctionTemplate [NamedSqmFunctionTemplate(sin)] under sin; prior registration was null
2026-01-14 13:25:27.817 [main] DEBUG org.hibernate.query.sqm.function.SqmFunctionRegistry - Registered SqmFunctionTemplate [NamedSqmFunctionTemplate(cos)] under cos; prior registration was null
2026-01-14 13:25:27.817 [main] DEBUG org.hibernate.query.sqm.function.SqmFunctionRegistry - Registered SqmFunctionTemplate [NamedSqmFunctionTemplate(tan)] under tan; prior registration was null
2026-01-14 13:25:27.817 [main] DEBUG org.hibernate.query.sqm.function.SqmFunctionRegistry - Registered SqmFunctionTemplate [NamedSqmFunctionTemplate(asin)] under asin; prior registration was null
2026-01-14 13:25:27.817 [main] DEBUG org.hibernate.query.sqm.function.SqmFunctionRegistry - Registered SqmFunctionTemplate [NamedSqmFunctionTemplate(acos)] under acos; prior registration was null
2026-01-14 13:25:27.817 [main] DEBUG org.hibernate.query.sqm.function.SqmFunctionRegistry - Registered SqmFunctionTemplate [NamedSqmFunctionTemplate(atan)] under atan; prior registration was null
2026-01-14 13:25:27.817 [main] DEBUG org.hibernate.query.sqm.function.SqmFunctionRegistry - Registered SqmFunctionTemplate [NamedSqmFunctionTemplate(atan2)] under atan2; prior registration was null
2026-01-14 13:25:27.818 [main] DEBUG org.hibernate.query.sqm.function.SqmFunctionRegistry - Registered SqmFunctionTemplate [org.hibernate.query.sqm.function.PatternBasedSqmFunctionDescriptor@6367a688] under sinh; prior registration was null
2026-01-14 13:25:27.818 [main] DEBUG org.hibernate.query.sqm.function.SqmFunctionRegistry - Registered SqmFunctionTemplate [org.hibernate.query.sqm.function.PatternBasedSqmFunctionDescriptor@319642db] under cosh; prior registration was null
2026-01-14 13:25:27.818 [main] DEBUG org.hibernate.query.sqm.function.SqmFunctionRegistry - Registered SqmFunctionTemplate [org.hibernate.query.sqm.function.PatternBasedSqmFunctionDescriptor@59498d94] under tanh; prior registration was null
2026-01-14 13:25:27.818 [main] DEBUG org.hibernate.query.sqm.function.SqmFunctionRegistry - Registered SqmFunctionTemplate [org.hibernate.query.sqm.function.PatternBasedSqmFunctionDescriptor@35bfa1bb] under pi; prior registration was null
2026-01-14 13:25:27.818 [main] DEBUG org.hibernate.query.sqm.function.SqmFunctionRegistry - Registered SqmFunctionTemplate [org.hibernate.query.sqm.function.PatternBasedSqmFunctionDescriptor@6b321262] under log; prior registration was null
2026-01-14 13:25:27.818 [main] DEBUG org.hibernate.query.sqm.function.SqmFunctionRegistry - Registered SqmFunctionTemplate [NamedSqmFunctionTemplate(coalesce)] under coalesce; prior registration was null
2026-01-14 13:25:27.818 [main] DEBUG org.hibernate.query.sqm.function.SqmFunctionRegistry - Registered SqmFunctionTemplate [NamedSqmFunctionTemplate(nullif)] under nullif; prior registration was null
2026-01-14 13:25:27.818 [main] DEBUG org.hibernate.query.sqm.function.SqmFunctionRegistry - Registered SqmFunctionTemplate [NamedSqmFunctionTemplate(left)] under left; prior registration was null
2026-01-14 13:25:27.818 [main] DEBUG org.hibernate.query.sqm.function.SqmFunctionRegistry - Registered SqmFunctionTemplate [NamedSqmFunctionTemplate(right)] under right; prior registration was null
2026-01-14 13:25:27.818 [main] DEBUG org.hibernate.query.sqm.function.SqmFunctionRegistry - Registered SqmFunctionTemplate [NamedSqmFunctionTemplate(replace)] under replace; prior registration was null
2026-01-14 13:25:27.819 [main] DEBUG org.hibernate.query.sqm.function.SqmFunctionRegistry - Registered SqmFunctionTemplate [NamedSqmFunctionTemplate(concat)] under concat; prior registration was null
2026-01-14 13:25:27.819 [main] DEBUG org.hibernate.query.sqm.function.SqmFunctionRegistry - Registered SqmFunctionTemplate [NamedSqmFunctionTemplate(lower)] under lower; prior registration was null
2026-01-14 13:25:27.819 [main] DEBUG org.hibernate.query.sqm.function.SqmFunctionRegistry - Registered SqmFunctionTemplate [NamedSqmFunctionTemplate(upper)] under upper; prior registration was null
2026-01-14 13:25:27.819 [main] DEBUG org.hibernate.query.sqm.function.SqmFunctionRegistry - Registered SqmFunctionTemplate [NamedSqmFunctionTemplate(substring)] under substring; prior registration was null
2026-01-14 13:25:27.819 [main] DEBUG org.hibernate.query.sqm.function.SqmFunctionRegistry - Registered SqmFunctionTemplate [NamedSqmFunctionTemplate(locate)] under locate; prior registration was null
2026-01-14 13:25:27.819 [main] DEBUG org.hibernate.query.sqm.function.SqmFunctionRegistry - Registered SqmFunctionTemplate [NamedSqmFunctionTemplate(character_length)] under character_length; prior registration was null
2026-01-14 13:25:27.819 [main] DEBUG org.hibernate.query.sqm.function.SqmFunctionRegistry - Registering alternate key : length -> character_length
2026-01-14 13:25:27.819 [main] DEBUG org.hibernate.query.sqm.function.SqmFunctionRegistry - Registered SqmFunctionTemplate [org.hibernate.dialect.function.LocatePositionEmulation@1af4955e] under position; prior registration was null
2026-01-14 13:25:27.821 [main] DEBUG org.hibernate.query.sqm.function.SqmFunctionRegistry - Registered SqmFunctionTemplate [org.hibernate.dialect.function.InsertSubstringOverlayEmulation@2282400e] under overlay; prior registration was null
2026-01-14 13:25:27.821 [main] DEBUG org.hibernate.query.sqm.function.SqmFunctionRegistry - Registered SqmFunctionTemplate [org.hibernate.dialect.function.TrimFunction@3d615b2e] under trim; prior registration was null
2026-01-14 13:25:27.822 [main] DEBUG org.hibernate.query.sqm.function.SqmFunctionRegistry - Registered SqmFunctionTemplate [org.hibernate.dialect.function.CastFunction@5efeb117] under cast; prior registration was null
2026-01-14 13:25:27.822 [main] DEBUG org.hibernate.query.sqm.function.SqmFunctionRegistry - Registered SqmFunctionTemplate [org.hibernate.query.sqm.function.PatternBasedSqmFunctionDescriptor@160b4809] under collate; prior registration was null
2026-01-14 13:25:27.822 [main] DEBUG org.hibernate.query.sqm.function.SqmFunctionRegistry - Registered SqmFunctionTemplate [org.hibernate.dialect.function.ExtractFunction@114a5e0] under extract; prior registration was null
2026-01-14 13:25:27.822 [main] DEBUG org.hibernate.query.sqm.function.SqmFunctionRegistry - Registered SqmFunctionTemplate [NamedSqmFunctionTemplate(least)] under least; prior registration was null
2026-01-14 13:25:27.822 [main] DEBUG org.hibernate.query.sqm.function.SqmFunctionRegistry - Registered SqmFunctionTemplate [NamedSqmFunctionTemplate(greatest)] under greatest; prior registration was null
2026-01-14 13:25:27.822 [main] DEBUG org.hibernate.query.sqm.function.SqmFunctionRegistry - Registered SqmFunctionTemplate [org.hibernate.dialect.function.CoalesceIfnullEmulation@2bb41f5c] under ifnull; prior registration was null
2026-01-14 13:25:27.822 [main] DEBUG org.hibernate.query.sqm.function.SqmFunctionRegistry - Registered SqmFunctionTemplate [NamedSqmFunctionTemplate(lpad)] under lpad; prior registration was null
2026-01-14 13:25:27.822 [main] DEBUG org.hibernate.query.sqm.function.SqmFunctionRegistry - Registered SqmFunctionTemplate [NamedSqmFunctionTemplate(rpad)] under rpad; prior registration was null
2026-01-14 13:25:27.823 [main] DEBUG org.hibernate.query.sqm.function.SqmFunctionRegistry - Registered SqmFunctionTemplate [org.hibernate.dialect.function.LpadRpadPadEmulation@251c4280] under pad; prior registration was null
2026-01-14 13:25:27.823 [main] DEBUG org.hibernate.query.sqm.function.SqmFunctionRegistry - Registered SqmFunctionTemplate [org.hibernate.dialect.function.CastStrEmulation@5f61371d] under str; prior registration was null
2026-01-14 13:25:27.824 [main] DEBUG org.hibernate.query.sqm.function.SqmFunctionRegistry - Registered SqmFunctionTemplate [org.hibernate.dialect.function.FormatFunction@3dce6dd8] under format; prior registration was null
2026-01-14 13:25:27.825 [main] DEBUG org.hibernate.query.sqm.function.SqmFunctionRegistry - Registered SqmFunctionTemplate [org.hibernate.dialect.function.TimestampaddFunction@45292ec1] under timestampadd; prior registration was null
2026-01-14 13:25:27.825 [main] DEBUG org.hibernate.query.sqm.function.SqmFunctionRegistry - Registered SqmFunctionTemplate [org.hibernate.dialect.function.TimestampdiffFunction@656a3d6b] under timestampdiff; prior registration was null
2026-01-14 13:25:27.825 [main] DEBUG org.hibernate.query.sqm.function.SqmFunctionRegistry - Registering alternate key : dateadd -> timestampadd
2026-01-14 13:25:27.825 [main] DEBUG org.hibernate.query.sqm.function.SqmFunctionRegistry - Registering alternate key : datediff -> timestampdiff
2026-01-14 13:25:27.825 [main] DEBUG org.hibernate.query.sqm.function.SqmFunctionRegistry - Registered SqmFunctionTemplate [org.hibernate.dialect.function.CurrentFunction@61191222] under current_date; prior registration was null
2026-01-14 13:25:27.825 [main] DEBUG org.hibernate.query.sqm.function.SqmFunctionRegistry - Registered SqmFunctionTemplate [org.hibernate.dialect.function.CurrentFunction@58833798] under current_time; prior registration was null
2026-01-14 13:25:27.825 [main] DEBUG org.hibernate.query.sqm.function.SqmFunctionRegistry - Registered SqmFunctionTemplate [org.hibernate.dialect.function.CurrentFunction@7f3ca64a] under current_timestamp; prior registration was null
2026-01-14 13:25:27.826 [main] DEBUG org.hibernate.query.sqm.function.SqmFunctionRegistry - Registering alternate key : current date -> current_date
2026-01-14 13:25:27.826 [main] DEBUG org.hibernate.query.sqm.function.SqmFunctionRegistry - Registering alternate key : current time -> current_time
2026-01-14 13:25:27.826 [main] DEBUG org.hibernate.query.sqm.function.SqmFunctionRegistry - Registering alternate key : current timestamp -> current_timestamp
2026-01-14 13:25:27.826 [main] DEBUG org.hibernate.query.sqm.function.SqmFunctionRegistry - Registered SqmFunctionTemplate [org.hibernate.dialect.function.CurrentFunction@4d464510] under local_date; prior registration was null
2026-01-14 13:25:27.826 [main] DEBUG org.hibernate.query.sqm.function.SqmFunctionRegistry - Registered SqmFunctionTemplate [org.hibernate.dialect.function.CurrentFunction@64e7d698] under local_time; prior registration was null
2026-01-14 13:25:27.826 [main] DEBUG org.hibernate.query.sqm.function.SqmFunctionRegistry - Registered SqmFunctionTemplate [org.hibernate.dialect.function.CurrentFunction@2519026b] under local_datetime; prior registration was null
2026-01-14 13:25:27.826 [main] DEBUG org.hibernate.query.sqm.function.SqmFunctionRegistry - Registered SqmFunctionTemplate [org.hibernate.dialect.function.CurrentFunction@3f8dfe74] under offset_datetime; prior registration was null
2026-01-14 13:25:27.826 [main] DEBUG org.hibernate.query.sqm.function.SqmFunctionRegistry - Registering alternate key : local date -> local_date
2026-01-14 13:25:27.826 [main] DEBUG org.hibernate.query.sqm.function.SqmFunctionRegistry - Registering alternate key : local time -> local_time
2026-01-14 13:25:27.826 [main] DEBUG org.hibernate.query.sqm.function.SqmFunctionRegistry - Registering alternate key : local datetime -> local_datetime
2026-01-14 13:25:27.826 [main] DEBUG org.hibernate.query.sqm.function.SqmFunctionRegistry - Registering alternate key : offset datetime -> offset_datetime
2026-01-14 13:25:27.826 [main] DEBUG org.hibernate.query.sqm.function.SqmFunctionRegistry - Registered SqmFunctionTemplate [org.hibernate.dialect.function.CurrentFunction@401c4250] under instant; prior registration was null
2026-01-14 13:25:27.826 [main] DEBUG org.hibernate.query.sqm.function.SqmFunctionRegistry - Registering alternate key : current_instant -> instant
2026-01-14 13:25:27.826 [main] DEBUG org.hibernate.query.sqm.function.SqmFunctionRegistry - Registered SqmFunctionTemplate [org.hibernate.dialect.function.SqlFunction@570ba13] under sql; prior registration was null
2026-01-14 13:25:27.826 [main] DEBUG org.hibernate.query.sqm.function.SqmFunctionRegistry - Registered SqmFunctionTemplate [NamedSqmFunctionTemplate(soundex)] under soundex; prior registration was null
2026-01-14 13:25:27.826 [main] DEBUG org.hibernate.query.sqm.function.SqmFunctionRegistry - Registered SqmFunctionTemplate [NamedSqmFunctionTemplate(radians)] under radians; prior registration was null
2026-01-14 13:25:27.826 [main] DEBUG org.hibernate.query.sqm.function.SqmFunctionRegistry - Registered SqmFunctionTemplate [NamedSqmFunctionTemplate(degrees)] under degrees; prior registration was null
2026-01-14 13:25:27.826 [main] DEBUG org.hibernate.query.sqm.function.SqmFunctionRegistry - Registered SqmFunctionTemplate [NamedSqmFunctionTemplate(cot)] under cot; prior registration was null
2026-01-14 13:25:27.826 [main] DEBUG org.hibernate.query.sqm.function.SqmFunctionRegistry - Registered SqmFunctionTemplate [NamedSqmFunctionTemplate(log)] under log; prior registration was org.hibernate.query.sqm.function.PatternBasedSqmFunctionDescriptor@6b321262
2026-01-14 13:25:27.826 [main] DEBUG org.hibernate.query.sqm.function.SqmFunctionRegistry - Registered SqmFunctionTemplate [NamedSqmFunctionTemplate(log2)] under log2; prior registration was null
2026-01-14 13:25:27.826 [main] DEBUG org.hibernate.query.sqm.function.SqmFunctionRegistry - Registered SqmFunctionTemplate [NamedSqmFunctionTemplate(log10)] under log10; prior registration was null
2026-01-14 13:25:27.826 [main] DEBUG org.hibernate.query.sqm.function.SqmFunctionRegistry - Registered SqmFunctionTemplate [NamedSqmFunctionTemplate(ltrim)] under ltrim; prior registration was null
2026-01-14 13:25:27.827 [main] DEBUG org.hibernate.query.sqm.function.SqmFunctionRegistry - Registered SqmFunctionTemplate [NamedSqmFunctionTemplate(rtrim)] under rtrim; prior registration was null
2026-01-14 13:25:27.827 [main] DEBUG org.hibernate.query.sqm.function.SqmFunctionRegistry - Registered SqmFunctionTemplate [NamedSqmFunctionTemplate(octet_length)] under octet_length; prior registration was null
2026-01-14 13:25:27.827 [main] DEBUG org.hibernate.query.sqm.function.SqmFunctionRegistry - Registered SqmFunctionTemplate [NamedSqmFunctionTemplate(reverse)] under reverse; prior registration was null
2026-01-14 13:25:27.827 [main] DEBUG org.hibernate.query.sqm.function.SqmFunctionRegistry - Registered SqmFunctionTemplate [NamedSqmFunctionTemplate(space)] under space; prior registration was null
2026-01-14 13:25:27.827 [main] DEBUG org.hibernate.query.sqm.function.SqmFunctionRegistry - Registered SqmFunctionTemplate [NamedSqmFunctionTemplate(repeat)] under repeat; prior registration was null
2026-01-14 13:25:27.827 [main] DEBUG org.hibernate.query.sqm.function.SqmFunctionRegistry - Registered SqmFunctionTemplate [org.hibernate.query.sqm.function.MultipatternSqmFunctionDescriptor@16f0ec18] under lpad; prior registration was NamedSqmFunctionTemplate(lpad)
2026-01-14 13:25:27.827 [main] DEBUG org.hibernate.query.sqm.function.SqmFunctionRegistry - Registered SqmFunctionTemplate [org.hibernate.query.sqm.function.MultipatternSqmFunctionDescriptor@6c977dcf] under rpad; prior registration was NamedSqmFunctionTemplate(rpad)
2026-01-14 13:25:27.827 [main] DEBUG org.hibernate.query.sqm.function.SqmFunctionRegistry - Registered SqmFunctionTemplate [NamedSqmFunctionTemplate(md5)] under md5; prior registration was null
2026-01-14 13:25:27.827 [main] DEBUG org.hibernate.query.sqm.function.SqmFunctionRegistry - Registered SqmFunctionTemplate [NamedSqmFunctionTemplate(day)] under day; prior registration was null
2026-01-14 13:25:27.827 [main] DEBUG org.hibernate.query.sqm.function.SqmFunctionRegistry - Registered SqmFunctionTemplate [NamedSqmFunctionTemplate(month)] under month; prior registration was null
2026-01-14 13:25:27.828 [main] DEBUG org.hibernate.query.sqm.function.SqmFunctionRegistry - Registered SqmFunctionTemplate [NamedSqmFunctionTemplate(year)] under year; prior registration was null
2026-01-14 13:25:27.828 [main] DEBUG org.hibernate.query.sqm.function.SqmFunctionRegistry - Registered SqmFunctionTemplate [NamedSqmFunctionTemplate(hour)] under hour; prior registration was null
2026-01-14 13:25:27.828 [main] DEBUG org.hibernate.query.sqm.function.SqmFunctionRegistry - Registered SqmFunctionTemplate [NamedSqmFunctionTemplate(minute)] under minute; prior registration was null
2026-01-14 13:25:27.828 [main] DEBUG org.hibernate.query.sqm.function.SqmFunctionRegistry - Registered SqmFunctionTemplate [NamedSqmFunctionTemplate(second)] under second; prior registration was null
2026-01-14 13:25:27.828 [main] DEBUG org.hibernate.query.sqm.function.SqmFunctionRegistry - Registered SqmFunctionTemplate [NamedSqmFunctionTemplate(microsecond)] under microsecond; prior registration was null
2026-01-14 13:25:27.828 [main] DEBUG org.hibernate.query.sqm.function.SqmFunctionRegistry - Registered SqmFunctionTemplate [NamedSqmFunctionTemplate(dayofweek)] under dayofweek; prior registration was null
2026-01-14 13:25:27.828 [main] DEBUG org.hibernate.query.sqm.function.SqmFunctionRegistry - Registered SqmFunctionTemplate [NamedSqmFunctionTemplate(dayofmonth)] under dayofmonth; prior registration was null
2026-01-14 13:25:27.828 [main] DEBUG org.hibernate.query.sqm.function.SqmFunctionRegistry - Registering alternate key : day -> dayofmonth
2026-01-14 13:25:27.828 [main] DEBUG org.hibernate.query.sqm.function.SqmFunctionRegistry - Registered SqmFunctionTemplate [NamedSqmFunctionTemplate(dayofyear)] under dayofyear; prior registration was null
2026-01-14 13:25:27.828 [main] DEBUG org.hibernate.query.sqm.function.SqmFunctionRegistry - Registered SqmFunctionTemplate [NamedSqmFunctionTemplate(week)] under week; prior registration was null
2026-01-14 13:25:27.828 [main] DEBUG org.hibernate.query.sqm.function.SqmFunctionRegistry - Registered SqmFunctionTemplate [NamedSqmFunctionTemplate(quarter)] under quarter; prior registration was null
2026-01-14 13:25:27.828 [main] DEBUG org.hibernate.query.sqm.function.SqmFunctionRegistry - Registered SqmFunctionTemplate [NamedSqmFunctionTemplate(monthname)] under monthname; prior registration was null
2026-01-14 13:25:27.828 [main] DEBUG org.hibernate.query.sqm.function.SqmFunctionRegistry - Registered SqmFunctionTemplate [NamedSqmFunctionTemplate(dayname)] under dayname; prior registration was null
2026-01-14 13:25:27.828 [main] DEBUG org.hibernate.query.sqm.function.SqmFunctionRegistry - Registered SqmFunctionTemplate [NamedSqmFunctionTemplate(last_day)] under last_day; prior registration was null
2026-01-14 13:25:27.828 [main] DEBUG org.hibernate.query.sqm.function.SqmFunctionRegistry - Registered SqmFunctionTemplate [NamedSqmFunctionTemplate(date)] under date; prior registration was null
2026-01-14 13:25:27.828 [main] DEBUG org.hibernate.query.sqm.function.SqmFunctionRegistry - Registered SqmFunctionTemplate [NamedSqmFunctionTemplate(timestamp)] under timestamp; prior registration was null
2026-01-14 13:25:27.828 [main] DEBUG org.hibernate.query.sqm.function.SqmFunctionRegistry - Registered SqmFunctionTemplate [NamedSqmFunctionTemplate(time)] under time; prior registration was null
2026-01-14 13:25:27.828 [main] DEBUG org.hibernate.query.sqm.function.SqmFunctionRegistry - Registered SqmFunctionTemplate [NamedSqmFunctionTemplate(utc_date)] under utc_date; prior registration was null
2026-01-14 13:25:27.828 [main] DEBUG org.hibernate.query.sqm.function.SqmFunctionRegistry - Registered SqmFunctionTemplate [NamedSqmFunctionTemplate(utc_time)] under utc_time; prior registration was null
2026-01-14 13:25:27.828 [main] DEBUG org.hibernate.query.sqm.function.SqmFunctionRegistry - Registered SqmFunctionTemplate [NamedSqmFunctionTemplate(utc_timestamp)] under utc_timestamp; prior registration was null
2026-01-14 13:25:27.828 [main] DEBUG org.hibernate.query.sqm.function.SqmFunctionRegistry - Registered SqmFunctionTemplate [NamedSqmFunctionTemplate(rand)] under rand; prior registration was null
2026-01-14 13:25:27.828 [main] DEBUG org.hibernate.query.sqm.function.SqmFunctionRegistry - Registered SqmFunctionTemplate [NamedSqmFunctionTemplate(crc32)] under crc32; prior registration was null
2026-01-14 13:25:27.828 [main] DEBUG org.hibernate.query.sqm.function.SqmFunctionRegistry - Registered SqmFunctionTemplate [NamedSqmFunctionTemplate(sha1)] under sha1; prior registration was null
2026-01-14 13:25:27.828 [main] DEBUG org.hibernate.query.sqm.function.SqmFunctionRegistry - Registered SqmFunctionTemplate [NamedSqmFunctionTemplate(sha2)] under sha2; prior registration was null
2026-01-14 13:25:27.828 [main] DEBUG org.hibernate.query.sqm.function.SqmFunctionRegistry - Registered SqmFunctionTemplate [NamedSqmFunctionTemplate(sha)] under sha; prior registration was null
2026-01-14 13:25:27.829 [main] DEBUG org.hibernate.query.sqm.function.SqmFunctionRegistry - Registered SqmFunctionTemplate [NamedSqmFunctionTemplate(bit_length)] under bit_length; prior registration was null
2026-01-14 13:25:27.829 [main] DEBUG org.hibernate.query.sqm.function.SqmFunctionRegistry - Registered SqmFunctionTemplate [NamedSqmFunctionTemplate(octet_length)] under octet_length; prior registration was NamedSqmFunctionTemplate(octet_length)
2026-01-14 13:25:27.829 [main] DEBUG org.hibernate.query.sqm.function.SqmFunctionRegistry - Registered SqmFunctionTemplate [NamedSqmFunctionTemplate(ascii)] under ascii; prior registration was null
2026-01-14 13:25:27.829 [main] DEBUG org.hibernate.query.sqm.function.SqmFunctionRegistry - Registered SqmFunctionTemplate [NamedSqmFunctionTemplate(instr)] under instr; prior registration was null
2026-01-14 13:25:27.829 [main] DEBUG org.hibernate.query.sqm.function.SqmFunctionRegistry - Registered SqmFunctionTemplate [NamedSqmFunctionTemplate(substr)] under substr; prior registration was null
2026-01-14 13:25:27.829 [main] DEBUG org.hibernate.query.sqm.function.SqmFunctionRegistry - Registered SqmFunctionTemplate [org.hibernate.query.sqm.function.PatternBasedSqmFunctionDescriptor@661d6bb6] under position; prior registration was org.hibernate.dialect.function.LocatePositionEmulation@1af4955e
2026-01-14 13:25:27.829 [main] DEBUG org.hibernate.query.sqm.function.SqmFunctionRegistry - Registered SqmFunctionTemplate [NamedSqmFunctionTemplate(curtime)] under curtime; prior registration was null
2026-01-14 13:25:27.829 [main] DEBUG org.hibernate.query.sqm.function.SqmFunctionRegistry - Registered SqmFunctionTemplate [NamedSqmFunctionTemplate(curdate)] under curdate; prior registration was null
2026-01-14 13:25:27.829 [main] DEBUG org.hibernate.query.sqm.function.SqmFunctionRegistry - Registered SqmFunctionTemplate [NamedSqmFunctionTemplate(now)] under now; prior registration was null
2026-01-14 13:25:27.834 [main] DEBUG org.hibernate.query.sqm.function.SqmFunctionRegistry - Registered SqmFunctionTemplate [org.hibernate.dialect.function.TruncFunction@1e3f0aea] under trunc; prior registration was null
2026-01-14 13:25:27.834 [main] DEBUG org.hibernate.query.sqm.function.SqmFunctionRegistry - Registering alternate key : truncate -> trunc
2026-01-14 13:25:27.834 [main] DEBUG org.hibernate.query.sqm.function.SqmFunctionRegistry - Registered SqmFunctionTemplate [NamedSqmFunctionTemplate(insert)] under insert; prior registration was null
2026-01-14 13:25:27.834 [main] DEBUG org.hibernate.query.sqm.function.SqmFunctionRegistry - Registered SqmFunctionTemplate [org.hibernate.query.sqm.function.PatternBasedSqmFunctionDescriptor@48268eec] under bitand; prior registration was null
2026-01-14 13:25:27.834 [main] DEBUG org.hibernate.query.sqm.function.SqmFunctionRegistry - Registered SqmFunctionTemplate [org.hibernate.query.sqm.function.PatternBasedSqmFunctionDescriptor@69a024a0] under bitor; prior registration was null
2026-01-14 13:25:27.834 [main] DEBUG org.hibernate.query.sqm.function.SqmFunctionRegistry - Registered SqmFunctionTemplate [org.hibernate.query.sqm.function.PatternBasedSqmFunctionDescriptor@4bf80c29] under bitxor; prior registration was null
2026-01-14 13:25:27.834 [main] DEBUG org.hibernate.query.sqm.function.SqmFunctionRegistry - Registered SqmFunctionTemplate [org.hibernate.query.sqm.function.PatternBasedSqmFunctionDescriptor@2d7637e6] under bitnot; prior registration was null
2026-01-14 13:25:27.834 [main] DEBUG org.hibernate.query.sqm.function.SqmFunctionRegistry - Registered SqmFunctionTemplate [NamedSqmFunctionTemplate(bit_and)] under bit_and; prior registration was null
2026-01-14 13:25:27.834 [main] DEBUG org.hibernate.query.sqm.function.SqmFunctionRegistry - Registered SqmFunctionTemplate [NamedSqmFunctionTemplate(bit_or)] under bit_or; prior registration was null
2026-01-14 13:25:27.834 [main] DEBUG org.hibernate.query.sqm.function.SqmFunctionRegistry - Registered SqmFunctionTemplate [NamedSqmFunctionTemplate(stddev)] under stddev; prior registration was null
2026-01-14 13:25:27.834 [main] DEBUG org.hibernate.query.sqm.function.SqmFunctionRegistry - Registered SqmFunctionTemplate [NamedSqmFunctionTemplate(stddev_pop)] under stddev_pop; prior registration was null
2026-01-14 13:25:27.834 [main] DEBUG org.hibernate.query.sqm.function.SqmFunctionRegistry - Registered SqmFunctionTemplate [NamedSqmFunctionTemplate(stddev_samp)] under stddev_samp; prior registration was null
2026-01-14 13:25:27.834 [main] DEBUG org.hibernate.query.sqm.function.SqmFunctionRegistry - Registered SqmFunctionTemplate [NamedSqmFunctionTemplate(variance)] under variance; prior registration was null
2026-01-14 13:25:27.834 [main] DEBUG org.hibernate.query.sqm.function.SqmFunctionRegistry - Registered SqmFunctionTemplate [NamedSqmFunctionTemplate(var_pop)] under var_pop; prior registration was null
2026-01-14 13:25:27.834 [main] DEBUG org.hibernate.query.sqm.function.SqmFunctionRegistry - Registered SqmFunctionTemplate [NamedSqmFunctionTemplate(var_samp)] under var_samp; prior registration was null
2026-01-14 13:25:27.834 [main] DEBUG org.hibernate.query.sqm.function.SqmFunctionRegistry - Registered SqmFunctionTemplate [NamedSqmFunctionTemplate(datediff)] under datediff; prior registration was null
2026-01-14 13:25:27.834 [main] DEBUG org.hibernate.query.sqm.function.SqmFunctionRegistry - Registered SqmFunctionTemplate [NamedSqmFunctionTemplate(adddate)] under adddate; prior registration was null
2026-01-14 13:25:27.834 [main] DEBUG org.hibernate.query.sqm.function.SqmFunctionRegistry - Registered SqmFunctionTemplate [NamedSqmFunctionTemplate(subdate)] under subdate; prior registration was null
2026-01-14 13:25:27.834 [main] DEBUG org.hibernate.query.sqm.function.SqmFunctionRegistry - Registered SqmFunctionTemplate [NamedSqmFunctionTemplate(addtime)] under addtime; prior registration was null
2026-01-14 13:25:27.834 [main] DEBUG org.hibernate.query.sqm.function.SqmFunctionRegistry - Registered SqmFunctionTemplate [NamedSqmFunctionTemplate(subtime)] under subtime; prior registration was null
2026-01-14 13:25:27.834 [main] DEBUG org.hibernate.query.sqm.function.SqmFunctionRegistry - Registered SqmFunctionTemplate [org.hibernate.dialect.function.FormatFunction@515b9d4a] under format; prior registration was org.hibernate.dialect.function.FormatFunction@3dce6dd8
2026-01-14 13:25:27.834 [main] DEBUG org.hibernate.query.sqm.function.SqmFunctionRegistry - Registered SqmFunctionTemplate [NamedSqmFunctionTemplate(makedate)] under makedate; prior registration was null
2026-01-14 13:25:27.834 [main] DEBUG org.hibernate.query.sqm.function.SqmFunctionRegistry - Registered SqmFunctionTemplate [NamedSqmFunctionTemplate(maketime)] under maketime; prior registration was null
2026-01-14 13:25:27.834 [main] DEBUG org.hibernate.query.sqm.function.SqmFunctionRegistry - Registered SqmFunctionTemplate [NamedSqmFunctionTemplate(localtime)] under localtime; prior registration was null
2026-01-14 13:25:27.834 [main] DEBUG org.hibernate.query.sqm.function.SqmFunctionRegistry - Registered SqmFunctionTemplate [NamedSqmFunctionTemplate(localtimestamp)] under localtimestamp; prior registration was null
2026-01-14 13:25:27.834 [main] DEBUG org.hibernate.query.sqm.function.SqmFunctionRegistry - Registered SqmFunctionTemplate [NamedSqmFunctionTemplate(localtime)] under local_time; prior registration was org.hibernate.dialect.function.CurrentFunction@64e7d698
2026-01-14 13:25:27.834 [main] DEBUG org.hibernate.query.sqm.function.SqmFunctionRegistry - Registered SqmFunctionTemplate [NamedSqmFunctionTemplate(localtimestamp)] under local_datetime; prior registration was org.hibernate.dialect.function.CurrentFunction@2519026b
2026-01-14 13:25:27.834 [main] DEBUG org.hibernate.query.sqm.function.SqmFunctionRegistry - Registered SqmFunctionTemplate [NamedSqmFunctionTemplate(localtime)] under localtime; prior registration was NamedSqmFunctionTemplate(localtime)
2026-01-14 13:25:27.834 [main] DEBUG org.hibernate.query.sqm.function.SqmFunctionRegistry - Registered SqmFunctionTemplate [org.hibernate.query.sqm.function.PatternBasedSqmFunctionDescriptor@39b626e5] under pi; prior registration was org.hibernate.query.sqm.function.PatternBasedSqmFunctionDescriptor@35bfa1bb
2026-01-14 13:25:27.834 [main] DEBUG org.hibernate.query.sqm.function.SqmFunctionRegistry - Registered SqmFunctionTemplate [org.hibernate.query.sqm.function.PatternBasedSqmFunctionDescriptor@32a4ecbe] under chr; prior registration was null
2026-01-14 13:25:27.834 [main] DEBUG org.hibernate.query.sqm.function.SqmFunctionRegistry - Registering alternate key : char -> chr
2026-01-14 13:25:27.834 [main] DEBUG org.hibernate.query.sqm.function.SqmFunctionRegistry - Registered SqmFunctionTemplate [org.hibernate.query.sqm.function.PatternBasedSqmFunctionDescriptor@2e71240b] under sysdate; prior registration was null
2026-01-14 13:25:27.834 [main] DEBUG org.hibernate.query.sqm.function.SqmFunctionRegistry - Registered SqmFunctionTemplate [NamedSqmFunctionTemplate(row_number)] under row_number; prior registration was null
2026-01-14 13:25:27.834 [main] DEBUG org.hibernate.query.sqm.function.SqmFunctionRegistry - Registered SqmFunctionTemplate [NamedSqmFunctionTemplate(lag)] under lag; prior registration was null
2026-01-14 13:25:27.836 [main] DEBUG org.hibernate.query.sqm.function.SqmFunctionRegistry - Registered SqmFunctionTemplate [NamedSqmFunctionTemplate(lead)] under lead; prior registration was null
2026-01-14 13:25:27.836 [main] DEBUG org.hibernate.query.sqm.function.SqmFunctionRegistry - Registered SqmFunctionTemplate [NamedSqmFunctionTemplate(first_value)] under first_value; prior registration was null
2026-01-14 13:25:27.836 [main] DEBUG org.hibernate.query.sqm.function.SqmFunctionRegistry - Registered SqmFunctionTemplate [NamedSqmFunctionTemplate(last_value)] under last_value; prior registration was null
2026-01-14 13:25:27.836 [main] DEBUG org.hibernate.query.sqm.function.SqmFunctionRegistry - Registered SqmFunctionTemplate [NamedSqmFunctionTemplate(nth_value)] under nth_value; prior registration was null
2026-01-14 13:25:27.836 [main] DEBUG org.hibernate.query.sqm.function.SqmFunctionRegistry - Registered SqmFunctionTemplate [org.hibernate.dialect.function.HypotheticalSetWindowEmulation@3bb9ca38] under rank; prior registration was null
2026-01-14 13:25:27.836 [main] DEBUG org.hibernate.query.sqm.function.SqmFunctionRegistry - Registered SqmFunctionTemplate [org.hibernate.dialect.function.HypotheticalSetWindowEmulation@160e99e0] under dense_rank; prior registration was null
2026-01-14 13:25:27.836 [main] DEBUG org.hibernate.query.sqm.function.SqmFunctionRegistry - Registered SqmFunctionTemplate [org.hibernate.dialect.function.HypotheticalSetWindowEmulation@4f3e9fbb] under percent_rank; prior registration was null
2026-01-14 13:25:27.837 [main] DEBUG org.hibernate.query.sqm.function.SqmFunctionRegistry - Registered SqmFunctionTemplate [org.hibernate.dialect.function.HypotheticalSetWindowEmulation@365afe87] under cume_dist; prior registration was null
2026-01-14 13:25:27.837 [main] DEBUG org.hibernate.query.sqm.function.SqmFunctionRegistry - Registered SqmFunctionTemplate [org.hibernate.dialect.function.ListaggGroupConcatEmulation@7b53b1ad] under listagg; prior registration was null
2026-01-14 13:25:27.837 [main] DEBUG org.hibernate.HQL_FUNCTIONS - abs(NUMERIC arg)
2026-01-14 13:25:27.838 [main] DEBUG org.hibernate.HQL_FUNCTIONS - Double acos(NUMERIC arg)
2026-01-14 13:25:27.838 [main] DEBUG org.hibernate.HQL_FUNCTIONS - adddate(DATE datetime, INTEGER days)
2026-01-14 13:25:27.838 [main] DEBUG org.hibernate.HQL_FUNCTIONS - addtime(TIME datetime, TIME time)
2026-01-14 13:25:27.838 [main] DEBUG org.hibernate.HQL_FUNCTIONS - Boolean any(BOOLEAN arg)
2026-01-14 13:25:27.838 [main] DEBUG org.hibernate.HQL_FUNCTIONS - Integer ascii(STRING arg)
2026-01-14 13:25:27.838 [main] DEBUG org.hibernate.HQL_FUNCTIONS - Double asin(NUMERIC arg)
2026-01-14 13:25:27.838 [main] DEBUG org.hibernate.HQL_FUNCTIONS - Double atan(NUMERIC arg)
2026-01-14 13:25:27.838 [main] DEBUG org.hibernate.HQL_FUNCTIONS - Double atan2(NUMERIC arg0, NUMERIC arg1)
2026-01-14 13:25:27.838 [main] DEBUG org.hibernate.HQL_FUNCTIONS - avg(arg)
2026-01-14 13:25:27.838 [main] DEBUG org.hibernate.HQL_FUNCTIONS - bit_and(arg)
2026-01-14 13:25:27.838 [main] DEBUG org.hibernate.HQL_FUNCTIONS - Integer bit_length(STRING_OR_CLOB arg)
2026-01-14 13:25:27.838 [main] DEBUG org.hibernate.HQL_FUNCTIONS - bit_or(arg)
2026-01-14 13:25:27.838 [main] DEBUG org.hibernate.HQL_FUNCTIONS - bitand(arg0, arg1)
2026-01-14 13:25:27.838 [main] DEBUG org.hibernate.HQL_FUNCTIONS - bitnot(arg)
2026-01-14 13:25:27.838 [main] DEBUG org.hibernate.HQL_FUNCTIONS - bitor(arg0, arg1)
2026-01-14 13:25:27.838 [main] DEBUG org.hibernate.HQL_FUNCTIONS - bitxor(arg0, arg1)
2026-01-14 13:25:27.838 [main] DEBUG org.hibernate.HQL_FUNCTIONS - cast(arg as Type)
2026-01-14 13:25:27.838 [main] DEBUG org.hibernate.HQL_FUNCTIONS - ceiling(NUMERIC arg)
2026-01-14 13:25:27.838 [main] DEBUG org.hibernate.HQL_FUNCTIONS - Character char(INTEGER arg)
2026-01-14 13:25:27.838 [main] DEBUG org.hibernate.HQL_FUNCTIONS - Integer character_length(STRING_OR_CLOB arg)
2026-01-14 13:25:27.838 [main] DEBUG org.hibernate.HQL_FUNCTIONS - Character chr(INTEGER arg)
2026-01-14 13:25:27.838 [main] DEBUG org.hibernate.HQL_FUNCTIONS - coalesce(arg0[, arg1[, ...]])
2026-01-14 13:25:27.838 [main] DEBUG org.hibernate.HQL_FUNCTIONS - String collate(STRING string as COLLATION collation)
2026-01-14 13:25:27.838 [main] DEBUG org.hibernate.HQL_FUNCTIONS - String concat(STRING string0[, STRING string1[, ...]])
2026-01-14 13:25:27.838 [main] DEBUG org.hibernate.HQL_FUNCTIONS - Double cos(NUMERIC arg)
2026-01-14 13:25:27.838 [main] DEBUG org.hibernate.HQL_FUNCTIONS - Double cosh(NUMERIC arg)
2026-01-14 13:25:27.838 [main] DEBUG org.hibernate.HQL_FUNCTIONS - Double cot(NUMERIC arg)
2026-01-14 13:25:27.838 [main] DEBUG org.hibernate.HQL_FUNCTIONS - Long count([distinct ]{arg|*})
2026-01-14 13:25:27.838 [main] DEBUG org.hibernate.HQL_FUNCTIONS - Integer crc32(arg)
2026-01-14 13:25:27.838 [main] DEBUG org.hibernate.HQL_FUNCTIONS - Double cume_dist([arg0[, ...]])
2026-01-14 13:25:27.838 [main] DEBUG org.hibernate.HQL_FUNCTIONS - Date curdate()
2026-01-14 13:25:27.839 [main] DEBUG org.hibernate.HQL_FUNCTIONS - Date current date
2026-01-14 13:25:27.839 [main] DEBUG org.hibernate.HQL_FUNCTIONS - Time current time
2026-01-14 13:25:27.839 [main] DEBUG org.hibernate.HQL_FUNCTIONS - Timestamp current timestamp
2026-01-14 13:25:27.839 [main] DEBUG org.hibernate.HQL_FUNCTIONS - Date current_date
2026-01-14 13:25:27.839 [main] DEBUG org.hibernate.HQL_FUNCTIONS - Instant current_instant
2026-01-14 13:25:27.839 [main] DEBUG org.hibernate.HQL_FUNCTIONS - Time current_time
2026-01-14 13:25:27.839 [main] DEBUG org.hibernate.HQL_FUNCTIONS - Timestamp current_timestamp
2026-01-14 13:25:27.839 [main] DEBUG org.hibernate.HQL_FUNCTIONS - Time curtime()
2026-01-14 13:25:27.839 [main] DEBUG org.hibernate.HQL_FUNCTIONS - Date date(arg)
2026-01-14 13:25:27.839 [main] DEBUG org.hibernate.HQL_FUNCTIONS - dateadd(TEMPORAL_UNIT field, INTEGER magnitude, TEMPORAL datetime)
2026-01-14 13:25:27.839 [main] DEBUG org.hibernate.HQL_FUNCTIONS - Integer datediff(DATE end, DATE start)
2026-01-14 13:25:27.839 [main] DEBUG org.hibernate.HQL_FUNCTIONS - Integer day(DATE arg)
2026-01-14 13:25:27.839 [main] DEBUG org.hibernate.HQL_FUNCTIONS - String dayname(DATE arg)
2026-01-14 13:25:27.839 [main] DEBUG org.hibernate.HQL_FUNCTIONS - Integer dayofmonth(DATE arg)
2026-01-14 13:25:27.839 [main] DEBUG org.hibernate.HQL_FUNCTIONS - Integer dayofweek(DATE arg)
2026-01-14 13:25:27.840 [main] DEBUG org.hibernate.HQL_FUNCTIONS - Integer dayofyear(DATE arg)
2026-01-14 13:25:27.840 [main] DEBUG org.hibernate.HQL_FUNCTIONS - Double degrees(NUMERIC arg)
2026-01-14 13:25:27.840 [main] DEBUG org.hibernate.HQL_FUNCTIONS - Long dense_rank([arg0[, ...]])
2026-01-14 13:25:27.840 [main] DEBUG org.hibernate.HQL_FUNCTIONS - Boolean every(BOOLEAN arg)
2026-01-14 13:25:27.840 [main] DEBUG org.hibernate.HQL_FUNCTIONS - Double exp(NUMERIC arg)
2026-01-14 13:25:27.840 [main] DEBUG org.hibernate.HQL_FUNCTIONS - extract(TEMPORAL_UNIT field from TEMPORAL arg)
2026-01-14 13:25:27.840 [main] DEBUG org.hibernate.HQL_FUNCTIONS - first_valueANY value
2026-01-14 13:25:27.840 [main] DEBUG org.hibernate.HQL_FUNCTIONS - floor(NUMERIC arg)
2026-01-14 13:25:27.840 [main] DEBUG org.hibernate.HQL_FUNCTIONS - String format(TEMPORAL datetime as STRING pattern)
2026-01-14 13:25:27.840 [main] DEBUG org.hibernate.HQL_FUNCTIONS - greatest(COMPARABLE arg0, COMPARABLE arg1[, arg2[, ...]])
2026-01-14 13:25:27.840 [main] DEBUG org.hibernate.HQL_FUNCTIONS - Integer hour(TIME arg)
2026-01-14 13:25:27.840 [main] DEBUG org.hibernate.HQL_FUNCTIONS - ifnull(arg0, arg1)
2026-01-14 13:25:27.840 [main] DEBUG org.hibernate.HQL_FUNCTIONS - String insert(STRING string, INTEGER start, INTEGER length, STRING replacement)
2026-01-14 13:25:27.840 [main] DEBUG org.hibernate.HQL_FUNCTIONS - Instant instant
2026-01-14 13:25:27.840 [main] DEBUG org.hibernate.HQL_FUNCTIONS - Integer instr(STRING string, STRING pattern[, INTEGER start[, INTEGER occurrence]])
2026-01-14 13:25:27.840 [main] DEBUG org.hibernate.HQL_FUNCTIONS - lagANY value[, INTEGER offset[, ANY default]]
2026-01-14 13:25:27.840 [main] DEBUG org.hibernate.HQL_FUNCTIONS - Date last_day(DATE arg)
2026-01-14 13:25:27.840 [main] DEBUG org.hibernate.HQL_FUNCTIONS - last_valueANY value
2026-01-14 13:25:27.840 [main] DEBUG org.hibernate.HQL_FUNCTIONS - leadANY value[, INTEGER offset[, ANY default]]
2026-01-14 13:25:27.840 [main] DEBUG org.hibernate.HQL_FUNCTIONS - least(COMPARABLE arg0, COMPARABLE arg1[, arg2[, ...]])
2026-01-14 13:25:27.840 [main] DEBUG org.hibernate.HQL_FUNCTIONS - String left(STRING string, INTEGER length)
2026-01-14 13:25:27.841 [main] DEBUG org.hibernate.HQL_FUNCTIONS - Integer length(STRING_OR_CLOB arg)
2026-01-14 13:25:27.841 [main] DEBUG org.hibernate.HQL_FUNCTIONS - String listagg(STRING arg0, STRING arg1)
2026-01-14 13:25:27.841 [main] DEBUG org.hibernate.HQL_FUNCTIONS - Double ln(NUMERIC arg)
2026-01-14 13:25:27.841 [main] DEBUG org.hibernate.HQL_FUNCTIONS - LocalDate local date
2026-01-14 13:25:27.841 [main] DEBUG org.hibernate.HQL_FUNCTIONS - LocalDateTime local datetime
2026-01-14 13:25:27.841 [main] DEBUG org.hibernate.HQL_FUNCTIONS - LocalTime local time
2026-01-14 13:25:27.841 [main] DEBUG org.hibernate.HQL_FUNCTIONS - LocalDate local_date
2026-01-14 13:25:27.841 [main] DEBUG org.hibernate.HQL_FUNCTIONS - LocalDateTime local_datetime
2026-01-14 13:25:27.841 [main] DEBUG org.hibernate.HQL_FUNCTIONS - LocalTime local_time
2026-01-14 13:25:27.841 [main] DEBUG org.hibernate.HQL_FUNCTIONS - Timestamp localtime
2026-01-14 13:25:27.841 [main] DEBUG org.hibernate.HQL_FUNCTIONS - Timestamp localtimestamp
2026-01-14 13:25:27.841 [main] DEBUG org.hibernate.HQL_FUNCTIONS - Integer locate(STRING pattern, STRING string[, INTEGER start])
2026-01-14 13:25:27.841 [main] DEBUG org.hibernate.HQL_FUNCTIONS - Double log(NUMERIC arg0[, NUMERIC arg1])
2026-01-14 13:25:27.841 [main] DEBUG org.hibernate.HQL_FUNCTIONS - Double log10(NUMERIC arg)
2026-01-14 13:25:27.841 [main] DEBUG org.hibernate.HQL_FUNCTIONS - Double log2(NUMERIC arg)
2026-01-14 13:25:27.841 [main] DEBUG org.hibernate.HQL_FUNCTIONS - String lower(STRING string)
2026-01-14 13:25:27.841 [main] DEBUG org.hibernate.HQL_FUNCTIONS - String lpad(string, length[, padding])
2026-01-14 13:25:27.841 [main] DEBUG org.hibernate.HQL_FUNCTIONS - String ltrim(STRING string[, STRING characters])
2026-01-14 13:25:27.841 [main] DEBUG org.hibernate.HQL_FUNCTIONS - Date makedate(INTEGER year, INTEGER dayofyear)
2026-01-14 13:25:27.841 [main] DEBUG org.hibernate.HQL_FUNCTIONS - Time maketime(INTEGER hour, INTEGER min, INTEGER sec)
2026-01-14 13:25:27.841 [main] DEBUG org.hibernate.HQL_FUNCTIONS - max(COMPARABLE arg)
2026-01-14 13:25:27.841 [main] DEBUG org.hibernate.HQL_FUNCTIONS - String md5(arg)
2026-01-14 13:25:27.841 [main] DEBUG org.hibernate.HQL_FUNCTIONS - Integer microsecond(TIME arg)
2026-01-14 13:25:27.841 [main] DEBUG org.hibernate.HQL_FUNCTIONS - min(COMPARABLE arg)
2026-01-14 13:25:27.841 [main] DEBUG org.hibernate.HQL_FUNCTIONS - Integer minute(TIME arg)
2026-01-14 13:25:27.841 [main] DEBUG org.hibernate.HQL_FUNCTIONS - Integer mod(INTEGER arg0, INTEGER arg1)
2026-01-14 13:25:27.841 [main] DEBUG org.hibernate.HQL_FUNCTIONS - Integer month(DATE arg)
2026-01-14 13:25:27.841 [main] DEBUG org.hibernate.HQL_FUNCTIONS - String monthname(DATE arg)
2026-01-14 13:25:27.841 [main] DEBUG org.hibernate.HQL_FUNCTIONS - Timestamp now()
2026-01-14 13:25:27.841 [main] DEBUG org.hibernate.HQL_FUNCTIONS - nth_valueANY value, INTEGER nth
2026-01-14 13:25:27.841 [main] DEBUG org.hibernate.HQL_FUNCTIONS - nullif(arg0, arg1)
2026-01-14 13:25:27.841 [main] DEBUG org.hibernate.HQL_FUNCTIONS - Integer octet_length(STRING_OR_CLOB arg)
2026-01-14 13:25:27.841 [main] DEBUG org.hibernate.HQL_FUNCTIONS - OffsetDateTime offset datetime
2026-01-14 13:25:27.841 [main] DEBUG org.hibernate.HQL_FUNCTIONS - OffsetDateTime offset_datetime
2026-01-14 13:25:27.841 [main] DEBUG org.hibernate.HQL_FUNCTIONS - String overlay(STRING string placing STRING replacement from INTEGER start[ for INTEGER length])
2026-01-14 13:25:27.841 [main] DEBUG org.hibernate.HQL_FUNCTIONS - String pad(STRING string with INTEGER length {leading|trailing}[ STRING character])
2026-01-14 13:25:27.841 [main] DEBUG org.hibernate.HQL_FUNCTIONS - Double percent_rank([arg0[, ...]])
2026-01-14 13:25:27.841 [main] DEBUG org.hibernate.HQL_FUNCTIONS - Double pi
2026-01-14 13:25:27.841 [main] DEBUG org.hibernate.HQL_FUNCTIONS - Integer position(STRING pattern in STRING string)
2026-01-14 13:25:27.841 [main] DEBUG org.hibernate.HQL_FUNCTIONS - Double power(NUMERIC arg0, NUMERIC arg1)
2026-01-14 13:25:27.841 [main] DEBUG org.hibernate.HQL_FUNCTIONS - Integer quarter(DATE arg)
2026-01-14 13:25:27.841 [main] DEBUG org.hibernate.HQL_FUNCTIONS - Double radians(NUMERIC arg)
2026-01-14 13:25:27.841 [main] DEBUG org.hibernate.HQL_FUNCTIONS - Double rand([INTEGER seed])
2026-01-14 13:25:27.841 [main] DEBUG org.hibernate.HQL_FUNCTIONS - Long rank([arg0[, ...]])
2026-01-14 13:25:27.842 [main] DEBUG org.hibernate.HQL_FUNCTIONS - String repeat(STRING string, INTEGER times)
2026-01-14 13:25:27.842 [main] DEBUG org.hibernate.HQL_FUNCTIONS - String replace(STRING string, STRING pattern, STRING replacement)
2026-01-14 13:25:27.842 [main] DEBUG org.hibernate.HQL_FUNCTIONS - String reverse(STRING arg)
2026-01-14 13:25:27.842 [main] DEBUG org.hibernate.HQL_FUNCTIONS - String right(STRING string, INTEGER length)
2026-01-14 13:25:27.842 [main] DEBUG org.hibernate.HQL_FUNCTIONS - round(NUMERIC number[, INTEGER places])
2026-01-14 13:25:27.842 [main] DEBUG org.hibernate.HQL_FUNCTIONS - Long row_number()
2026-01-14 13:25:27.842 [main] DEBUG org.hibernate.HQL_FUNCTIONS - String rpad(string, length[, padding])
2026-01-14 13:25:27.842 [main] DEBUG org.hibernate.HQL_FUNCTIONS - String rtrim(STRING string[, STRING characters])
2026-01-14 13:25:27.842 [main] DEBUG org.hibernate.HQL_FUNCTIONS - Integer second(TIME arg)
2026-01-14 13:25:27.842 [main] DEBUG org.hibernate.HQL_FUNCTIONS - String sha(arg)
2026-01-14 13:25:27.842 [main] DEBUG org.hibernate.HQL_FUNCTIONS - String sha1(arg)
2026-01-14 13:25:27.842 [main] DEBUG org.hibernate.HQL_FUNCTIONS - String sha2(arg0, arg1)
2026-01-14 13:25:27.842 [main] DEBUG org.hibernate.HQL_FUNCTIONS - Integer sign(NUMERIC arg)
2026-01-14 13:25:27.842 [main] DEBUG org.hibernate.HQL_FUNCTIONS - Double sin(NUMERIC arg)
2026-01-14 13:25:27.842 [main] DEBUG org.hibernate.HQL_FUNCTIONS - Double sinh(NUMERIC arg)
2026-01-14 13:25:27.842 [main] DEBUG org.hibernate.HQL_FUNCTIONS - String soundex(arg)
2026-01-14 13:25:27.842 [main] DEBUG org.hibernate.HQL_FUNCTIONS - String space(INTEGER arg)
2026-01-14 13:25:27.842 [main] DEBUG org.hibernate.HQL_FUNCTIONS - Object sql
2026-01-14 13:25:27.842 [main] DEBUG org.hibernate.HQL_FUNCTIONS - Double sqrt(NUMERIC arg)
2026-01-14 13:25:27.842 [main] DEBUG org.hibernate.HQL_FUNCTIONS - Double stddev(NUMERIC arg)
2026-01-14 13:25:27.842 [main] DEBUG org.hibernate.HQL_FUNCTIONS - Double stddev_pop(NUMERIC arg)
2026-01-14 13:25:27.842 [main] DEBUG org.hibernate.HQL_FUNCTIONS - Double stddev_samp(NUMERIC arg)
2026-01-14 13:25:27.842 [main] DEBUG org.hibernate.HQL_FUNCTIONS - String str(arg)
2026-01-14 13:25:27.842 [main] DEBUG org.hibernate.HQL_FUNCTIONS - subdate(DATE datetime, INTEGER days)
2026-01-14 13:25:27.842 [main] DEBUG org.hibernate.HQL_FUNCTIONS - String substr(STRING string, INTEGER start[, INTEGER length])
2026-01-14 13:25:27.842 [main] DEBUG org.hibernate.HQL_FUNCTIONS - String substring(STRING string{ from|,} INTEGER start[{ for|,} INTEGER length])
2026-01-14 13:25:27.842 [main] DEBUG org.hibernate.HQL_FUNCTIONS - subtime(TIME datetime, TIME time)
2026-01-14 13:25:27.842 [main] DEBUG org.hibernate.HQL_FUNCTIONS - sum(arg)
2026-01-14 13:25:27.842 [main] DEBUG org.hibernate.HQL_FUNCTIONS - Timestamp sysdate()
2026-01-14 13:25:27.842 [main] DEBUG org.hibernate.HQL_FUNCTIONS - Double tan(NUMERIC arg)
2026-01-14 13:25:27.842 [main] DEBUG org.hibernate.HQL_FUNCTIONS - Double tanh(NUMERIC arg)
2026-01-14 13:25:27.842 [main] DEBUG org.hibernate.HQL_FUNCTIONS - String time(arg)
2026-01-14 13:25:27.842 [main] DEBUG org.hibernate.HQL_FUNCTIONS - Timestamp timestamp(arg0[, arg1])
2026-01-14 13:25:27.842 [main] DEBUG org.hibernate.HQL_FUNCTIONS - timestampadd(TEMPORAL_UNIT field, INTEGER magnitude, TEMPORAL datetime)
2026-01-14 13:25:27.842 [main] DEBUG org.hibernate.HQL_FUNCTIONS - basicType@9(java.lang.Long,-5)|basicType@17(java.lang.Double,8) timestampdiff(TEMPORAL_UNIT field, TEMPORAL start, TEMPORAL end)
2026-01-14 13:25:27.842 [main] DEBUG org.hibernate.HQL_FUNCTIONS - String trim([[{leading|trailing|both} ][STRING arg0 ]from] STRING arg1)
2026-01-14 13:25:27.842 [main] DEBUG org.hibernate.HQL_FUNCTIONS - trunc( ... )
2026-01-14 13:25:27.843 [main] DEBUG org.hibernate.HQL_FUNCTIONS - truncate( ... )
2026-01-14 13:25:27.843 [main] DEBUG org.hibernate.HQL_FUNCTIONS - String upper(STRING string)
2026-01-14 13:25:27.843 [main] DEBUG org.hibernate.HQL_FUNCTIONS - Date utc_date
2026-01-14 13:25:27.843 [main] DEBUG org.hibernate.HQL_FUNCTIONS - Time utc_time
2026-01-14 13:25:27.843 [main] DEBUG org.hibernate.HQL_FUNCTIONS - Timestamp utc_timestamp
2026-01-14 13:25:27.843 [main] DEBUG org.hibernate.HQL_FUNCTIONS - Double var_pop(NUMERIC arg)
2026-01-14 13:25:27.843 [main] DEBUG org.hibernate.HQL_FUNCTIONS - Double var_samp(NUMERIC arg)
2026-01-14 13:25:27.843 [main] DEBUG org.hibernate.HQL_FUNCTIONS - Double variance(NUMERIC arg)
2026-01-14 13:25:27.843 [main] DEBUG org.hibernate.HQL_FUNCTIONS - Integer week(DATE arg)
2026-01-14 13:25:27.843 [main] DEBUG org.hibernate.HQL_FUNCTIONS - Integer year(DATE arg)
2026-01-14 13:25:27.846 [main] DEBUG org.hibernate.orm.query.plan.cache - Starting QueryInterpretationCache(2048)
2026-01-14 13:25:27.898 [main] DEBUG org.hibernate.service.internal.SessionFactoryServiceRegistryImpl - EventListenerRegistry access via ServiceRegistry is deprecated.  Use `sessionFactory.getEventEngine().getListenerRegistry()` instead
2026-01-14 13:25:27.899 [main] DEBUG org.hibernate.event.internal.EntityCopyObserverFactoryInitiator - Configured EntityCopyObserver strategy: disallow
2026-01-14 13:25:27.954 [main] DEBUG org.hibernate.boot.internal.ClassLoaderAccessImpl - Not known whether passed class name [modelo.Persona] is safe
2026-01-14 13:25:27.954 [main] DEBUG org.hibernate.boot.internal.ClassLoaderAccessImpl - No temp ClassLoader provided; using live ClassLoader for loading potentially unsafe class : modelo.Persona
2026-01-14 13:25:28.094 [main] DEBUG org.hibernate.bytecode.internal.bytebuddy.BytecodeProviderImpl - HHH000513: Unable to create the ReflectionOptimizer for [modelo.Persona]: private accessor [edad]
2026-01-14 13:25:28.116 [main] DEBUG org.hibernate.boot.internal.ClassLoaderAccessImpl - Not known whether passed class name [modelo.Reunion] is safe
2026-01-14 13:25:28.116 [main] DEBUG org.hibernate.boot.internal.ClassLoaderAccessImpl - No temp ClassLoader provided; using live ClassLoader for loading potentially unsafe class : modelo.Reunion
2026-01-14 13:25:28.134 [main] DEBUG org.hibernate.bytecode.internal.bytebuddy.BytecodeProviderImpl - HHH000513: Unable to create the ReflectionOptimizer for [modelo.Reunion]: private accessor [asunto]
2026-01-14 13:25:28.158 [main] DEBUG org.hibernate.orm.model.mapping.creation - Starting post-init callbacks
2026-01-14 13:25:28.158 [main] DEBUG org.hibernate.orm.model.mapping.creation - Starting PostInitCallbackEntry : Entity(modelo.Persona) `staticFetchableList` generator
2026-01-14 13:25:28.158 [main] DEBUG org.hibernate.orm.model.mapping.creation - Starting PostInitCallbackEntry : Entity(modelo.Persona) `sqmMultiTableInsertStrategy` interpretation
2026-01-14 13:25:28.163 [main] DEBUG org.hibernate.orm.model.mapping.creation - Starting PostInitCallbackEntry : Entity(modelo.Reunion) `staticFetchableList` generator
2026-01-14 13:25:28.163 [main] DEBUG org.hibernate.orm.model.mapping.creation - Starting PostInitCallbackEntry : Entity(modelo.Reunion) `sqmMultiTableInsertStrategy` interpretation
2026-01-14 13:25:28.214 [main] DEBUG org.hibernate.orm.sql.ast.create - Created new SQL alias : p1_0
2026-01-14 13:25:28.215 [main] DEBUG org.hibernate.orm.sql.ast.create - Registration of TableGroup [StandardTableGroup(modelo.Persona)] with identifierForTableGroup [modelo.Persona] for NavigablePath [modelo.Persona] 
2026-01-14 13:25:28.226 [main] DEBUG org.hibernate.orm.results.graph.AST - DomainResult Graph:
 \-EntityResultImpl [modelo.Persona]
 |  +-BasicFetch [modelo.Persona.edad]
 |  +-BasicFetch [modelo.Persona.email]
 |  +-BasicFetch [modelo.Persona.fechaNacimiento]
 |  +-BasicFetch [modelo.Persona.nombreApellido]
 |  \-BasicFetch [modelo.Persona.telefono]

2026-01-14 13:25:28.227 [main] DEBUG org.hibernate.orm.sql.ast.tree - SQL AST Tree:
    SelectStatement {
      FromClause {
        StandardTableGroup (p1 : modelo.Persona) {
          primaryTableReference : persona as p1_0
        }
      }
    }

2026-01-14 13:25:28.235 [main] DEBUG org.hibernate.persister.entity.AbstractEntityPersister - Static SQL for entity: modelo.Persona
2026-01-14 13:25:28.235 [main] DEBUG org.hibernate.persister.entity.AbstractEntityPersister -  Version select: select dni from persona where dni=?
2026-01-14 13:25:28.235 [main] DEBUG org.hibernate.persister.entity.AbstractEntityPersister -  Insert (0): insert into persona (edad,email,fechaNacimiento,nombreApellido,telefono,dni) values (?,?,?,?,?,?)
2026-01-14 13:25:28.235 [main] DEBUG org.hibernate.persister.entity.AbstractEntityPersister -  Update (0): update persona set edad=?,email=?,fechaNacimiento=?,nombreApellido=?,telefono=? where dni=?
2026-01-14 13:25:28.235 [main] DEBUG org.hibernate.persister.entity.AbstractEntityPersister -  Delete (0): delete from persona where dni=?
2026-01-14 13:25:28.235 [main] DEBUG org.hibernate.orm.sql.ast.create - Created new SQL alias : r1_0
2026-01-14 13:25:28.235 [main] DEBUG org.hibernate.orm.sql.ast.create - Registration of TableGroup [StandardTableGroup(modelo.Reunion)] with identifierForTableGroup [modelo.Reunion] for NavigablePath [modelo.Reunion] 
2026-01-14 13:25:28.235 [main] DEBUG org.hibernate.orm.results.graph.AST - DomainResult Graph:
 \-EntityResultImpl [modelo.Reunion]
 |  +-BasicFetch [modelo.Reunion.asunto]
 |  \-BasicFetch [modelo.Reunion.fecha]

2026-01-14 13:25:28.235 [main] DEBUG org.hibernate.orm.sql.ast.tree - SQL AST Tree:
    SelectStatement {
      FromClause {
        StandardTableGroup (r1 : modelo.Reunion) {
          primaryTableReference : reunion as r1_0
        }
      }
    }

2026-01-14 13:25:28.235 [main] DEBUG org.hibernate.persister.entity.AbstractEntityPersister - Static SQL for entity: modelo.Reunion
2026-01-14 13:25:28.235 [main] DEBUG org.hibernate.persister.entity.AbstractEntityPersister -  Version select: select idReunion from reunion where idReunion=?
2026-01-14 13:25:28.235 [main] DEBUG org.hibernate.persister.entity.AbstractEntityPersister -  Insert (0): insert into reunion (asunto,fecha,idReunion) values (?,?,?)
2026-01-14 13:25:28.235 [main] DEBUG org.hibernate.persister.entity.AbstractEntityPersister -  Update (0): update reunion set asunto=?,fecha=? where idReunion=?
2026-01-14 13:25:28.235 [main] DEBUG org.hibernate.persister.entity.AbstractEntityPersister -  Delete (0): delete from reunion where idReunion=?
2026-01-14 13:25:28.254 [main] DEBUG org.hibernate.engine.transaction.jta.platform.internal.JtaPlatformInitiator - No JtaPlatform was specified, checking resolver
2026-01-14 13:25:28.255 [main] DEBUG org.hibernate.engine.transaction.jta.platform.internal.JtaPlatformResolverInitiator - No JtaPlatformResolver was specified, using default [org.hibernate.engine.transaction.jta.platform.internal.StandardJtaPlatformResolver]
2026-01-14 13:25:28.259 [main] DEBUG org.hibernate.engine.transaction.jta.platform.internal.StandardJtaPlatformResolver - Could not resolve JtaPlatform, using default [org.hibernate.engine.transaction.jta.platform.internal.NoJtaPlatform]
2026-01-14 13:25:28.259 [main] INFO  org.hibernate.engine.transaction.jta.platform.internal.JtaPlatformInitiator - HHH000489: No JTA platform available (set 'hibernate.transaction.jta.platform' to enable JTA platform integration)
2026-01-14 13:25:28.260 [main] DEBUG org.hibernate.type.spi.TypeConfiguration$Scope - Scoping TypeConfiguration [org.hibernate.type.spi.TypeConfiguration@5e519ad3] to SessionFactoryImplementor [org.hibernate.internal.SessionFactoryImpl@149d7cc6]
2026-01-14 13:25:28.260 [main] DEBUG org.hibernate.query.named.NamedObjectRepository - Checking 0 named HQL queries
2026-01-14 13:25:28.260 [main] DEBUG org.hibernate.query.named.NamedObjectRepository - Checking 0 named SQL queries
2026-01-14 13:25:28.282 [main] INFO  org.hibernate.orm.connections.access - HHH10001501: Connection obtained from JdbcConnectionAccess [org.hibernate.engine.jdbc.env.internal.JdbcEnvironmentInitiator$ConnectionProviderJdbcConnectionAccess@30c01c37] for (non-JTA) DDL execution was not in auto-commit mode; the Connection 'local transaction' will be committed and the Connection will be set into auto-commit mode.
2026-01-14 13:25:28.306 [main] DEBUG org.hibernate.SQL - 
    create table persona (
        dni integer not null,
        edad integer not null,
        email varchar(255),
        fechaNacimiento date,
        nombreApellido varchar(255),
        telefono varchar(255),
        primary key (dni)
    ) engine=InnoDB
2026-01-14 13:25:28.352 [main] DEBUG org.hibernate.SQL - 
    create table persona_SEQ (
        next_val bigint
    ) engine=InnoDB
2026-01-14 13:25:28.377 [main] DEBUG org.hibernate.SQL - 
    insert into persona_SEQ values ( 1 )
2026-01-14 13:25:28.383 [main] DEBUG org.hibernate.mapping.Table - No alter strings for table : reunion
2026-01-14 13:25:28.383 [main] DEBUG org.hibernate.mapping.Table - No alter strings for table : reunion_SEQ
2026-01-14 13:25:28.389 [main] DEBUG org.hibernate.internal.SessionFactoryRegistry - Initializing SessionFactoryRegistry : org.hibernate.internal.SessionFactoryRegistry@79604abe
2026-01-14 13:25:28.389 [main] DEBUG org.hibernate.internal.SessionFactoryRegistry - Registering SessionFactory: 4e7d9070-9b01-4b32-bf55-697fce188078 (<unnamed>)
2026-01-14 13:25:28.389 [main] DEBUG org.hibernate.internal.SessionFactoryRegistry - Not binding SessionFactory to JNDI, no JNDI name configured
2026-01-14 13:25:28.389 [main] DEBUG org.hibernate.internal.SessionFactoryImpl - Instantiated SessionFactory
2026-01-14 13:25:28.415 [main] DEBUG org.hibernate.stat.internal.StatisticsInitiator - Statistics initialized [enabled=false]
2026-01-14 13:25:28.421 [main] DEBUG org.hibernate.engine.transaction.internal.TransactionImpl - On TransactionImpl creation, JpaCompliance#isJpaTransactionComplianceEnabled == false
2026-01-14 13:25:28.421 [main] DEBUG org.hibernate.engine.transaction.internal.TransactionImpl - begin
2026-01-14 13:25:28.435 [main] DEBUG org.hibernate.SQL - 
    select
        next_val as id_val 
    from
        persona_SEQ for update
2026-01-14 13:25:28.437 [main] DEBUG org.hibernate.SQL - 
    update
        persona_SEQ 
    set
        next_val= ? 
    where
        next_val=?
2026-01-14 13:25:28.444 [main] DEBUG org.hibernate.event.internal.AbstractSaveEventListener - Generated identifier: 1, using strategy: org.hibernate.id.enhanced.SequenceStyleGenerator
2026-01-14 13:25:28.452 [main] DEBUG org.hibernate.engine.transaction.internal.TransactionImpl - committing
2026-01-14 13:25:28.453 [main] DEBUG org.hibernate.event.internal.AbstractFlushingEventListener - Processing flush-time cascades
2026-01-14 13:25:28.453 [main] DEBUG org.hibernate.event.internal.AbstractFlushingEventListener - Dirty checking collections
2026-01-14 13:25:28.455 [main] DEBUG org.hibernate.event.internal.AbstractFlushingEventListener - Flushed: 1 insertions, 0 updates, 0 deletions to 1 objects
2026-01-14 13:25:28.455 [main] DEBUG org.hibernate.event.internal.AbstractFlushingEventListener - Flushed: 0 (re)creations, 0 updates, 0 removals to 0 collections
2026-01-14 13:25:28.456 [main] DEBUG org.hibernate.internal.util.EntityPrinter - Listing entities:
2026-01-14 13:25:28.456 [main] DEBUG org.hibernate.internal.util.EntityPrinter - modelo.Persona{nombreApellido=Manuel Parrado, fechaNacimiento=2006-11-04, telefono=123456789, edad=19, dni=1, email=mpartortilla@gmail.com}
2026-01-14 13:25:28.461 [main] DEBUG org.hibernate.SQL - 
    insert 
    into
        persona
        (edad, email, fechaNacimiento, nombreApellido, telefono, dni) 
    values
        (?, ?, ?, ?, ?, ?)
2026-01-14 13:25:28.475 [main] DEBUG org.hibernate.resource.jdbc.internal.LogicalConnectionManagedImpl - Initiating JDBC connection release from afterTransaction
2026-01-14 13:25:28.477 [main] DEBUG org.hibernate.resource.jdbc.internal.LogicalConnectionManagedImpl - Initiating JDBC connection release from afterTransaction
2026-01-14 13:27:48.126 [main] DEBUG org.jboss.logging - Logging Provider: org.jboss.logging.Log4j2LoggerProvider
2026-01-14 13:27:48.139 [main] DEBUG org.hibernate.integrator.internal.IntegratorServiceImpl - Adding Integrator [org.hibernate.boot.beanvalidation.BeanValidationIntegrator].
2026-01-14 13:27:48.142 [main] DEBUG org.hibernate.integrator.internal.IntegratorServiceImpl - Adding Integrator [org.hibernate.cache.internal.CollectionCacheInvalidator].
2026-01-14 13:27:48.171 [main] INFO  org.hibernate.Version - HHH000412: Hibernate ORM core version 6.4.4.Final
2026-01-14 13:27:48.173 [main] DEBUG org.hibernate.cfg.Environment - HHH000206: 'hibernate.properties' not found
2026-01-14 13:27:48.203 [main] DEBUG org.hibernate.boot.jaxb.internal.stax.LocalXmlResourceResolver - Checking public/system identifiers `-//Hibernate/Hibernate Configuration DTD 3.0//EN`/`https://hibernate.org/dtd/hibernate-configuration-3.0.dtd` as DTD references
2026-01-14 13:27:48.208 [main] DEBUG org.hibernate.boot.cfgxml.internal.JaxbCfgProcessor - cfg.xml document did not define namespaces; wrapping in custom event reader to introduce namespace information
2026-01-14 13:27:48.376 [main] DEBUG org.hibernate.orm.idgen.factory - Ignoring CDI for resolving IdentifierGenerator instances as extended or delayed CDI support was enabled
2026-01-14 13:27:48.380 [main] DEBUG org.hibernate.orm.idgen.factory - Registering IdentifierGenerator strategy [uuid2] -> [org.hibernate.id.UUIDGenerator]
2026-01-14 13:27:48.380 [main] DEBUG org.hibernate.orm.idgen.factory - Registering IdentifierGenerator strategy [guid] -> [org.hibernate.id.GUIDGenerator]
2026-01-14 13:27:48.380 [main] DEBUG org.hibernate.orm.idgen.factory - Registering IdentifierGenerator strategy [uuid] -> [org.hibernate.id.UUIDHexGenerator]
2026-01-14 13:27:48.381 [main] DEBUG org.hibernate.orm.idgen.factory - Registering IdentifierGenerator strategy [uuid.hex] -> [org.hibernate.id.UUIDHexGenerator]
2026-01-14 13:27:48.381 [main] DEBUG org.hibernate.orm.idgen.factory - Registering IdentifierGenerator strategy [assigned] -> [org.hibernate.id.Assigned]
2026-01-14 13:27:48.382 [main] DEBUG org.hibernate.orm.idgen.factory - Registering IdentifierGenerator strategy [identity] -> [org.hibernate.id.IdentityGenerator]
2026-01-14 13:27:48.382 [main] DEBUG org.hibernate.orm.idgen.factory - Registering IdentifierGenerator strategy [select] -> [org.hibernate.id.SelectGenerator]
2026-01-14 13:27:48.383 [main] DEBUG org.hibernate.orm.idgen.factory - Registering IdentifierGenerator strategy [sequence] -> [org.hibernate.id.enhanced.SequenceStyleGenerator]
2026-01-14 13:27:48.383 [main] DEBUG org.hibernate.orm.idgen.factory - Registering IdentifierGenerator strategy [increment] -> [org.hibernate.id.IncrementGenerator]
2026-01-14 13:27:48.384 [main] DEBUG org.hibernate.orm.idgen.factory - Registering IdentifierGenerator strategy [foreign] -> [org.hibernate.id.ForeignGenerator]
2026-01-14 13:27:48.384 [main] DEBUG org.hibernate.orm.idgen.factory - Registering IdentifierGenerator strategy [enhanced-sequence] -> [org.hibernate.id.enhanced.SequenceStyleGenerator]
2026-01-14 13:27:48.384 [main] DEBUG org.hibernate.orm.idgen.factory - Registering IdentifierGenerator strategy [enhanced-table] -> [org.hibernate.id.enhanced.TableGenerator]
2026-01-14 13:27:48.390 [main] DEBUG org.hibernate.cache.internal.RegionFactoryInitiator - Cannot default RegionFactory based on registered strategies as `[]` RegionFactory strategies were registered
2026-01-14 13:27:48.390 [main] INFO  org.hibernate.cache.internal.RegionFactoryInitiator - HHH000026: Second-level cache disabled
2026-01-14 13:27:48.453 [main] DEBUG org.hibernate.type.BasicTypeRegistry - Adding type registration boolean -> org.hibernate.type.BasicTypeReference@3ed0918d
2026-01-14 13:27:48.453 [main] DEBUG org.hibernate.type.BasicTypeRegistry - Adding type registration boolean -> org.hibernate.type.BasicTypeReference@3ed0918d
2026-01-14 13:27:48.454 [main] DEBUG org.hibernate.type.BasicTypeRegistry - Adding type registration java.lang.Boolean -> org.hibernate.type.BasicTypeReference@3ed0918d
2026-01-14 13:27:48.454 [main] DEBUG org.hibernate.type.BasicTypeRegistry - Adding type registration numeric_boolean -> org.hibernate.type.BasicTypeReference@5e268ce6
2026-01-14 13:27:48.454 [main] DEBUG org.hibernate.type.BasicTypeRegistry - Adding type registration org.hibernate.type.NumericBooleanConverter -> org.hibernate.type.BasicTypeReference@5e268ce6
2026-01-14 13:27:48.454 [main] DEBUG org.hibernate.type.BasicTypeRegistry - Adding type registration true_false -> org.hibernate.type.BasicTypeReference@66ec9390
2026-01-14 13:27:48.454 [main] DEBUG org.hibernate.type.BasicTypeRegistry - Adding type registration org.hibernate.type.TrueFalseConverter -> org.hibernate.type.BasicTypeReference@66ec9390
2026-01-14 13:27:48.455 [main] DEBUG org.hibernate.type.BasicTypeRegistry - Adding type registration yes_no -> org.hibernate.type.BasicTypeReference@6e91893
2026-01-14 13:27:48.455 [main] DEBUG org.hibernate.type.BasicTypeRegistry - Adding type registration org.hibernate.type.YesNoConverter -> org.hibernate.type.BasicTypeReference@6e91893
2026-01-14 13:27:48.455 [main] DEBUG org.hibernate.type.BasicTypeRegistry - Adding type registration byte -> org.hibernate.type.BasicTypeReference@3c0fbd3a
2026-01-14 13:27:48.455 [main] DEBUG org.hibernate.type.BasicTypeRegistry - Adding type registration byte -> org.hibernate.type.BasicTypeReference@3c0fbd3a
2026-01-14 13:27:48.455 [main] DEBUG org.hibernate.type.BasicTypeRegistry - Adding type registration java.lang.Byte -> org.hibernate.type.BasicTypeReference@3c0fbd3a
2026-01-14 13:27:48.455 [main] DEBUG org.hibernate.type.BasicTypeRegistry - Adding type registration binary -> org.hibernate.type.BasicTypeReference@562457e1
2026-01-14 13:27:48.455 [main] DEBUG org.hibernate.type.BasicTypeRegistry - Adding type registration byte[] -> org.hibernate.type.BasicTypeReference@562457e1
2026-01-14 13:27:48.455 [main] DEBUG org.hibernate.type.BasicTypeRegistry - Adding type registration [B -> org.hibernate.type.BasicTypeReference@562457e1
2026-01-14 13:27:48.456 [main] DEBUG org.hibernate.type.BasicTypeRegistry - Adding type registration binary_wrapper -> org.hibernate.type.BasicTypeReference@54562ea6
2026-01-14 13:27:48.456 [main] DEBUG org.hibernate.type.BasicTypeRegistry - Adding type registration wrapper-binary -> org.hibernate.type.BasicTypeReference@54562ea6
2026-01-14 13:27:48.456 [main] DEBUG org.hibernate.type.BasicTypeRegistry - Adding type registration image -> org.hibernate.type.BasicTypeReference@1a35993f
2026-01-14 13:27:48.456 [main] DEBUG org.hibernate.type.BasicTypeRegistry - Adding type registration blob -> org.hibernate.type.BasicTypeReference@5b12012e
2026-01-14 13:27:48.456 [main] DEBUG org.hibernate.type.BasicTypeRegistry - Adding type registration java.sql.Blob -> org.hibernate.type.BasicTypeReference@5b12012e
2026-01-14 13:27:48.456 [main] DEBUG org.hibernate.type.BasicTypeRegistry - Adding type registration materialized_blob -> org.hibernate.type.BasicTypeReference@2f7dcef2
2026-01-14 13:27:48.456 [main] DEBUG org.hibernate.type.BasicTypeRegistry - Adding type registration materialized_blob_wrapper -> org.hibernate.type.BasicTypeReference@4a3be6a5
2026-01-14 13:27:48.456 [main] DEBUG org.hibernate.type.BasicTypeRegistry - Adding type registration short -> org.hibernate.type.BasicTypeReference@7cf162bc
2026-01-14 13:27:48.456 [main] DEBUG org.hibernate.type.BasicTypeRegistry - Adding type registration short -> org.hibernate.type.BasicTypeReference@7cf162bc
2026-01-14 13:27:48.456 [main] DEBUG org.hibernate.type.BasicTypeRegistry - Adding type registration java.lang.Short -> org.hibernate.type.BasicTypeReference@7cf162bc
2026-01-14 13:27:48.456 [main] DEBUG org.hibernate.type.BasicTypeRegistry - Adding type registration integer -> org.hibernate.type.BasicTypeReference@3721177d
2026-01-14 13:27:48.456 [main] DEBUG org.hibernate.type.BasicTypeRegistry - Adding type registration int -> org.hibernate.type.BasicTypeReference@3721177d
2026-01-14 13:27:48.456 [main] DEBUG org.hibernate.type.BasicTypeRegistry - Adding type registration java.lang.Integer -> org.hibernate.type.BasicTypeReference@3721177d
2026-01-14 13:27:48.457 [main] DEBUG org.hibernate.type.BasicTypeRegistry - Adding type registration long -> org.hibernate.type.BasicTypeReference@766a4535
2026-01-14 13:27:48.457 [main] DEBUG org.hibernate.type.BasicTypeRegistry - Adding type registration long -> org.hibernate.type.BasicTypeReference@766a4535
2026-01-14 13:27:48.457 [main] DEBUG org.hibernate.type.BasicTypeRegistry - Adding type registration java.lang.Long -> org.hibernate.type.BasicTypeReference@766a4535
2026-01-14 13:27:48.457 [main] DEBUG org.hibernate.type.BasicTypeRegistry - Adding type registration float -> org.hibernate.type.BasicTypeReference@63718b93
2026-01-14 13:27:48.457 [main] DEBUG org.hibernate.type.BasicTypeRegistry - Adding type registration float -> org.hibernate.type.BasicTypeReference@63718b93
2026-01-14 13:27:48.457 [main] DEBUG org.hibernate.type.BasicTypeRegistry - Adding type registration java.lang.Float -> org.hibernate.type.BasicTypeReference@63718b93
2026-01-14 13:27:48.457 [main] DEBUG org.hibernate.type.BasicTypeRegistry - Adding type registration double -> org.hibernate.type.BasicTypeReference@14e2e1c3
2026-01-14 13:27:48.457 [main] DEBUG org.hibernate.type.BasicTypeRegistry - Adding type registration double -> org.hibernate.type.BasicTypeReference@14e2e1c3
2026-01-14 13:27:48.458 [main] DEBUG org.hibernate.type.BasicTypeRegistry - Adding type registration java.lang.Double -> org.hibernate.type.BasicTypeReference@14e2e1c3
2026-01-14 13:27:48.458 [main] DEBUG org.hibernate.type.BasicTypeRegistry - Adding type registration big_integer -> org.hibernate.type.BasicTypeReference@2b4786dd
2026-01-14 13:27:48.458 [main] DEBUG org.hibernate.type.BasicTypeRegistry - Adding type registration java.math.BigInteger -> org.hibernate.type.BasicTypeReference@2b4786dd
2026-01-14 13:27:48.458 [main] DEBUG org.hibernate.type.BasicTypeRegistry - Adding type registration big_decimal -> org.hibernate.type.BasicTypeReference@f202d6d
2026-01-14 13:27:48.458 [main] DEBUG org.hibernate.type.BasicTypeRegistry - Adding type registration java.math.BigDecimal -> org.hibernate.type.BasicTypeReference@f202d6d
2026-01-14 13:27:48.458 [main] DEBUG org.hibernate.type.BasicTypeRegistry - Adding type registration character -> org.hibernate.type.BasicTypeReference@60e21209
2026-01-14 13:27:48.458 [main] DEBUG org.hibernate.type.BasicTypeRegistry - Adding type registration char -> org.hibernate.type.BasicTypeReference@60e21209
2026-01-14 13:27:48.458 [main] DEBUG org.hibernate.type.BasicTypeRegistry - Adding type registration java.lang.Character -> org.hibernate.type.BasicTypeReference@60e21209
2026-01-14 13:27:48.458 [main] DEBUG org.hibernate.type.BasicTypeRegistry - Adding type registration character_nchar -> org.hibernate.type.BasicTypeReference@630d1b2f
2026-01-14 13:27:48.458 [main] DEBUG org.hibernate.type.BasicTypeRegistry - Adding type registration string -> org.hibernate.type.BasicTypeReference@746b18fd
2026-01-14 13:27:48.458 [main] DEBUG org.hibernate.type.BasicTypeRegistry - Adding type registration java.lang.String -> org.hibernate.type.BasicTypeReference@746b18fd
2026-01-14 13:27:48.458 [main] DEBUG org.hibernate.type.BasicTypeRegistry - Adding type registration nstring -> org.hibernate.type.BasicTypeReference@7a2e0858
2026-01-14 13:27:48.458 [main] DEBUG org.hibernate.type.BasicTypeRegistry - Adding type registration characters -> org.hibernate.type.BasicTypeReference@aac3f4e
2026-01-14 13:27:48.458 [main] DEBUG org.hibernate.type.BasicTypeRegistry - Adding type registration char[] -> org.hibernate.type.BasicTypeReference@aac3f4e
2026-01-14 13:27:48.460 [main] DEBUG org.hibernate.type.BasicTypeRegistry - Adding type registration [C -> org.hibernate.type.BasicTypeReference@aac3f4e
2026-01-14 13:27:48.460 [main] DEBUG org.hibernate.type.BasicTypeRegistry - Adding type registration wrapper-characters -> org.hibernate.type.BasicTypeReference@1f38957
2026-01-14 13:27:48.460 [main] DEBUG org.hibernate.type.BasicTypeRegistry - Adding type registration text -> org.hibernate.type.BasicTypeReference@2df3c564
2026-01-14 13:27:48.460 [main] DEBUG org.hibernate.type.BasicTypeRegistry - Adding type registration ntext -> org.hibernate.type.BasicTypeReference@2715644a
2026-01-14 13:27:48.460 [main] DEBUG org.hibernate.type.BasicTypeRegistry - Adding type registration clob -> org.hibernate.type.BasicTypeReference@4c2869a9
2026-01-14 13:27:48.460 [main] DEBUG org.hibernate.type.BasicTypeRegistry - Adding type registration java.sql.Clob -> org.hibernate.type.BasicTypeReference@4c2869a9
2026-01-14 13:27:48.460 [main] DEBUG org.hibernate.type.BasicTypeRegistry - Adding type registration nclob -> org.hibernate.type.BasicTypeReference@518cf84a
2026-01-14 13:27:48.460 [main] DEBUG org.hibernate.type.BasicTypeRegistry - Adding type registration java.sql.NClob -> org.hibernate.type.BasicTypeReference@518cf84a
2026-01-14 13:27:48.460 [main] DEBUG org.hibernate.type.BasicTypeRegistry - Adding type registration materialized_clob -> org.hibernate.type.BasicTypeReference@62e7dffa
2026-01-14 13:27:48.460 [main] DEBUG org.hibernate.type.BasicTypeRegistry - Adding type registration materialized_clob_char_array -> org.hibernate.type.BasicTypeReference@6edcd0d8
2026-01-14 13:27:48.461 [main] DEBUG org.hibernate.type.BasicTypeRegistry - Adding type registration materialized_clob_character_array -> org.hibernate.type.BasicTypeReference@6136998b
2026-01-14 13:27:48.461 [main] DEBUG org.hibernate.type.BasicTypeRegistry - Adding type registration materialized_nclob -> org.hibernate.type.BasicTypeReference@57ce634f
2026-01-14 13:27:48.461 [main] DEBUG org.hibernate.type.BasicTypeRegistry - Adding type registration materialized_nclob_character_array -> org.hibernate.type.BasicTypeReference@b8a7e43
2026-01-14 13:27:48.461 [main] DEBUG org.hibernate.type.BasicTypeRegistry - Adding type registration materialized_nclob_char_array -> org.hibernate.type.BasicTypeReference@35835fa
2026-01-14 13:27:48.461 [main] DEBUG org.hibernate.type.BasicTypeRegistry - Adding type registration Duration -> org.hibernate.type.BasicTypeReference@56f71edb
2026-01-14 13:27:48.461 [main] DEBUG org.hibernate.type.BasicTypeRegistry - Adding type registration java.time.Duration -> org.hibernate.type.BasicTypeReference@56f71edb
2026-01-14 13:27:48.461 [main] DEBUG org.hibernate.type.BasicTypeRegistry - Adding type registration LocalDateTime -> org.hibernate.type.BasicTypeReference@7207cb51
2026-01-14 13:27:48.461 [main] DEBUG org.hibernate.type.BasicTypeRegistry - Adding type registration java.time.LocalDateTime -> org.hibernate.type.BasicTypeReference@7207cb51
2026-01-14 13:27:48.462 [main] DEBUG org.hibernate.type.BasicTypeRegistry - Adding type registration LocalDate -> org.hibernate.type.BasicTypeReference@2a27cb34
2026-01-14 13:27:48.462 [main] DEBUG org.hibernate.type.BasicTypeRegistry - Adding type registration java.time.LocalDate -> org.hibernate.type.BasicTypeReference@2a27cb34
2026-01-14 13:27:48.462 [main] DEBUG org.hibernate.type.BasicTypeRegistry - Adding type registration LocalTime -> org.hibernate.type.BasicTypeReference@6892cc6f
2026-01-14 13:27:48.462 [main] DEBUG org.hibernate.type.BasicTypeRegistry - Adding type registration java.time.LocalTime -> org.hibernate.type.BasicTypeReference@6892cc6f
2026-01-14 13:27:48.462 [main] DEBUG org.hibernate.type.BasicTypeRegistry - Adding type registration OffsetDateTime -> org.hibernate.type.BasicTypeReference@6fd1660
2026-01-14 13:27:48.462 [main] DEBUG org.hibernate.type.BasicTypeRegistry - Adding type registration java.time.OffsetDateTime -> org.hibernate.type.BasicTypeReference@6fd1660
2026-01-14 13:27:48.462 [main] DEBUG org.hibernate.type.BasicTypeRegistry - Adding type registration OffsetDateTimeWithTimezone -> org.hibernate.type.BasicTypeReference@4a6c18ad
2026-01-14 13:27:48.462 [main] DEBUG org.hibernate.type.BasicTypeRegistry - Adding type registration OffsetDateTimeWithoutTimezone -> org.hibernate.type.BasicTypeReference@5e8604bf
2026-01-14 13:27:48.462 [main] DEBUG org.hibernate.type.BasicTypeRegistry - Adding type registration OffsetTime -> org.hibernate.type.BasicTypeReference@20095ab4
2026-01-14 13:27:48.462 [main] DEBUG org.hibernate.type.BasicTypeRegistry - Adding type registration java.time.OffsetTime -> org.hibernate.type.BasicTypeReference@20095ab4
2026-01-14 13:27:48.462 [main] DEBUG org.hibernate.type.BasicTypeRegistry - Adding type registration OffsetTimeUtc -> org.hibernate.type.BasicTypeReference@4e2916c3
2026-01-14 13:27:48.462 [main] DEBUG org.hibernate.type.BasicTypeRegistry - Adding type registration OffsetTimeWithTimezone -> org.hibernate.type.BasicTypeReference@64aad6db
2026-01-14 13:27:48.462 [main] DEBUG org.hibernate.type.BasicTypeRegistry - Adding type registration OffsetTimeWithoutTimezone -> org.hibernate.type.BasicTypeReference@ae7950d
2026-01-14 13:27:48.462 [main] DEBUG org.hibernate.type.BasicTypeRegistry - Adding type registration ZonedDateTime -> org.hibernate.type.BasicTypeReference@60d1b21f
2026-01-14 13:27:48.462 [main] DEBUG org.hibernate.type.BasicTypeRegistry - Adding type registration java.time.ZonedDateTime -> org.hibernate.type.BasicTypeReference@60d1b21f
2026-01-14 13:27:48.463 [main] DEBUG org.hibernate.type.BasicTypeRegistry - Adding type registration ZonedDateTimeWithTimezone -> org.hibernate.type.BasicTypeReference@66c83fc8
2026-01-14 13:27:48.463 [main] DEBUG org.hibernate.type.BasicTypeRegistry - Adding type registration ZonedDateTimeWithoutTimezone -> org.hibernate.type.BasicTypeReference@546621c4
2026-01-14 13:27:48.463 [main] DEBUG org.hibernate.type.BasicTypeRegistry - Adding type registration date -> org.hibernate.type.BasicTypeReference@621f89b8
2026-01-14 13:27:48.463 [main] DEBUG org.hibernate.type.BasicTypeRegistry - Adding type registration java.sql.Date -> org.hibernate.type.BasicTypeReference@621f89b8
2026-01-14 13:27:48.463 [main] DEBUG org.hibernate.type.BasicTypeRegistry - Adding type registration time -> org.hibernate.type.BasicTypeReference@f339eae
2026-01-14 13:27:48.463 [main] DEBUG org.hibernate.type.BasicTypeRegistry - Adding type registration java.sql.Time -> org.hibernate.type.BasicTypeReference@f339eae
2026-01-14 13:27:48.463 [main] DEBUG org.hibernate.type.BasicTypeRegistry - Adding type registration timestamp -> org.hibernate.type.BasicTypeReference@2822c6ff
2026-01-14 13:27:48.463 [main] DEBUG org.hibernate.type.BasicTypeRegistry - Adding type registration java.sql.Timestamp -> org.hibernate.type.BasicTypeReference@2822c6ff
2026-01-14 13:27:48.463 [main] DEBUG org.hibernate.type.BasicTypeRegistry - Adding type registration java.util.Date -> org.hibernate.type.BasicTypeReference@2822c6ff
2026-01-14 13:27:48.463 [main] DEBUG org.hibernate.type.BasicTypeRegistry - Adding type registration calendar -> org.hibernate.type.BasicTypeReference@4dafba3e
2026-01-14 13:27:48.463 [main] DEBUG org.hibernate.type.BasicTypeRegistry - Adding type registration java.util.Calendar -> org.hibernate.type.BasicTypeReference@4dafba3e
2026-01-14 13:27:48.463 [main] DEBUG org.hibernate.type.BasicTypeRegistry - Adding type registration java.util.GregorianCalendar -> org.hibernate.type.BasicTypeReference@4dafba3e
2026-01-14 13:27:48.463 [main] DEBUG org.hibernate.type.BasicTypeRegistry - Adding type registration calendar_date -> org.hibernate.type.BasicTypeReference@53e3a87a
2026-01-14 13:27:48.464 [main] DEBUG org.hibernate.type.BasicTypeRegistry - Adding type registration calendar_time -> org.hibernate.type.BasicTypeReference@40368a46
2026-01-14 13:27:48.464 [main] DEBUG org.hibernate.type.BasicTypeRegistry - Adding type registration instant -> org.hibernate.type.BasicTypeReference@7e9da981
2026-01-14 13:27:48.464 [main] DEBUG org.hibernate.type.BasicTypeRegistry - Adding type registration java.time.Instant -> org.hibernate.type.BasicTypeReference@7e9da981
2026-01-14 13:27:48.465 [main] DEBUG org.hibernate.type.BasicTypeRegistry - Adding type registration uuid -> org.hibernate.type.BasicTypeReference@4ed38226
2026-01-14 13:27:48.465 [main] DEBUG org.hibernate.type.BasicTypeRegistry - Adding type registration java.util.UUID -> org.hibernate.type.BasicTypeReference@4ed38226
2026-01-14 13:27:48.465 [main] DEBUG org.hibernate.type.BasicTypeRegistry - Adding type registration pg-uuid -> org.hibernate.type.BasicTypeReference@4ed38226
2026-01-14 13:27:48.465 [main] DEBUG org.hibernate.type.BasicTypeRegistry - Adding type registration uuid-binary -> org.hibernate.type.BasicTypeReference@3d43fe
2026-01-14 13:27:48.465 [main] DEBUG org.hibernate.type.BasicTypeRegistry - Adding type registration uuid-char -> org.hibernate.type.BasicTypeReference@74ad8d05
2026-01-14 13:27:48.465 [main] DEBUG org.hibernate.type.BasicTypeRegistry - Adding type registration class -> org.hibernate.type.BasicTypeReference@676ff3b0
2026-01-14 13:27:48.465 [main] DEBUG org.hibernate.type.BasicTypeRegistry - Adding type registration java.lang.Class -> org.hibernate.type.BasicTypeReference@676ff3b0
2026-01-14 13:27:48.465 [main] DEBUG org.hibernate.type.BasicTypeRegistry - Adding type registration currency -> org.hibernate.type.BasicTypeReference@35ff8fc9
2026-01-14 13:27:48.465 [main] DEBUG org.hibernate.type.BasicTypeRegistry - Adding type registration Currency -> org.hibernate.type.BasicTypeReference@35ff8fc9
2026-01-14 13:27:48.465 [main] DEBUG org.hibernate.type.BasicTypeRegistry - Adding type registration java.util.Currency -> org.hibernate.type.BasicTypeReference@35ff8fc9
2026-01-14 13:27:48.465 [main] DEBUG org.hibernate.type.BasicTypeRegistry - Adding type registration locale -> org.hibernate.type.BasicTypeReference@5fb7183b
2026-01-14 13:27:48.465 [main] DEBUG org.hibernate.type.BasicTypeRegistry - Adding type registration java.util.Locale -> org.hibernate.type.BasicTypeReference@5fb7183b
2026-01-14 13:27:48.466 [main] DEBUG org.hibernate.type.BasicTypeRegistry - Adding type registration serializable -> org.hibernate.type.BasicTypeReference@476a736d
2026-01-14 13:27:48.466 [main] DEBUG org.hibernate.type.BasicTypeRegistry - Adding type registration java.io.Serializable -> org.hibernate.type.BasicTypeReference@476a736d
2026-01-14 13:27:48.466 [main] DEBUG org.hibernate.type.BasicTypeRegistry - Adding type registration timezone -> org.hibernate.type.BasicTypeReference@5f80fa43
2026-01-14 13:27:48.466 [main] DEBUG org.hibernate.type.BasicTypeRegistry - Adding type registration java.util.TimeZone -> org.hibernate.type.BasicTypeReference@5f80fa43
2026-01-14 13:27:48.466 [main] DEBUG org.hibernate.type.BasicTypeRegistry - Adding type registration ZoneOffset -> org.hibernate.type.BasicTypeReference@16c8b7bd
2026-01-14 13:27:48.466 [main] DEBUG org.hibernate.type.BasicTypeRegistry - Adding type registration java.time.ZoneOffset -> org.hibernate.type.BasicTypeReference@16c8b7bd
2026-01-14 13:27:48.466 [main] DEBUG org.hibernate.type.BasicTypeRegistry - Adding type registration url -> org.hibernate.type.BasicTypeReference@7159139f
2026-01-14 13:27:48.466 [main] DEBUG org.hibernate.type.BasicTypeRegistry - Adding type registration java.net.URL -> org.hibernate.type.BasicTypeReference@7159139f
2026-01-14 13:27:48.466 [main] DEBUG org.hibernate.type.BasicTypeRegistry - Adding type registration vector -> org.hibernate.type.BasicTypeReference@65bcf7c2
2026-01-14 13:27:48.466 [main] DEBUG org.hibernate.type.BasicTypeRegistry - Adding type registration row_version -> org.hibernate.type.BasicTypeReference@3db64bd4
2026-01-14 13:27:48.470 [main] DEBUG org.hibernate.type.BasicTypeRegistry - Adding type registration object -> org.hibernate.type.JavaObjectType@1be59f28
2026-01-14 13:27:48.470 [main] DEBUG org.hibernate.type.BasicTypeRegistry - Adding type registration java.lang.Object -> org.hibernate.type.JavaObjectType@1be59f28
2026-01-14 13:27:48.471 [main] DEBUG org.hibernate.type.BasicTypeRegistry - Adding type registration null -> org.hibernate.type.NullType@253b380a
2026-01-14 13:27:48.471 [main] DEBUG org.hibernate.type.BasicTypeRegistry - Adding type registration imm_date -> org.hibernate.type.BasicTypeReference@29c2c826
2026-01-14 13:27:48.471 [main] DEBUG org.hibernate.type.BasicTypeRegistry - Adding type registration imm_time -> org.hibernate.type.BasicTypeReference@3350ebdd
2026-01-14 13:27:48.471 [main] DEBUG org.hibernate.type.BasicTypeRegistry - Adding type registration imm_timestamp -> org.hibernate.type.BasicTypeReference@6818d900
2026-01-14 13:27:48.471 [main] DEBUG org.hibernate.type.BasicTypeRegistry - Adding type registration imm_calendar -> org.hibernate.type.BasicTypeReference@149f5761
2026-01-14 13:27:48.471 [main] DEBUG org.hibernate.type.BasicTypeRegistry - Adding type registration imm_calendar_date -> org.hibernate.type.BasicTypeReference@2ba33e2c
2026-01-14 13:27:48.472 [main] DEBUG org.hibernate.type.BasicTypeRegistry - Adding type registration imm_calendar_time -> org.hibernate.type.BasicTypeReference@1f193686
2026-01-14 13:27:48.472 [main] DEBUG org.hibernate.type.BasicTypeRegistry - Adding type registration imm_binary -> org.hibernate.type.BasicTypeReference@31e72cbc
2026-01-14 13:27:48.472 [main] DEBUG org.hibernate.type.BasicTypeRegistry - Adding type registration imm_serializable -> org.hibernate.type.BasicTypeReference@5fad41be
2026-01-14 13:27:48.498 [main] WARN  org.hibernate.orm.connections.pooling - HHH10001002: Using built-in connection pool (not intended for production use)
2026-01-14 13:27:48.503 [main] INFO  org.hibernate.orm.connections.pooling - HHH10001005: Loaded JDBC driver class: com.mysql.cj.jdbc.Driver
2026-01-14 13:27:48.503 [main] INFO  org.hibernate.orm.connections.pooling - HHH10001012: Connecting with JDBC URL [jdbc:mysql://localhost:3307/accesoDatosDAM?useSSL=false&serverTimezone=UTC]
2026-01-14 13:27:48.503 [main] INFO  org.hibernate.orm.connections.pooling - HHH10001001: Connection properties: {password=usuario, user=usuario2}
2026-01-14 13:27:48.503 [main] INFO  org.hibernate.orm.connections.pooling - HHH10001003: Autocommit mode: false
2026-01-14 13:27:48.504 [main] DEBUG org.hibernate.orm.connections.pooling - Initializing Connection pool with 1 Connections
2026-01-14 13:27:48.504 [main] INFO  org.hibernate.orm.connections.pooling - HHH10001115: Connection pool size: 20 (min=1)
2026-01-14 13:27:48.648 [main] DEBUG org.hibernate.engine.jdbc.env.internal.JdbcEnvironmentInitiator - Database ->
       name : MySQL
    version : 8.4.7
      major : 8
      minor : 4
2026-01-14 13:27:48.648 [main] DEBUG org.hibernate.engine.jdbc.env.internal.JdbcEnvironmentInitiator - Driver ->
       name : MySQL Connector/J
    version : mysql-connector-j-8.4.0 (Revision: 1c3f5c149e0bfe31c7fbeb24e2d260cd890972c4)
      major : 8
      minor : 4
2026-01-14 13:27:48.648 [main] DEBUG org.hibernate.engine.jdbc.env.internal.JdbcEnvironmentInitiator - JDBC version : 4.2
2026-01-14 13:27:48.692 [main] WARN  org.hibernate.orm.deprecation - HHH90000025: MySQLDialect does not need to be specified explicitly using 'hibernate.dialect' (remove the property setting and it will be selected by default)
2026-01-14 13:27:48.693 [main] DEBUG org.hibernate.orm.dialect - HHH035001: Using dialect: org.hibernate.dialect.MySQLDialect, version: 8.4.7
2026-01-14 13:27:48.701 [main] DEBUG org.hibernate.engine.jdbc.env.spi.IdentifierHelperBuilder - JDBC driver metadata reported database stores quoted identifiers in more than one case
2026-01-14 13:27:48.701 [main] DEBUG org.hibernate.engine.jdbc.env.spi.IdentifierHelperBuilder - IdentifierCaseStrategy for both quoted and unquoted identifiers was set to the same strategy [MIXED]; that will likely lead to problems in schema update and validation if using quoted identifiers
2026-01-14 13:27:48.718 [main] DEBUG org.hibernate.type.descriptor.sql.spi.DdlTypeRegistry - addDescriptor(12, org.hibernate.type.descriptor.sql.internal.CapacityDependentDdlType@5b3a7ef5) replaced previous registration(org.hibernate.type.descriptor.sql.internal.CapacityDependentDdlType@8851ce1)
2026-01-14 13:27:48.718 [main] DEBUG org.hibernate.type.descriptor.sql.spi.DdlTypeRegistry - addDescriptor(-9, org.hibernate.type.descriptor.sql.internal.CapacityDependentDdlType@2d9dff65) replaced previous registration(org.hibernate.type.descriptor.sql.internal.CapacityDependentDdlType@5ef6fd7f)
2026-01-14 13:27:48.718 [main] DEBUG org.hibernate.type.descriptor.sql.spi.DdlTypeRegistry - addDescriptor(-3, org.hibernate.type.descriptor.sql.internal.CapacityDependentDdlType@5633ed82) replaced previous registration(org.hibernate.type.descriptor.sql.internal.CapacityDependentDdlType@767191b1)
2026-01-14 13:27:48.719 [main] DEBUG org.hibernate.type.descriptor.sql.spi.DdlTypeRegistry - addDescriptor(4003, org.hibernate.type.descriptor.sql.internal.DdlTypeImpl@34d52ecd) replaced previous registration(org.hibernate.type.descriptor.sql.internal.DdlTypeImpl@5d21202d)
2026-01-14 13:27:48.719 [main] DEBUG org.hibernate.type.descriptor.sql.spi.DdlTypeRegistry - addDescriptor(4001, org.hibernate.type.descriptor.sql.internal.DdlTypeImpl@14b789f6) replaced previous registration(org.hibernate.type.descriptor.sql.internal.DdlTypeImpl@6eb17ec8)
2026-01-14 13:27:48.719 [main] DEBUG org.hibernate.type.descriptor.sql.spi.DdlTypeRegistry - addDescriptor(4002, org.hibernate.type.descriptor.sql.internal.DdlTypeImpl@730f9695) replaced previous registration(org.hibernate.type.descriptor.sql.internal.DdlTypeImpl@277bf091)
2026-01-14 13:27:48.719 [main] DEBUG org.hibernate.type.descriptor.sql.spi.DdlTypeRegistry - addDescriptor(2004, org.hibernate.type.descriptor.sql.internal.CapacityDependentDdlType@fab35b1) replaced previous registration(org.hibernate.type.descriptor.sql.internal.DdlTypeImpl@6a094db2)
2026-01-14 13:27:48.719 [main] DEBUG org.hibernate.type.descriptor.sql.spi.DdlTypeRegistry - addDescriptor(2005, org.hibernate.type.descriptor.sql.internal.CapacityDependentDdlType@65bdd558) replaced previous registration(org.hibernate.type.descriptor.sql.internal.DdlTypeImpl@1dba4e06)
2026-01-14 13:27:48.720 [main] DEBUG org.hibernate.type.descriptor.sql.spi.DdlTypeRegistry - addDescriptor(2011, org.hibernate.type.descriptor.sql.internal.CapacityDependentDdlType@4beaf6bd) replaced previous registration(org.hibernate.type.descriptor.sql.internal.DdlTypeImpl@6b2e46af)
2026-01-14 13:27:48.721 [main] DEBUG org.hibernate.type.descriptor.jdbc.spi.JdbcTypeRegistry - addDescriptor(NCharTypeDescriptor) replaced previous registration(CharTypeDescriptor)
2026-01-14 13:27:48.721 [main] DEBUG org.hibernate.type.descriptor.jdbc.spi.JdbcTypeRegistry - addDescriptor(NVarcharTypeDescriptor) replaced previous registration(VarcharTypeDescriptor)
2026-01-14 13:27:48.722 [main] DEBUG org.hibernate.type.descriptor.jdbc.spi.JdbcTypeRegistry - addDescriptor(LongNVarcharTypeDescriptor) replaced previous registration(LongVarcharTypeDescriptor)
2026-01-14 13:27:48.723 [main] DEBUG org.hibernate.type.descriptor.jdbc.spi.JdbcTypeRegistry - addDescriptor(NClobTypeDescriptor(DEFAULT)) replaced previous registration(ClobTypeDescriptor(DEFAULT))
2026-01-14 13:27:48.723 [main] DEBUG org.hibernate.type.descriptor.jdbc.spi.JdbcTypeRegistry - addDescriptor(2005, ClobTypeDescriptor(STREAM_BINDING)) replaced previous registration(ClobTypeDescriptor(DEFAULT))
2026-01-14 13:27:48.726 [main] DEBUG org.hibernate.type.BasicTypeRegistry - Adding type registration null -> org.hibernate.type.NullType@26f46fa6
2026-01-14 13:27:48.726 [main] DEBUG org.hibernate.type.BasicTypeRegistry - Type registration key [null] overrode previous entry : `org.hibernate.type.NullType@253b380a`
2026-01-14 13:27:48.730 [main] DEBUG org.hibernate.type.BasicTypeRegistry - Adding type registration org.hibernate.type.DurationType -> basicType@1(java.time.Duration,3015)
2026-01-14 13:27:48.730 [main] DEBUG org.hibernate.type.BasicTypeRegistry - Adding type registration Duration -> basicType@1(java.time.Duration,3015)
2026-01-14 13:27:48.730 [main] DEBUG org.hibernate.type.BasicTypeRegistry - Adding type registration java.time.Duration -> basicType@1(java.time.Duration,3015)
2026-01-14 13:27:48.733 [main] DEBUG org.hibernate.type.BasicTypeRegistry - Adding type registration org.hibernate.type.OffsetDateTimeType -> basicType@2(java.time.OffsetDateTime,3003)
2026-01-14 13:27:48.734 [main] DEBUG org.hibernate.type.BasicTypeRegistry - Adding type registration OffsetDateTime -> basicType@2(java.time.OffsetDateTime,3003)
2026-01-14 13:27:48.734 [main] DEBUG org.hibernate.type.BasicTypeRegistry - Adding type registration java.time.OffsetDateTime -> basicType@2(java.time.OffsetDateTime,3003)
2026-01-14 13:27:48.734 [main] DEBUG org.hibernate.type.BasicTypeRegistry - Adding type registration org.hibernate.type.ZonedDateTimeType -> basicType@3(java.time.ZonedDateTime,3003)
2026-01-14 13:27:48.734 [main] DEBUG org.hibernate.type.BasicTypeRegistry - Adding type registration ZonedDateTime -> basicType@3(java.time.ZonedDateTime,3003)
2026-01-14 13:27:48.734 [main] DEBUG org.hibernate.type.BasicTypeRegistry - Adding type registration java.time.ZonedDateTime -> basicType@3(java.time.ZonedDateTime,3003)
2026-01-14 13:27:48.736 [main] DEBUG org.hibernate.type.BasicTypeRegistry - Adding type registration org.hibernate.type.OffsetTimeType -> basicType@4(java.time.OffsetTime,3007)
2026-01-14 13:27:48.736 [main] DEBUG org.hibernate.type.BasicTypeRegistry - Adding type registration OffsetTime -> basicType@4(java.time.OffsetTime,3007)
2026-01-14 13:27:48.736 [main] DEBUG org.hibernate.type.BasicTypeRegistry - Adding type registration java.time.OffsetTime -> basicType@4(java.time.OffsetTime,3007)
2026-01-14 13:27:48.738 [main] DEBUG org.hibernate.type.spi.TypeConfiguration$Scope - Scoping TypeConfiguration [org.hibernate.type.spi.TypeConfiguration@5e519ad3] to MetadataBuildingContext [org.hibernate.boot.internal.MetadataBuildingContextRootImpl@7bc44ce8]
2026-01-14 13:27:48.768 [main] DEBUG org.hibernate.boot.model.relational.Namespace - Created database namespace [logicalName=Name{catalog=null, schema=null}, physicalName=Name{catalog=null, schema=null}]
2026-01-14 13:27:48.788 [main] DEBUG org.hibernate.boot.model.internal.EntityBinder - Binding entity from annotated class: modelo.Reunion
2026-01-14 13:27:48.795 [main] DEBUG org.hibernate.boot.model.internal.EntityBinder - Import with entity name Reunion
2026-01-14 13:27:48.804 [main] DEBUG org.hibernate.boot.model.internal.EntityBinder - Bind entity modelo.Reunion on table reunion
2026-01-14 13:27:48.811 [main] DEBUG org.hibernate.boot.model.internal.AnnotatedColumn - Binding column: AnnotatedDiscriminatorColumn(column='DTYPE')
2026-01-14 13:27:48.824 [main] DEBUG org.hibernate.boot.model.internal.AnnotatedColumn - Binding column: AnnotatedColumn()
2026-01-14 13:27:48.824 [main] DEBUG org.hibernate.boot.internal.ClassLoaderAccessImpl - Not known whether passed class name [modelo.Reunion] is safe
2026-01-14 13:27:48.824 [main] DEBUG org.hibernate.boot.internal.ClassLoaderAccessImpl - No temp ClassLoader provided; using live ClassLoader for loading potentially unsafe class : modelo.Reunion
2026-01-14 13:27:48.826 [main] DEBUG org.hibernate.boot.model.internal.PropertyBinder - MetadataSourceProcessor property idReunion with lazy=false
2026-01-14 13:27:48.830 [main] DEBUG org.hibernate.boot.model.internal.AbstractPropertyHolder - Attempting to locate auto-apply AttributeConverter for property [modelo.Reunion:idReunion]
2026-01-14 13:27:48.832 [main] DEBUG org.hibernate.boot.model.internal.BasicValueBinder - building BasicValue for idReunion
2026-01-14 13:27:48.834 [main] DEBUG org.hibernate.mapping.BasicValue - Skipping column re-registration: reunion.idReunion
2026-01-14 13:27:48.835 [main] DEBUG org.hibernate.boot.model.internal.PropertyBinder - Building property idReunion
2026-01-14 13:27:48.838 [main] DEBUG org.hibernate.boot.model.internal.BinderHelper - #makeIdGenerator(BasicValue([Column(idReunion)]), idReunion, org.hibernate.id.enhanced.SequenceStyleGenerator, , ...)
2026-01-14 13:27:48.838 [main] DEBUG org.hibernate.boot.model.internal.AnnotatedColumn - Binding column: AnnotatedColumn()
2026-01-14 13:27:48.838 [main] DEBUG org.hibernate.boot.model.internal.PropertyBinder - MetadataSourceProcessor property asunto with lazy=false
2026-01-14 13:27:48.838 [main] DEBUG org.hibernate.boot.model.internal.AbstractPropertyHolder - Attempting to locate auto-apply AttributeConverter for property [modelo.Reunion:asunto]
2026-01-14 13:27:48.838 [main] DEBUG org.hibernate.boot.model.internal.BasicValueBinder - building BasicValue for asunto
2026-01-14 13:27:48.838 [main] DEBUG org.hibernate.mapping.BasicValue - Skipping column re-registration: reunion.asunto
2026-01-14 13:27:48.838 [main] DEBUG org.hibernate.boot.model.internal.PropertyBinder - Building property asunto
2026-01-14 13:27:48.840 [main] DEBUG org.hibernate.boot.model.internal.AnnotatedColumn - Binding column: AnnotatedColumn()
2026-01-14 13:27:48.841 [main] DEBUG org.hibernate.boot.model.internal.PropertyBinder - MetadataSourceProcessor property fecha with lazy=false
2026-01-14 13:27:48.841 [main] DEBUG org.hibernate.boot.model.internal.AbstractPropertyHolder - Attempting to locate auto-apply AttributeConverter for property [modelo.Reunion:fecha]
2026-01-14 13:27:48.841 [main] DEBUG org.hibernate.boot.model.internal.BasicValueBinder - building BasicValue for fecha
2026-01-14 13:27:48.841 [main] DEBUG org.hibernate.mapping.BasicValue - Skipping column re-registration: reunion.fecha
2026-01-14 13:27:48.841 [main] DEBUG org.hibernate.boot.model.internal.PropertyBinder - Building property fecha
2026-01-14 13:27:48.842 [main] DEBUG org.hibernate.boot.registry.classloading.internal.ClassLoaderServiceImpl - HHH000194: Package not found or wo package-info.java: modelo
2026-01-14 13:27:48.845 [main] DEBUG org.hibernate.boot.model.internal.EntityBinder - Binding entity from annotated class: modelo.Persona
2026-01-14 13:27:48.846 [main] DEBUG org.hibernate.boot.model.internal.EntityBinder - Import with entity name Persona
2026-01-14 13:27:48.846 [main] DEBUG org.hibernate.boot.model.internal.EntityBinder - Bind entity modelo.Persona on table persona
2026-01-14 13:27:48.846 [main] DEBUG org.hibernate.boot.model.internal.AnnotatedColumn - Binding column: AnnotatedDiscriminatorColumn(column='DTYPE')
2026-01-14 13:27:48.847 [main] DEBUG org.hibernate.boot.model.internal.AnnotatedColumn - Binding column: AnnotatedColumn()
2026-01-14 13:27:48.847 [main] DEBUG org.hibernate.boot.internal.ClassLoaderAccessImpl - Not known whether passed class name [modelo.Persona] is safe
2026-01-14 13:27:48.847 [main] DEBUG org.hibernate.boot.internal.ClassLoaderAccessImpl - No temp ClassLoader provided; using live ClassLoader for loading potentially unsafe class : modelo.Persona
2026-01-14 13:27:48.847 [main] DEBUG org.hibernate.boot.model.internal.PropertyBinder - MetadataSourceProcessor property dni with lazy=false
2026-01-14 13:27:48.847 [main] DEBUG org.hibernate.boot.model.internal.AbstractPropertyHolder - Attempting to locate auto-apply AttributeConverter for property [modelo.Persona:dni]
2026-01-14 13:27:48.847 [main] DEBUG org.hibernate.boot.model.internal.BasicValueBinder - building BasicValue for dni
2026-01-14 13:27:48.847 [main] DEBUG org.hibernate.mapping.BasicValue - Skipping column re-registration: persona.dni
2026-01-14 13:27:48.847 [main] DEBUG org.hibernate.boot.model.internal.PropertyBinder - Building property dni
2026-01-14 13:27:48.847 [main] DEBUG org.hibernate.boot.model.internal.BinderHelper - #makeIdGenerator(BasicValue([Column(dni)]), dni, org.hibernate.id.enhanced.SequenceStyleGenerator, , ...)
2026-01-14 13:27:48.848 [main] DEBUG org.hibernate.boot.model.internal.AnnotatedColumn - Binding column: AnnotatedColumn()
2026-01-14 13:27:48.848 [main] DEBUG org.hibernate.boot.model.internal.PropertyBinder - MetadataSourceProcessor property edad with lazy=false
2026-01-14 13:27:48.848 [main] DEBUG org.hibernate.boot.model.internal.AbstractPropertyHolder - Attempting to locate auto-apply AttributeConverter for property [modelo.Persona:edad]
2026-01-14 13:27:48.848 [main] DEBUG org.hibernate.boot.model.internal.BasicValueBinder - building BasicValue for edad
2026-01-14 13:27:48.848 [main] DEBUG org.hibernate.mapping.BasicValue - Skipping column re-registration: persona.edad
2026-01-14 13:27:48.848 [main] DEBUG org.hibernate.boot.model.internal.PropertyBinder - Building property edad
2026-01-14 13:27:48.848 [main] DEBUG org.hibernate.boot.model.internal.AnnotatedColumn - Binding column: AnnotatedColumn()
2026-01-14 13:27:48.848 [main] DEBUG org.hibernate.boot.model.internal.PropertyBinder - MetadataSourceProcessor property email with lazy=false
2026-01-14 13:27:48.848 [main] DEBUG org.hibernate.boot.model.internal.AbstractPropertyHolder - Attempting to locate auto-apply AttributeConverter for property [modelo.Persona:email]
2026-01-14 13:27:48.848 [main] DEBUG org.hibernate.boot.model.internal.BasicValueBinder - building BasicValue for email
2026-01-14 13:27:48.848 [main] DEBUG org.hibernate.mapping.BasicValue - Skipping column re-registration: persona.email
2026-01-14 13:27:48.848 [main] DEBUG org.hibernate.boot.model.internal.PropertyBinder - Building property email
2026-01-14 13:27:48.848 [main] DEBUG org.hibernate.boot.model.internal.AnnotatedColumn - Binding column: AnnotatedColumn()
2026-01-14 13:27:48.849 [main] DEBUG org.hibernate.boot.model.internal.PropertyBinder - MetadataSourceProcessor property fechaNacimiento with lazy=false
2026-01-14 13:27:48.849 [main] DEBUG org.hibernate.boot.model.internal.AbstractPropertyHolder - Attempting to locate auto-apply AttributeConverter for property [modelo.Persona:fechaNacimiento]
2026-01-14 13:27:48.849 [main] DEBUG org.hibernate.boot.model.internal.BasicValueBinder - building BasicValue for fechaNacimiento
2026-01-14 13:27:48.849 [main] DEBUG org.hibernate.mapping.BasicValue - Skipping column re-registration: persona.fechaNacimiento
2026-01-14 13:27:48.849 [main] DEBUG org.hibernate.boot.model.internal.PropertyBinder - Building property fechaNacimiento
2026-01-14 13:27:48.849 [main] DEBUG org.hibernate.boot.model.internal.AnnotatedColumn - Binding column: AnnotatedColumn()
2026-01-14 13:27:48.849 [main] DEBUG org.hibernate.boot.model.internal.PropertyBinder - MetadataSourceProcessor property nombreApellido with lazy=false
2026-01-14 13:27:48.849 [main] DEBUG org.hibernate.boot.model.internal.AbstractPropertyHolder - Attempting to locate auto-apply AttributeConverter for property [modelo.Persona:nombreApellido]
2026-01-14 13:27:48.849 [main] DEBUG org.hibernate.boot.model.internal.BasicValueBinder - building BasicValue for nombreApellido
2026-01-14 13:27:48.849 [main] DEBUG org.hibernate.mapping.BasicValue - Skipping column re-registration: persona.nombreApellido
2026-01-14 13:27:48.849 [main] DEBUG org.hibernate.boot.model.internal.PropertyBinder - Building property nombreApellido
2026-01-14 13:27:48.850 [main] DEBUG org.hibernate.boot.model.internal.AnnotatedColumn - Binding column: AnnotatedColumn()
2026-01-14 13:27:48.850 [main] DEBUG org.hibernate.boot.model.internal.PropertyBinder - MetadataSourceProcessor property telefono with lazy=false
2026-01-14 13:27:48.850 [main] DEBUG org.hibernate.boot.model.internal.AbstractPropertyHolder - Attempting to locate auto-apply AttributeConverter for property [modelo.Persona:telefono]
2026-01-14 13:27:48.850 [main] DEBUG org.hibernate.boot.model.internal.BasicValueBinder - building BasicValue for telefono
2026-01-14 13:27:48.850 [main] DEBUG org.hibernate.mapping.BasicValue - Skipping column re-registration: persona.telefono
2026-01-14 13:27:48.850 [main] DEBUG org.hibernate.boot.model.internal.PropertyBinder - Building property telefono
2026-01-14 13:27:48.850 [main] DEBUG org.hibernate.boot.registry.classloading.internal.ClassLoaderServiceImpl - HHH000194: Package not found or wo package-info.java: modelo
2026-01-14 13:27:48.852 [main] DEBUG org.hibernate.boot.model.internal.BasicValueBinder - Starting `BasicValueBinder#fillSimpleValue` for idReunion
2026-01-14 13:27:48.853 [main] DEBUG org.hibernate.boot.model.internal.BasicValueBinder - Starting `BasicValueBinder#fillSimpleValue` for asunto
2026-01-14 13:27:48.854 [main] DEBUG org.hibernate.boot.model.internal.BasicValueBinder - Starting `BasicValueBinder#fillSimpleValue` for fecha
2026-01-14 13:27:48.854 [main] DEBUG org.hibernate.boot.model.internal.BasicValueBinder - Starting `BasicValueBinder#fillSimpleValue` for dni
2026-01-14 13:27:48.854 [main] DEBUG org.hibernate.boot.model.internal.BasicValueBinder - Starting `BasicValueBinder#fillSimpleValue` for edad
2026-01-14 13:27:48.854 [main] DEBUG org.hibernate.boot.model.internal.BasicValueBinder - Starting `BasicValueBinder#fillSimpleValue` for email
2026-01-14 13:27:48.854 [main] DEBUG org.hibernate.boot.model.internal.BasicValueBinder - Starting `BasicValueBinder#fillSimpleValue` for fechaNacimiento
2026-01-14 13:27:48.854 [main] DEBUG org.hibernate.boot.model.internal.BasicValueBinder - Starting `BasicValueBinder#fillSimpleValue` for nombreApellido
2026-01-14 13:27:48.854 [main] DEBUG org.hibernate.boot.model.internal.BasicValueBinder - Starting `BasicValueBinder#fillSimpleValue` for telefono
2026-01-14 13:27:48.855 [main] DEBUG org.hibernate.mapping.PrimaryKey - Forcing column [idreunion] to be non-null as it is part of the primary key for table [reunion]
2026-01-14 13:27:48.855 [main] DEBUG org.hibernate.mapping.PrimaryKey - Forcing column [dni] to be non-null as it is part of the primary key for table [persona]
2026-01-14 13:27:48.996 [main] DEBUG org.hibernate.internal.SessionFactoryImpl - Building session factory
2026-01-14 13:27:49.028 [main] DEBUG org.hibernate.service.internal.SessionFactoryServiceRegistryImpl - EventListenerRegistry access via ServiceRegistry is deprecated.  Use `sessionFactory.getEventEngine().getListenerRegistry()` instead
2026-01-14 13:27:49.028 [main] DEBUG org.hibernate.internal.SessionFactoryImpl - Instantiating SessionFactory with settings: {hibernate.format_sql=true, java.specification.version=21, sun.cpu.isalist=amd64, sun.jnu.encoding=Cp1252, hibernate.dialect=org.hibernate.dialect.MySQLDialect, java.class.path=C:\Users\alumno\Desktop\SegundoDAM\Acceso a Datos\Hibernate\target\test-classes;C:\Users\alumno\Desktop\SegundoDAM\Acceso a Datos\Hibernate\target\classes;C:\Users\alumno\Desktop\sts-4.31.0.RELEASE\plugins\junit-jupiter-api_5.12.2.jar;C:\Users\alumno\Desktop\sts-4.31.0.RELEASE\plugins\junit-jupiter-engine_5.12.2.jar;C:\Users\alumno\Desktop\sts-4.31.0.RELEASE\plugins\junit-jupiter-migrationsupport_5.12.2.jar;C:\Users\alumno\Desktop\sts-4.31.0.RELEASE\plugins\junit-jupiter-params_5.12.2.jar;C:\Users\alumno\Desktop\sts-4.31.0.RELEASE\plugins\junit-platform-commons_1.12.2.jar;C:\Users\alumno\Desktop\sts-4.31.0.RELEASE\plugins\junit-platform-engine_1.12.2.jar;C:\Users\alumno\Desktop\sts-4.31.0.RELEASE\plugins\junit-platform-launcher_1.12.2.jar;C:\Users\alumno\Desktop\sts-4.31.0.RELEASE\plugins\junit-platform-runner_1.12.2.jar;C:\Users\alumno\Desktop\sts-4.31.0.RELEASE\plugins\junit-platform-suite-api_1.12.2.jar;C:\Users\alumno\Desktop\sts-4.31.0.RELEASE\plugins\junit-platform-suite-engine_1.12.2.jar;C:\Users\alumno\Desktop\sts-4.31.0.RELEASE\plugins\junit-platform-suite-commons_1.12.2.jar;C:\Users\alumno\Desktop\sts-4.31.0.RELEASE\plugins\junit-vintage-engine_5.12.2.jar;C:\Users\alumno\Desktop\sts-4.31.0.RELEASE\plugins\org.opentest4j_1.3.0.jar;C:\Users\alumno\Desktop\sts-4.31.0.RELEASE\plugins\org.apiguardian.api_1.1.2.jar;C:\Users\alumno\Desktop\sts-4.31.0.RELEASE\plugins\org.junit_4.13.2.v20240929-1000.jar;C:\Users\alumno\Desktop\sts-4.31.0.RELEASE\plugins\org.hamcrest_3.0.0.jar;C:\Users\alumno\.m2\repository\org\hibernate\orm\hibernate-core\6.4.4.Final\hibernate-core-6.4.4.Final.jar;C:\Users\alumno\.m2\repository\jakarta\transaction\jakarta.transaction-api\2.0.1\jakarta.transaction-api-2.0.1.jar;C:\Users\alumno\.m2\repository\org\jboss\logging\jboss-logging\3.5.0.Final\jboss-logging-3.5.0.Final.jar;C:\Users\alumno\.m2\repository\org\hibernate\common\hibernate-commons-annotations\6.0.6.Final\hibernate-commons-annotations-6.0.6.Final.jar;C:\Users\alumno\.m2\repository\io\smallrye\jandex\3.1.2\jandex-3.1.2.jar;C:\Users\alumno\.m2\repository\com\fasterxml\classmate\1.5.1\classmate-1.5.1.jar;C:\Users\alumno\.m2\repository\net\bytebuddy\byte-buddy\1.14.11\byte-buddy-1.14.11.jar;C:\Users\alumno\.m2\repository\jakarta\xml\bind\jakarta.xml.bind-api\4.0.0\jakarta.xml.bind-api-4.0.0.jar;C:\Users\alumno\.m2\repository\jakarta\activation\jakarta.activation-api\2.1.0\jakarta.activation-api-2.1.0.jar;C:\Users\alumno\.m2\repository\org\glassfish\jaxb\jaxb-runtime\4.0.2\jaxb-runtime-4.0.2.jar;C:\Users\alumno\.m2\repository\org\glassfish\jaxb\jaxb-core\4.0.2\jaxb-core-4.0.2.jar;C:\Users\alumno\.m2\repository\org\eclipse\angus\angus-activation\2.0.0\angus-activation-2.0.0.jar;C:\Users\alumno\.m2\repository\org\glassfish\jaxb\txw2\4.0.2\txw2-4.0.2.jar;C:\Users\alumno\.m2\repository\com\sun\istack\istack-commons-runtime\4.1.1\istack-commons-runtime-4.1.1.jar;C:\Users\alumno\.m2\repository\jakarta\inject\jakarta.inject-api\2.0.1\jakarta.inject-api-2.0.1.jar;C:\Users\alumno\.m2\repository\org\antlr\antlr4-runtime\4.13.0\antlr4-runtime-4.13.0.jar;C:\Users\alumno\.m2\repository\com\mysql\mysql-connector-j\8.4.0\mysql-connector-j-8.4.0.jar;C:\Users\alumno\.m2\repository\com\google\protobuf\protobuf-java\3.25.1\protobuf-java-3.25.1.jar;C:\Users\alumno\.m2\repository\jakarta\persistence\jakarta.persistence-api\3.1.0\jakarta.persistence-api-3.1.0.jar;C:\Users\alumno\.m2\repository\org\junit\jupiter\junit-jupiter\5.10.1\junit-jupiter-5.10.1.jar;C:\Users\alumno\.m2\repository\org\junit\jupiter\junit-jupiter-api\5.10.1\junit-jupiter-api-5.10.1.jar;C:\Users\alumno\.m2\repository\org\opentest4j\opentest4j\1.3.0\opentest4j-1.3.0.jar;C:\Users\alumno\.m2\repository\org\junit\platform\junit-platform-commons\1.10.1\junit-platform-commons-1.10.1.jar;C:\Users\alumno\.m2\repository\org\apiguardian\apiguardian-api\1.1.2\apiguardian-api-1.1.2.jar;C:\Users\alumno\.m2\repository\org\junit\jupiter\junit-jupiter-params\5.10.1\junit-jupiter-params-5.10.1.jar;C:\Users\alumno\.m2\repository\org\junit\jupiter\junit-jupiter-engine\5.10.1\junit-jupiter-engine-5.10.1.jar;C:\Users\alumno\.m2\repository\org\junit\platform\junit-platform-engine\1.10.1\junit-platform-engine-1.10.1.jar;C:\Users\alumno\.m2\repository\org\apache\logging\log4j\log4j-api\2.13.0\log4j-api-2.13.0.jar;C:\Users\alumno\.m2\repository\org\apache\logging\log4j\log4j-core\2.13.0\log4j-core-2.13.0.jar;C:\Users\alumno\.m2\repository\com\google\code\gson\gson\2.10.1\gson-2.10.1.jar;C:\Users\alumno\Desktop\sts-4.31.0.RELEASE\configuration\org.eclipse.osgi\272\0\.cp;C:\Users\alumno\Desktop\sts-4.31.0.RELEASE\configuration\org.eclipse.osgi\270\0\.cp, java.vm.vendor=Oracle Corporation, sun.arch.data.model=64, user.variant=, java.vendor.url=https://java.oracle.com/, user.timezone=Europe/Madrid, org.apache.logging.log4j.assignedSequences=4865, java.vm.specification.version=21, os.name=Windows 11, sun.java.launcher=SUN_STANDARD, user.country=ES, sun.boot.library.path=C:\Program Files\Java\jdk-21\bin, sun.java.command=org.eclipse.jdt.internal.junit.runner.RemoteTestRunner -version 3 -port 61705 -testLoaderClass org.eclipse.jdt.internal.junit5.runner.JUnit5TestLoader -loaderpluginname org.eclipse.jdt.junit5.runtime -classNames TestPersona, jdk.debug=release, sun.cpu.endian=little, user.home=C:\Users\alumno, user.language=es, java.specification.vendor=Oracle Corporation, java.version.date=2025-07-15, java.home=C:\Program Files\Java\jdk-21, file.separator=\, java.vm.compressedOopsMode=Zero based, line.separator=
, java.vm.specification.vendor=Oracle Corporation, java.specification.name=Java Platform API Specification, hibernate.hbm2ddl.auto=update, user.script=, sun.management.compiler=HotSpot 64-Bit Tiered Compilers, java.runtime.version=21.0.8+12-LTS-250, user.name=alumno, stdout.encoding=UTF-8, path.separator=;, hibernate.connection.username=****, os.version=10.0, java.runtime.name=Java(TM) SE Runtime Environment, hibernate.connection.url=jdbc:mysql://localhost:3307/accesoDatosDAM?useSSL=false&serverTimezone=UTC, file.encoding=UTF-8, java.vm.name=Java HotSpot(TM) 64-Bit Server VM, hibernate.show_sql=true, hibernate.connection.driver_class=com.mysql.cj.jdbc.Driver, java.vendor.url.bug=https://bugreport.java.com/bugreport/, java.io.tmpdir=C:\Users\alumno\AppData\Local\Temp\, java.version=21.0.8, user.dir=C:\Users\alumno\Desktop\SegundoDAM\Acceso a Datos\Hibernate, os.arch=amd64, java.vm.specification.name=Java Virtual Machine Specification, hibernate.connection.password=****, sun.os.patch.level=, hibernate.boot.CfgXmlAccessService.key=org.hibernate.boot.cfgxml.spi.LoadedConfig@41f4039e, native.encoding=Cp1252, java.library.path=C:\Program Files\Java\jdk-21\bin;C:\WINDOWS\Sun\Java\bin;C:\WINDOWS\system32;C:\WINDOWS;C:/Users/alumno/Desktop/sts-4.31.0.RELEASE//plugins/org.eclipse.justj.openjdk.hotspot.jre.full.win32.x86_64_21.0.7.v20250502-0916/jre/bin/server;C:/Users/alumno/Desktop/sts-4.31.0.RELEASE//plugins/org.eclipse.justj.openjdk.hotspot.jre.full.win32.x86_64_21.0.7.v20250502-0916/jre/bin;C:\Program Files\Common Files\Oracle\Java\javapath;C:\WINDOWS\system32;C:\WINDOWS;C:\WINDOWS\System32\Wbem;C:\WINDOWS\System32\WindowsPowerShell\v1.0\;C:\WINDOWS\System32\OpenSSH\;C:\Program Files\nodejs\;C:\Program Files\Docker\Docker\resources\bin;C:\Users\alumno\AppData\Local\Programs\Python\Python311\Scripts\;C:\Users\alumno\AppData\Local\Programs\Python\Python311\;C:\Users\alumno\AppData\Local\Programs\Python\Python313\Scripts\;C:\Users\alumno\AppData\Local\Programs\Python\Python313\;C:\Users\alumno\AppData\Local\Programs\Python\Launcher\;C:\Users\alumno\AppData\Local\Programs\Python\Python314\Scripts\;C:\Users\alumno\AppData\Local\Programs\Python\Python314\;C:\Users\alumno\AppData\Local\Microsoft\WindowsApps;C:\Users\alumno\AppData\Local\GitHubDesktop\bin;C:\Users\alumno\AppData\Local\Programs\Git\cmd;C:\Users\alumno\AppData\Local\Programs\Microsoft VS Code\bin;C:\Users\alumno\AppData\Local\Python\bin;C:\Users\alumno\AppData\Roaming\npm;C:\Users\alumno\Desktop\sts-4.31.0.RELEASE;;., stderr.encoding=UTF-8, java.vendor=Oracle Corporation, java.vm.info=mixed mode, sharing, java.vm.version=21.0.8+12-LTS-250, sun.io.unicode.encoding=UnicodeLittle, java.class.version=65.0}
2026-01-14 13:27:49.035 [main] DEBUG org.hibernate.internal.SessionFactoryImpl - Session factory constructed with filter configurations : {}
2026-01-14 13:27:49.065 [main] DEBUG org.hibernate.query.sqm.function.SqmFunctionRegistry - Registered SqmFunctionTemplate [NamedSqmFunctionTemplate(max)] under max; prior registration was null
2026-01-14 13:27:49.065 [main] DEBUG org.hibernate.query.sqm.function.SqmFunctionRegistry - Registered SqmFunctionTemplate [NamedSqmFunctionTemplate(min)] under min; prior registration was null
2026-01-14 13:27:49.065 [main] DEBUG org.hibernate.query.sqm.function.SqmFunctionRegistry - Registered SqmFunctionTemplate [NamedSqmFunctionTemplate(sum)] under sum; prior registration was null
2026-01-14 13:27:49.065 [main] DEBUG org.hibernate.query.sqm.function.SqmFunctionRegistry - Registered SqmFunctionTemplate [NamedSqmFunctionTemplate(avg)] under avg; prior registration was null
2026-01-14 13:27:49.066 [main] DEBUG org.hibernate.query.sqm.function.SqmFunctionRegistry - Registered SqmFunctionTemplate [org.hibernate.dialect.function.CountFunction@66e17eff] under count; prior registration was null
2026-01-14 13:27:49.067 [main] DEBUG org.hibernate.query.sqm.function.SqmFunctionRegistry - Registered SqmFunctionTemplate [org.hibernate.dialect.function.EveryAnyEmulation@7069f076] under every; prior registration was null
2026-01-14 13:27:49.067 [main] DEBUG org.hibernate.query.sqm.function.SqmFunctionRegistry - Registered SqmFunctionTemplate [org.hibernate.dialect.function.EveryAnyEmulation@4a070cf0] under any; prior registration was null
2026-01-14 13:27:49.067 [main] DEBUG org.hibernate.query.sqm.function.SqmFunctionRegistry - Registered SqmFunctionTemplate [NamedSqmFunctionTemplate(floor)] under floor; prior registration was null
2026-01-14 13:27:49.067 [main] DEBUG org.hibernate.query.sqm.function.SqmFunctionRegistry - Registered SqmFunctionTemplate [NamedSqmFunctionTemplate(ceiling)] under ceiling; prior registration was null
2026-01-14 13:27:49.067 [main] DEBUG org.hibernate.query.sqm.function.SqmFunctionRegistry - Registered SqmFunctionTemplate [NamedSqmFunctionTemplate(mod)] under mod; prior registration was null
2026-01-14 13:27:49.067 [main] DEBUG org.hibernate.query.sqm.function.SqmFunctionRegistry - Registered SqmFunctionTemplate [NamedSqmFunctionTemplate(abs)] under abs; prior registration was null
2026-01-14 13:27:49.067 [main] DEBUG org.hibernate.query.sqm.function.SqmFunctionRegistry - Registered SqmFunctionTemplate [NamedSqmFunctionTemplate(sign)] under sign; prior registration was null
2026-01-14 13:27:49.067 [main] DEBUG org.hibernate.query.sqm.function.SqmFunctionRegistry - Registered SqmFunctionTemplate [NamedSqmFunctionTemplate(sqrt)] under sqrt; prior registration was null
2026-01-14 13:27:49.067 [main] DEBUG org.hibernate.query.sqm.function.SqmFunctionRegistry - Registered SqmFunctionTemplate [NamedSqmFunctionTemplate(ln)] under ln; prior registration was null
2026-01-14 13:27:49.067 [main] DEBUG org.hibernate.query.sqm.function.SqmFunctionRegistry - Registered SqmFunctionTemplate [NamedSqmFunctionTemplate(exp)] under exp; prior registration was null
2026-01-14 13:27:49.067 [main] DEBUG org.hibernate.query.sqm.function.SqmFunctionRegistry - Registered SqmFunctionTemplate [NamedSqmFunctionTemplate(power)] under power; prior registration was null
2026-01-14 13:27:49.067 [main] DEBUG org.hibernate.query.sqm.function.SqmFunctionRegistry - Registered SqmFunctionTemplate [NamedSqmFunctionTemplate(round)] under round; prior registration was null
2026-01-14 13:27:49.067 [main] DEBUG org.hibernate.query.sqm.function.SqmFunctionRegistry - Registered SqmFunctionTemplate [NamedSqmFunctionTemplate(sin)] under sin; prior registration was null
2026-01-14 13:27:49.067 [main] DEBUG org.hibernate.query.sqm.function.SqmFunctionRegistry - Registered SqmFunctionTemplate [NamedSqmFunctionTemplate(cos)] under cos; prior registration was null
2026-01-14 13:27:49.067 [main] DEBUG org.hibernate.query.sqm.function.SqmFunctionRegistry - Registered SqmFunctionTemplate [NamedSqmFunctionTemplate(tan)] under tan; prior registration was null
2026-01-14 13:27:49.067 [main] DEBUG org.hibernate.query.sqm.function.SqmFunctionRegistry - Registered SqmFunctionTemplate [NamedSqmFunctionTemplate(asin)] under asin; prior registration was null
2026-01-14 13:27:49.067 [main] DEBUG org.hibernate.query.sqm.function.SqmFunctionRegistry - Registered SqmFunctionTemplate [NamedSqmFunctionTemplate(acos)] under acos; prior registration was null
2026-01-14 13:27:49.067 [main] DEBUG org.hibernate.query.sqm.function.SqmFunctionRegistry - Registered SqmFunctionTemplate [NamedSqmFunctionTemplate(atan)] under atan; prior registration was null
2026-01-14 13:27:49.069 [main] DEBUG org.hibernate.query.sqm.function.SqmFunctionRegistry - Registered SqmFunctionTemplate [NamedSqmFunctionTemplate(atan2)] under atan2; prior registration was null
2026-01-14 13:27:49.069 [main] DEBUG org.hibernate.query.sqm.function.SqmFunctionRegistry - Registered SqmFunctionTemplate [org.hibernate.query.sqm.function.PatternBasedSqmFunctionDescriptor@6367a688] under sinh; prior registration was null
2026-01-14 13:27:49.070 [main] DEBUG org.hibernate.query.sqm.function.SqmFunctionRegistry - Registered SqmFunctionTemplate [org.hibernate.query.sqm.function.PatternBasedSqmFunctionDescriptor@319642db] under cosh; prior registration was null
2026-01-14 13:27:49.070 [main] DEBUG org.hibernate.query.sqm.function.SqmFunctionRegistry - Registered SqmFunctionTemplate [org.hibernate.query.sqm.function.PatternBasedSqmFunctionDescriptor@59498d94] under tanh; prior registration was null
2026-01-14 13:27:49.070 [main] DEBUG org.hibernate.query.sqm.function.SqmFunctionRegistry - Registered SqmFunctionTemplate [org.hibernate.query.sqm.function.PatternBasedSqmFunctionDescriptor@35bfa1bb] under pi; prior registration was null
2026-01-14 13:27:49.070 [main] DEBUG org.hibernate.query.sqm.function.SqmFunctionRegistry - Registered SqmFunctionTemplate [org.hibernate.query.sqm.function.PatternBasedSqmFunctionDescriptor@6b321262] under log; prior registration was null
2026-01-14 13:27:49.070 [main] DEBUG org.hibernate.query.sqm.function.SqmFunctionRegistry - Registered SqmFunctionTemplate [NamedSqmFunctionTemplate(coalesce)] under coalesce; prior registration was null
2026-01-14 13:27:49.070 [main] DEBUG org.hibernate.query.sqm.function.SqmFunctionRegistry - Registered SqmFunctionTemplate [NamedSqmFunctionTemplate(nullif)] under nullif; prior registration was null
2026-01-14 13:27:49.070 [main] DEBUG org.hibernate.query.sqm.function.SqmFunctionRegistry - Registered SqmFunctionTemplate [NamedSqmFunctionTemplate(left)] under left; prior registration was null
2026-01-14 13:27:49.070 [main] DEBUG org.hibernate.query.sqm.function.SqmFunctionRegistry - Registered SqmFunctionTemplate [NamedSqmFunctionTemplate(right)] under right; prior registration was null
2026-01-14 13:27:49.070 [main] DEBUG org.hibernate.query.sqm.function.SqmFunctionRegistry - Registered SqmFunctionTemplate [NamedSqmFunctionTemplate(replace)] under replace; prior registration was null
2026-01-14 13:27:49.070 [main] DEBUG org.hibernate.query.sqm.function.SqmFunctionRegistry - Registered SqmFunctionTemplate [NamedSqmFunctionTemplate(concat)] under concat; prior registration was null
2026-01-14 13:27:49.070 [main] DEBUG org.hibernate.query.sqm.function.SqmFunctionRegistry - Registered SqmFunctionTemplate [NamedSqmFunctionTemplate(lower)] under lower; prior registration was null
2026-01-14 13:27:49.070 [main] DEBUG org.hibernate.query.sqm.function.SqmFunctionRegistry - Registered SqmFunctionTemplate [NamedSqmFunctionTemplate(upper)] under upper; prior registration was null
2026-01-14 13:27:49.070 [main] DEBUG org.hibernate.query.sqm.function.SqmFunctionRegistry - Registered SqmFunctionTemplate [NamedSqmFunctionTemplate(substring)] under substring; prior registration was null
2026-01-14 13:27:49.071 [main] DEBUG org.hibernate.query.sqm.function.SqmFunctionRegistry - Registered SqmFunctionTemplate [NamedSqmFunctionTemplate(locate)] under locate; prior registration was null
2026-01-14 13:27:49.071 [main] DEBUG org.hibernate.query.sqm.function.SqmFunctionRegistry - Registered SqmFunctionTemplate [NamedSqmFunctionTemplate(character_length)] under character_length; prior registration was null
2026-01-14 13:27:49.071 [main] DEBUG org.hibernate.query.sqm.function.SqmFunctionRegistry - Registering alternate key : length -> character_length
2026-01-14 13:27:49.071 [main] DEBUG org.hibernate.query.sqm.function.SqmFunctionRegistry - Registered SqmFunctionTemplate [org.hibernate.dialect.function.LocatePositionEmulation@1af4955e] under position; prior registration was null
2026-01-14 13:27:49.073 [main] DEBUG org.hibernate.query.sqm.function.SqmFunctionRegistry - Registered SqmFunctionTemplate [org.hibernate.dialect.function.InsertSubstringOverlayEmulation@2282400e] under overlay; prior registration was null
2026-01-14 13:27:49.073 [main] DEBUG org.hibernate.query.sqm.function.SqmFunctionRegistry - Registered SqmFunctionTemplate [org.hibernate.dialect.function.TrimFunction@3d615b2e] under trim; prior registration was null
2026-01-14 13:27:49.073 [main] DEBUG org.hibernate.query.sqm.function.SqmFunctionRegistry - Registered SqmFunctionTemplate [org.hibernate.dialect.function.CastFunction@5efeb117] under cast; prior registration was null
2026-01-14 13:27:49.073 [main] DEBUG org.hibernate.query.sqm.function.SqmFunctionRegistry - Registered SqmFunctionTemplate [org.hibernate.query.sqm.function.PatternBasedSqmFunctionDescriptor@160b4809] under collate; prior registration was null
2026-01-14 13:27:49.074 [main] DEBUG org.hibernate.query.sqm.function.SqmFunctionRegistry - Registered SqmFunctionTemplate [org.hibernate.dialect.function.ExtractFunction@114a5e0] under extract; prior registration was null
2026-01-14 13:27:49.074 [main] DEBUG org.hibernate.query.sqm.function.SqmFunctionRegistry - Registered SqmFunctionTemplate [NamedSqmFunctionTemplate(least)] under least; prior registration was null
2026-01-14 13:27:49.074 [main] DEBUG org.hibernate.query.sqm.function.SqmFunctionRegistry - Registered SqmFunctionTemplate [NamedSqmFunctionTemplate(greatest)] under greatest; prior registration was null
2026-01-14 13:27:49.074 [main] DEBUG org.hibernate.query.sqm.function.SqmFunctionRegistry - Registered SqmFunctionTemplate [org.hibernate.dialect.function.CoalesceIfnullEmulation@2bb41f5c] under ifnull; prior registration was null
2026-01-14 13:27:49.074 [main] DEBUG org.hibernate.query.sqm.function.SqmFunctionRegistry - Registered SqmFunctionTemplate [NamedSqmFunctionTemplate(lpad)] under lpad; prior registration was null
2026-01-14 13:27:49.074 [main] DEBUG org.hibernate.query.sqm.function.SqmFunctionRegistry - Registered SqmFunctionTemplate [NamedSqmFunctionTemplate(rpad)] under rpad; prior registration was null
2026-01-14 13:27:49.075 [main] DEBUG org.hibernate.query.sqm.function.SqmFunctionRegistry - Registered SqmFunctionTemplate [org.hibernate.dialect.function.LpadRpadPadEmulation@251c4280] under pad; prior registration was null
2026-01-14 13:27:49.075 [main] DEBUG org.hibernate.query.sqm.function.SqmFunctionRegistry - Registered SqmFunctionTemplate [org.hibernate.dialect.function.CastStrEmulation@5f61371d] under str; prior registration was null
2026-01-14 13:27:49.076 [main] DEBUG org.hibernate.query.sqm.function.SqmFunctionRegistry - Registered SqmFunctionTemplate [org.hibernate.dialect.function.FormatFunction@3dce6dd8] under format; prior registration was null
2026-01-14 13:27:49.076 [main] DEBUG org.hibernate.query.sqm.function.SqmFunctionRegistry - Registered SqmFunctionTemplate [org.hibernate.dialect.function.TimestampaddFunction@45292ec1] under timestampadd; prior registration was null
2026-01-14 13:27:49.076 [main] DEBUG org.hibernate.query.sqm.function.SqmFunctionRegistry - Registered SqmFunctionTemplate [org.hibernate.dialect.function.TimestampdiffFunction@656a3d6b] under timestampdiff; prior registration was null
2026-01-14 13:27:49.076 [main] DEBUG org.hibernate.query.sqm.function.SqmFunctionRegistry - Registering alternate key : dateadd -> timestampadd
2026-01-14 13:27:49.076 [main] DEBUG org.hibernate.query.sqm.function.SqmFunctionRegistry - Registering alternate key : datediff -> timestampdiff
2026-01-14 13:27:49.077 [main] DEBUG org.hibernate.query.sqm.function.SqmFunctionRegistry - Registered SqmFunctionTemplate [org.hibernate.dialect.function.CurrentFunction@61191222] under current_date; prior registration was null
2026-01-14 13:27:49.077 [main] DEBUG org.hibernate.query.sqm.function.SqmFunctionRegistry - Registered SqmFunctionTemplate [org.hibernate.dialect.function.CurrentFunction@58833798] under current_time; prior registration was null
2026-01-14 13:27:49.077 [main] DEBUG org.hibernate.query.sqm.function.SqmFunctionRegistry - Registered SqmFunctionTemplate [org.hibernate.dialect.function.CurrentFunction@7f3ca64a] under current_timestamp; prior registration was null
2026-01-14 13:27:49.077 [main] DEBUG org.hibernate.query.sqm.function.SqmFunctionRegistry - Registering alternate key : current date -> current_date
2026-01-14 13:27:49.077 [main] DEBUG org.hibernate.query.sqm.function.SqmFunctionRegistry - Registering alternate key : current time -> current_time
2026-01-14 13:27:49.077 [main] DEBUG org.hibernate.query.sqm.function.SqmFunctionRegistry - Registering alternate key : current timestamp -> current_timestamp
2026-01-14 13:27:49.077 [main] DEBUG org.hibernate.query.sqm.function.SqmFunctionRegistry - Registered SqmFunctionTemplate [org.hibernate.dialect.function.CurrentFunction@4d464510] under local_date; prior registration was null
2026-01-14 13:27:49.077 [main] DEBUG org.hibernate.query.sqm.function.SqmFunctionRegistry - Registered SqmFunctionTemplate [org.hibernate.dialect.function.CurrentFunction@64e7d698] under local_time; prior registration was null
2026-01-14 13:27:49.077 [main] DEBUG org.hibernate.query.sqm.function.SqmFunctionRegistry - Registered SqmFunctionTemplate [org.hibernate.dialect.function.CurrentFunction@2519026b] under local_datetime; prior registration was null
2026-01-14 13:27:49.077 [main] DEBUG org.hibernate.query.sqm.function.SqmFunctionRegistry - Registered SqmFunctionTemplate [org.hibernate.dialect.function.CurrentFunction@3f8dfe74] under offset_datetime; prior registration was null
2026-01-14 13:27:49.077 [main] DEBUG org.hibernate.query.sqm.function.SqmFunctionRegistry - Registering alternate key : local date -> local_date
2026-01-14 13:27:49.077 [main] DEBUG org.hibernate.query.sqm.function.SqmFunctionRegistry - Registering alternate key : local time -> local_time
2026-01-14 13:27:49.077 [main] DEBUG org.hibernate.query.sqm.function.SqmFunctionRegistry - Registering alternate key : local datetime -> local_datetime
2026-01-14 13:27:49.077 [main] DEBUG org.hibernate.query.sqm.function.SqmFunctionRegistry - Registering alternate key : offset datetime -> offset_datetime
2026-01-14 13:27:49.077 [main] DEBUG org.hibernate.query.sqm.function.SqmFunctionRegistry - Registered SqmFunctionTemplate [org.hibernate.dialect.function.CurrentFunction@401c4250] under instant; prior registration was null
2026-01-14 13:27:49.077 [main] DEBUG org.hibernate.query.sqm.function.SqmFunctionRegistry - Registering alternate key : current_instant -> instant
2026-01-14 13:27:49.077 [main] DEBUG org.hibernate.query.sqm.function.SqmFunctionRegistry - Registered SqmFunctionTemplate [org.hibernate.dialect.function.SqlFunction@570ba13] under sql; prior registration was null
2026-01-14 13:27:49.077 [main] DEBUG org.hibernate.query.sqm.function.SqmFunctionRegistry - Registered SqmFunctionTemplate [NamedSqmFunctionTemplate(soundex)] under soundex; prior registration was null
2026-01-14 13:27:49.078 [main] DEBUG org.hibernate.query.sqm.function.SqmFunctionRegistry - Registered SqmFunctionTemplate [NamedSqmFunctionTemplate(radians)] under radians; prior registration was null
2026-01-14 13:27:49.078 [main] DEBUG org.hibernate.query.sqm.function.SqmFunctionRegistry - Registered SqmFunctionTemplate [NamedSqmFunctionTemplate(degrees)] under degrees; prior registration was null
2026-01-14 13:27:49.078 [main] DEBUG org.hibernate.query.sqm.function.SqmFunctionRegistry - Registered SqmFunctionTemplate [NamedSqmFunctionTemplate(cot)] under cot; prior registration was null
2026-01-14 13:27:49.078 [main] DEBUG org.hibernate.query.sqm.function.SqmFunctionRegistry - Registered SqmFunctionTemplate [NamedSqmFunctionTemplate(log)] under log; prior registration was org.hibernate.query.sqm.function.PatternBasedSqmFunctionDescriptor@6b321262
2026-01-14 13:27:49.078 [main] DEBUG org.hibernate.query.sqm.function.SqmFunctionRegistry - Registered SqmFunctionTemplate [NamedSqmFunctionTemplate(log2)] under log2; prior registration was null
2026-01-14 13:27:49.078 [main] DEBUG org.hibernate.query.sqm.function.SqmFunctionRegistry - Registered SqmFunctionTemplate [NamedSqmFunctionTemplate(log10)] under log10; prior registration was null
2026-01-14 13:27:49.078 [main] DEBUG org.hibernate.query.sqm.function.SqmFunctionRegistry - Registered SqmFunctionTemplate [NamedSqmFunctionTemplate(ltrim)] under ltrim; prior registration was null
2026-01-14 13:27:49.078 [main] DEBUG org.hibernate.query.sqm.function.SqmFunctionRegistry - Registered SqmFunctionTemplate [NamedSqmFunctionTemplate(rtrim)] under rtrim; prior registration was null
2026-01-14 13:27:49.078 [main] DEBUG org.hibernate.query.sqm.function.SqmFunctionRegistry - Registered SqmFunctionTemplate [NamedSqmFunctionTemplate(octet_length)] under octet_length; prior registration was null
2026-01-14 13:27:49.078 [main] DEBUG org.hibernate.query.sqm.function.SqmFunctionRegistry - Registered SqmFunctionTemplate [NamedSqmFunctionTemplate(reverse)] under reverse; prior registration was null
2026-01-14 13:27:49.078 [main] DEBUG org.hibernate.query.sqm.function.SqmFunctionRegistry - Registered SqmFunctionTemplate [NamedSqmFunctionTemplate(space)] under space; prior registration was null
2026-01-14 13:27:49.078 [main] DEBUG org.hibernate.query.sqm.function.SqmFunctionRegistry - Registered SqmFunctionTemplate [NamedSqmFunctionTemplate(repeat)] under repeat; prior registration was null
2026-01-14 13:27:49.078 [main] DEBUG org.hibernate.query.sqm.function.SqmFunctionRegistry - Registered SqmFunctionTemplate [org.hibernate.query.sqm.function.MultipatternSqmFunctionDescriptor@16f0ec18] under lpad; prior registration was NamedSqmFunctionTemplate(lpad)
2026-01-14 13:27:49.078 [main] DEBUG org.hibernate.query.sqm.function.SqmFunctionRegistry - Registered SqmFunctionTemplate [org.hibernate.query.sqm.function.MultipatternSqmFunctionDescriptor@6c977dcf] under rpad; prior registration was NamedSqmFunctionTemplate(rpad)
2026-01-14 13:27:49.078 [main] DEBUG org.hibernate.query.sqm.function.SqmFunctionRegistry - Registered SqmFunctionTemplate [NamedSqmFunctionTemplate(md5)] under md5; prior registration was null
2026-01-14 13:27:49.078 [main] DEBUG org.hibernate.query.sqm.function.SqmFunctionRegistry - Registered SqmFunctionTemplate [NamedSqmFunctionTemplate(day)] under day; prior registration was null
2026-01-14 13:27:49.078 [main] DEBUG org.hibernate.query.sqm.function.SqmFunctionRegistry - Registered SqmFunctionTemplate [NamedSqmFunctionTemplate(month)] under month; prior registration was null
2026-01-14 13:27:49.078 [main] DEBUG org.hibernate.query.sqm.function.SqmFunctionRegistry - Registered SqmFunctionTemplate [NamedSqmFunctionTemplate(year)] under year; prior registration was null
2026-01-14 13:27:49.078 [main] DEBUG org.hibernate.query.sqm.function.SqmFunctionRegistry - Registered SqmFunctionTemplate [NamedSqmFunctionTemplate(hour)] under hour; prior registration was null
2026-01-14 13:27:49.078 [main] DEBUG org.hibernate.query.sqm.function.SqmFunctionRegistry - Registered SqmFunctionTemplate [NamedSqmFunctionTemplate(minute)] under minute; prior registration was null
2026-01-14 13:27:49.079 [main] DEBUG org.hibernate.query.sqm.function.SqmFunctionRegistry - Registered SqmFunctionTemplate [NamedSqmFunctionTemplate(second)] under second; prior registration was null
2026-01-14 13:27:49.079 [main] DEBUG org.hibernate.query.sqm.function.SqmFunctionRegistry - Registered SqmFunctionTemplate [NamedSqmFunctionTemplate(microsecond)] under microsecond; prior registration was null
2026-01-14 13:27:49.079 [main] DEBUG org.hibernate.query.sqm.function.SqmFunctionRegistry - Registered SqmFunctionTemplate [NamedSqmFunctionTemplate(dayofweek)] under dayofweek; prior registration was null
2026-01-14 13:27:49.079 [main] DEBUG org.hibernate.query.sqm.function.SqmFunctionRegistry - Registered SqmFunctionTemplate [NamedSqmFunctionTemplate(dayofmonth)] under dayofmonth; prior registration was null
2026-01-14 13:27:49.079 [main] DEBUG org.hibernate.query.sqm.function.SqmFunctionRegistry - Registering alternate key : day -> dayofmonth
2026-01-14 13:27:49.079 [main] DEBUG org.hibernate.query.sqm.function.SqmFunctionRegistry - Registered SqmFunctionTemplate [NamedSqmFunctionTemplate(dayofyear)] under dayofyear; prior registration was null
2026-01-14 13:27:49.079 [main] DEBUG org.hibernate.query.sqm.function.SqmFunctionRegistry - Registered SqmFunctionTemplate [NamedSqmFunctionTemplate(week)] under week; prior registration was null
2026-01-14 13:27:49.079 [main] DEBUG org.hibernate.query.sqm.function.SqmFunctionRegistry - Registered SqmFunctionTemplate [NamedSqmFunctionTemplate(quarter)] under quarter; prior registration was null
2026-01-14 13:27:49.079 [main] DEBUG org.hibernate.query.sqm.function.SqmFunctionRegistry - Registered SqmFunctionTemplate [NamedSqmFunctionTemplate(monthname)] under monthname; prior registration was null
2026-01-14 13:27:49.079 [main] DEBUG org.hibernate.query.sqm.function.SqmFunctionRegistry - Registered SqmFunctionTemplate [NamedSqmFunctionTemplate(dayname)] under dayname; prior registration was null
2026-01-14 13:27:49.079 [main] DEBUG org.hibernate.query.sqm.function.SqmFunctionRegistry - Registered SqmFunctionTemplate [NamedSqmFunctionTemplate(last_day)] under last_day; prior registration was null
2026-01-14 13:27:49.079 [main] DEBUG org.hibernate.query.sqm.function.SqmFunctionRegistry - Registered SqmFunctionTemplate [NamedSqmFunctionTemplate(date)] under date; prior registration was null
2026-01-14 13:27:49.079 [main] DEBUG org.hibernate.query.sqm.function.SqmFunctionRegistry - Registered SqmFunctionTemplate [NamedSqmFunctionTemplate(timestamp)] under timestamp; prior registration was null
2026-01-14 13:27:49.079 [main] DEBUG org.hibernate.query.sqm.function.SqmFunctionRegistry - Registered SqmFunctionTemplate [NamedSqmFunctionTemplate(time)] under time; prior registration was null
2026-01-14 13:27:49.079 [main] DEBUG org.hibernate.query.sqm.function.SqmFunctionRegistry - Registered SqmFunctionTemplate [NamedSqmFunctionTemplate(utc_date)] under utc_date; prior registration was null
2026-01-14 13:27:49.079 [main] DEBUG org.hibernate.query.sqm.function.SqmFunctionRegistry - Registered SqmFunctionTemplate [NamedSqmFunctionTemplate(utc_time)] under utc_time; prior registration was null
2026-01-14 13:27:49.079 [main] DEBUG org.hibernate.query.sqm.function.SqmFunctionRegistry - Registered SqmFunctionTemplate [NamedSqmFunctionTemplate(utc_timestamp)] under utc_timestamp; prior registration was null
2026-01-14 13:27:49.079 [main] DEBUG org.hibernate.query.sqm.function.SqmFunctionRegistry - Registered SqmFunctionTemplate [NamedSqmFunctionTemplate(rand)] under rand; prior registration was null
2026-01-14 13:27:49.079 [main] DEBUG org.hibernate.query.sqm.function.SqmFunctionRegistry - Registered SqmFunctionTemplate [NamedSqmFunctionTemplate(crc32)] under crc32; prior registration was null
2026-01-14 13:27:49.079 [main] DEBUG org.hibernate.query.sqm.function.SqmFunctionRegistry - Registered SqmFunctionTemplate [NamedSqmFunctionTemplate(sha1)] under sha1; prior registration was null
2026-01-14 13:27:49.079 [main] DEBUG org.hibernate.query.sqm.function.SqmFunctionRegistry - Registered SqmFunctionTemplate [NamedSqmFunctionTemplate(sha2)] under sha2; prior registration was null
2026-01-14 13:27:49.079 [main] DEBUG org.hibernate.query.sqm.function.SqmFunctionRegistry - Registered SqmFunctionTemplate [NamedSqmFunctionTemplate(sha)] under sha; prior registration was null
2026-01-14 13:27:49.080 [main] DEBUG org.hibernate.query.sqm.function.SqmFunctionRegistry - Registered SqmFunctionTemplate [NamedSqmFunctionTemplate(bit_length)] under bit_length; prior registration was null
2026-01-14 13:27:49.080 [main] DEBUG org.hibernate.query.sqm.function.SqmFunctionRegistry - Registered SqmFunctionTemplate [NamedSqmFunctionTemplate(octet_length)] under octet_length; prior registration was NamedSqmFunctionTemplate(octet_length)
2026-01-14 13:27:49.080 [main] DEBUG org.hibernate.query.sqm.function.SqmFunctionRegistry - Registered SqmFunctionTemplate [NamedSqmFunctionTemplate(ascii)] under ascii; prior registration was null
2026-01-14 13:27:49.080 [main] DEBUG org.hibernate.query.sqm.function.SqmFunctionRegistry - Registered SqmFunctionTemplate [NamedSqmFunctionTemplate(instr)] under instr; prior registration was null
2026-01-14 13:27:49.080 [main] DEBUG org.hibernate.query.sqm.function.SqmFunctionRegistry - Registered SqmFunctionTemplate [NamedSqmFunctionTemplate(substr)] under substr; prior registration was null
2026-01-14 13:27:49.080 [main] DEBUG org.hibernate.query.sqm.function.SqmFunctionRegistry - Registered SqmFunctionTemplate [org.hibernate.query.sqm.function.PatternBasedSqmFunctionDescriptor@661d6bb6] under position; prior registration was org.hibernate.dialect.function.LocatePositionEmulation@1af4955e
2026-01-14 13:27:49.080 [main] DEBUG org.hibernate.query.sqm.function.SqmFunctionRegistry - Registered SqmFunctionTemplate [NamedSqmFunctionTemplate(curtime)] under curtime; prior registration was null
2026-01-14 13:27:49.080 [main] DEBUG org.hibernate.query.sqm.function.SqmFunctionRegistry - Registered SqmFunctionTemplate [NamedSqmFunctionTemplate(curdate)] under curdate; prior registration was null
2026-01-14 13:27:49.080 [main] DEBUG org.hibernate.query.sqm.function.SqmFunctionRegistry - Registered SqmFunctionTemplate [NamedSqmFunctionTemplate(now)] under now; prior registration was null
2026-01-14 13:27:49.086 [main] DEBUG org.hibernate.query.sqm.function.SqmFunctionRegistry - Registered SqmFunctionTemplate [org.hibernate.dialect.function.TruncFunction@1e3f0aea] under trunc; prior registration was null
2026-01-14 13:27:49.086 [main] DEBUG org.hibernate.query.sqm.function.SqmFunctionRegistry - Registering alternate key : truncate -> trunc
2026-01-14 13:27:49.086 [main] DEBUG org.hibernate.query.sqm.function.SqmFunctionRegistry - Registered SqmFunctionTemplate [NamedSqmFunctionTemplate(insert)] under insert; prior registration was null
2026-01-14 13:27:49.086 [main] DEBUG org.hibernate.query.sqm.function.SqmFunctionRegistry - Registered SqmFunctionTemplate [org.hibernate.query.sqm.function.PatternBasedSqmFunctionDescriptor@48268eec] under bitand; prior registration was null
2026-01-14 13:27:49.086 [main] DEBUG org.hibernate.query.sqm.function.SqmFunctionRegistry - Registered SqmFunctionTemplate [org.hibernate.query.sqm.function.PatternBasedSqmFunctionDescriptor@69a024a0] under bitor; prior registration was null
2026-01-14 13:27:49.087 [main] DEBUG org.hibernate.query.sqm.function.SqmFunctionRegistry - Registered SqmFunctionTemplate [org.hibernate.query.sqm.function.PatternBasedSqmFunctionDescriptor@4bf80c29] under bitxor; prior registration was null
2026-01-14 13:27:49.087 [main] DEBUG org.hibernate.query.sqm.function.SqmFunctionRegistry - Registered SqmFunctionTemplate [org.hibernate.query.sqm.function.PatternBasedSqmFunctionDescriptor@2d7637e6] under bitnot; prior registration was null
2026-01-14 13:27:49.087 [main] DEBUG org.hibernate.query.sqm.function.SqmFunctionRegistry - Registered SqmFunctionTemplate [NamedSqmFunctionTemplate(bit_and)] under bit_and; prior registration was null
2026-01-14 13:27:49.087 [main] DEBUG org.hibernate.query.sqm.function.SqmFunctionRegistry - Registered SqmFunctionTemplate [NamedSqmFunctionTemplate(bit_or)] under bit_or; prior registration was null
2026-01-14 13:27:49.087 [main] DEBUG org.hibernate.query.sqm.function.SqmFunctionRegistry - Registered SqmFunctionTemplate [NamedSqmFunctionTemplate(stddev)] under stddev; prior registration was null
2026-01-14 13:27:49.087 [main] DEBUG org.hibernate.query.sqm.function.SqmFunctionRegistry - Registered SqmFunctionTemplate [NamedSqmFunctionTemplate(stddev_pop)] under stddev_pop; prior registration was null
2026-01-14 13:27:49.087 [main] DEBUG org.hibernate.query.sqm.function.SqmFunctionRegistry - Registered SqmFunctionTemplate [NamedSqmFunctionTemplate(stddev_samp)] under stddev_samp; prior registration was null
2026-01-14 13:27:49.087 [main] DEBUG org.hibernate.query.sqm.function.SqmFunctionRegistry - Registered SqmFunctionTemplate [NamedSqmFunctionTemplate(variance)] under variance; prior registration was null
2026-01-14 13:27:49.087 [main] DEBUG org.hibernate.query.sqm.function.SqmFunctionRegistry - Registered SqmFunctionTemplate [NamedSqmFunctionTemplate(var_pop)] under var_pop; prior registration was null
2026-01-14 13:27:49.087 [main] DEBUG org.hibernate.query.sqm.function.SqmFunctionRegistry - Registered SqmFunctionTemplate [NamedSqmFunctionTemplate(var_samp)] under var_samp; prior registration was null
2026-01-14 13:27:49.087 [main] DEBUG org.hibernate.query.sqm.function.SqmFunctionRegistry - Registered SqmFunctionTemplate [NamedSqmFunctionTemplate(datediff)] under datediff; prior registration was null
2026-01-14 13:27:49.087 [main] DEBUG org.hibernate.query.sqm.function.SqmFunctionRegistry - Registered SqmFunctionTemplate [NamedSqmFunctionTemplate(adddate)] under adddate; prior registration was null
2026-01-14 13:27:49.087 [main] DEBUG org.hibernate.query.sqm.function.SqmFunctionRegistry - Registered SqmFunctionTemplate [NamedSqmFunctionTemplate(subdate)] under subdate; prior registration was null
2026-01-14 13:27:49.087 [main] DEBUG org.hibernate.query.sqm.function.SqmFunctionRegistry - Registered SqmFunctionTemplate [NamedSqmFunctionTemplate(addtime)] under addtime; prior registration was null
2026-01-14 13:27:49.087 [main] DEBUG org.hibernate.query.sqm.function.SqmFunctionRegistry - Registered SqmFunctionTemplate [NamedSqmFunctionTemplate(subtime)] under subtime; prior registration was null
2026-01-14 13:27:49.087 [main] DEBUG org.hibernate.query.sqm.function.SqmFunctionRegistry - Registered SqmFunctionTemplate [org.hibernate.dialect.function.FormatFunction@515b9d4a] under format; prior registration was org.hibernate.dialect.function.FormatFunction@3dce6dd8
2026-01-14 13:27:49.087 [main] DEBUG org.hibernate.query.sqm.function.SqmFunctionRegistry - Registered SqmFunctionTemplate [NamedSqmFunctionTemplate(makedate)] under makedate; prior registration was null
2026-01-14 13:27:49.087 [main] DEBUG org.hibernate.query.sqm.function.SqmFunctionRegistry - Registered SqmFunctionTemplate [NamedSqmFunctionTemplate(maketime)] under maketime; prior registration was null
2026-01-14 13:27:49.087 [main] DEBUG org.hibernate.query.sqm.function.SqmFunctionRegistry - Registered SqmFunctionTemplate [NamedSqmFunctionTemplate(localtime)] under localtime; prior registration was null
2026-01-14 13:27:49.087 [main] DEBUG org.hibernate.query.sqm.function.SqmFunctionRegistry - Registered SqmFunctionTemplate [NamedSqmFunctionTemplate(localtimestamp)] under localtimestamp; prior registration was null
2026-01-14 13:27:49.087 [main] DEBUG org.hibernate.query.sqm.function.SqmFunctionRegistry - Registered SqmFunctionTemplate [NamedSqmFunctionTemplate(localtime)] under local_time; prior registration was org.hibernate.dialect.function.CurrentFunction@64e7d698
2026-01-14 13:27:49.087 [main] DEBUG org.hibernate.query.sqm.function.SqmFunctionRegistry - Registered SqmFunctionTemplate [NamedSqmFunctionTemplate(localtimestamp)] under local_datetime; prior registration was org.hibernate.dialect.function.CurrentFunction@2519026b
2026-01-14 13:27:49.087 [main] DEBUG org.hibernate.query.sqm.function.SqmFunctionRegistry - Registered SqmFunctionTemplate [NamedSqmFunctionTemplate(localtime)] under localtime; prior registration was NamedSqmFunctionTemplate(localtime)
2026-01-14 13:27:49.087 [main] DEBUG org.hibernate.query.sqm.function.SqmFunctionRegistry - Registered SqmFunctionTemplate [org.hibernate.query.sqm.function.PatternBasedSqmFunctionDescriptor@39b626e5] under pi; prior registration was org.hibernate.query.sqm.function.PatternBasedSqmFunctionDescriptor@35bfa1bb
2026-01-14 13:27:49.087 [main] DEBUG org.hibernate.query.sqm.function.SqmFunctionRegistry - Registered SqmFunctionTemplate [org.hibernate.query.sqm.function.PatternBasedSqmFunctionDescriptor@32a4ecbe] under chr; prior registration was null
2026-01-14 13:27:49.087 [main] DEBUG org.hibernate.query.sqm.function.SqmFunctionRegistry - Registering alternate key : char -> chr
2026-01-14 13:27:49.087 [main] DEBUG org.hibernate.query.sqm.function.SqmFunctionRegistry - Registered SqmFunctionTemplate [org.hibernate.query.sqm.function.PatternBasedSqmFunctionDescriptor@2e71240b] under sysdate; prior registration was null
2026-01-14 13:27:49.087 [main] DEBUG org.hibernate.query.sqm.function.SqmFunctionRegistry - Registered SqmFunctionTemplate [NamedSqmFunctionTemplate(row_number)] under row_number; prior registration was null
2026-01-14 13:27:49.087 [main] DEBUG org.hibernate.query.sqm.function.SqmFunctionRegistry - Registered SqmFunctionTemplate [NamedSqmFunctionTemplate(lag)] under lag; prior registration was null
2026-01-14 13:27:49.087 [main] DEBUG org.hibernate.query.sqm.function.SqmFunctionRegistry - Registered SqmFunctionTemplate [NamedSqmFunctionTemplate(lead)] under lead; prior registration was null
2026-01-14 13:27:49.088 [main] DEBUG org.hibernate.query.sqm.function.SqmFunctionRegistry - Registered SqmFunctionTemplate [NamedSqmFunctionTemplate(first_value)] under first_value; prior registration was null
2026-01-14 13:27:49.088 [main] DEBUG org.hibernate.query.sqm.function.SqmFunctionRegistry - Registered SqmFunctionTemplate [NamedSqmFunctionTemplate(last_value)] under last_value; prior registration was null
2026-01-14 13:27:49.088 [main] DEBUG org.hibernate.query.sqm.function.SqmFunctionRegistry - Registered SqmFunctionTemplate [NamedSqmFunctionTemplate(nth_value)] under nth_value; prior registration was null
2026-01-14 13:27:49.088 [main] DEBUG org.hibernate.query.sqm.function.SqmFunctionRegistry - Registered SqmFunctionTemplate [org.hibernate.dialect.function.HypotheticalSetWindowEmulation@3bb9ca38] under rank; prior registration was null
2026-01-14 13:27:49.088 [main] DEBUG org.hibernate.query.sqm.function.SqmFunctionRegistry - Registered SqmFunctionTemplate [org.hibernate.dialect.function.HypotheticalSetWindowEmulation@160e99e0] under dense_rank; prior registration was null
2026-01-14 13:27:49.088 [main] DEBUG org.hibernate.query.sqm.function.SqmFunctionRegistry - Registered SqmFunctionTemplate [org.hibernate.dialect.function.HypotheticalSetWindowEmulation@4f3e9fbb] under percent_rank; prior registration was null
2026-01-14 13:27:49.088 [main] DEBUG org.hibernate.query.sqm.function.SqmFunctionRegistry - Registered SqmFunctionTemplate [org.hibernate.dialect.function.HypotheticalSetWindowEmulation@365afe87] under cume_dist; prior registration was null
2026-01-14 13:27:49.088 [main] DEBUG org.hibernate.query.sqm.function.SqmFunctionRegistry - Registered SqmFunctionTemplate [org.hibernate.dialect.function.ListaggGroupConcatEmulation@7b53b1ad] under listagg; prior registration was null
2026-01-14 13:27:49.090 [main] DEBUG org.hibernate.HQL_FUNCTIONS - abs(NUMERIC arg)
2026-01-14 13:27:49.090 [main] DEBUG org.hibernate.HQL_FUNCTIONS - Double acos(NUMERIC arg)
2026-01-14 13:27:49.090 [main] DEBUG org.hibernate.HQL_FUNCTIONS - adddate(DATE datetime, INTEGER days)
2026-01-14 13:27:49.090 [main] DEBUG org.hibernate.HQL_FUNCTIONS - addtime(TIME datetime, TIME time)
2026-01-14 13:27:49.090 [main] DEBUG org.hibernate.HQL_FUNCTIONS - Boolean any(BOOLEAN arg)
2026-01-14 13:27:49.090 [main] DEBUG org.hibernate.HQL_FUNCTIONS - Integer ascii(STRING arg)
2026-01-14 13:27:49.090 [main] DEBUG org.hibernate.HQL_FUNCTIONS - Double asin(NUMERIC arg)
2026-01-14 13:27:49.090 [main] DEBUG org.hibernate.HQL_FUNCTIONS - Double atan(NUMERIC arg)
2026-01-14 13:27:49.090 [main] DEBUG org.hibernate.HQL_FUNCTIONS - Double atan2(NUMERIC arg0, NUMERIC arg1)
2026-01-14 13:27:49.090 [main] DEBUG org.hibernate.HQL_FUNCTIONS - avg(arg)
2026-01-14 13:27:49.090 [main] DEBUG org.hibernate.HQL_FUNCTIONS - bit_and(arg)
2026-01-14 13:27:49.090 [main] DEBUG org.hibernate.HQL_FUNCTIONS - Integer bit_length(STRING_OR_CLOB arg)
2026-01-14 13:27:49.090 [main] DEBUG org.hibernate.HQL_FUNCTIONS - bit_or(arg)
2026-01-14 13:27:49.090 [main] DEBUG org.hibernate.HQL_FUNCTIONS - bitand(arg0, arg1)
2026-01-14 13:27:49.090 [main] DEBUG org.hibernate.HQL_FUNCTIONS - bitnot(arg)
2026-01-14 13:27:49.090 [main] DEBUG org.hibernate.HQL_FUNCTIONS - bitor(arg0, arg1)
2026-01-14 13:27:49.090 [main] DEBUG org.hibernate.HQL_FUNCTIONS - bitxor(arg0, arg1)
2026-01-14 13:27:49.090 [main] DEBUG org.hibernate.HQL_FUNCTIONS - cast(arg as Type)
2026-01-14 13:27:49.090 [main] DEBUG org.hibernate.HQL_FUNCTIONS - ceiling(NUMERIC arg)
2026-01-14 13:27:49.090 [main] DEBUG org.hibernate.HQL_FUNCTIONS - Character char(INTEGER arg)
2026-01-14 13:27:49.090 [main] DEBUG org.hibernate.HQL_FUNCTIONS - Integer character_length(STRING_OR_CLOB arg)
2026-01-14 13:27:49.090 [main] DEBUG org.hibernate.HQL_FUNCTIONS - Character chr(INTEGER arg)
2026-01-14 13:27:49.090 [main] DEBUG org.hibernate.HQL_FUNCTIONS - coalesce(arg0[, arg1[, ...]])
2026-01-14 13:27:49.090 [main] DEBUG org.hibernate.HQL_FUNCTIONS - String collate(STRING string as COLLATION collation)
2026-01-14 13:27:49.090 [main] DEBUG org.hibernate.HQL_FUNCTIONS - String concat(STRING string0[, STRING string1[, ...]])
2026-01-14 13:27:49.090 [main] DEBUG org.hibernate.HQL_FUNCTIONS - Double cos(NUMERIC arg)
2026-01-14 13:27:49.090 [main] DEBUG org.hibernate.HQL_FUNCTIONS - Double cosh(NUMERIC arg)
2026-01-14 13:27:49.090 [main] DEBUG org.hibernate.HQL_FUNCTIONS - Double cot(NUMERIC arg)
2026-01-14 13:27:49.091 [main] DEBUG org.hibernate.HQL_FUNCTIONS - Long count([distinct ]{arg|*})
2026-01-14 13:27:49.091 [main] DEBUG org.hibernate.HQL_FUNCTIONS - Integer crc32(arg)
2026-01-14 13:27:49.091 [main] DEBUG org.hibernate.HQL_FUNCTIONS - Double cume_dist([arg0[, ...]])
2026-01-14 13:27:49.091 [main] DEBUG org.hibernate.HQL_FUNCTIONS - Date curdate()
2026-01-14 13:27:49.091 [main] DEBUG org.hibernate.HQL_FUNCTIONS - Date current date
2026-01-14 13:27:49.091 [main] DEBUG org.hibernate.HQL_FUNCTIONS - Time current time
2026-01-14 13:27:49.091 [main] DEBUG org.hibernate.HQL_FUNCTIONS - Timestamp current timestamp
2026-01-14 13:27:49.091 [main] DEBUG org.hibernate.HQL_FUNCTIONS - Date current_date
2026-01-14 13:27:49.091 [main] DEBUG org.hibernate.HQL_FUNCTIONS - Instant current_instant
2026-01-14 13:27:49.091 [main] DEBUG org.hibernate.HQL_FUNCTIONS - Time current_time
2026-01-14 13:27:49.091 [main] DEBUG org.hibernate.HQL_FUNCTIONS - Timestamp current_timestamp
2026-01-14 13:27:49.091 [main] DEBUG org.hibernate.HQL_FUNCTIONS - Time curtime()
2026-01-14 13:27:49.091 [main] DEBUG org.hibernate.HQL_FUNCTIONS - Date date(arg)
2026-01-14 13:27:49.091 [main] DEBUG org.hibernate.HQL_FUNCTIONS - dateadd(TEMPORAL_UNIT field, INTEGER magnitude, TEMPORAL datetime)
2026-01-14 13:27:49.091 [main] DEBUG org.hibernate.HQL_FUNCTIONS - Integer datediff(DATE end, DATE start)
2026-01-14 13:27:49.091 [main] DEBUG org.hibernate.HQL_FUNCTIONS - Integer day(DATE arg)
2026-01-14 13:27:49.091 [main] DEBUG org.hibernate.HQL_FUNCTIONS - String dayname(DATE arg)
2026-01-14 13:27:49.091 [main] DEBUG org.hibernate.HQL_FUNCTIONS - Integer dayofmonth(DATE arg)
2026-01-14 13:27:49.091 [main] DEBUG org.hibernate.HQL_FUNCTIONS - Integer dayofweek(DATE arg)
2026-01-14 13:27:49.091 [main] DEBUG org.hibernate.HQL_FUNCTIONS - Integer dayofyear(DATE arg)
2026-01-14 13:27:49.091 [main] DEBUG org.hibernate.HQL_FUNCTIONS - Double degrees(NUMERIC arg)
2026-01-14 13:27:49.091 [main] DEBUG org.hibernate.HQL_FUNCTIONS - Long dense_rank([arg0[, ...]])
2026-01-14 13:27:49.091 [main] DEBUG org.hibernate.HQL_FUNCTIONS - Boolean every(BOOLEAN arg)
2026-01-14 13:27:49.091 [main] DEBUG org.hibernate.HQL_FUNCTIONS - Double exp(NUMERIC arg)
2026-01-14 13:27:49.091 [main] DEBUG org.hibernate.HQL_FUNCTIONS - extract(TEMPORAL_UNIT field from TEMPORAL arg)
2026-01-14 13:27:49.091 [main] DEBUG org.hibernate.HQL_FUNCTIONS - first_valueANY value
2026-01-14 13:27:49.091 [main] DEBUG org.hibernate.HQL_FUNCTIONS - floor(NUMERIC arg)
2026-01-14 13:27:49.091 [main] DEBUG org.hibernate.HQL_FUNCTIONS - String format(TEMPORAL datetime as STRING pattern)
2026-01-14 13:27:49.091 [main] DEBUG org.hibernate.HQL_FUNCTIONS - greatest(COMPARABLE arg0, COMPARABLE arg1[, arg2[, ...]])
2026-01-14 13:27:49.091 [main] DEBUG org.hibernate.HQL_FUNCTIONS - Integer hour(TIME arg)
2026-01-14 13:27:49.092 [main] DEBUG org.hibernate.HQL_FUNCTIONS - ifnull(arg0, arg1)
2026-01-14 13:27:49.092 [main] DEBUG org.hibernate.HQL_FUNCTIONS - String insert(STRING string, INTEGER start, INTEGER length, STRING replacement)
2026-01-14 13:27:49.092 [main] DEBUG org.hibernate.HQL_FUNCTIONS - Instant instant
2026-01-14 13:27:49.092 [main] DEBUG org.hibernate.HQL_FUNCTIONS - Integer instr(STRING string, STRING pattern[, INTEGER start[, INTEGER occurrence]])
2026-01-14 13:27:49.092 [main] DEBUG org.hibernate.HQL_FUNCTIONS - lagANY value[, INTEGER offset[, ANY default]]
2026-01-14 13:27:49.092 [main] DEBUG org.hibernate.HQL_FUNCTIONS - Date last_day(DATE arg)
2026-01-14 13:27:49.092 [main] DEBUG org.hibernate.HQL_FUNCTIONS - last_valueANY value
2026-01-14 13:27:49.092 [main] DEBUG org.hibernate.HQL_FUNCTIONS - leadANY value[, INTEGER offset[, ANY default]]
2026-01-14 13:27:49.092 [main] DEBUG org.hibernate.HQL_FUNCTIONS - least(COMPARABLE arg0, COMPARABLE arg1[, arg2[, ...]])
2026-01-14 13:27:49.092 [main] DEBUG org.hibernate.HQL_FUNCTIONS - String left(STRING string, INTEGER length)
2026-01-14 13:27:49.092 [main] DEBUG org.hibernate.HQL_FUNCTIONS - Integer length(STRING_OR_CLOB arg)
2026-01-14 13:27:49.092 [main] DEBUG org.hibernate.HQL_FUNCTIONS - String listagg(STRING arg0, STRING arg1)
2026-01-14 13:27:49.092 [main] DEBUG org.hibernate.HQL_FUNCTIONS - Double ln(NUMERIC arg)
2026-01-14 13:27:49.092 [main] DEBUG org.hibernate.HQL_FUNCTIONS - LocalDate local date
2026-01-14 13:27:49.092 [main] DEBUG org.hibernate.HQL_FUNCTIONS - LocalDateTime local datetime
2026-01-14 13:27:49.092 [main] DEBUG org.hibernate.HQL_FUNCTIONS - LocalTime local time
2026-01-14 13:27:49.092 [main] DEBUG org.hibernate.HQL_FUNCTIONS - LocalDate local_date
2026-01-14 13:27:49.092 [main] DEBUG org.hibernate.HQL_FUNCTIONS - LocalDateTime local_datetime
2026-01-14 13:27:49.092 [main] DEBUG org.hibernate.HQL_FUNCTIONS - LocalTime local_time
2026-01-14 13:27:49.092 [main] DEBUG org.hibernate.HQL_FUNCTIONS - Timestamp localtime
2026-01-14 13:27:49.092 [main] DEBUG org.hibernate.HQL_FUNCTIONS - Timestamp localtimestamp
2026-01-14 13:27:49.092 [main] DEBUG org.hibernate.HQL_FUNCTIONS - Integer locate(STRING pattern, STRING string[, INTEGER start])
2026-01-14 13:27:49.092 [main] DEBUG org.hibernate.HQL_FUNCTIONS - Double log(NUMERIC arg0[, NUMERIC arg1])
2026-01-14 13:27:49.092 [main] DEBUG org.hibernate.HQL_FUNCTIONS - Double log10(NUMERIC arg)
2026-01-14 13:27:49.092 [main] DEBUG org.hibernate.HQL_FUNCTIONS - Double log2(NUMERIC arg)
2026-01-14 13:27:49.092 [main] DEBUG org.hibernate.HQL_FUNCTIONS - String lower(STRING string)
2026-01-14 13:27:49.092 [main] DEBUG org.hibernate.HQL_FUNCTIONS - String lpad(string, length[, padding])
2026-01-14 13:27:49.092 [main] DEBUG org.hibernate.HQL_FUNCTIONS - String ltrim(STRING string[, STRING characters])
2026-01-14 13:27:49.092 [main] DEBUG org.hibernate.HQL_FUNCTIONS - Date makedate(INTEGER year, INTEGER dayofyear)
2026-01-14 13:27:49.092 [main] DEBUG org.hibernate.HQL_FUNCTIONS - Time maketime(INTEGER hour, INTEGER min, INTEGER sec)
2026-01-14 13:27:49.092 [main] DEBUG org.hibernate.HQL_FUNCTIONS - max(COMPARABLE arg)
2026-01-14 13:27:49.093 [main] DEBUG org.hibernate.HQL_FUNCTIONS - String md5(arg)
2026-01-14 13:27:49.093 [main] DEBUG org.hibernate.HQL_FUNCTIONS - Integer microsecond(TIME arg)
2026-01-14 13:27:49.093 [main] DEBUG org.hibernate.HQL_FUNCTIONS - min(COMPARABLE arg)
2026-01-14 13:27:49.093 [main] DEBUG org.hibernate.HQL_FUNCTIONS - Integer minute(TIME arg)
2026-01-14 13:27:49.093 [main] DEBUG org.hibernate.HQL_FUNCTIONS - Integer mod(INTEGER arg0, INTEGER arg1)
2026-01-14 13:27:49.093 [main] DEBUG org.hibernate.HQL_FUNCTIONS - Integer month(DATE arg)
2026-01-14 13:27:49.093 [main] DEBUG org.hibernate.HQL_FUNCTIONS - String monthname(DATE arg)
2026-01-14 13:27:49.093 [main] DEBUG org.hibernate.HQL_FUNCTIONS - Timestamp now()
2026-01-14 13:27:49.093 [main] DEBUG org.hibernate.HQL_FUNCTIONS - nth_valueANY value, INTEGER nth
2026-01-14 13:27:49.093 [main] DEBUG org.hibernate.HQL_FUNCTIONS - nullif(arg0, arg1)
2026-01-14 13:27:49.093 [main] DEBUG org.hibernate.HQL_FUNCTIONS - Integer octet_length(STRING_OR_CLOB arg)
2026-01-14 13:27:49.093 [main] DEBUG org.hibernate.HQL_FUNCTIONS - OffsetDateTime offset datetime
2026-01-14 13:27:49.093 [main] DEBUG org.hibernate.HQL_FUNCTIONS - OffsetDateTime offset_datetime
2026-01-14 13:27:49.093 [main] DEBUG org.hibernate.HQL_FUNCTIONS - String overlay(STRING string placing STRING replacement from INTEGER start[ for INTEGER length])
2026-01-14 13:27:49.093 [main] DEBUG org.hibernate.HQL_FUNCTIONS - String pad(STRING string with INTEGER length {leading|trailing}[ STRING character])
2026-01-14 13:27:49.093 [main] DEBUG org.hibernate.HQL_FUNCTIONS - Double percent_rank([arg0[, ...]])
2026-01-14 13:27:49.093 [main] DEBUG org.hibernate.HQL_FUNCTIONS - Double pi
2026-01-14 13:27:49.093 [main] DEBUG org.hibernate.HQL_FUNCTIONS - Integer position(STRING pattern in STRING string)
2026-01-14 13:27:49.093 [main] DEBUG org.hibernate.HQL_FUNCTIONS - Double power(NUMERIC arg0, NUMERIC arg1)
2026-01-14 13:27:49.093 [main] DEBUG org.hibernate.HQL_FUNCTIONS - Integer quarter(DATE arg)
2026-01-14 13:27:49.093 [main] DEBUG org.hibernate.HQL_FUNCTIONS - Double radians(NUMERIC arg)
2026-01-14 13:27:49.093 [main] DEBUG org.hibernate.HQL_FUNCTIONS - Double rand([INTEGER seed])
2026-01-14 13:27:49.093 [main] DEBUG org.hibernate.HQL_FUNCTIONS - Long rank([arg0[, ...]])
2026-01-14 13:27:49.093 [main] DEBUG org.hibernate.HQL_FUNCTIONS - String repeat(STRING string, INTEGER times)
2026-01-14 13:27:49.093 [main] DEBUG org.hibernate.HQL_FUNCTIONS - String replace(STRING string, STRING pattern, STRING replacement)
2026-01-14 13:27:49.093 [main] DEBUG org.hibernate.HQL_FUNCTIONS - String reverse(STRING arg)
2026-01-14 13:27:49.093 [main] DEBUG org.hibernate.HQL_FUNCTIONS - String right(STRING string, INTEGER length)
2026-01-14 13:27:49.093 [main] DEBUG org.hibernate.HQL_FUNCTIONS - round(NUMERIC number[, INTEGER places])
2026-01-14 13:27:49.093 [main] DEBUG org.hibernate.HQL_FUNCTIONS - Long row_number()
2026-01-14 13:27:49.093 [main] DEBUG org.hibernate.HQL_FUNCTIONS - String rpad(string, length[, padding])
2026-01-14 13:27:49.093 [main] DEBUG org.hibernate.HQL_FUNCTIONS - String rtrim(STRING string[, STRING characters])
2026-01-14 13:27:49.093 [main] DEBUG org.hibernate.HQL_FUNCTIONS - Integer second(TIME arg)
2026-01-14 13:27:49.093 [main] DEBUG org.hibernate.HQL_FUNCTIONS - String sha(arg)
2026-01-14 13:27:49.093 [main] DEBUG org.hibernate.HQL_FUNCTIONS - String sha1(arg)
2026-01-14 13:27:49.093 [main] DEBUG org.hibernate.HQL_FUNCTIONS - String sha2(arg0, arg1)
2026-01-14 13:27:49.093 [main] DEBUG org.hibernate.HQL_FUNCTIONS - Integer sign(NUMERIC arg)
2026-01-14 13:27:49.093 [main] DEBUG org.hibernate.HQL_FUNCTIONS - Double sin(NUMERIC arg)
2026-01-14 13:27:49.093 [main] DEBUG org.hibernate.HQL_FUNCTIONS - Double sinh(NUMERIC arg)
2026-01-14 13:27:49.094 [main] DEBUG org.hibernate.HQL_FUNCTIONS - String soundex(arg)
2026-01-14 13:27:49.094 [main] DEBUG org.hibernate.HQL_FUNCTIONS - String space(INTEGER arg)
2026-01-14 13:27:49.094 [main] DEBUG org.hibernate.HQL_FUNCTIONS - Object sql
2026-01-14 13:27:49.094 [main] DEBUG org.hibernate.HQL_FUNCTIONS - Double sqrt(NUMERIC arg)
2026-01-14 13:27:49.094 [main] DEBUG org.hibernate.HQL_FUNCTIONS - Double stddev(NUMERIC arg)
2026-01-14 13:27:49.094 [main] DEBUG org.hibernate.HQL_FUNCTIONS - Double stddev_pop(NUMERIC arg)
2026-01-14 13:27:49.094 [main] DEBUG org.hibernate.HQL_FUNCTIONS - Double stddev_samp(NUMERIC arg)
2026-01-14 13:27:49.094 [main] DEBUG org.hibernate.HQL_FUNCTIONS - String str(arg)
2026-01-14 13:27:49.094 [main] DEBUG org.hibernate.HQL_FUNCTIONS - subdate(DATE datetime, INTEGER days)
2026-01-14 13:27:49.094 [main] DEBUG org.hibernate.HQL_FUNCTIONS - String substr(STRING string, INTEGER start[, INTEGER length])
2026-01-14 13:27:49.094 [main] DEBUG org.hibernate.HQL_FUNCTIONS - String substring(STRING string{ from|,} INTEGER start[{ for|,} INTEGER length])
2026-01-14 13:27:49.094 [main] DEBUG org.hibernate.HQL_FUNCTIONS - subtime(TIME datetime, TIME time)
2026-01-14 13:27:49.094 [main] DEBUG org.hibernate.HQL_FUNCTIONS - sum(arg)
2026-01-14 13:27:49.094 [main] DEBUG org.hibernate.HQL_FUNCTIONS - Timestamp sysdate()
2026-01-14 13:27:49.094 [main] DEBUG org.hibernate.HQL_FUNCTIONS - Double tan(NUMERIC arg)
2026-01-14 13:27:49.094 [main] DEBUG org.hibernate.HQL_FUNCTIONS - Double tanh(NUMERIC arg)
2026-01-14 13:27:49.094 [main] DEBUG org.hibernate.HQL_FUNCTIONS - String time(arg)
2026-01-14 13:27:49.094 [main] DEBUG org.hibernate.HQL_FUNCTIONS - Timestamp timestamp(arg0[, arg1])
2026-01-14 13:27:49.094 [main] DEBUG org.hibernate.HQL_FUNCTIONS - timestampadd(TEMPORAL_UNIT field, INTEGER magnitude, TEMPORAL datetime)
2026-01-14 13:27:49.094 [main] DEBUG org.hibernate.HQL_FUNCTIONS - basicType@9(java.lang.Long,-5)|basicType@17(java.lang.Double,8) timestampdiff(TEMPORAL_UNIT field, TEMPORAL start, TEMPORAL end)
2026-01-14 13:27:49.094 [main] DEBUG org.hibernate.HQL_FUNCTIONS - String trim([[{leading|trailing|both} ][STRING arg0 ]from] STRING arg1)
2026-01-14 13:27:49.094 [main] DEBUG org.hibernate.HQL_FUNCTIONS - trunc( ... )
2026-01-14 13:27:49.094 [main] DEBUG org.hibernate.HQL_FUNCTIONS - truncate( ... )
2026-01-14 13:27:49.094 [main] DEBUG org.hibernate.HQL_FUNCTIONS - String upper(STRING string)
2026-01-14 13:27:49.094 [main] DEBUG org.hibernate.HQL_FUNCTIONS - Date utc_date
2026-01-14 13:27:49.094 [main] DEBUG org.hibernate.HQL_FUNCTIONS - Time utc_time
2026-01-14 13:27:49.094 [main] DEBUG org.hibernate.HQL_FUNCTIONS - Timestamp utc_timestamp
2026-01-14 13:27:49.094 [main] DEBUG org.hibernate.HQL_FUNCTIONS - Double var_pop(NUMERIC arg)
2026-01-14 13:27:49.094 [main] DEBUG org.hibernate.HQL_FUNCTIONS - Double var_samp(NUMERIC arg)
2026-01-14 13:27:49.094 [main] DEBUG org.hibernate.HQL_FUNCTIONS - Double variance(NUMERIC arg)
2026-01-14 13:27:49.094 [main] DEBUG org.hibernate.HQL_FUNCTIONS - Integer week(DATE arg)
2026-01-14 13:27:49.094 [main] DEBUG org.hibernate.HQL_FUNCTIONS - Integer year(DATE arg)
2026-01-14 13:27:49.097 [main] DEBUG org.hibernate.orm.query.plan.cache - Starting QueryInterpretationCache(2048)
2026-01-14 13:27:49.149 [main] DEBUG org.hibernate.service.internal.SessionFactoryServiceRegistryImpl - EventListenerRegistry access via ServiceRegistry is deprecated.  Use `sessionFactory.getEventEngine().getListenerRegistry()` instead
2026-01-14 13:27:49.152 [main] DEBUG org.hibernate.event.internal.EntityCopyObserverFactoryInitiator - Configured EntityCopyObserver strategy: disallow
2026-01-14 13:27:49.202 [main] DEBUG org.hibernate.boot.internal.ClassLoaderAccessImpl - Not known whether passed class name [modelo.Persona] is safe
2026-01-14 13:27:49.202 [main] DEBUG org.hibernate.boot.internal.ClassLoaderAccessImpl - No temp ClassLoader provided; using live ClassLoader for loading potentially unsafe class : modelo.Persona
2026-01-14 13:27:49.334 [main] DEBUG org.hibernate.bytecode.internal.bytebuddy.BytecodeProviderImpl - HHH000513: Unable to create the ReflectionOptimizer for [modelo.Persona]: private accessor [edad]
2026-01-14 13:27:49.350 [main] DEBUG org.hibernate.boot.internal.ClassLoaderAccessImpl - Not known whether passed class name [modelo.Reunion] is safe
2026-01-14 13:27:49.350 [main] DEBUG org.hibernate.boot.internal.ClassLoaderAccessImpl - No temp ClassLoader provided; using live ClassLoader for loading potentially unsafe class : modelo.Reunion
2026-01-14 13:27:49.360 [main] DEBUG org.hibernate.bytecode.internal.bytebuddy.BytecodeProviderImpl - HHH000513: Unable to create the ReflectionOptimizer for [modelo.Reunion]: private accessor [asunto]
2026-01-14 13:27:49.375 [main] DEBUG org.hibernate.orm.model.mapping.creation - Starting post-init callbacks
2026-01-14 13:27:49.375 [main] DEBUG org.hibernate.orm.model.mapping.creation - Starting PostInitCallbackEntry : Entity(modelo.Persona) `staticFetchableList` generator
2026-01-14 13:27:49.376 [main] DEBUG org.hibernate.orm.model.mapping.creation - Starting PostInitCallbackEntry : Entity(modelo.Persona) `sqmMultiTableInsertStrategy` interpretation
2026-01-14 13:27:49.380 [main] DEBUG org.hibernate.orm.model.mapping.creation - Starting PostInitCallbackEntry : Entity(modelo.Reunion) `staticFetchableList` generator
2026-01-14 13:27:49.380 [main] DEBUG org.hibernate.orm.model.mapping.creation - Starting PostInitCallbackEntry : Entity(modelo.Reunion) `sqmMultiTableInsertStrategy` interpretation
2026-01-14 13:27:49.427 [main] DEBUG org.hibernate.orm.sql.ast.create - Created new SQL alias : p1_0
2026-01-14 13:27:49.428 [main] DEBUG org.hibernate.orm.sql.ast.create - Registration of TableGroup [StandardTableGroup(modelo.Persona)] with identifierForTableGroup [modelo.Persona] for NavigablePath [modelo.Persona] 
2026-01-14 13:27:49.437 [main] DEBUG org.hibernate.orm.results.graph.AST - DomainResult Graph:
 \-EntityResultImpl [modelo.Persona]
 |  +-BasicFetch [modelo.Persona.edad]
 |  +-BasicFetch [modelo.Persona.email]
 |  +-BasicFetch [modelo.Persona.fechaNacimiento]
 |  +-BasicFetch [modelo.Persona.nombreApellido]
 |  \-BasicFetch [modelo.Persona.telefono]

2026-01-14 13:27:49.440 [main] DEBUG org.hibernate.orm.sql.ast.tree - SQL AST Tree:
    SelectStatement {
      FromClause {
        StandardTableGroup (p1 : modelo.Persona) {
          primaryTableReference : persona as p1_0
        }
      }
    }

2026-01-14 13:27:49.447 [main] DEBUG org.hibernate.persister.entity.AbstractEntityPersister - Static SQL for entity: modelo.Persona
2026-01-14 13:27:49.447 [main] DEBUG org.hibernate.persister.entity.AbstractEntityPersister -  Version select: select dni from persona where dni=?
2026-01-14 13:27:49.447 [main] DEBUG org.hibernate.persister.entity.AbstractEntityPersister -  Insert (0): insert into persona (edad,email,fechaNacimiento,nombreApellido,telefono,dni) values (?,?,?,?,?,?)
2026-01-14 13:27:49.447 [main] DEBUG org.hibernate.persister.entity.AbstractEntityPersister -  Update (0): update persona set edad=?,email=?,fechaNacimiento=?,nombreApellido=?,telefono=? where dni=?
2026-01-14 13:27:49.447 [main] DEBUG org.hibernate.persister.entity.AbstractEntityPersister -  Delete (0): delete from persona where dni=?
2026-01-14 13:27:49.447 [main] DEBUG org.hibernate.orm.sql.ast.create - Created new SQL alias : r1_0
2026-01-14 13:27:49.447 [main] DEBUG org.hibernate.orm.sql.ast.create - Registration of TableGroup [StandardTableGroup(modelo.Reunion)] with identifierForTableGroup [modelo.Reunion] for NavigablePath [modelo.Reunion] 
2026-01-14 13:27:49.447 [main] DEBUG org.hibernate.orm.results.graph.AST - DomainResult Graph:
 \-EntityResultImpl [modelo.Reunion]
 |  +-BasicFetch [modelo.Reunion.asunto]
 |  \-BasicFetch [modelo.Reunion.fecha]

2026-01-14 13:27:49.447 [main] DEBUG org.hibernate.orm.sql.ast.tree - SQL AST Tree:
    SelectStatement {
      FromClause {
        StandardTableGroup (r1 : modelo.Reunion) {
          primaryTableReference : reunion as r1_0
        }
      }
    }

2026-01-14 13:27:49.447 [main] DEBUG org.hibernate.persister.entity.AbstractEntityPersister - Static SQL for entity: modelo.Reunion
2026-01-14 13:27:49.447 [main] DEBUG org.hibernate.persister.entity.AbstractEntityPersister -  Version select: select idReunion from reunion where idReunion=?
2026-01-14 13:27:49.447 [main] DEBUG org.hibernate.persister.entity.AbstractEntityPersister -  Insert (0): insert into reunion (asunto,fecha,idReunion) values (?,?,?)
2026-01-14 13:27:49.447 [main] DEBUG org.hibernate.persister.entity.AbstractEntityPersister -  Update (0): update reunion set asunto=?,fecha=? where idReunion=?
2026-01-14 13:27:49.447 [main] DEBUG org.hibernate.persister.entity.AbstractEntityPersister -  Delete (0): delete from reunion where idReunion=?
2026-01-14 13:27:49.466 [main] DEBUG org.hibernate.engine.transaction.jta.platform.internal.JtaPlatformInitiator - No JtaPlatform was specified, checking resolver
2026-01-14 13:27:49.466 [main] DEBUG org.hibernate.engine.transaction.jta.platform.internal.JtaPlatformResolverInitiator - No JtaPlatformResolver was specified, using default [org.hibernate.engine.transaction.jta.platform.internal.StandardJtaPlatformResolver]
2026-01-14 13:27:49.470 [main] DEBUG org.hibernate.engine.transaction.jta.platform.internal.StandardJtaPlatformResolver - Could not resolve JtaPlatform, using default [org.hibernate.engine.transaction.jta.platform.internal.NoJtaPlatform]
2026-01-14 13:27:49.470 [main] INFO  org.hibernate.engine.transaction.jta.platform.internal.JtaPlatformInitiator - HHH000489: No JTA platform available (set 'hibernate.transaction.jta.platform' to enable JTA platform integration)
2026-01-14 13:27:49.471 [main] DEBUG org.hibernate.type.spi.TypeConfiguration$Scope - Scoping TypeConfiguration [org.hibernate.type.spi.TypeConfiguration@5e519ad3] to SessionFactoryImplementor [org.hibernate.internal.SessionFactoryImpl@d49e8c6]
2026-01-14 13:27:49.472 [main] DEBUG org.hibernate.query.named.NamedObjectRepository - Checking 0 named HQL queries
2026-01-14 13:27:49.472 [main] DEBUG org.hibernate.query.named.NamedObjectRepository - Checking 0 named SQL queries
2026-01-14 13:27:49.494 [main] INFO  org.hibernate.orm.connections.access - HHH10001501: Connection obtained from JdbcConnectionAccess [org.hibernate.engine.jdbc.env.internal.JdbcEnvironmentInitiator$ConnectionProviderJdbcConnectionAccess@45bd4753] for (non-JTA) DDL execution was not in auto-commit mode; the Connection 'local transaction' will be committed and the Connection will be set into auto-commit mode.
2026-01-14 13:27:49.515 [main] DEBUG org.hibernate.mapping.Table - No alter strings for table : persona
2026-01-14 13:27:49.515 [main] DEBUG org.hibernate.mapping.Table - No alter strings for table : persona_SEQ
2026-01-14 13:27:49.515 [main] DEBUG org.hibernate.mapping.Table - No alter strings for table : reunion
2026-01-14 13:27:49.515 [main] DEBUG org.hibernate.mapping.Table - No alter strings for table : reunion_SEQ
2026-01-14 13:27:49.520 [main] DEBUG org.hibernate.internal.SessionFactoryRegistry - Initializing SessionFactoryRegistry : org.hibernate.internal.SessionFactoryRegistry@165d1d54
2026-01-14 13:27:49.520 [main] DEBUG org.hibernate.internal.SessionFactoryRegistry - Registering SessionFactory: b35f2ec2-6d69-48a9-a5ba-d1f785bd7bb2 (<unnamed>)
2026-01-14 13:27:49.520 [main] DEBUG org.hibernate.internal.SessionFactoryRegistry - Not binding SessionFactory to JNDI, no JNDI name configured
2026-01-14 13:27:49.520 [main] DEBUG org.hibernate.internal.SessionFactoryImpl - Instantiated SessionFactory
2026-01-14 13:27:49.548 [main] DEBUG org.hibernate.stat.internal.StatisticsInitiator - Statistics initialized [enabled=false]
2026-01-14 13:27:49.553 [main] DEBUG org.hibernate.engine.transaction.internal.TransactionImpl - On TransactionImpl creation, JpaCompliance#isJpaTransactionComplianceEnabled == false
2026-01-14 13:27:49.553 [main] DEBUG org.hibernate.engine.transaction.internal.TransactionImpl - begin
2026-01-14 13:27:49.567 [main] DEBUG org.hibernate.SQL - 
    select
        next_val as id_val 
    from
        persona_SEQ for update
2026-01-14 13:27:49.569 [main] DEBUG org.hibernate.SQL - 
    update
        persona_SEQ 
    set
        next_val= ? 
    where
        next_val=?
2026-01-14 13:27:49.578 [main] DEBUG org.hibernate.event.internal.AbstractSaveEventListener - Generated identifier: 2, using strategy: org.hibernate.id.enhanced.SequenceStyleGenerator
2026-01-14 13:27:49.587 [main] DEBUG org.hibernate.engine.transaction.internal.TransactionImpl - committing
2026-01-14 13:27:49.587 [main] DEBUG org.hibernate.event.internal.AbstractFlushingEventListener - Processing flush-time cascades
2026-01-14 13:27:49.588 [main] DEBUG org.hibernate.event.internal.AbstractFlushingEventListener - Dirty checking collections
2026-01-14 13:27:49.595 [main] DEBUG org.hibernate.event.internal.AbstractFlushingEventListener - Flushed: 1 insertions, 0 updates, 0 deletions to 1 objects
2026-01-14 13:27:49.595 [main] DEBUG org.hibernate.event.internal.AbstractFlushingEventListener - Flushed: 0 (re)creations, 0 updates, 0 removals to 0 collections
2026-01-14 13:27:49.596 [main] DEBUG org.hibernate.internal.util.EntityPrinter - Listing entities:
2026-01-14 13:27:49.596 [main] DEBUG org.hibernate.internal.util.EntityPrinter - modelo.Persona{nombreApellido=Manuel Parrado, fechaNacimiento=2006-11-04, telefono=123456789, edad=19, dni=2, email=mpartortilla@gmail.com}
2026-01-14 13:27:49.602 [main] DEBUG org.hibernate.SQL - 
    insert 
    into
        persona
        (edad, email, fechaNacimiento, nombreApellido, telefono, dni) 
    values
        (?, ?, ?, ?, ?, ?)
2026-01-14 13:27:49.618 [main] DEBUG org.hibernate.resource.jdbc.internal.LogicalConnectionManagedImpl - Initiating JDBC connection release from afterTransaction
2026-01-14 13:27:49.620 [main] DEBUG org.hibernate.resource.jdbc.internal.LogicalConnectionManagedImpl - Initiating JDBC connection release from afterTransaction
2026-01-14 13:27:49.643 [main] DEBUG org.hibernate.orm.sql.exec - Skipping reading Query result cache data: cache-enabled = false, cache-mode = IGNORE
2026-01-14 13:27:49.655 [main] DEBUG org.hibernate.orm.results - Initializer list:
	  modelo.Persona -> EntityResultInitializer(modelo.Persona)@225839514 (SingleTableEntityPersister(modelo.Persona))

2026-01-14 13:27:49.659 [main] DEBUG org.hibernate.SQL - 
    select
        p1_0.dni,
        p1_0.edad,
        p1_0.email,
        p1_0.fechaNacimiento,
        p1_0.nombreApellido,
        p1_0.telefono 
    from
        persona p1_0 
    where
        p1_0.dni=?
2026-01-14 13:27:49.665 [main] DEBUG org.hibernate.orm.results.loading.entity - (EntityResultInitializer) Hydrated EntityKey (modelo.Persona): 1
2026-01-14 13:27:49.666 [main] DEBUG org.hibernate.orm.results.loading.entity - (EntityResultInitializer) Created new entity instance [modelo.Persona#1] : 1333508319
2026-01-14 13:27:49.667 [main] DEBUG org.hibernate.orm.results - Extracted JDBC value [1] - [19]
2026-01-14 13:27:49.667 [main] DEBUG org.hibernate.orm.results - Extracted JDBC value [2] - [mpartortilla@gmail.com]
2026-01-14 13:27:49.668 [main] DEBUG org.hibernate.orm.results - Extracted JDBC value [3] - [2006-11-04]
2026-01-14 13:27:49.668 [main] DEBUG org.hibernate.orm.results - Extracted JDBC value [4] - [Manuel Parrado]
2026-01-14 13:27:49.668 [main] DEBUG org.hibernate.orm.results - Extracted JDBC value [5] - [123456789]
2026-01-14 13:27:49.669 [main] DEBUG org.hibernate.orm.results.loading.entity - (EntityResultInitializer) Done materializing entityInstance : modelo.Persona#1
2026-01-14 13:27:49.669 [main] DEBUG org.hibernate.orm.results.loading - Calling top-level assembler (0 / 1) : org.hibernate.sql.results.graph.entity.internal.EntityAssembler@28b5662d
2026-01-14 13:27:49.670 [main] DEBUG org.hibernate.resource.jdbc.internal.LogicalConnectionManagedImpl - Initiating JDBC connection release from afterTransaction
2026-01-14 13:27:49.672 [main] DEBUG TestPersona - La persona es:Manuel Parrado
2026-01-14 13:27:49.674 [main] DEBUG org.hibernate.orm.sql.exec - Skipping reading Query result cache data: cache-enabled = false, cache-mode = IGNORE
2026-01-14 13:27:49.674 [main] DEBUG org.hibernate.orm.results - Initializer list:
	  modelo.Persona -> EntityResultInitializer(modelo.Persona)@38840646 (SingleTableEntityPersister(modelo.Persona))

2026-01-14 13:27:49.674 [main] DEBUG org.hibernate.SQL - 
    select
        p1_0.dni,
        p1_0.edad,
        p1_0.email,
        p1_0.fechaNacimiento,
        p1_0.nombreApellido,
        p1_0.telefono 
    from
        persona p1_0 
    where
        p1_0.dni=?
2026-01-14 13:27:49.677 [main] DEBUG org.hibernate.orm.results.loading.entity - (EntityResultInitializer) Hydrated EntityKey (modelo.Persona): 1
2026-01-14 13:27:49.677 [main] DEBUG org.hibernate.orm.results.loading.entity - (EntityResultInitializer) Created new entity instance [modelo.Persona#1] : 964829290
2026-01-14 13:27:49.677 [main] DEBUG org.hibernate.orm.results - Extracted JDBC value [1] - [19]
2026-01-14 13:27:49.677 [main] DEBUG org.hibernate.orm.results - Extracted JDBC value [2] - [mpartortilla@gmail.com]
2026-01-14 13:27:49.677 [main] DEBUG org.hibernate.orm.results - Extracted JDBC value [3] - [2006-11-04]
2026-01-14 13:27:49.677 [main] DEBUG org.hibernate.orm.results - Extracted JDBC value [4] - [Manuel Parrado]
2026-01-14 13:27:49.677 [main] DEBUG org.hibernate.orm.results - Extracted JDBC value [5] - [123456789]
2026-01-14 13:27:49.677 [main] DEBUG org.hibernate.orm.results.loading.entity - (EntityResultInitializer) Done materializing entityInstance : modelo.Persona#1
2026-01-14 13:27:49.678 [main] DEBUG org.hibernate.orm.results.loading - Calling top-level assembler (0 / 1) : org.hibernate.sql.results.graph.entity.internal.EntityAssembler@3e9fb485
2026-01-14 13:27:49.678 [main] DEBUG org.hibernate.resource.jdbc.internal.LogicalConnectionManagedImpl - Initiating JDBC connection release from afterTransaction
2026-01-14 13:27:49.679 [main] DEBUG org.hibernate.engine.transaction.internal.TransactionImpl - On TransactionImpl creation, JpaCompliance#isJpaTransactionComplianceEnabled == false
2026-01-14 13:27:49.679 [main] DEBUG org.hibernate.engine.transaction.internal.TransactionImpl - begin
2026-01-14 13:27:49.681 [main] DEBUG org.hibernate.engine.transaction.internal.TransactionImpl - committing
2026-01-14 13:27:49.681 [main] DEBUG org.hibernate.event.internal.AbstractFlushingEventListener - Processing flush-time cascades
2026-01-14 13:27:49.681 [main] DEBUG org.hibernate.event.internal.AbstractFlushingEventListener - Dirty checking collections
2026-01-14 13:27:49.684 [main] DEBUG org.hibernate.event.internal.AbstractFlushingEventListener - Flushed: 0 insertions, 1 updates, 0 deletions to 1 objects
2026-01-14 13:27:49.684 [main] DEBUG org.hibernate.event.internal.AbstractFlushingEventListener - Flushed: 0 (re)creations, 0 updates, 0 removals to 0 collections
2026-01-14 13:27:49.684 [main] DEBUG org.hibernate.internal.util.EntityPrinter - Listing entities:
2026-01-14 13:27:49.684 [main] DEBUG org.hibernate.internal.util.EntityPrinter - modelo.Persona{nombreApellido=Manuel Parrado, fechaNacimiento=2006-11-03, telefono=123456789, edad=19, dni=1, email=mpartortilla@gmail.com}
2026-01-14 13:27:49.688 [main] DEBUG org.hibernate.SQL - 
    update
        persona 
    set
        edad=?,
        email=?,
        fechaNacimiento=?,
        nombreApellido=?,
        telefono=? 
    where
        dni=?
2026-01-14 13:27:49.696 [main] DEBUG org.hibernate.resource.jdbc.internal.LogicalConnectionManagedImpl - Initiating JDBC connection release from afterTransaction
2026-01-14 13:27:49.698 [main] DEBUG org.hibernate.resource.jdbc.internal.LogicalConnectionManagedImpl - Initiating JDBC connection release from afterTransaction
2026-01-14 13:30:22.637 [main] DEBUG org.jboss.logging - Logging Provider: org.jboss.logging.Log4j2LoggerProvider
2026-01-14 13:30:22.654 [main] DEBUG org.hibernate.integrator.internal.IntegratorServiceImpl - Adding Integrator [org.hibernate.boot.beanvalidation.BeanValidationIntegrator].
2026-01-14 13:30:22.657 [main] DEBUG org.hibernate.integrator.internal.IntegratorServiceImpl - Adding Integrator [org.hibernate.cache.internal.CollectionCacheInvalidator].
2026-01-14 13:30:22.684 [main] INFO  org.hibernate.Version - HHH000412: Hibernate ORM core version 6.4.4.Final
2026-01-14 13:30:22.686 [main] DEBUG org.hibernate.cfg.Environment - HHH000206: 'hibernate.properties' not found
2026-01-14 13:30:22.710 [main] DEBUG org.hibernate.boot.jaxb.internal.stax.LocalXmlResourceResolver - Checking public/system identifiers `-//Hibernate/Hibernate Configuration DTD 3.0//EN`/`https://hibernate.org/dtd/hibernate-configuration-3.0.dtd` as DTD references
2026-01-14 13:30:22.714 [main] DEBUG org.hibernate.boot.cfgxml.internal.JaxbCfgProcessor - cfg.xml document did not define namespaces; wrapping in custom event reader to introduce namespace information
2026-01-14 13:30:22.863 [main] DEBUG org.hibernate.orm.idgen.factory - Ignoring CDI for resolving IdentifierGenerator instances as extended or delayed CDI support was enabled
2026-01-14 13:30:22.865 [main] DEBUG org.hibernate.orm.idgen.factory - Registering IdentifierGenerator strategy [uuid2] -> [org.hibernate.id.UUIDGenerator]
2026-01-14 13:30:22.866 [main] DEBUG org.hibernate.orm.idgen.factory - Registering IdentifierGenerator strategy [guid] -> [org.hibernate.id.GUIDGenerator]
2026-01-14 13:30:22.866 [main] DEBUG org.hibernate.orm.idgen.factory - Registering IdentifierGenerator strategy [uuid] -> [org.hibernate.id.UUIDHexGenerator]
2026-01-14 13:30:22.866 [main] DEBUG org.hibernate.orm.idgen.factory - Registering IdentifierGenerator strategy [uuid.hex] -> [org.hibernate.id.UUIDHexGenerator]
2026-01-14 13:30:22.866 [main] DEBUG org.hibernate.orm.idgen.factory - Registering IdentifierGenerator strategy [assigned] -> [org.hibernate.id.Assigned]
2026-01-14 13:30:22.867 [main] DEBUG org.hibernate.orm.idgen.factory - Registering IdentifierGenerator strategy [identity] -> [org.hibernate.id.IdentityGenerator]
2026-01-14 13:30:22.867 [main] DEBUG org.hibernate.orm.idgen.factory - Registering IdentifierGenerator strategy [select] -> [org.hibernate.id.SelectGenerator]
2026-01-14 13:30:22.868 [main] DEBUG org.hibernate.orm.idgen.factory - Registering IdentifierGenerator strategy [sequence] -> [org.hibernate.id.enhanced.SequenceStyleGenerator]
2026-01-14 13:30:22.869 [main] DEBUG org.hibernate.orm.idgen.factory - Registering IdentifierGenerator strategy [increment] -> [org.hibernate.id.IncrementGenerator]
2026-01-14 13:30:22.869 [main] DEBUG org.hibernate.orm.idgen.factory - Registering IdentifierGenerator strategy [foreign] -> [org.hibernate.id.ForeignGenerator]
2026-01-14 13:30:22.869 [main] DEBUG org.hibernate.orm.idgen.factory - Registering IdentifierGenerator strategy [enhanced-sequence] -> [org.hibernate.id.enhanced.SequenceStyleGenerator]
2026-01-14 13:30:22.870 [main] DEBUG org.hibernate.orm.idgen.factory - Registering IdentifierGenerator strategy [enhanced-table] -> [org.hibernate.id.enhanced.TableGenerator]
2026-01-14 13:30:22.875 [main] DEBUG org.hibernate.cache.internal.RegionFactoryInitiator - Cannot default RegionFactory based on registered strategies as `[]` RegionFactory strategies were registered
2026-01-14 13:30:22.876 [main] INFO  org.hibernate.cache.internal.RegionFactoryInitiator - HHH000026: Second-level cache disabled
2026-01-14 13:30:22.938 [main] DEBUG org.hibernate.type.BasicTypeRegistry - Adding type registration boolean -> org.hibernate.type.BasicTypeReference@66ec9390
2026-01-14 13:30:22.939 [main] DEBUG org.hibernate.type.BasicTypeRegistry - Adding type registration boolean -> org.hibernate.type.BasicTypeReference@66ec9390
2026-01-14 13:30:22.939 [main] DEBUG org.hibernate.type.BasicTypeRegistry - Adding type registration java.lang.Boolean -> org.hibernate.type.BasicTypeReference@66ec9390
2026-01-14 13:30:22.939 [main] DEBUG org.hibernate.type.BasicTypeRegistry - Adding type registration numeric_boolean -> org.hibernate.type.BasicTypeReference@6e91893
2026-01-14 13:30:22.939 [main] DEBUG org.hibernate.type.BasicTypeRegistry - Adding type registration org.hibernate.type.NumericBooleanConverter -> org.hibernate.type.BasicTypeReference@6e91893
2026-01-14 13:30:22.939 [main] DEBUG org.hibernate.type.BasicTypeRegistry - Adding type registration true_false -> org.hibernate.type.BasicTypeReference@3c0fbd3a
2026-01-14 13:30:22.939 [main] DEBUG org.hibernate.type.BasicTypeRegistry - Adding type registration org.hibernate.type.TrueFalseConverter -> org.hibernate.type.BasicTypeReference@3c0fbd3a
2026-01-14 13:30:22.939 [main] DEBUG org.hibernate.type.BasicTypeRegistry - Adding type registration yes_no -> org.hibernate.type.BasicTypeReference@562457e1
2026-01-14 13:30:22.940 [main] DEBUG org.hibernate.type.BasicTypeRegistry - Adding type registration org.hibernate.type.YesNoConverter -> org.hibernate.type.BasicTypeReference@562457e1
2026-01-14 13:30:22.940 [main] DEBUG org.hibernate.type.BasicTypeRegistry - Adding type registration byte -> org.hibernate.type.BasicTypeReference@54562ea6
2026-01-14 13:30:22.940 [main] DEBUG org.hibernate.type.BasicTypeRegistry - Adding type registration byte -> org.hibernate.type.BasicTypeReference@54562ea6
2026-01-14 13:30:22.940 [main] DEBUG org.hibernate.type.BasicTypeRegistry - Adding type registration java.lang.Byte -> org.hibernate.type.BasicTypeReference@54562ea6
2026-01-14 13:30:22.940 [main] DEBUG org.hibernate.type.BasicTypeRegistry - Adding type registration binary -> org.hibernate.type.BasicTypeReference@1a35993f
2026-01-14 13:30:22.940 [main] DEBUG org.hibernate.type.BasicTypeRegistry - Adding type registration byte[] -> org.hibernate.type.BasicTypeReference@1a35993f
2026-01-14 13:30:22.940 [main] DEBUG org.hibernate.type.BasicTypeRegistry - Adding type registration [B -> org.hibernate.type.BasicTypeReference@1a35993f
2026-01-14 13:30:22.940 [main] DEBUG org.hibernate.type.BasicTypeRegistry - Adding type registration binary_wrapper -> org.hibernate.type.BasicTypeReference@5b12012e
2026-01-14 13:30:22.941 [main] DEBUG org.hibernate.type.BasicTypeRegistry - Adding type registration wrapper-binary -> org.hibernate.type.BasicTypeReference@5b12012e
2026-01-14 13:30:22.941 [main] DEBUG org.hibernate.type.BasicTypeRegistry - Adding type registration image -> org.hibernate.type.BasicTypeReference@2f7dcef2
2026-01-14 13:30:22.941 [main] DEBUG org.hibernate.type.BasicTypeRegistry - Adding type registration blob -> org.hibernate.type.BasicTypeReference@4a3be6a5
2026-01-14 13:30:22.941 [main] DEBUG org.hibernate.type.BasicTypeRegistry - Adding type registration java.sql.Blob -> org.hibernate.type.BasicTypeReference@4a3be6a5
2026-01-14 13:30:22.941 [main] DEBUG org.hibernate.type.BasicTypeRegistry - Adding type registration materialized_blob -> org.hibernate.type.BasicTypeReference@7cf162bc
2026-01-14 13:30:22.941 [main] DEBUG org.hibernate.type.BasicTypeRegistry - Adding type registration materialized_blob_wrapper -> org.hibernate.type.BasicTypeReference@3721177d
2026-01-14 13:30:22.941 [main] DEBUG org.hibernate.type.BasicTypeRegistry - Adding type registration short -> org.hibernate.type.BasicTypeReference@766a4535
2026-01-14 13:30:22.941 [main] DEBUG org.hibernate.type.BasicTypeRegistry - Adding type registration short -> org.hibernate.type.BasicTypeReference@766a4535
2026-01-14 13:30:22.942 [main] DEBUG org.hibernate.type.BasicTypeRegistry - Adding type registration java.lang.Short -> org.hibernate.type.BasicTypeReference@766a4535
2026-01-14 13:30:22.942 [main] DEBUG org.hibernate.type.BasicTypeRegistry - Adding type registration integer -> org.hibernate.type.BasicTypeReference@63718b93
2026-01-14 13:30:22.942 [main] DEBUG org.hibernate.type.BasicTypeRegistry - Adding type registration int -> org.hibernate.type.BasicTypeReference@63718b93
2026-01-14 13:30:22.942 [main] DEBUG org.hibernate.type.BasicTypeRegistry - Adding type registration java.lang.Integer -> org.hibernate.type.BasicTypeReference@63718b93
2026-01-14 13:30:22.942 [main] DEBUG org.hibernate.type.BasicTypeRegistry - Adding type registration long -> org.hibernate.type.BasicTypeReference@14e2e1c3
2026-01-14 13:30:22.942 [main] DEBUG org.hibernate.type.BasicTypeRegistry - Adding type registration long -> org.hibernate.type.BasicTypeReference@14e2e1c3
2026-01-14 13:30:22.942 [main] DEBUG org.hibernate.type.BasicTypeRegistry - Adding type registration java.lang.Long -> org.hibernate.type.BasicTypeReference@14e2e1c3
2026-01-14 13:30:22.943 [main] DEBUG org.hibernate.type.BasicTypeRegistry - Adding type registration float -> org.hibernate.type.BasicTypeReference@2b4786dd
2026-01-14 13:30:22.943 [main] DEBUG org.hibernate.type.BasicTypeRegistry - Adding type registration float -> org.hibernate.type.BasicTypeReference@2b4786dd
2026-01-14 13:30:22.943 [main] DEBUG org.hibernate.type.BasicTypeRegistry - Adding type registration java.lang.Float -> org.hibernate.type.BasicTypeReference@2b4786dd
2026-01-14 13:30:22.943 [main] DEBUG org.hibernate.type.BasicTypeRegistry - Adding type registration double -> org.hibernate.type.BasicTypeReference@f202d6d
2026-01-14 13:30:22.944 [main] DEBUG org.hibernate.type.BasicTypeRegistry - Adding type registration double -> org.hibernate.type.BasicTypeReference@f202d6d
2026-01-14 13:30:22.944 [main] DEBUG org.hibernate.type.BasicTypeRegistry - Adding type registration java.lang.Double -> org.hibernate.type.BasicTypeReference@f202d6d
2026-01-14 13:30:22.944 [main] DEBUG org.hibernate.type.BasicTypeRegistry - Adding type registration big_integer -> org.hibernate.type.BasicTypeReference@60e21209
2026-01-14 13:30:22.944 [main] DEBUG org.hibernate.type.BasicTypeRegistry - Adding type registration java.math.BigInteger -> org.hibernate.type.BasicTypeReference@60e21209
2026-01-14 13:30:22.944 [main] DEBUG org.hibernate.type.BasicTypeRegistry - Adding type registration big_decimal -> org.hibernate.type.BasicTypeReference@630d1b2f
2026-01-14 13:30:22.944 [main] DEBUG org.hibernate.type.BasicTypeRegistry - Adding type registration java.math.BigDecimal -> org.hibernate.type.BasicTypeReference@630d1b2f
2026-01-14 13:30:22.944 [main] DEBUG org.hibernate.type.BasicTypeRegistry - Adding type registration character -> org.hibernate.type.BasicTypeReference@746b18fd
2026-01-14 13:30:22.944 [main] DEBUG org.hibernate.type.BasicTypeRegistry - Adding type registration char -> org.hibernate.type.BasicTypeReference@746b18fd
2026-01-14 13:30:22.944 [main] DEBUG org.hibernate.type.BasicTypeRegistry - Adding type registration java.lang.Character -> org.hibernate.type.BasicTypeReference@746b18fd
2026-01-14 13:30:22.945 [main] DEBUG org.hibernate.type.BasicTypeRegistry - Adding type registration character_nchar -> org.hibernate.type.BasicTypeReference@7a2e0858
2026-01-14 13:30:22.945 [main] DEBUG org.hibernate.type.BasicTypeRegistry - Adding type registration string -> org.hibernate.type.BasicTypeReference@aac3f4e
2026-01-14 13:30:22.945 [main] DEBUG org.hibernate.type.BasicTypeRegistry - Adding type registration java.lang.String -> org.hibernate.type.BasicTypeReference@aac3f4e
2026-01-14 13:30:22.945 [main] DEBUG org.hibernate.type.BasicTypeRegistry - Adding type registration nstring -> org.hibernate.type.BasicTypeReference@1f38957
2026-01-14 13:30:22.945 [main] DEBUG org.hibernate.type.BasicTypeRegistry - Adding type registration characters -> org.hibernate.type.BasicTypeReference@2df3c564
2026-01-14 13:30:22.945 [main] DEBUG org.hibernate.type.BasicTypeRegistry - Adding type registration char[] -> org.hibernate.type.BasicTypeReference@2df3c564
2026-01-14 13:30:22.945 [main] DEBUG org.hibernate.type.BasicTypeRegistry - Adding type registration [C -> org.hibernate.type.BasicTypeReference@2df3c564
2026-01-14 13:30:22.946 [main] DEBUG org.hibernate.type.BasicTypeRegistry - Adding type registration wrapper-characters -> org.hibernate.type.BasicTypeReference@2715644a
2026-01-14 13:30:22.946 [main] DEBUG org.hibernate.type.BasicTypeRegistry - Adding type registration text -> org.hibernate.type.BasicTypeReference@4c2869a9
2026-01-14 13:30:22.946 [main] DEBUG org.hibernate.type.BasicTypeRegistry - Adding type registration ntext -> org.hibernate.type.BasicTypeReference@518cf84a
2026-01-14 13:30:22.946 [main] DEBUG org.hibernate.type.BasicTypeRegistry - Adding type registration clob -> org.hibernate.type.BasicTypeReference@62e7dffa
2026-01-14 13:30:22.946 [main] DEBUG org.hibernate.type.BasicTypeRegistry - Adding type registration java.sql.Clob -> org.hibernate.type.BasicTypeReference@62e7dffa
2026-01-14 13:30:22.946 [main] DEBUG org.hibernate.type.BasicTypeRegistry - Adding type registration nclob -> org.hibernate.type.BasicTypeReference@6edcd0d8
2026-01-14 13:30:22.946 [main] DEBUG org.hibernate.type.BasicTypeRegistry - Adding type registration java.sql.NClob -> org.hibernate.type.BasicTypeReference@6edcd0d8
2026-01-14 13:30:22.946 [main] DEBUG org.hibernate.type.BasicTypeRegistry - Adding type registration materialized_clob -> org.hibernate.type.BasicTypeReference@6136998b
2026-01-14 13:30:22.946 [main] DEBUG org.hibernate.type.BasicTypeRegistry - Adding type registration materialized_clob_char_array -> org.hibernate.type.BasicTypeReference@57ce634f
2026-01-14 13:30:22.946 [main] DEBUG org.hibernate.type.BasicTypeRegistry - Adding type registration materialized_clob_character_array -> org.hibernate.type.BasicTypeReference@b8a7e43
2026-01-14 13:30:22.946 [main] DEBUG org.hibernate.type.BasicTypeRegistry - Adding type registration materialized_nclob -> org.hibernate.type.BasicTypeReference@35835fa
2026-01-14 13:30:22.947 [main] DEBUG org.hibernate.type.BasicTypeRegistry - Adding type registration materialized_nclob_character_array -> org.hibernate.type.BasicTypeReference@56f71edb
2026-01-14 13:30:22.947 [main] DEBUG org.hibernate.type.BasicTypeRegistry - Adding type registration materialized_nclob_char_array -> org.hibernate.type.BasicTypeReference@7207cb51
2026-01-14 13:30:22.947 [main] DEBUG org.hibernate.type.BasicTypeRegistry - Adding type registration Duration -> org.hibernate.type.BasicTypeReference@2a27cb34
2026-01-14 13:30:22.947 [main] DEBUG org.hibernate.type.BasicTypeRegistry - Adding type registration java.time.Duration -> org.hibernate.type.BasicTypeReference@2a27cb34
2026-01-14 13:30:22.947 [main] DEBUG org.hibernate.type.BasicTypeRegistry - Adding type registration LocalDateTime -> org.hibernate.type.BasicTypeReference@6892cc6f
2026-01-14 13:30:22.947 [main] DEBUG org.hibernate.type.BasicTypeRegistry - Adding type registration java.time.LocalDateTime -> org.hibernate.type.BasicTypeReference@6892cc6f
2026-01-14 13:30:22.947 [main] DEBUG org.hibernate.type.BasicTypeRegistry - Adding type registration LocalDate -> org.hibernate.type.BasicTypeReference@6fd1660
2026-01-14 13:30:22.947 [main] DEBUG org.hibernate.type.BasicTypeRegistry - Adding type registration java.time.LocalDate -> org.hibernate.type.BasicTypeReference@6fd1660
2026-01-14 13:30:22.947 [main] DEBUG org.hibernate.type.BasicTypeRegistry - Adding type registration LocalTime -> org.hibernate.type.BasicTypeReference@4a6c18ad
2026-01-14 13:30:22.947 [main] DEBUG org.hibernate.type.BasicTypeRegistry - Adding type registration java.time.LocalTime -> org.hibernate.type.BasicTypeReference@4a6c18ad
2026-01-14 13:30:22.947 [main] DEBUG org.hibernate.type.BasicTypeRegistry - Adding type registration OffsetDateTime -> org.hibernate.type.BasicTypeReference@5e8604bf
2026-01-14 13:30:22.947 [main] DEBUG org.hibernate.type.BasicTypeRegistry - Adding type registration java.time.OffsetDateTime -> org.hibernate.type.BasicTypeReference@5e8604bf
2026-01-14 13:30:22.948 [main] DEBUG org.hibernate.type.BasicTypeRegistry - Adding type registration OffsetDateTimeWithTimezone -> org.hibernate.type.BasicTypeReference@20095ab4
2026-01-14 13:30:22.948 [main] DEBUG org.hibernate.type.BasicTypeRegistry - Adding type registration OffsetDateTimeWithoutTimezone -> org.hibernate.type.BasicTypeReference@4e2916c3
2026-01-14 13:30:22.948 [main] DEBUG org.hibernate.type.BasicTypeRegistry - Adding type registration OffsetTime -> org.hibernate.type.BasicTypeReference@64aad6db
2026-01-14 13:30:22.948 [main] DEBUG org.hibernate.type.BasicTypeRegistry - Adding type registration java.time.OffsetTime -> org.hibernate.type.BasicTypeReference@64aad6db
2026-01-14 13:30:22.948 [main] DEBUG org.hibernate.type.BasicTypeRegistry - Adding type registration OffsetTimeUtc -> org.hibernate.type.BasicTypeReference@ae7950d
2026-01-14 13:30:22.948 [main] DEBUG org.hibernate.type.BasicTypeRegistry - Adding type registration OffsetTimeWithTimezone -> org.hibernate.type.BasicTypeReference@60d1b21f
2026-01-14 13:30:22.948 [main] DEBUG org.hibernate.type.BasicTypeRegistry - Adding type registration OffsetTimeWithoutTimezone -> org.hibernate.type.BasicTypeReference@66c83fc8
2026-01-14 13:30:22.948 [main] DEBUG org.hibernate.type.BasicTypeRegistry - Adding type registration ZonedDateTime -> org.hibernate.type.BasicTypeReference@546621c4
2026-01-14 13:30:22.948 [main] DEBUG org.hibernate.type.BasicTypeRegistry - Adding type registration java.time.ZonedDateTime -> org.hibernate.type.BasicTypeReference@546621c4
2026-01-14 13:30:22.948 [main] DEBUG org.hibernate.type.BasicTypeRegistry - Adding type registration ZonedDateTimeWithTimezone -> org.hibernate.type.BasicTypeReference@621f89b8
2026-01-14 13:30:22.948 [main] DEBUG org.hibernate.type.BasicTypeRegistry - Adding type registration ZonedDateTimeWithoutTimezone -> org.hibernate.type.BasicTypeReference@f339eae
2026-01-14 13:30:22.949 [main] DEBUG org.hibernate.type.BasicTypeRegistry - Adding type registration date -> org.hibernate.type.BasicTypeReference@2822c6ff
2026-01-14 13:30:22.949 [main] DEBUG org.hibernate.type.BasicTypeRegistry - Adding type registration java.sql.Date -> org.hibernate.type.BasicTypeReference@2822c6ff
2026-01-14 13:30:22.949 [main] DEBUG org.hibernate.type.BasicTypeRegistry - Adding type registration time -> org.hibernate.type.BasicTypeReference@4dafba3e
2026-01-14 13:30:22.949 [main] DEBUG org.hibernate.type.BasicTypeRegistry - Adding type registration java.sql.Time -> org.hibernate.type.BasicTypeReference@4dafba3e
2026-01-14 13:30:22.949 [main] DEBUG org.hibernate.type.BasicTypeRegistry - Adding type registration timestamp -> org.hibernate.type.BasicTypeReference@53e3a87a
2026-01-14 13:30:22.949 [main] DEBUG org.hibernate.type.BasicTypeRegistry - Adding type registration java.sql.Timestamp -> org.hibernate.type.BasicTypeReference@53e3a87a
2026-01-14 13:30:22.949 [main] DEBUG org.hibernate.type.BasicTypeRegistry - Adding type registration java.util.Date -> org.hibernate.type.BasicTypeReference@53e3a87a
2026-01-14 13:30:22.949 [main] DEBUG org.hibernate.type.BasicTypeRegistry - Adding type registration calendar -> org.hibernate.type.BasicTypeReference@40368a46
2026-01-14 13:30:22.949 [main] DEBUG org.hibernate.type.BasicTypeRegistry - Adding type registration java.util.Calendar -> org.hibernate.type.BasicTypeReference@40368a46
2026-01-14 13:30:22.950 [main] DEBUG org.hibernate.type.BasicTypeRegistry - Adding type registration java.util.GregorianCalendar -> org.hibernate.type.BasicTypeReference@40368a46
2026-01-14 13:30:22.950 [main] DEBUG org.hibernate.type.BasicTypeRegistry - Adding type registration calendar_date -> org.hibernate.type.BasicTypeReference@7e9da981
2026-01-14 13:30:22.950 [main] DEBUG org.hibernate.type.BasicTypeRegistry - Adding type registration calendar_time -> org.hibernate.type.BasicTypeReference@4ed38226
2026-01-14 13:30:22.950 [main] DEBUG org.hibernate.type.BasicTypeRegistry - Adding type registration instant -> org.hibernate.type.BasicTypeReference@3d43fe
2026-01-14 13:30:22.950 [main] DEBUG org.hibernate.type.BasicTypeRegistry - Adding type registration java.time.Instant -> org.hibernate.type.BasicTypeReference@3d43fe
2026-01-14 13:30:22.950 [main] DEBUG org.hibernate.type.BasicTypeRegistry - Adding type registration uuid -> org.hibernate.type.BasicTypeReference@74ad8d05
2026-01-14 13:30:22.950 [main] DEBUG org.hibernate.type.BasicTypeRegistry - Adding type registration java.util.UUID -> org.hibernate.type.BasicTypeReference@74ad8d05
2026-01-14 13:30:22.950 [main] DEBUG org.hibernate.type.BasicTypeRegistry - Adding type registration pg-uuid -> org.hibernate.type.BasicTypeReference@74ad8d05
2026-01-14 13:30:22.950 [main] DEBUG org.hibernate.type.BasicTypeRegistry - Adding type registration uuid-binary -> org.hibernate.type.BasicTypeReference@676ff3b0
2026-01-14 13:30:22.951 [main] DEBUG org.hibernate.type.BasicTypeRegistry - Adding type registration uuid-char -> org.hibernate.type.BasicTypeReference@35ff8fc9
2026-01-14 13:30:22.951 [main] DEBUG org.hibernate.type.BasicTypeRegistry - Adding type registration class -> org.hibernate.type.BasicTypeReference@5fb7183b
2026-01-14 13:30:22.951 [main] DEBUG org.hibernate.type.BasicTypeRegistry - Adding type registration java.lang.Class -> org.hibernate.type.BasicTypeReference@5fb7183b
2026-01-14 13:30:22.951 [main] DEBUG org.hibernate.type.BasicTypeRegistry - Adding type registration currency -> org.hibernate.type.BasicTypeReference@476a736d
2026-01-14 13:30:22.951 [main] DEBUG org.hibernate.type.BasicTypeRegistry - Adding type registration Currency -> org.hibernate.type.BasicTypeReference@476a736d
2026-01-14 13:30:22.951 [main] DEBUG org.hibernate.type.BasicTypeRegistry - Adding type registration java.util.Currency -> org.hibernate.type.BasicTypeReference@476a736d
2026-01-14 13:30:22.951 [main] DEBUG org.hibernate.type.BasicTypeRegistry - Adding type registration locale -> org.hibernate.type.BasicTypeReference@5f80fa43
2026-01-14 13:30:22.951 [main] DEBUG org.hibernate.type.BasicTypeRegistry - Adding type registration java.util.Locale -> org.hibernate.type.BasicTypeReference@5f80fa43
2026-01-14 13:30:22.952 [main] DEBUG org.hibernate.type.BasicTypeRegistry - Adding type registration serializable -> org.hibernate.type.BasicTypeReference@16c8b7bd
2026-01-14 13:30:22.952 [main] DEBUG org.hibernate.type.BasicTypeRegistry - Adding type registration java.io.Serializable -> org.hibernate.type.BasicTypeReference@16c8b7bd
2026-01-14 13:30:22.952 [main] DEBUG org.hibernate.type.BasicTypeRegistry - Adding type registration timezone -> org.hibernate.type.BasicTypeReference@7159139f
2026-01-14 13:30:22.952 [main] DEBUG org.hibernate.type.BasicTypeRegistry - Adding type registration java.util.TimeZone -> org.hibernate.type.BasicTypeReference@7159139f
2026-01-14 13:30:22.952 [main] DEBUG org.hibernate.type.BasicTypeRegistry - Adding type registration ZoneOffset -> org.hibernate.type.BasicTypeReference@65bcf7c2
2026-01-14 13:30:22.952 [main] DEBUG org.hibernate.type.BasicTypeRegistry - Adding type registration java.time.ZoneOffset -> org.hibernate.type.BasicTypeReference@65bcf7c2
2026-01-14 13:30:22.952 [main] DEBUG org.hibernate.type.BasicTypeRegistry - Adding type registration url -> org.hibernate.type.BasicTypeReference@3db64bd4
2026-01-14 13:30:22.952 [main] DEBUG org.hibernate.type.BasicTypeRegistry - Adding type registration java.net.URL -> org.hibernate.type.BasicTypeReference@3db64bd4
2026-01-14 13:30:22.952 [main] DEBUG org.hibernate.type.BasicTypeRegistry - Adding type registration vector -> org.hibernate.type.BasicTypeReference@6e106680
2026-01-14 13:30:22.952 [main] DEBUG org.hibernate.type.BasicTypeRegistry - Adding type registration row_version -> org.hibernate.type.BasicTypeReference@576c5536
2026-01-14 13:30:22.956 [main] DEBUG org.hibernate.type.BasicTypeRegistry - Adding type registration object -> org.hibernate.type.JavaObjectType@153d4abb
2026-01-14 13:30:22.957 [main] DEBUG org.hibernate.type.BasicTypeRegistry - Adding type registration java.lang.Object -> org.hibernate.type.JavaObjectType@153d4abb
2026-01-14 13:30:22.957 [main] DEBUG org.hibernate.type.BasicTypeRegistry - Adding type registration null -> org.hibernate.type.NullType@3350ebdd
2026-01-14 13:30:22.957 [main] DEBUG org.hibernate.type.BasicTypeRegistry - Adding type registration imm_date -> org.hibernate.type.BasicTypeReference@6818d900
2026-01-14 13:30:22.957 [main] DEBUG org.hibernate.type.BasicTypeRegistry - Adding type registration imm_time -> org.hibernate.type.BasicTypeReference@149f5761
2026-01-14 13:30:22.957 [main] DEBUG org.hibernate.type.BasicTypeRegistry - Adding type registration imm_timestamp -> org.hibernate.type.BasicTypeReference@2ba33e2c
2026-01-14 13:30:22.957 [main] DEBUG org.hibernate.type.BasicTypeRegistry - Adding type registration imm_calendar -> org.hibernate.type.BasicTypeReference@1f193686
2026-01-14 13:30:22.957 [main] DEBUG org.hibernate.type.BasicTypeRegistry - Adding type registration imm_calendar_date -> org.hibernate.type.BasicTypeReference@31e72cbc
2026-01-14 13:30:22.959 [main] DEBUG org.hibernate.type.BasicTypeRegistry - Adding type registration imm_calendar_time -> org.hibernate.type.BasicTypeReference@5fad41be
2026-01-14 13:30:22.959 [main] DEBUG org.hibernate.type.BasicTypeRegistry - Adding type registration imm_binary -> org.hibernate.type.BasicTypeReference@6dcd5639
2026-01-14 13:30:22.959 [main] DEBUG org.hibernate.type.BasicTypeRegistry - Adding type registration imm_serializable -> org.hibernate.type.BasicTypeReference@3b36e000
2026-01-14 13:30:22.984 [main] WARN  org.hibernate.orm.connections.pooling - HHH10001002: Using built-in connection pool (not intended for production use)
2026-01-14 13:30:22.987 [main] INFO  org.hibernate.orm.connections.pooling - HHH10001005: Loaded JDBC driver class: com.mysql.cj.jdbc.Driver
2026-01-14 13:30:22.987 [main] INFO  org.hibernate.orm.connections.pooling - HHH10001012: Connecting with JDBC URL [jdbc:mysql://localhost:3307/accesoDatosDAM?useSSL=false&serverTimezone=UTC]
2026-01-14 13:30:22.987 [main] INFO  org.hibernate.orm.connections.pooling - HHH10001001: Connection properties: {password=usuario, user=usuario2}
2026-01-14 13:30:22.988 [main] INFO  org.hibernate.orm.connections.pooling - HHH10001003: Autocommit mode: false
2026-01-14 13:30:22.989 [main] DEBUG org.hibernate.orm.connections.pooling - Initializing Connection pool with 1 Connections
2026-01-14 13:30:22.989 [main] INFO  org.hibernate.orm.connections.pooling - HHH10001115: Connection pool size: 20 (min=1)
2026-01-14 13:30:23.133 [main] DEBUG org.hibernate.engine.jdbc.env.internal.JdbcEnvironmentInitiator - Database ->
       name : MySQL
    version : 8.4.7
      major : 8
      minor : 4
2026-01-14 13:30:23.133 [main] DEBUG org.hibernate.engine.jdbc.env.internal.JdbcEnvironmentInitiator - Driver ->
       name : MySQL Connector/J
    version : mysql-connector-j-8.4.0 (Revision: 1c3f5c149e0bfe31c7fbeb24e2d260cd890972c4)
      major : 8
      minor : 4
2026-01-14 13:30:23.133 [main] DEBUG org.hibernate.engine.jdbc.env.internal.JdbcEnvironmentInitiator - JDBC version : 4.2
2026-01-14 13:30:23.177 [main] WARN  org.hibernate.orm.deprecation - HHH90000025: MySQLDialect does not need to be specified explicitly using 'hibernate.dialect' (remove the property setting and it will be selected by default)
2026-01-14 13:30:23.179 [main] DEBUG org.hibernate.orm.dialect - HHH035001: Using dialect: org.hibernate.dialect.MySQLDialect, version: 8.4.7
2026-01-14 13:30:23.188 [main] DEBUG org.hibernate.engine.jdbc.env.spi.IdentifierHelperBuilder - JDBC driver metadata reported database stores quoted identifiers in more than one case
2026-01-14 13:30:23.188 [main] DEBUG org.hibernate.engine.jdbc.env.spi.IdentifierHelperBuilder - IdentifierCaseStrategy for both quoted and unquoted identifiers was set to the same strategy [MIXED]; that will likely lead to problems in schema update and validation if using quoted identifiers
2026-01-14 13:30:23.204 [main] DEBUG org.hibernate.type.descriptor.sql.spi.DdlTypeRegistry - addDescriptor(12, org.hibernate.type.descriptor.sql.internal.CapacityDependentDdlType@2d9dff65) replaced previous registration(org.hibernate.type.descriptor.sql.internal.CapacityDependentDdlType@5ef6fd7f)
2026-01-14 13:30:23.204 [main] DEBUG org.hibernate.type.descriptor.sql.spi.DdlTypeRegistry - addDescriptor(-9, org.hibernate.type.descriptor.sql.internal.CapacityDependentDdlType@5633ed82) replaced previous registration(org.hibernate.type.descriptor.sql.internal.CapacityDependentDdlType@767191b1)
2026-01-14 13:30:23.204 [main] DEBUG org.hibernate.type.descriptor.sql.spi.DdlTypeRegistry - addDescriptor(-3, org.hibernate.type.descriptor.sql.internal.CapacityDependentDdlType@34d52ecd) replaced previous registration(org.hibernate.type.descriptor.sql.internal.CapacityDependentDdlType@5d21202d)
2026-01-14 13:30:23.204 [main] DEBUG org.hibernate.type.descriptor.sql.spi.DdlTypeRegistry - addDescriptor(4003, org.hibernate.type.descriptor.sql.internal.DdlTypeImpl@14b789f6) replaced previous registration(org.hibernate.type.descriptor.sql.internal.DdlTypeImpl@6eb17ec8)
2026-01-14 13:30:23.204 [main] DEBUG org.hibernate.type.descriptor.sql.spi.DdlTypeRegistry - addDescriptor(4001, org.hibernate.type.descriptor.sql.internal.DdlTypeImpl@730f9695) replaced previous registration(org.hibernate.type.descriptor.sql.internal.DdlTypeImpl@277bf091)
2026-01-14 13:30:23.204 [main] DEBUG org.hibernate.type.descriptor.sql.spi.DdlTypeRegistry - addDescriptor(4002, org.hibernate.type.descriptor.sql.internal.DdlTypeImpl@fab35b1) replaced previous registration(org.hibernate.type.descriptor.sql.internal.DdlTypeImpl@6a094db2)
2026-01-14 13:30:23.204 [main] DEBUG org.hibernate.type.descriptor.sql.spi.DdlTypeRegistry - addDescriptor(2004, org.hibernate.type.descriptor.sql.internal.CapacityDependentDdlType@65bdd558) replaced previous registration(org.hibernate.type.descriptor.sql.internal.DdlTypeImpl@1dba4e06)
2026-01-14 13:30:23.204 [main] DEBUG org.hibernate.type.descriptor.sql.spi.DdlTypeRegistry - addDescriptor(2005, org.hibernate.type.descriptor.sql.internal.CapacityDependentDdlType@4beaf6bd) replaced previous registration(org.hibernate.type.descriptor.sql.internal.DdlTypeImpl@6b2e46af)
2026-01-14 13:30:23.204 [main] DEBUG org.hibernate.type.descriptor.sql.spi.DdlTypeRegistry - addDescriptor(2011, org.hibernate.type.descriptor.sql.internal.CapacityDependentDdlType@60325987) replaced previous registration(org.hibernate.type.descriptor.sql.internal.DdlTypeImpl@2f37f1f9)
2026-01-14 13:30:23.206 [main] DEBUG org.hibernate.type.descriptor.jdbc.spi.JdbcTypeRegistry - addDescriptor(NCharTypeDescriptor) replaced previous registration(CharTypeDescriptor)
2026-01-14 13:30:23.206 [main] DEBUG org.hibernate.type.descriptor.jdbc.spi.JdbcTypeRegistry - addDescriptor(NVarcharTypeDescriptor) replaced previous registration(VarcharTypeDescriptor)
2026-01-14 13:30:23.206 [main] DEBUG org.hibernate.type.descriptor.jdbc.spi.JdbcTypeRegistry - addDescriptor(LongNVarcharTypeDescriptor) replaced previous registration(LongVarcharTypeDescriptor)
2026-01-14 13:30:23.208 [main] DEBUG org.hibernate.type.descriptor.jdbc.spi.JdbcTypeRegistry - addDescriptor(NClobTypeDescriptor(DEFAULT)) replaced previous registration(ClobTypeDescriptor(DEFAULT))
2026-01-14 13:30:23.208 [main] DEBUG org.hibernate.type.descriptor.jdbc.spi.JdbcTypeRegistry - addDescriptor(2005, ClobTypeDescriptor(STREAM_BINDING)) replaced previous registration(ClobTypeDescriptor(DEFAULT))
2026-01-14 13:30:23.210 [main] DEBUG org.hibernate.type.BasicTypeRegistry - Adding type registration null -> org.hibernate.type.NullType@9596ce8
2026-01-14 13:30:23.210 [main] DEBUG org.hibernate.type.BasicTypeRegistry - Type registration key [null] overrode previous entry : `org.hibernate.type.NullType@3350ebdd`
2026-01-14 13:30:23.214 [main] DEBUG org.hibernate.type.BasicTypeRegistry - Adding type registration org.hibernate.type.DurationType -> basicType@1(java.time.Duration,3015)
2026-01-14 13:30:23.214 [main] DEBUG org.hibernate.type.BasicTypeRegistry - Adding type registration Duration -> basicType@1(java.time.Duration,3015)
2026-01-14 13:30:23.214 [main] DEBUG org.hibernate.type.BasicTypeRegistry - Adding type registration java.time.Duration -> basicType@1(java.time.Duration,3015)
2026-01-14 13:30:23.217 [main] DEBUG org.hibernate.type.BasicTypeRegistry - Adding type registration org.hibernate.type.OffsetDateTimeType -> basicType@2(java.time.OffsetDateTime,3003)
2026-01-14 13:30:23.217 [main] DEBUG org.hibernate.type.BasicTypeRegistry - Adding type registration OffsetDateTime -> basicType@2(java.time.OffsetDateTime,3003)
2026-01-14 13:30:23.217 [main] DEBUG org.hibernate.type.BasicTypeRegistry - Adding type registration java.time.OffsetDateTime -> basicType@2(java.time.OffsetDateTime,3003)
2026-01-14 13:30:23.217 [main] DEBUG org.hibernate.type.BasicTypeRegistry - Adding type registration org.hibernate.type.ZonedDateTimeType -> basicType@3(java.time.ZonedDateTime,3003)
2026-01-14 13:30:23.217 [main] DEBUG org.hibernate.type.BasicTypeRegistry - Adding type registration ZonedDateTime -> basicType@3(java.time.ZonedDateTime,3003)
2026-01-14 13:30:23.217 [main] DEBUG org.hibernate.type.BasicTypeRegistry - Adding type registration java.time.ZonedDateTime -> basicType@3(java.time.ZonedDateTime,3003)
2026-01-14 13:30:23.219 [main] DEBUG org.hibernate.type.BasicTypeRegistry - Adding type registration org.hibernate.type.OffsetTimeType -> basicType@4(java.time.OffsetTime,3007)
2026-01-14 13:30:23.219 [main] DEBUG org.hibernate.type.BasicTypeRegistry - Adding type registration OffsetTime -> basicType@4(java.time.OffsetTime,3007)
2026-01-14 13:30:23.219 [main] DEBUG org.hibernate.type.BasicTypeRegistry - Adding type registration java.time.OffsetTime -> basicType@4(java.time.OffsetTime,3007)
2026-01-14 13:30:23.223 [main] DEBUG org.hibernate.type.spi.TypeConfiguration$Scope - Scoping TypeConfiguration [org.hibernate.type.spi.TypeConfiguration@59072e9d] to MetadataBuildingContext [org.hibernate.boot.internal.MetadataBuildingContextRootImpl@58472096]
2026-01-14 13:30:23.252 [main] DEBUG org.hibernate.boot.model.relational.Namespace - Created database namespace [logicalName=Name{catalog=null, schema=null}, physicalName=Name{catalog=null, schema=null}]
2026-01-14 13:30:23.271 [main] DEBUG org.hibernate.boot.model.internal.EntityBinder - Binding entity from annotated class: modelo.Reunion
2026-01-14 13:30:23.277 [main] DEBUG org.hibernate.boot.model.internal.EntityBinder - Import with entity name Reunion
2026-01-14 13:30:23.286 [main] DEBUG org.hibernate.boot.model.internal.EntityBinder - Bind entity modelo.Reunion on table reunion
2026-01-14 13:30:23.294 [main] DEBUG org.hibernate.boot.model.internal.AnnotatedColumn - Binding column: AnnotatedDiscriminatorColumn(column='DTYPE')
2026-01-14 13:30:23.306 [main] DEBUG org.hibernate.boot.model.internal.AnnotatedColumn - Binding column: AnnotatedColumn()
2026-01-14 13:30:23.306 [main] DEBUG org.hibernate.boot.internal.ClassLoaderAccessImpl - Not known whether passed class name [modelo.Reunion] is safe
2026-01-14 13:30:23.306 [main] DEBUG org.hibernate.boot.internal.ClassLoaderAccessImpl - No temp ClassLoader provided; using live ClassLoader for loading potentially unsafe class : modelo.Reunion
2026-01-14 13:30:23.309 [main] DEBUG org.hibernate.boot.model.internal.PropertyBinder - MetadataSourceProcessor property idReunion with lazy=false
2026-01-14 13:30:23.312 [main] DEBUG org.hibernate.boot.model.internal.AbstractPropertyHolder - Attempting to locate auto-apply AttributeConverter for property [modelo.Reunion:idReunion]
2026-01-14 13:30:23.314 [main] DEBUG org.hibernate.boot.model.internal.BasicValueBinder - building BasicValue for idReunion
2026-01-14 13:30:23.317 [main] DEBUG org.hibernate.mapping.BasicValue - Skipping column re-registration: reunion.idReunion
2026-01-14 13:30:23.318 [main] DEBUG org.hibernate.boot.model.internal.PropertyBinder - Building property idReunion
2026-01-14 13:30:23.320 [main] DEBUG org.hibernate.boot.model.internal.BinderHelper - #makeIdGenerator(BasicValue([Column(idReunion)]), idReunion, org.hibernate.id.enhanced.SequenceStyleGenerator, , ...)
2026-01-14 13:30:23.321 [main] DEBUG org.hibernate.boot.model.internal.AnnotatedColumn - Binding column: AnnotatedColumn()
2026-01-14 13:30:23.321 [main] DEBUG org.hibernate.boot.model.internal.PropertyBinder - MetadataSourceProcessor property asunto with lazy=false
2026-01-14 13:30:23.321 [main] DEBUG org.hibernate.boot.model.internal.AbstractPropertyHolder - Attempting to locate auto-apply AttributeConverter for property [modelo.Reunion:asunto]
2026-01-14 13:30:23.321 [main] DEBUG org.hibernate.boot.model.internal.BasicValueBinder - building BasicValue for asunto
2026-01-14 13:30:23.321 [main] DEBUG org.hibernate.mapping.BasicValue - Skipping column re-registration: reunion.asunto
2026-01-14 13:30:23.321 [main] DEBUG org.hibernate.boot.model.internal.PropertyBinder - Building property asunto
2026-01-14 13:30:23.322 [main] DEBUG org.hibernate.boot.model.internal.AnnotatedColumn - Binding column: AnnotatedColumn()
2026-01-14 13:30:23.322 [main] DEBUG org.hibernate.boot.model.internal.PropertyBinder - MetadataSourceProcessor property fecha with lazy=false
2026-01-14 13:30:23.322 [main] DEBUG org.hibernate.boot.model.internal.AbstractPropertyHolder - Attempting to locate auto-apply AttributeConverter for property [modelo.Reunion:fecha]
2026-01-14 13:30:23.322 [main] DEBUG org.hibernate.boot.model.internal.BasicValueBinder - building BasicValue for fecha
2026-01-14 13:30:23.322 [main] DEBUG org.hibernate.mapping.BasicValue - Skipping column re-registration: reunion.fecha
2026-01-14 13:30:23.324 [main] DEBUG org.hibernate.boot.model.internal.PropertyBinder - Building property fecha
2026-01-14 13:30:23.324 [main] DEBUG org.hibernate.boot.registry.classloading.internal.ClassLoaderServiceImpl - HHH000194: Package not found or wo package-info.java: modelo
2026-01-14 13:30:23.327 [main] DEBUG org.hibernate.boot.model.internal.EntityBinder - Binding entity from annotated class: modelo.Persona
2026-01-14 13:30:23.328 [main] DEBUG org.hibernate.boot.model.internal.EntityBinder - Import with entity name Persona
2026-01-14 13:30:23.328 [main] DEBUG org.hibernate.boot.model.internal.EntityBinder - Bind entity modelo.Persona on table persona
2026-01-14 13:30:23.328 [main] DEBUG org.hibernate.boot.model.internal.AnnotatedColumn - Binding column: AnnotatedDiscriminatorColumn(column='DTYPE')
2026-01-14 13:30:23.329 [main] DEBUG org.hibernate.boot.model.internal.AnnotatedColumn - Binding column: AnnotatedColumn()
2026-01-14 13:30:23.329 [main] DEBUG org.hibernate.boot.internal.ClassLoaderAccessImpl - Not known whether passed class name [modelo.Persona] is safe
2026-01-14 13:30:23.329 [main] DEBUG org.hibernate.boot.internal.ClassLoaderAccessImpl - No temp ClassLoader provided; using live ClassLoader for loading potentially unsafe class : modelo.Persona
2026-01-14 13:30:23.329 [main] DEBUG org.hibernate.boot.model.internal.PropertyBinder - MetadataSourceProcessor property dni with lazy=false
2026-01-14 13:30:23.329 [main] DEBUG org.hibernate.boot.model.internal.AbstractPropertyHolder - Attempting to locate auto-apply AttributeConverter for property [modelo.Persona:dni]
2026-01-14 13:30:23.329 [main] DEBUG org.hibernate.boot.model.internal.BasicValueBinder - building BasicValue for dni
2026-01-14 13:30:23.329 [main] DEBUG org.hibernate.mapping.BasicValue - Skipping column re-registration: persona.dni
2026-01-14 13:30:23.330 [main] DEBUG org.hibernate.boot.model.internal.PropertyBinder - Building property dni
2026-01-14 13:30:23.330 [main] DEBUG org.hibernate.boot.model.internal.BinderHelper - #makeIdGenerator(BasicValue([Column(dni)]), dni, org.hibernate.id.enhanced.SequenceStyleGenerator, , ...)
2026-01-14 13:30:23.330 [main] DEBUG org.hibernate.boot.model.internal.AnnotatedColumn - Binding column: AnnotatedColumn()
2026-01-14 13:30:23.330 [main] DEBUG org.hibernate.boot.model.internal.PropertyBinder - MetadataSourceProcessor property edad with lazy=false
2026-01-14 13:30:23.330 [main] DEBUG org.hibernate.boot.model.internal.AbstractPropertyHolder - Attempting to locate auto-apply AttributeConverter for property [modelo.Persona:edad]
2026-01-14 13:30:23.330 [main] DEBUG org.hibernate.boot.model.internal.BasicValueBinder - building BasicValue for edad
2026-01-14 13:30:23.330 [main] DEBUG org.hibernate.mapping.BasicValue - Skipping column re-registration: persona.edad
2026-01-14 13:30:23.330 [main] DEBUG org.hibernate.boot.model.internal.PropertyBinder - Building property edad
2026-01-14 13:30:23.330 [main] DEBUG org.hibernate.boot.model.internal.AnnotatedColumn - Binding column: AnnotatedColumn()
2026-01-14 13:30:23.330 [main] DEBUG org.hibernate.boot.model.internal.PropertyBinder - MetadataSourceProcessor property email with lazy=false
2026-01-14 13:30:23.330 [main] DEBUG org.hibernate.boot.model.internal.AbstractPropertyHolder - Attempting to locate auto-apply AttributeConverter for property [modelo.Persona:email]
2026-01-14 13:30:23.331 [main] DEBUG org.hibernate.boot.model.internal.BasicValueBinder - building BasicValue for email
2026-01-14 13:30:23.331 [main] DEBUG org.hibernate.mapping.BasicValue - Skipping column re-registration: persona.email
2026-01-14 13:30:23.331 [main] DEBUG org.hibernate.boot.model.internal.PropertyBinder - Building property email
2026-01-14 13:30:23.331 [main] DEBUG org.hibernate.boot.model.internal.AnnotatedColumn - Binding column: AnnotatedColumn()
2026-01-14 13:30:23.331 [main] DEBUG org.hibernate.boot.model.internal.PropertyBinder - MetadataSourceProcessor property fechaNacimiento with lazy=false
2026-01-14 13:30:23.331 [main] DEBUG org.hibernate.boot.model.internal.AbstractPropertyHolder - Attempting to locate auto-apply AttributeConverter for property [modelo.Persona:fechaNacimiento]
2026-01-14 13:30:23.332 [main] DEBUG org.hibernate.boot.model.internal.BasicValueBinder - building BasicValue for fechaNacimiento
2026-01-14 13:30:23.332 [main] DEBUG org.hibernate.mapping.BasicValue - Skipping column re-registration: persona.fechaNacimiento
2026-01-14 13:30:23.332 [main] DEBUG org.hibernate.boot.model.internal.PropertyBinder - Building property fechaNacimiento
2026-01-14 13:30:23.332 [main] DEBUG org.hibernate.boot.model.internal.AnnotatedColumn - Binding column: AnnotatedColumn()
2026-01-14 13:30:23.332 [main] DEBUG org.hibernate.boot.model.internal.PropertyBinder - MetadataSourceProcessor property nombreApellido with lazy=false
2026-01-14 13:30:23.332 [main] DEBUG org.hibernate.boot.model.internal.AbstractPropertyHolder - Attempting to locate auto-apply AttributeConverter for property [modelo.Persona:nombreApellido]
2026-01-14 13:30:23.332 [main] DEBUG org.hibernate.boot.model.internal.BasicValueBinder - building BasicValue for nombreApellido
2026-01-14 13:30:23.332 [main] DEBUG org.hibernate.mapping.BasicValue - Skipping column re-registration: persona.nombreApellido
2026-01-14 13:30:23.332 [main] DEBUG org.hibernate.boot.model.internal.PropertyBinder - Building property nombreApellido
2026-01-14 13:30:23.332 [main] DEBUG org.hibernate.boot.model.internal.AnnotatedColumn - Binding column: AnnotatedColumn()
2026-01-14 13:30:23.332 [main] DEBUG org.hibernate.boot.model.internal.PropertyBinder - MetadataSourceProcessor property telefono with lazy=false
2026-01-14 13:30:23.332 [main] DEBUG org.hibernate.boot.model.internal.AbstractPropertyHolder - Attempting to locate auto-apply AttributeConverter for property [modelo.Persona:telefono]
2026-01-14 13:30:23.333 [main] DEBUG org.hibernate.boot.model.internal.BasicValueBinder - building BasicValue for telefono
2026-01-14 13:30:23.333 [main] DEBUG org.hibernate.mapping.BasicValue - Skipping column re-registration: persona.telefono
2026-01-14 13:30:23.333 [main] DEBUG org.hibernate.boot.model.internal.PropertyBinder - Building property telefono
2026-01-14 13:30:23.333 [main] DEBUG org.hibernate.boot.registry.classloading.internal.ClassLoaderServiceImpl - HHH000194: Package not found or wo package-info.java: modelo
2026-01-14 13:30:23.334 [main] DEBUG org.hibernate.boot.model.internal.BasicValueBinder - Starting `BasicValueBinder#fillSimpleValue` for idReunion
2026-01-14 13:30:23.335 [main] DEBUG org.hibernate.boot.model.internal.BasicValueBinder - Starting `BasicValueBinder#fillSimpleValue` for asunto
2026-01-14 13:30:23.336 [main] DEBUG org.hibernate.boot.model.internal.BasicValueBinder - Starting `BasicValueBinder#fillSimpleValue` for fecha
2026-01-14 13:30:23.336 [main] DEBUG org.hibernate.boot.model.internal.BasicValueBinder - Starting `BasicValueBinder#fillSimpleValue` for dni
2026-01-14 13:30:23.336 [main] DEBUG org.hibernate.boot.model.internal.BasicValueBinder - Starting `BasicValueBinder#fillSimpleValue` for edad
2026-01-14 13:30:23.336 [main] DEBUG org.hibernate.boot.model.internal.BasicValueBinder - Starting `BasicValueBinder#fillSimpleValue` for email
2026-01-14 13:30:23.336 [main] DEBUG org.hibernate.boot.model.internal.BasicValueBinder - Starting `BasicValueBinder#fillSimpleValue` for fechaNacimiento
2026-01-14 13:30:23.336 [main] DEBUG org.hibernate.boot.model.internal.BasicValueBinder - Starting `BasicValueBinder#fillSimpleValue` for nombreApellido
2026-01-14 13:30:23.336 [main] DEBUG org.hibernate.boot.model.internal.BasicValueBinder - Starting `BasicValueBinder#fillSimpleValue` for telefono
2026-01-14 13:30:23.338 [main] DEBUG org.hibernate.mapping.PrimaryKey - Forcing column [idreunion] to be non-null as it is part of the primary key for table [reunion]
2026-01-14 13:30:23.339 [main] DEBUG org.hibernate.mapping.PrimaryKey - Forcing column [dni] to be non-null as it is part of the primary key for table [persona]
2026-01-14 13:30:23.475 [main] DEBUG org.hibernate.internal.SessionFactoryImpl - Building session factory
2026-01-14 13:30:23.507 [main] DEBUG org.hibernate.service.internal.SessionFactoryServiceRegistryImpl - EventListenerRegistry access via ServiceRegistry is deprecated.  Use `sessionFactory.getEventEngine().getListenerRegistry()` instead
2026-01-14 13:30:23.508 [main] DEBUG org.hibernate.internal.SessionFactoryImpl - Instantiating SessionFactory with settings: {hibernate.format_sql=true, java.specification.version=21, sun.cpu.isalist=amd64, sun.jnu.encoding=Cp1252, hibernate.dialect=org.hibernate.dialect.MySQLDialect, java.class.path=C:\Users\alumno\Desktop\SegundoDAM\Acceso a Datos\Hibernate\target\test-classes;C:\Users\alumno\Desktop\SegundoDAM\Acceso a Datos\Hibernate\target\classes;C:\Users\alumno\Desktop\sts-4.31.0.RELEASE\plugins\junit-jupiter-api_5.12.2.jar;C:\Users\alumno\Desktop\sts-4.31.0.RELEASE\plugins\junit-jupiter-engine_5.12.2.jar;C:\Users\alumno\Desktop\sts-4.31.0.RELEASE\plugins\junit-jupiter-migrationsupport_5.12.2.jar;C:\Users\alumno\Desktop\sts-4.31.0.RELEASE\plugins\junit-jupiter-params_5.12.2.jar;C:\Users\alumno\Desktop\sts-4.31.0.RELEASE\plugins\junit-platform-commons_1.12.2.jar;C:\Users\alumno\Desktop\sts-4.31.0.RELEASE\plugins\junit-platform-engine_1.12.2.jar;C:\Users\alumno\Desktop\sts-4.31.0.RELEASE\plugins\junit-platform-launcher_1.12.2.jar;C:\Users\alumno\Desktop\sts-4.31.0.RELEASE\plugins\junit-platform-runner_1.12.2.jar;C:\Users\alumno\Desktop\sts-4.31.0.RELEASE\plugins\junit-platform-suite-api_1.12.2.jar;C:\Users\alumno\Desktop\sts-4.31.0.RELEASE\plugins\junit-platform-suite-engine_1.12.2.jar;C:\Users\alumno\Desktop\sts-4.31.0.RELEASE\plugins\junit-platform-suite-commons_1.12.2.jar;C:\Users\alumno\Desktop\sts-4.31.0.RELEASE\plugins\junit-vintage-engine_5.12.2.jar;C:\Users\alumno\Desktop\sts-4.31.0.RELEASE\plugins\org.opentest4j_1.3.0.jar;C:\Users\alumno\Desktop\sts-4.31.0.RELEASE\plugins\org.apiguardian.api_1.1.2.jar;C:\Users\alumno\Desktop\sts-4.31.0.RELEASE\plugins\org.junit_4.13.2.v20240929-1000.jar;C:\Users\alumno\Desktop\sts-4.31.0.RELEASE\plugins\org.hamcrest_3.0.0.jar;C:\Users\alumno\.m2\repository\org\hibernate\orm\hibernate-core\6.4.4.Final\hibernate-core-6.4.4.Final.jar;C:\Users\alumno\.m2\repository\jakarta\transaction\jakarta.transaction-api\2.0.1\jakarta.transaction-api-2.0.1.jar;C:\Users\alumno\.m2\repository\org\jboss\logging\jboss-logging\3.5.0.Final\jboss-logging-3.5.0.Final.jar;C:\Users\alumno\.m2\repository\org\hibernate\common\hibernate-commons-annotations\6.0.6.Final\hibernate-commons-annotations-6.0.6.Final.jar;C:\Users\alumno\.m2\repository\io\smallrye\jandex\3.1.2\jandex-3.1.2.jar;C:\Users\alumno\.m2\repository\com\fasterxml\classmate\1.5.1\classmate-1.5.1.jar;C:\Users\alumno\.m2\repository\net\bytebuddy\byte-buddy\1.14.11\byte-buddy-1.14.11.jar;C:\Users\alumno\.m2\repository\jakarta\xml\bind\jakarta.xml.bind-api\4.0.0\jakarta.xml.bind-api-4.0.0.jar;C:\Users\alumno\.m2\repository\jakarta\activation\jakarta.activation-api\2.1.0\jakarta.activation-api-2.1.0.jar;C:\Users\alumno\.m2\repository\org\glassfish\jaxb\jaxb-runtime\4.0.2\jaxb-runtime-4.0.2.jar;C:\Users\alumno\.m2\repository\org\glassfish\jaxb\jaxb-core\4.0.2\jaxb-core-4.0.2.jar;C:\Users\alumno\.m2\repository\org\eclipse\angus\angus-activation\2.0.0\angus-activation-2.0.0.jar;C:\Users\alumno\.m2\repository\org\glassfish\jaxb\txw2\4.0.2\txw2-4.0.2.jar;C:\Users\alumno\.m2\repository\com\sun\istack\istack-commons-runtime\4.1.1\istack-commons-runtime-4.1.1.jar;C:\Users\alumno\.m2\repository\jakarta\inject\jakarta.inject-api\2.0.1\jakarta.inject-api-2.0.1.jar;C:\Users\alumno\.m2\repository\org\antlr\antlr4-runtime\4.13.0\antlr4-runtime-4.13.0.jar;C:\Users\alumno\.m2\repository\com\mysql\mysql-connector-j\8.4.0\mysql-connector-j-8.4.0.jar;C:\Users\alumno\.m2\repository\com\google\protobuf\protobuf-java\3.25.1\protobuf-java-3.25.1.jar;C:\Users\alumno\.m2\repository\jakarta\persistence\jakarta.persistence-api\3.1.0\jakarta.persistence-api-3.1.0.jar;C:\Users\alumno\.m2\repository\org\junit\jupiter\junit-jupiter\5.10.1\junit-jupiter-5.10.1.jar;C:\Users\alumno\.m2\repository\org\junit\jupiter\junit-jupiter-api\5.10.1\junit-jupiter-api-5.10.1.jar;C:\Users\alumno\.m2\repository\org\opentest4j\opentest4j\1.3.0\opentest4j-1.3.0.jar;C:\Users\alumno\.m2\repository\org\junit\platform\junit-platform-commons\1.10.1\junit-platform-commons-1.10.1.jar;C:\Users\alumno\.m2\repository\org\apiguardian\apiguardian-api\1.1.2\apiguardian-api-1.1.2.jar;C:\Users\alumno\.m2\repository\org\junit\jupiter\junit-jupiter-params\5.10.1\junit-jupiter-params-5.10.1.jar;C:\Users\alumno\.m2\repository\org\junit\jupiter\junit-jupiter-engine\5.10.1\junit-jupiter-engine-5.10.1.jar;C:\Users\alumno\.m2\repository\org\junit\platform\junit-platform-engine\1.10.1\junit-platform-engine-1.10.1.jar;C:\Users\alumno\.m2\repository\org\apache\logging\log4j\log4j-api\2.13.0\log4j-api-2.13.0.jar;C:\Users\alumno\.m2\repository\org\apache\logging\log4j\log4j-core\2.13.0\log4j-core-2.13.0.jar;C:\Users\alumno\.m2\repository\com\google\code\gson\gson\2.10.1\gson-2.10.1.jar;C:\Users\alumno\Desktop\sts-4.31.0.RELEASE\configuration\org.eclipse.osgi\272\0\.cp;C:\Users\alumno\Desktop\sts-4.31.0.RELEASE\configuration\org.eclipse.osgi\270\0\.cp, java.vm.vendor=Oracle Corporation, sun.arch.data.model=64, user.variant=, java.vendor.url=https://java.oracle.com/, user.timezone=Europe/Madrid, org.apache.logging.log4j.assignedSequences=6164, java.vm.specification.version=21, os.name=Windows 11, sun.java.launcher=SUN_STANDARD, user.country=ES, sun.boot.library.path=C:\Program Files\Java\jdk-21\bin, sun.java.command=org.eclipse.jdt.internal.junit.runner.RemoteTestRunner -version 3 -port 53105 -testLoaderClass org.eclipse.jdt.internal.junit5.runner.JUnit5TestLoader -loaderpluginname org.eclipse.jdt.junit5.runtime -classNames TestPersona, jdk.debug=release, sun.cpu.endian=little, user.home=C:\Users\alumno, user.language=es, java.specification.vendor=Oracle Corporation, java.version.date=2025-07-15, java.home=C:\Program Files\Java\jdk-21, file.separator=\, java.vm.compressedOopsMode=Zero based, line.separator=
, java.vm.specification.vendor=Oracle Corporation, java.specification.name=Java Platform API Specification, hibernate.hbm2ddl.auto=create, user.script=, sun.management.compiler=HotSpot 64-Bit Tiered Compilers, java.runtime.version=21.0.8+12-LTS-250, user.name=alumno, stdout.encoding=UTF-8, path.separator=;, hibernate.connection.username=****, os.version=10.0, java.runtime.name=Java(TM) SE Runtime Environment, hibernate.connection.url=jdbc:mysql://localhost:3307/accesoDatosDAM?useSSL=false&serverTimezone=UTC, file.encoding=UTF-8, java.vm.name=Java HotSpot(TM) 64-Bit Server VM, hibernate.show_sql=true, hibernate.connection.driver_class=com.mysql.cj.jdbc.Driver, java.vendor.url.bug=https://bugreport.java.com/bugreport/, java.io.tmpdir=C:\Users\alumno\AppData\Local\Temp\, java.version=21.0.8, user.dir=C:\Users\alumno\Desktop\SegundoDAM\Acceso a Datos\Hibernate, os.arch=amd64, java.vm.specification.name=Java Virtual Machine Specification, hibernate.connection.password=****, sun.os.patch.level=, hibernate.boot.CfgXmlAccessService.key=org.hibernate.boot.cfgxml.spi.LoadedConfig@603cabc4, native.encoding=Cp1252, java.library.path=C:\Program Files\Java\jdk-21\bin;C:\WINDOWS\Sun\Java\bin;C:\WINDOWS\system32;C:\WINDOWS;C:/Users/alumno/Desktop/sts-4.31.0.RELEASE//plugins/org.eclipse.justj.openjdk.hotspot.jre.full.win32.x86_64_21.0.7.v20250502-0916/jre/bin/server;C:/Users/alumno/Desktop/sts-4.31.0.RELEASE//plugins/org.eclipse.justj.openjdk.hotspot.jre.full.win32.x86_64_21.0.7.v20250502-0916/jre/bin;C:\Program Files\Common Files\Oracle\Java\javapath;C:\WINDOWS\system32;C:\WINDOWS;C:\WINDOWS\System32\Wbem;C:\WINDOWS\System32\WindowsPowerShell\v1.0\;C:\WINDOWS\System32\OpenSSH\;C:\Program Files\nodejs\;C:\Program Files\Docker\Docker\resources\bin;C:\Users\alumno\AppData\Local\Programs\Python\Python311\Scripts\;C:\Users\alumno\AppData\Local\Programs\Python\Python311\;C:\Users\alumno\AppData\Local\Programs\Python\Python313\Scripts\;C:\Users\alumno\AppData\Local\Programs\Python\Python313\;C:\Users\alumno\AppData\Local\Programs\Python\Launcher\;C:\Users\alumno\AppData\Local\Programs\Python\Python314\Scripts\;C:\Users\alumno\AppData\Local\Programs\Python\Python314\;C:\Users\alumno\AppData\Local\Microsoft\WindowsApps;C:\Users\alumno\AppData\Local\GitHubDesktop\bin;C:\Users\alumno\AppData\Local\Programs\Git\cmd;C:\Users\alumno\AppData\Local\Programs\Microsoft VS Code\bin;C:\Users\alumno\AppData\Local\Python\bin;C:\Users\alumno\AppData\Roaming\npm;C:\Users\alumno\Desktop\sts-4.31.0.RELEASE;;., stderr.encoding=UTF-8, java.vendor=Oracle Corporation, java.vm.info=mixed mode, sharing, java.vm.version=21.0.8+12-LTS-250, sun.io.unicode.encoding=UnicodeLittle, java.class.version=65.0}
2026-01-14 13:30:23.511 [main] DEBUG org.hibernate.internal.SessionFactoryImpl - Session factory constructed with filter configurations : {}
2026-01-14 13:30:23.546 [main] DEBUG org.hibernate.query.sqm.function.SqmFunctionRegistry - Registered SqmFunctionTemplate [NamedSqmFunctionTemplate(max)] under max; prior registration was null
2026-01-14 13:30:23.546 [main] DEBUG org.hibernate.query.sqm.function.SqmFunctionRegistry - Registered SqmFunctionTemplate [NamedSqmFunctionTemplate(min)] under min; prior registration was null
2026-01-14 13:30:23.547 [main] DEBUG org.hibernate.query.sqm.function.SqmFunctionRegistry - Registered SqmFunctionTemplate [NamedSqmFunctionTemplate(sum)] under sum; prior registration was null
2026-01-14 13:30:23.547 [main] DEBUG org.hibernate.query.sqm.function.SqmFunctionRegistry - Registered SqmFunctionTemplate [NamedSqmFunctionTemplate(avg)] under avg; prior registration was null
2026-01-14 13:30:23.548 [main] DEBUG org.hibernate.query.sqm.function.SqmFunctionRegistry - Registered SqmFunctionTemplate [org.hibernate.dialect.function.CountFunction@3421debd] under count; prior registration was null
2026-01-14 13:30:23.549 [main] DEBUG org.hibernate.query.sqm.function.SqmFunctionRegistry - Registered SqmFunctionTemplate [org.hibernate.dialect.function.EveryAnyEmulation@6d6ac396] under every; prior registration was null
2026-01-14 13:30:23.549 [main] DEBUG org.hibernate.query.sqm.function.SqmFunctionRegistry - Registered SqmFunctionTemplate [org.hibernate.dialect.function.EveryAnyEmulation@432af457] under any; prior registration was null
2026-01-14 13:30:23.549 [main] DEBUG org.hibernate.query.sqm.function.SqmFunctionRegistry - Registered SqmFunctionTemplate [NamedSqmFunctionTemplate(floor)] under floor; prior registration was null
2026-01-14 13:30:23.549 [main] DEBUG org.hibernate.query.sqm.function.SqmFunctionRegistry - Registered SqmFunctionTemplate [NamedSqmFunctionTemplate(ceiling)] under ceiling; prior registration was null
2026-01-14 13:30:23.549 [main] DEBUG org.hibernate.query.sqm.function.SqmFunctionRegistry - Registered SqmFunctionTemplate [NamedSqmFunctionTemplate(mod)] under mod; prior registration was null
2026-01-14 13:30:23.549 [main] DEBUG org.hibernate.query.sqm.function.SqmFunctionRegistry - Registered SqmFunctionTemplate [NamedSqmFunctionTemplate(abs)] under abs; prior registration was null
2026-01-14 13:30:23.549 [main] DEBUG org.hibernate.query.sqm.function.SqmFunctionRegistry - Registered SqmFunctionTemplate [NamedSqmFunctionTemplate(sign)] under sign; prior registration was null
2026-01-14 13:30:23.549 [main] DEBUG org.hibernate.query.sqm.function.SqmFunctionRegistry - Registered SqmFunctionTemplate [NamedSqmFunctionTemplate(sqrt)] under sqrt; prior registration was null
2026-01-14 13:30:23.550 [main] DEBUG org.hibernate.query.sqm.function.SqmFunctionRegistry - Registered SqmFunctionTemplate [NamedSqmFunctionTemplate(ln)] under ln; prior registration was null
2026-01-14 13:30:23.550 [main] DEBUG org.hibernate.query.sqm.function.SqmFunctionRegistry - Registered SqmFunctionTemplate [NamedSqmFunctionTemplate(exp)] under exp; prior registration was null
2026-01-14 13:30:23.550 [main] DEBUG org.hibernate.query.sqm.function.SqmFunctionRegistry - Registered SqmFunctionTemplate [NamedSqmFunctionTemplate(power)] under power; prior registration was null
2026-01-14 13:30:23.550 [main] DEBUG org.hibernate.query.sqm.function.SqmFunctionRegistry - Registered SqmFunctionTemplate [NamedSqmFunctionTemplate(round)] under round; prior registration was null
2026-01-14 13:30:23.550 [main] DEBUG org.hibernate.query.sqm.function.SqmFunctionRegistry - Registered SqmFunctionTemplate [NamedSqmFunctionTemplate(sin)] under sin; prior registration was null
2026-01-14 13:30:23.550 [main] DEBUG org.hibernate.query.sqm.function.SqmFunctionRegistry - Registered SqmFunctionTemplate [NamedSqmFunctionTemplate(cos)] under cos; prior registration was null
2026-01-14 13:30:23.550 [main] DEBUG org.hibernate.query.sqm.function.SqmFunctionRegistry - Registered SqmFunctionTemplate [NamedSqmFunctionTemplate(tan)] under tan; prior registration was null
2026-01-14 13:30:23.550 [main] DEBUG org.hibernate.query.sqm.function.SqmFunctionRegistry - Registered SqmFunctionTemplate [NamedSqmFunctionTemplate(asin)] under asin; prior registration was null
2026-01-14 13:30:23.550 [main] DEBUG org.hibernate.query.sqm.function.SqmFunctionRegistry - Registered SqmFunctionTemplate [NamedSqmFunctionTemplate(acos)] under acos; prior registration was null
2026-01-14 13:30:23.550 [main] DEBUG org.hibernate.query.sqm.function.SqmFunctionRegistry - Registered SqmFunctionTemplate [NamedSqmFunctionTemplate(atan)] under atan; prior registration was null
2026-01-14 13:30:23.550 [main] DEBUG org.hibernate.query.sqm.function.SqmFunctionRegistry - Registered SqmFunctionTemplate [NamedSqmFunctionTemplate(atan2)] under atan2; prior registration was null
2026-01-14 13:30:23.551 [main] DEBUG org.hibernate.query.sqm.function.SqmFunctionRegistry - Registered SqmFunctionTemplate [org.hibernate.query.sqm.function.PatternBasedSqmFunctionDescriptor@68b11545] under sinh; prior registration was null
2026-01-14 13:30:23.551 [main] DEBUG org.hibernate.query.sqm.function.SqmFunctionRegistry - Registered SqmFunctionTemplate [org.hibernate.query.sqm.function.PatternBasedSqmFunctionDescriptor@7d0100ea] under cosh; prior registration was null
2026-01-14 13:30:23.551 [main] DEBUG org.hibernate.query.sqm.function.SqmFunctionRegistry - Registered SqmFunctionTemplate [org.hibernate.query.sqm.function.PatternBasedSqmFunctionDescriptor@357bc488] under tanh; prior registration was null
2026-01-14 13:30:23.551 [main] DEBUG org.hibernate.query.sqm.function.SqmFunctionRegistry - Registered SqmFunctionTemplate [org.hibernate.query.sqm.function.PatternBasedSqmFunctionDescriptor@4ea17147] under pi; prior registration was null
2026-01-14 13:30:23.551 [main] DEBUG org.hibernate.query.sqm.function.SqmFunctionRegistry - Registered SqmFunctionTemplate [org.hibernate.query.sqm.function.PatternBasedSqmFunctionDescriptor@2eda4eeb] under log; prior registration was null
2026-01-14 13:30:23.551 [main] DEBUG org.hibernate.query.sqm.function.SqmFunctionRegistry - Registered SqmFunctionTemplate [NamedSqmFunctionTemplate(coalesce)] under coalesce; prior registration was null
2026-01-14 13:30:23.552 [main] DEBUG org.hibernate.query.sqm.function.SqmFunctionRegistry - Registered SqmFunctionTemplate [NamedSqmFunctionTemplate(nullif)] under nullif; prior registration was null
2026-01-14 13:30:23.552 [main] DEBUG org.hibernate.query.sqm.function.SqmFunctionRegistry - Registered SqmFunctionTemplate [NamedSqmFunctionTemplate(left)] under left; prior registration was null
2026-01-14 13:30:23.552 [main] DEBUG org.hibernate.query.sqm.function.SqmFunctionRegistry - Registered SqmFunctionTemplate [NamedSqmFunctionTemplate(right)] under right; prior registration was null
2026-01-14 13:30:23.552 [main] DEBUG org.hibernate.query.sqm.function.SqmFunctionRegistry - Registered SqmFunctionTemplate [NamedSqmFunctionTemplate(replace)] under replace; prior registration was null
2026-01-14 13:30:23.552 [main] DEBUG org.hibernate.query.sqm.function.SqmFunctionRegistry - Registered SqmFunctionTemplate [NamedSqmFunctionTemplate(concat)] under concat; prior registration was null
2026-01-14 13:30:23.552 [main] DEBUG org.hibernate.query.sqm.function.SqmFunctionRegistry - Registered SqmFunctionTemplate [NamedSqmFunctionTemplate(lower)] under lower; prior registration was null
2026-01-14 13:30:23.552 [main] DEBUG org.hibernate.query.sqm.function.SqmFunctionRegistry - Registered SqmFunctionTemplate [NamedSqmFunctionTemplate(upper)] under upper; prior registration was null
2026-01-14 13:30:23.552 [main] DEBUG org.hibernate.query.sqm.function.SqmFunctionRegistry - Registered SqmFunctionTemplate [NamedSqmFunctionTemplate(substring)] under substring; prior registration was null
2026-01-14 13:30:23.552 [main] DEBUG org.hibernate.query.sqm.function.SqmFunctionRegistry - Registered SqmFunctionTemplate [NamedSqmFunctionTemplate(locate)] under locate; prior registration was null
2026-01-14 13:30:23.552 [main] DEBUG org.hibernate.query.sqm.function.SqmFunctionRegistry - Registered SqmFunctionTemplate [NamedSqmFunctionTemplate(character_length)] under character_length; prior registration was null
2026-01-14 13:30:23.552 [main] DEBUG org.hibernate.query.sqm.function.SqmFunctionRegistry - Registering alternate key : length -> character_length
2026-01-14 13:30:23.553 [main] DEBUG org.hibernate.query.sqm.function.SqmFunctionRegistry - Registered SqmFunctionTemplate [org.hibernate.dialect.function.LocatePositionEmulation@ee21292] under position; prior registration was null
2026-01-14 13:30:23.554 [main] DEBUG org.hibernate.query.sqm.function.SqmFunctionRegistry - Registered SqmFunctionTemplate [org.hibernate.dialect.function.InsertSubstringOverlayEmulation@3a1f2a1] under overlay; prior registration was null
2026-01-14 13:30:23.554 [main] DEBUG org.hibernate.query.sqm.function.SqmFunctionRegistry - Registered SqmFunctionTemplate [org.hibernate.dialect.function.TrimFunction@697d6ded] under trim; prior registration was null
2026-01-14 13:30:23.555 [main] DEBUG org.hibernate.query.sqm.function.SqmFunctionRegistry - Registered SqmFunctionTemplate [org.hibernate.dialect.function.CastFunction@114a5e0] under cast; prior registration was null
2026-01-14 13:30:23.555 [main] DEBUG org.hibernate.query.sqm.function.SqmFunctionRegistry - Registered SqmFunctionTemplate [org.hibernate.query.sqm.function.PatternBasedSqmFunctionDescriptor@4f281aaf] under collate; prior registration was null
2026-01-14 13:30:23.555 [main] DEBUG org.hibernate.query.sqm.function.SqmFunctionRegistry - Registered SqmFunctionTemplate [org.hibernate.dialect.function.ExtractFunction@24c685e7] under extract; prior registration was null
2026-01-14 13:30:23.555 [main] DEBUG org.hibernate.query.sqm.function.SqmFunctionRegistry - Registered SqmFunctionTemplate [NamedSqmFunctionTemplate(least)] under least; prior registration was null
2026-01-14 13:30:23.555 [main] DEBUG org.hibernate.query.sqm.function.SqmFunctionRegistry - Registered SqmFunctionTemplate [NamedSqmFunctionTemplate(greatest)] under greatest; prior registration was null
2026-01-14 13:30:23.556 [main] DEBUG org.hibernate.query.sqm.function.SqmFunctionRegistry - Registered SqmFunctionTemplate [org.hibernate.dialect.function.CoalesceIfnullEmulation@35650279] under ifnull; prior registration was null
2026-01-14 13:30:23.556 [main] DEBUG org.hibernate.query.sqm.function.SqmFunctionRegistry - Registered SqmFunctionTemplate [NamedSqmFunctionTemplate(lpad)] under lpad; prior registration was null
2026-01-14 13:30:23.556 [main] DEBUG org.hibernate.query.sqm.function.SqmFunctionRegistry - Registered SqmFunctionTemplate [NamedSqmFunctionTemplate(rpad)] under rpad; prior registration was null
2026-01-14 13:30:23.556 [main] DEBUG org.hibernate.query.sqm.function.SqmFunctionRegistry - Registered SqmFunctionTemplate [org.hibernate.dialect.function.LpadRpadPadEmulation@420a8042] under pad; prior registration was null
2026-01-14 13:30:23.556 [main] DEBUG org.hibernate.query.sqm.function.SqmFunctionRegistry - Registered SqmFunctionTemplate [org.hibernate.dialect.function.CastStrEmulation@19b02dfd] under str; prior registration was null
2026-01-14 13:30:23.557 [main] DEBUG org.hibernate.query.sqm.function.SqmFunctionRegistry - Registered SqmFunctionTemplate [org.hibernate.dialect.function.FormatFunction@3a7c678b] under format; prior registration was null
2026-01-14 13:30:23.557 [main] DEBUG org.hibernate.query.sqm.function.SqmFunctionRegistry - Registered SqmFunctionTemplate [org.hibernate.dialect.function.TimestampaddFunction@4f93bf0a] under timestampadd; prior registration was null
2026-01-14 13:30:23.558 [main] DEBUG org.hibernate.query.sqm.function.SqmFunctionRegistry - Registered SqmFunctionTemplate [org.hibernate.dialect.function.TimestampdiffFunction@58833798] under timestampdiff; prior registration was null
2026-01-14 13:30:23.558 [main] DEBUG org.hibernate.query.sqm.function.SqmFunctionRegistry - Registering alternate key : dateadd -> timestampadd
2026-01-14 13:30:23.558 [main] DEBUG org.hibernate.query.sqm.function.SqmFunctionRegistry - Registering alternate key : datediff -> timestampdiff
2026-01-14 13:30:23.558 [main] DEBUG org.hibernate.query.sqm.function.SqmFunctionRegistry - Registered SqmFunctionTemplate [org.hibernate.dialect.function.CurrentFunction@2519026b] under current_date; prior registration was null
2026-01-14 13:30:23.559 [main] DEBUG org.hibernate.query.sqm.function.SqmFunctionRegistry - Registered SqmFunctionTemplate [org.hibernate.dialect.function.CurrentFunction@3f8dfe74] under current_time; prior registration was null
2026-01-14 13:30:23.559 [main] DEBUG org.hibernate.query.sqm.function.SqmFunctionRegistry - Registered SqmFunctionTemplate [org.hibernate.dialect.function.CurrentFunction@401c4250] under current_timestamp; prior registration was null
2026-01-14 13:30:23.559 [main] DEBUG org.hibernate.query.sqm.function.SqmFunctionRegistry - Registering alternate key : current date -> current_date
2026-01-14 13:30:23.559 [main] DEBUG org.hibernate.query.sqm.function.SqmFunctionRegistry - Registering alternate key : current time -> current_time
2026-01-14 13:30:23.559 [main] DEBUG org.hibernate.query.sqm.function.SqmFunctionRegistry - Registering alternate key : current timestamp -> current_timestamp
2026-01-14 13:30:23.559 [main] DEBUG org.hibernate.query.sqm.function.SqmFunctionRegistry - Registered SqmFunctionTemplate [org.hibernate.dialect.function.CurrentFunction@1a950fdd] under local_date; prior registration was null
2026-01-14 13:30:23.559 [main] DEBUG org.hibernate.query.sqm.function.SqmFunctionRegistry - Registered SqmFunctionTemplate [org.hibernate.dialect.function.CurrentFunction@77724cbe] under local_time; prior registration was null
2026-01-14 13:30:23.559 [main] DEBUG org.hibernate.query.sqm.function.SqmFunctionRegistry - Registered SqmFunctionTemplate [org.hibernate.dialect.function.CurrentFunction@27dc627a] under local_datetime; prior registration was null
2026-01-14 13:30:23.559 [main] DEBUG org.hibernate.query.sqm.function.SqmFunctionRegistry - Registered SqmFunctionTemplate [org.hibernate.dialect.function.CurrentFunction@570ba13] under offset_datetime; prior registration was null
2026-01-14 13:30:23.559 [main] DEBUG org.hibernate.query.sqm.function.SqmFunctionRegistry - Registering alternate key : local date -> local_date
2026-01-14 13:30:23.559 [main] DEBUG org.hibernate.query.sqm.function.SqmFunctionRegistry - Registering alternate key : local time -> local_time
2026-01-14 13:30:23.559 [main] DEBUG org.hibernate.query.sqm.function.SqmFunctionRegistry - Registering alternate key : local datetime -> local_datetime
2026-01-14 13:30:23.559 [main] DEBUG org.hibernate.query.sqm.function.SqmFunctionRegistry - Registering alternate key : offset datetime -> offset_datetime
2026-01-14 13:30:23.559 [main] DEBUG org.hibernate.query.sqm.function.SqmFunctionRegistry - Registered SqmFunctionTemplate [org.hibernate.dialect.function.CurrentFunction@37a9b687] under instant; prior registration was null
2026-01-14 13:30:23.559 [main] DEBUG org.hibernate.query.sqm.function.SqmFunctionRegistry - Registering alternate key : current_instant -> instant
2026-01-14 13:30:23.559 [main] DEBUG org.hibernate.query.sqm.function.SqmFunctionRegistry - Registered SqmFunctionTemplate [org.hibernate.dialect.function.SqlFunction@6c977dcf] under sql; prior registration was null
2026-01-14 13:30:23.559 [main] DEBUG org.hibernate.query.sqm.function.SqmFunctionRegistry - Registered SqmFunctionTemplate [NamedSqmFunctionTemplate(soundex)] under soundex; prior registration was null
2026-01-14 13:30:23.559 [main] DEBUG org.hibernate.query.sqm.function.SqmFunctionRegistry - Registered SqmFunctionTemplate [NamedSqmFunctionTemplate(radians)] under radians; prior registration was null
2026-01-14 13:30:23.559 [main] DEBUG org.hibernate.query.sqm.function.SqmFunctionRegistry - Registered SqmFunctionTemplate [NamedSqmFunctionTemplate(degrees)] under degrees; prior registration was null
2026-01-14 13:30:23.559 [main] DEBUG org.hibernate.query.sqm.function.SqmFunctionRegistry - Registered SqmFunctionTemplate [NamedSqmFunctionTemplate(cot)] under cot; prior registration was null
2026-01-14 13:30:23.559 [main] DEBUG org.hibernate.query.sqm.function.SqmFunctionRegistry - Registered SqmFunctionTemplate [NamedSqmFunctionTemplate(log)] under log; prior registration was org.hibernate.query.sqm.function.PatternBasedSqmFunctionDescriptor@2eda4eeb
2026-01-14 13:30:23.560 [main] DEBUG org.hibernate.query.sqm.function.SqmFunctionRegistry - Registered SqmFunctionTemplate [NamedSqmFunctionTemplate(log2)] under log2; prior registration was null
2026-01-14 13:30:23.560 [main] DEBUG org.hibernate.query.sqm.function.SqmFunctionRegistry - Registered SqmFunctionTemplate [NamedSqmFunctionTemplate(log10)] under log10; prior registration was null
2026-01-14 13:30:23.560 [main] DEBUG org.hibernate.query.sqm.function.SqmFunctionRegistry - Registered SqmFunctionTemplate [NamedSqmFunctionTemplate(ltrim)] under ltrim; prior registration was null
2026-01-14 13:30:23.560 [main] DEBUG org.hibernate.query.sqm.function.SqmFunctionRegistry - Registered SqmFunctionTemplate [NamedSqmFunctionTemplate(rtrim)] under rtrim; prior registration was null
2026-01-14 13:30:23.560 [main] DEBUG org.hibernate.query.sqm.function.SqmFunctionRegistry - Registered SqmFunctionTemplate [NamedSqmFunctionTemplate(octet_length)] under octet_length; prior registration was null
2026-01-14 13:30:23.560 [main] DEBUG org.hibernate.query.sqm.function.SqmFunctionRegistry - Registered SqmFunctionTemplate [NamedSqmFunctionTemplate(reverse)] under reverse; prior registration was null
2026-01-14 13:30:23.560 [main] DEBUG org.hibernate.query.sqm.function.SqmFunctionRegistry - Registered SqmFunctionTemplate [NamedSqmFunctionTemplate(space)] under space; prior registration was null
2026-01-14 13:30:23.560 [main] DEBUG org.hibernate.query.sqm.function.SqmFunctionRegistry - Registered SqmFunctionTemplate [NamedSqmFunctionTemplate(repeat)] under repeat; prior registration was null
2026-01-14 13:30:23.560 [main] DEBUG org.hibernate.query.sqm.function.SqmFunctionRegistry - Registered SqmFunctionTemplate [org.hibernate.query.sqm.function.MultipatternSqmFunctionDescriptor@359066bc] under lpad; prior registration was NamedSqmFunctionTemplate(lpad)
2026-01-14 13:30:23.560 [main] DEBUG org.hibernate.query.sqm.function.SqmFunctionRegistry - Registered SqmFunctionTemplate [org.hibernate.query.sqm.function.MultipatternSqmFunctionDescriptor@385dfb63] under rpad; prior registration was NamedSqmFunctionTemplate(rpad)
2026-01-14 13:30:23.560 [main] DEBUG org.hibernate.query.sqm.function.SqmFunctionRegistry - Registered SqmFunctionTemplate [NamedSqmFunctionTemplate(md5)] under md5; prior registration was null
2026-01-14 13:30:23.560 [main] DEBUG org.hibernate.query.sqm.function.SqmFunctionRegistry - Registered SqmFunctionTemplate [NamedSqmFunctionTemplate(day)] under day; prior registration was null
2026-01-14 13:30:23.561 [main] DEBUG org.hibernate.query.sqm.function.SqmFunctionRegistry - Registered SqmFunctionTemplate [NamedSqmFunctionTemplate(month)] under month; prior registration was null
2026-01-14 13:30:23.561 [main] DEBUG org.hibernate.query.sqm.function.SqmFunctionRegistry - Registered SqmFunctionTemplate [NamedSqmFunctionTemplate(year)] under year; prior registration was null
2026-01-14 13:30:23.561 [main] DEBUG org.hibernate.query.sqm.function.SqmFunctionRegistry - Registered SqmFunctionTemplate [NamedSqmFunctionTemplate(hour)] under hour; prior registration was null
2026-01-14 13:30:23.561 [main] DEBUG org.hibernate.query.sqm.function.SqmFunctionRegistry - Registered SqmFunctionTemplate [NamedSqmFunctionTemplate(minute)] under minute; prior registration was null
2026-01-14 13:30:23.561 [main] DEBUG org.hibernate.query.sqm.function.SqmFunctionRegistry - Registered SqmFunctionTemplate [NamedSqmFunctionTemplate(second)] under second; prior registration was null
2026-01-14 13:30:23.561 [main] DEBUG org.hibernate.query.sqm.function.SqmFunctionRegistry - Registered SqmFunctionTemplate [NamedSqmFunctionTemplate(microsecond)] under microsecond; prior registration was null
2026-01-14 13:30:23.561 [main] DEBUG org.hibernate.query.sqm.function.SqmFunctionRegistry - Registered SqmFunctionTemplate [NamedSqmFunctionTemplate(dayofweek)] under dayofweek; prior registration was null
2026-01-14 13:30:23.561 [main] DEBUG org.hibernate.query.sqm.function.SqmFunctionRegistry - Registered SqmFunctionTemplate [NamedSqmFunctionTemplate(dayofmonth)] under dayofmonth; prior registration was null
2026-01-14 13:30:23.561 [main] DEBUG org.hibernate.query.sqm.function.SqmFunctionRegistry - Registering alternate key : day -> dayofmonth
2026-01-14 13:30:23.561 [main] DEBUG org.hibernate.query.sqm.function.SqmFunctionRegistry - Registered SqmFunctionTemplate [NamedSqmFunctionTemplate(dayofyear)] under dayofyear; prior registration was null
2026-01-14 13:30:23.561 [main] DEBUG org.hibernate.query.sqm.function.SqmFunctionRegistry - Registered SqmFunctionTemplate [NamedSqmFunctionTemplate(week)] under week; prior registration was null
2026-01-14 13:30:23.561 [main] DEBUG org.hibernate.query.sqm.function.SqmFunctionRegistry - Registered SqmFunctionTemplate [NamedSqmFunctionTemplate(quarter)] under quarter; prior registration was null
2026-01-14 13:30:23.561 [main] DEBUG org.hibernate.query.sqm.function.SqmFunctionRegistry - Registered SqmFunctionTemplate [NamedSqmFunctionTemplate(monthname)] under monthname; prior registration was null
2026-01-14 13:30:23.561 [main] DEBUG org.hibernate.query.sqm.function.SqmFunctionRegistry - Registered SqmFunctionTemplate [NamedSqmFunctionTemplate(dayname)] under dayname; prior registration was null
2026-01-14 13:30:23.561 [main] DEBUG org.hibernate.query.sqm.function.SqmFunctionRegistry - Registered SqmFunctionTemplate [NamedSqmFunctionTemplate(last_day)] under last_day; prior registration was null
2026-01-14 13:30:23.561 [main] DEBUG org.hibernate.query.sqm.function.SqmFunctionRegistry - Registered SqmFunctionTemplate [NamedSqmFunctionTemplate(date)] under date; prior registration was null
2026-01-14 13:30:23.561 [main] DEBUG org.hibernate.query.sqm.function.SqmFunctionRegistry - Registered SqmFunctionTemplate [NamedSqmFunctionTemplate(timestamp)] under timestamp; prior registration was null
2026-01-14 13:30:23.561 [main] DEBUG org.hibernate.query.sqm.function.SqmFunctionRegistry - Registered SqmFunctionTemplate [NamedSqmFunctionTemplate(time)] under time; prior registration was null
2026-01-14 13:30:23.562 [main] DEBUG org.hibernate.query.sqm.function.SqmFunctionRegistry - Registered SqmFunctionTemplate [NamedSqmFunctionTemplate(utc_date)] under utc_date; prior registration was null
2026-01-14 13:30:23.562 [main] DEBUG org.hibernate.query.sqm.function.SqmFunctionRegistry - Registered SqmFunctionTemplate [NamedSqmFunctionTemplate(utc_time)] under utc_time; prior registration was null
2026-01-14 13:30:23.562 [main] DEBUG org.hibernate.query.sqm.function.SqmFunctionRegistry - Registered SqmFunctionTemplate [NamedSqmFunctionTemplate(utc_timestamp)] under utc_timestamp; prior registration was null
2026-01-14 13:30:23.562 [main] DEBUG org.hibernate.query.sqm.function.SqmFunctionRegistry - Registered SqmFunctionTemplate [NamedSqmFunctionTemplate(rand)] under rand; prior registration was null
2026-01-14 13:30:23.562 [main] DEBUG org.hibernate.query.sqm.function.SqmFunctionRegistry - Registered SqmFunctionTemplate [NamedSqmFunctionTemplate(crc32)] under crc32; prior registration was null
2026-01-14 13:30:23.562 [main] DEBUG org.hibernate.query.sqm.function.SqmFunctionRegistry - Registered SqmFunctionTemplate [NamedSqmFunctionTemplate(sha1)] under sha1; prior registration was null
2026-01-14 13:30:23.562 [main] DEBUG org.hibernate.query.sqm.function.SqmFunctionRegistry - Registered SqmFunctionTemplate [NamedSqmFunctionTemplate(sha2)] under sha2; prior registration was null
2026-01-14 13:30:23.562 [main] DEBUG org.hibernate.query.sqm.function.SqmFunctionRegistry - Registered SqmFunctionTemplate [NamedSqmFunctionTemplate(sha)] under sha; prior registration was null
2026-01-14 13:30:23.562 [main] DEBUG org.hibernate.query.sqm.function.SqmFunctionRegistry - Registered SqmFunctionTemplate [NamedSqmFunctionTemplate(bit_length)] under bit_length; prior registration was null
2026-01-14 13:30:23.562 [main] DEBUG org.hibernate.query.sqm.function.SqmFunctionRegistry - Registered SqmFunctionTemplate [NamedSqmFunctionTemplate(octet_length)] under octet_length; prior registration was NamedSqmFunctionTemplate(octet_length)
2026-01-14 13:30:23.562 [main] DEBUG org.hibernate.query.sqm.function.SqmFunctionRegistry - Registered SqmFunctionTemplate [NamedSqmFunctionTemplate(ascii)] under ascii; prior registration was null
2026-01-14 13:30:23.562 [main] DEBUG org.hibernate.query.sqm.function.SqmFunctionRegistry - Registered SqmFunctionTemplate [NamedSqmFunctionTemplate(instr)] under instr; prior registration was null
2026-01-14 13:30:23.562 [main] DEBUG org.hibernate.query.sqm.function.SqmFunctionRegistry - Registered SqmFunctionTemplate [NamedSqmFunctionTemplate(substr)] under substr; prior registration was null
2026-01-14 13:30:23.562 [main] DEBUG org.hibernate.query.sqm.function.SqmFunctionRegistry - Registered SqmFunctionTemplate [org.hibernate.query.sqm.function.PatternBasedSqmFunctionDescriptor@364fd4ae] under position; prior registration was org.hibernate.dialect.function.LocatePositionEmulation@ee21292
2026-01-14 13:30:23.562 [main] DEBUG org.hibernate.query.sqm.function.SqmFunctionRegistry - Registered SqmFunctionTemplate [NamedSqmFunctionTemplate(curtime)] under curtime; prior registration was null
2026-01-14 13:30:23.562 [main] DEBUG org.hibernate.query.sqm.function.SqmFunctionRegistry - Registered SqmFunctionTemplate [NamedSqmFunctionTemplate(curdate)] under curdate; prior registration was null
2026-01-14 13:30:23.562 [main] DEBUG org.hibernate.query.sqm.function.SqmFunctionRegistry - Registered SqmFunctionTemplate [NamedSqmFunctionTemplate(now)] under now; prior registration was null
2026-01-14 13:30:23.566 [main] DEBUG org.hibernate.query.sqm.function.SqmFunctionRegistry - Registered SqmFunctionTemplate [org.hibernate.dialect.function.TruncFunction@515b9d4a] under trunc; prior registration was null
2026-01-14 13:30:23.566 [main] DEBUG org.hibernate.query.sqm.function.SqmFunctionRegistry - Registering alternate key : truncate -> trunc
2026-01-14 13:30:23.566 [main] DEBUG org.hibernate.query.sqm.function.SqmFunctionRegistry - Registered SqmFunctionTemplate [NamedSqmFunctionTemplate(insert)] under insert; prior registration was null
2026-01-14 13:30:23.566 [main] DEBUG org.hibernate.query.sqm.function.SqmFunctionRegistry - Registered SqmFunctionTemplate [org.hibernate.query.sqm.function.PatternBasedSqmFunctionDescriptor@39b626e5] under bitand; prior registration was null
2026-01-14 13:30:23.566 [main] DEBUG org.hibernate.query.sqm.function.SqmFunctionRegistry - Registered SqmFunctionTemplate [org.hibernate.query.sqm.function.PatternBasedSqmFunctionDescriptor@32a4ecbe] under bitor; prior registration was null
2026-01-14 13:30:23.566 [main] DEBUG org.hibernate.query.sqm.function.SqmFunctionRegistry - Registered SqmFunctionTemplate [org.hibernate.query.sqm.function.PatternBasedSqmFunctionDescriptor@2e71240b] under bitxor; prior registration was null
2026-01-14 13:30:23.566 [main] DEBUG org.hibernate.query.sqm.function.SqmFunctionRegistry - Registered SqmFunctionTemplate [org.hibernate.query.sqm.function.PatternBasedSqmFunctionDescriptor@23cd5d42] under bitnot; prior registration was null
2026-01-14 13:30:23.566 [main] DEBUG org.hibernate.query.sqm.function.SqmFunctionRegistry - Registered SqmFunctionTemplate [NamedSqmFunctionTemplate(bit_and)] under bit_and; prior registration was null
2026-01-14 13:30:23.566 [main] DEBUG org.hibernate.query.sqm.function.SqmFunctionRegistry - Registered SqmFunctionTemplate [NamedSqmFunctionTemplate(bit_or)] under bit_or; prior registration was null
2026-01-14 13:30:23.566 [main] DEBUG org.hibernate.query.sqm.function.SqmFunctionRegistry - Registered SqmFunctionTemplate [NamedSqmFunctionTemplate(stddev)] under stddev; prior registration was null
2026-01-14 13:30:23.566 [main] DEBUG org.hibernate.query.sqm.function.SqmFunctionRegistry - Registered SqmFunctionTemplate [NamedSqmFunctionTemplate(stddev_pop)] under stddev_pop; prior registration was null
2026-01-14 13:30:23.566 [main] DEBUG org.hibernate.query.sqm.function.SqmFunctionRegistry - Registered SqmFunctionTemplate [NamedSqmFunctionTemplate(stddev_samp)] under stddev_samp; prior registration was null
2026-01-14 13:30:23.567 [main] DEBUG org.hibernate.query.sqm.function.SqmFunctionRegistry - Registered SqmFunctionTemplate [NamedSqmFunctionTemplate(variance)] under variance; prior registration was null
2026-01-14 13:30:23.567 [main] DEBUG org.hibernate.query.sqm.function.SqmFunctionRegistry - Registered SqmFunctionTemplate [NamedSqmFunctionTemplate(var_pop)] under var_pop; prior registration was null
2026-01-14 13:30:23.567 [main] DEBUG org.hibernate.query.sqm.function.SqmFunctionRegistry - Registered SqmFunctionTemplate [NamedSqmFunctionTemplate(var_samp)] under var_samp; prior registration was null
2026-01-14 13:30:23.567 [main] DEBUG org.hibernate.query.sqm.function.SqmFunctionRegistry - Registered SqmFunctionTemplate [NamedSqmFunctionTemplate(datediff)] under datediff; prior registration was null
2026-01-14 13:30:23.567 [main] DEBUG org.hibernate.query.sqm.function.SqmFunctionRegistry - Registered SqmFunctionTemplate [NamedSqmFunctionTemplate(adddate)] under adddate; prior registration was null
2026-01-14 13:30:23.567 [main] DEBUG org.hibernate.query.sqm.function.SqmFunctionRegistry - Registered SqmFunctionTemplate [NamedSqmFunctionTemplate(subdate)] under subdate; prior registration was null
2026-01-14 13:30:23.567 [main] DEBUG org.hibernate.query.sqm.function.SqmFunctionRegistry - Registered SqmFunctionTemplate [NamedSqmFunctionTemplate(addtime)] under addtime; prior registration was null
2026-01-14 13:30:23.567 [main] DEBUG org.hibernate.query.sqm.function.SqmFunctionRegistry - Registered SqmFunctionTemplate [NamedSqmFunctionTemplate(subtime)] under subtime; prior registration was null
2026-01-14 13:30:23.567 [main] DEBUG org.hibernate.query.sqm.function.SqmFunctionRegistry - Registered SqmFunctionTemplate [org.hibernate.dialect.function.FormatFunction@2b44d6d0] under format; prior registration was org.hibernate.dialect.function.FormatFunction@3a7c678b
2026-01-14 13:30:23.567 [main] DEBUG org.hibernate.query.sqm.function.SqmFunctionRegistry - Registered SqmFunctionTemplate [NamedSqmFunctionTemplate(makedate)] under makedate; prior registration was null
2026-01-14 13:30:23.567 [main] DEBUG org.hibernate.query.sqm.function.SqmFunctionRegistry - Registered SqmFunctionTemplate [NamedSqmFunctionTemplate(maketime)] under maketime; prior registration was null
2026-01-14 13:30:23.567 [main] DEBUG org.hibernate.query.sqm.function.SqmFunctionRegistry - Registered SqmFunctionTemplate [NamedSqmFunctionTemplate(localtime)] under localtime; prior registration was null
2026-01-14 13:30:23.567 [main] DEBUG org.hibernate.query.sqm.function.SqmFunctionRegistry - Registered SqmFunctionTemplate [NamedSqmFunctionTemplate(localtimestamp)] under localtimestamp; prior registration was null
2026-01-14 13:30:23.567 [main] DEBUG org.hibernate.query.sqm.function.SqmFunctionRegistry - Registered SqmFunctionTemplate [NamedSqmFunctionTemplate(localtime)] under local_time; prior registration was org.hibernate.dialect.function.CurrentFunction@77724cbe
2026-01-14 13:30:23.567 [main] DEBUG org.hibernate.query.sqm.function.SqmFunctionRegistry - Registered SqmFunctionTemplate [NamedSqmFunctionTemplate(localtimestamp)] under local_datetime; prior registration was org.hibernate.dialect.function.CurrentFunction@27dc627a
2026-01-14 13:30:23.567 [main] DEBUG org.hibernate.query.sqm.function.SqmFunctionRegistry - Registered SqmFunctionTemplate [NamedSqmFunctionTemplate(localtime)] under localtime; prior registration was NamedSqmFunctionTemplate(localtime)
2026-01-14 13:30:23.567 [main] DEBUG org.hibernate.query.sqm.function.SqmFunctionRegistry - Registered SqmFunctionTemplate [org.hibernate.query.sqm.function.PatternBasedSqmFunctionDescriptor@3e900e1a] under pi; prior registration was org.hibernate.query.sqm.function.PatternBasedSqmFunctionDescriptor@4ea17147
2026-01-14 13:30:23.567 [main] DEBUG org.hibernate.query.sqm.function.SqmFunctionRegistry - Registered SqmFunctionTemplate [org.hibernate.query.sqm.function.PatternBasedSqmFunctionDescriptor@196624bf] under chr; prior registration was null
2026-01-14 13:30:23.567 [main] DEBUG org.hibernate.query.sqm.function.SqmFunctionRegistry - Registering alternate key : char -> chr
2026-01-14 13:30:23.567 [main] DEBUG org.hibernate.query.sqm.function.SqmFunctionRegistry - Registered SqmFunctionTemplate [org.hibernate.query.sqm.function.PatternBasedSqmFunctionDescriptor@50085d9c] under sysdate; prior registration was null
2026-01-14 13:30:23.567 [main] DEBUG org.hibernate.query.sqm.function.SqmFunctionRegistry - Registered SqmFunctionTemplate [NamedSqmFunctionTemplate(row_number)] under row_number; prior registration was null
2026-01-14 13:30:23.567 [main] DEBUG org.hibernate.query.sqm.function.SqmFunctionRegistry - Registered SqmFunctionTemplate [NamedSqmFunctionTemplate(lag)] under lag; prior registration was null
2026-01-14 13:30:23.567 [main] DEBUG org.hibernate.query.sqm.function.SqmFunctionRegistry - Registered SqmFunctionTemplate [NamedSqmFunctionTemplate(lead)] under lead; prior registration was null
2026-01-14 13:30:23.567 [main] DEBUG org.hibernate.query.sqm.function.SqmFunctionRegistry - Registered SqmFunctionTemplate [NamedSqmFunctionTemplate(first_value)] under first_value; prior registration was null
2026-01-14 13:30:23.567 [main] DEBUG org.hibernate.query.sqm.function.SqmFunctionRegistry - Registered SqmFunctionTemplate [NamedSqmFunctionTemplate(last_value)] under last_value; prior registration was null
2026-01-14 13:30:23.567 [main] DEBUG org.hibernate.query.sqm.function.SqmFunctionRegistry - Registered SqmFunctionTemplate [NamedSqmFunctionTemplate(nth_value)] under nth_value; prior registration was null
2026-01-14 13:30:23.569 [main] DEBUG org.hibernate.query.sqm.function.SqmFunctionRegistry - Registered SqmFunctionTemplate [org.hibernate.dialect.function.HypotheticalSetWindowEmulation@21e45a6f] under rank; prior registration was null
2026-01-14 13:30:23.569 [main] DEBUG org.hibernate.query.sqm.function.SqmFunctionRegistry - Registered SqmFunctionTemplate [org.hibernate.dialect.function.HypotheticalSetWindowEmulation@1a1ccaaf] under dense_rank; prior registration was null
2026-01-14 13:30:23.569 [main] DEBUG org.hibernate.query.sqm.function.SqmFunctionRegistry - Registered SqmFunctionTemplate [org.hibernate.dialect.function.HypotheticalSetWindowEmulation@7b53b1ad] under percent_rank; prior registration was null
2026-01-14 13:30:23.569 [main] DEBUG org.hibernate.query.sqm.function.SqmFunctionRegistry - Registered SqmFunctionTemplate [org.hibernate.dialect.function.HypotheticalSetWindowEmulation@3cc053] under cume_dist; prior registration was null
2026-01-14 13:30:23.569 [main] DEBUG org.hibernate.query.sqm.function.SqmFunctionRegistry - Registered SqmFunctionTemplate [org.hibernate.dialect.function.ListaggGroupConcatEmulation@7fdd43cd] under listagg; prior registration was null
2026-01-14 13:30:23.570 [main] DEBUG org.hibernate.HQL_FUNCTIONS - abs(NUMERIC arg)
2026-01-14 13:30:23.570 [main] DEBUG org.hibernate.HQL_FUNCTIONS - Double acos(NUMERIC arg)
2026-01-14 13:30:23.570 [main] DEBUG org.hibernate.HQL_FUNCTIONS - adddate(DATE datetime, INTEGER days)
2026-01-14 13:30:23.570 [main] DEBUG org.hibernate.HQL_FUNCTIONS - addtime(TIME datetime, TIME time)
2026-01-14 13:30:23.570 [main] DEBUG org.hibernate.HQL_FUNCTIONS - Boolean any(BOOLEAN arg)
2026-01-14 13:30:23.570 [main] DEBUG org.hibernate.HQL_FUNCTIONS - Integer ascii(STRING arg)
2026-01-14 13:30:23.570 [main] DEBUG org.hibernate.HQL_FUNCTIONS - Double asin(NUMERIC arg)
2026-01-14 13:30:23.570 [main] DEBUG org.hibernate.HQL_FUNCTIONS - Double atan(NUMERIC arg)
2026-01-14 13:30:23.570 [main] DEBUG org.hibernate.HQL_FUNCTIONS - Double atan2(NUMERIC arg0, NUMERIC arg1)
2026-01-14 13:30:23.570 [main] DEBUG org.hibernate.HQL_FUNCTIONS - avg(arg)
2026-01-14 13:30:23.570 [main] DEBUG org.hibernate.HQL_FUNCTIONS - bit_and(arg)
2026-01-14 13:30:23.570 [main] DEBUG org.hibernate.HQL_FUNCTIONS - Integer bit_length(STRING_OR_CLOB arg)
2026-01-14 13:30:23.570 [main] DEBUG org.hibernate.HQL_FUNCTIONS - bit_or(arg)
2026-01-14 13:30:23.571 [main] DEBUG org.hibernate.HQL_FUNCTIONS - bitand(arg0, arg1)
2026-01-14 13:30:23.571 [main] DEBUG org.hibernate.HQL_FUNCTIONS - bitnot(arg)
2026-01-14 13:30:23.571 [main] DEBUG org.hibernate.HQL_FUNCTIONS - bitor(arg0, arg1)
2026-01-14 13:30:23.571 [main] DEBUG org.hibernate.HQL_FUNCTIONS - bitxor(arg0, arg1)
2026-01-14 13:30:23.571 [main] DEBUG org.hibernate.HQL_FUNCTIONS - cast(arg as Type)
2026-01-14 13:30:23.571 [main] DEBUG org.hibernate.HQL_FUNCTIONS - ceiling(NUMERIC arg)
2026-01-14 13:30:23.571 [main] DEBUG org.hibernate.HQL_FUNCTIONS - Character char(INTEGER arg)
2026-01-14 13:30:23.571 [main] DEBUG org.hibernate.HQL_FUNCTIONS - Integer character_length(STRING_OR_CLOB arg)
2026-01-14 13:30:23.571 [main] DEBUG org.hibernate.HQL_FUNCTIONS - Character chr(INTEGER arg)
2026-01-14 13:30:23.571 [main] DEBUG org.hibernate.HQL_FUNCTIONS - coalesce(arg0[, arg1[, ...]])
2026-01-14 13:30:23.571 [main] DEBUG org.hibernate.HQL_FUNCTIONS - String collate(STRING string as COLLATION collation)
2026-01-14 13:30:23.571 [main] DEBUG org.hibernate.HQL_FUNCTIONS - String concat(STRING string0[, STRING string1[, ...]])
2026-01-14 13:30:23.571 [main] DEBUG org.hibernate.HQL_FUNCTIONS - Double cos(NUMERIC arg)
2026-01-14 13:30:23.571 [main] DEBUG org.hibernate.HQL_FUNCTIONS - Double cosh(NUMERIC arg)
2026-01-14 13:30:23.571 [main] DEBUG org.hibernate.HQL_FUNCTIONS - Double cot(NUMERIC arg)
2026-01-14 13:30:23.571 [main] DEBUG org.hibernate.HQL_FUNCTIONS - Long count([distinct ]{arg|*})
2026-01-14 13:30:23.571 [main] DEBUG org.hibernate.HQL_FUNCTIONS - Integer crc32(arg)
2026-01-14 13:30:23.571 [main] DEBUG org.hibernate.HQL_FUNCTIONS - Double cume_dist([arg0[, ...]])
2026-01-14 13:30:23.571 [main] DEBUG org.hibernate.HQL_FUNCTIONS - Date curdate()
2026-01-14 13:30:23.571 [main] DEBUG org.hibernate.HQL_FUNCTIONS - Date current date
2026-01-14 13:30:23.571 [main] DEBUG org.hibernate.HQL_FUNCTIONS - Time current time
2026-01-14 13:30:23.571 [main] DEBUG org.hibernate.HQL_FUNCTIONS - Timestamp current timestamp
2026-01-14 13:30:23.571 [main] DEBUG org.hibernate.HQL_FUNCTIONS - Date current_date
2026-01-14 13:30:23.571 [main] DEBUG org.hibernate.HQL_FUNCTIONS - Instant current_instant
2026-01-14 13:30:23.571 [main] DEBUG org.hibernate.HQL_FUNCTIONS - Time current_time
2026-01-14 13:30:23.571 [main] DEBUG org.hibernate.HQL_FUNCTIONS - Timestamp current_timestamp
2026-01-14 13:30:23.571 [main] DEBUG org.hibernate.HQL_FUNCTIONS - Time curtime()
2026-01-14 13:30:23.571 [main] DEBUG org.hibernate.HQL_FUNCTIONS - Date date(arg)
2026-01-14 13:30:23.571 [main] DEBUG org.hibernate.HQL_FUNCTIONS - dateadd(TEMPORAL_UNIT field, INTEGER magnitude, TEMPORAL datetime)
2026-01-14 13:30:23.571 [main] DEBUG org.hibernate.HQL_FUNCTIONS - Integer datediff(DATE end, DATE start)
2026-01-14 13:30:23.571 [main] DEBUG org.hibernate.HQL_FUNCTIONS - Integer day(DATE arg)
2026-01-14 13:30:23.571 [main] DEBUG org.hibernate.HQL_FUNCTIONS - String dayname(DATE arg)
2026-01-14 13:30:23.572 [main] DEBUG org.hibernate.HQL_FUNCTIONS - Integer dayofmonth(DATE arg)
2026-01-14 13:30:23.572 [main] DEBUG org.hibernate.HQL_FUNCTIONS - Integer dayofweek(DATE arg)
2026-01-14 13:30:23.572 [main] DEBUG org.hibernate.HQL_FUNCTIONS - Integer dayofyear(DATE arg)
2026-01-14 13:30:23.572 [main] DEBUG org.hibernate.HQL_FUNCTIONS - Double degrees(NUMERIC arg)
2026-01-14 13:30:23.572 [main] DEBUG org.hibernate.HQL_FUNCTIONS - Long dense_rank([arg0[, ...]])
2026-01-14 13:30:23.572 [main] DEBUG org.hibernate.HQL_FUNCTIONS - Boolean every(BOOLEAN arg)
2026-01-14 13:30:23.572 [main] DEBUG org.hibernate.HQL_FUNCTIONS - Double exp(NUMERIC arg)
2026-01-14 13:30:23.572 [main] DEBUG org.hibernate.HQL_FUNCTIONS - extract(TEMPORAL_UNIT field from TEMPORAL arg)
2026-01-14 13:30:23.572 [main] DEBUG org.hibernate.HQL_FUNCTIONS - first_valueANY value
2026-01-14 13:30:23.572 [main] DEBUG org.hibernate.HQL_FUNCTIONS - floor(NUMERIC arg)
2026-01-14 13:30:23.572 [main] DEBUG org.hibernate.HQL_FUNCTIONS - String format(TEMPORAL datetime as STRING pattern)
2026-01-14 13:30:23.572 [main] DEBUG org.hibernate.HQL_FUNCTIONS - greatest(COMPARABLE arg0, COMPARABLE arg1[, arg2[, ...]])
2026-01-14 13:30:23.572 [main] DEBUG org.hibernate.HQL_FUNCTIONS - Integer hour(TIME arg)
2026-01-14 13:30:23.572 [main] DEBUG org.hibernate.HQL_FUNCTIONS - ifnull(arg0, arg1)
2026-01-14 13:30:23.572 [main] DEBUG org.hibernate.HQL_FUNCTIONS - String insert(STRING string, INTEGER start, INTEGER length, STRING replacement)
2026-01-14 13:30:23.572 [main] DEBUG org.hibernate.HQL_FUNCTIONS - Instant instant
2026-01-14 13:30:23.572 [main] DEBUG org.hibernate.HQL_FUNCTIONS - Integer instr(STRING string, STRING pattern[, INTEGER start[, INTEGER occurrence]])
2026-01-14 13:30:23.572 [main] DEBUG org.hibernate.HQL_FUNCTIONS - lagANY value[, INTEGER offset[, ANY default]]
2026-01-14 13:30:23.572 [main] DEBUG org.hibernate.HQL_FUNCTIONS - Date last_day(DATE arg)
2026-01-14 13:30:23.572 [main] DEBUG org.hibernate.HQL_FUNCTIONS - last_valueANY value
2026-01-14 13:30:23.572 [main] DEBUG org.hibernate.HQL_FUNCTIONS - leadANY value[, INTEGER offset[, ANY default]]
2026-01-14 13:30:23.572 [main] DEBUG org.hibernate.HQL_FUNCTIONS - least(COMPARABLE arg0, COMPARABLE arg1[, arg2[, ...]])
2026-01-14 13:30:23.572 [main] DEBUG org.hibernate.HQL_FUNCTIONS - String left(STRING string, INTEGER length)
2026-01-14 13:30:23.572 [main] DEBUG org.hibernate.HQL_FUNCTIONS - Integer length(STRING_OR_CLOB arg)
2026-01-14 13:30:23.573 [main] DEBUG org.hibernate.HQL_FUNCTIONS - String listagg(STRING arg0, STRING arg1)
2026-01-14 13:30:23.573 [main] DEBUG org.hibernate.HQL_FUNCTIONS - Double ln(NUMERIC arg)
2026-01-14 13:30:23.573 [main] DEBUG org.hibernate.HQL_FUNCTIONS - LocalDate local date
2026-01-14 13:30:23.573 [main] DEBUG org.hibernate.HQL_FUNCTIONS - LocalDateTime local datetime
2026-01-14 13:30:23.573 [main] DEBUG org.hibernate.HQL_FUNCTIONS - LocalTime local time
2026-01-14 13:30:23.573 [main] DEBUG org.hibernate.HQL_FUNCTIONS - LocalDate local_date
2026-01-14 13:30:23.573 [main] DEBUG org.hibernate.HQL_FUNCTIONS - LocalDateTime local_datetime
2026-01-14 13:30:23.573 [main] DEBUG org.hibernate.HQL_FUNCTIONS - LocalTime local_time
2026-01-14 13:30:23.573 [main] DEBUG org.hibernate.HQL_FUNCTIONS - Timestamp localtime
2026-01-14 13:30:23.573 [main] DEBUG org.hibernate.HQL_FUNCTIONS - Timestamp localtimestamp
2026-01-14 13:30:23.573 [main] DEBUG org.hibernate.HQL_FUNCTIONS - Integer locate(STRING pattern, STRING string[, INTEGER start])
2026-01-14 13:30:23.573 [main] DEBUG org.hibernate.HQL_FUNCTIONS - Double log(NUMERIC arg0[, NUMERIC arg1])
2026-01-14 13:30:23.573 [main] DEBUG org.hibernate.HQL_FUNCTIONS - Double log10(NUMERIC arg)
2026-01-14 13:30:23.573 [main] DEBUG org.hibernate.HQL_FUNCTIONS - Double log2(NUMERIC arg)
2026-01-14 13:30:23.573 [main] DEBUG org.hibernate.HQL_FUNCTIONS - String lower(STRING string)
2026-01-14 13:30:23.573 [main] DEBUG org.hibernate.HQL_FUNCTIONS - String lpad(string, length[, padding])
2026-01-14 13:30:23.573 [main] DEBUG org.hibernate.HQL_FUNCTIONS - String ltrim(STRING string[, STRING characters])
2026-01-14 13:30:23.573 [main] DEBUG org.hibernate.HQL_FUNCTIONS - Date makedate(INTEGER year, INTEGER dayofyear)
2026-01-14 13:30:23.573 [main] DEBUG org.hibernate.HQL_FUNCTIONS - Time maketime(INTEGER hour, INTEGER min, INTEGER sec)
2026-01-14 13:30:23.573 [main] DEBUG org.hibernate.HQL_FUNCTIONS - max(COMPARABLE arg)
2026-01-14 13:30:23.573 [main] DEBUG org.hibernate.HQL_FUNCTIONS - String md5(arg)
2026-01-14 13:30:23.573 [main] DEBUG org.hibernate.HQL_FUNCTIONS - Integer microsecond(TIME arg)
2026-01-14 13:30:23.573 [main] DEBUG org.hibernate.HQL_FUNCTIONS - min(COMPARABLE arg)
2026-01-14 13:30:23.573 [main] DEBUG org.hibernate.HQL_FUNCTIONS - Integer minute(TIME arg)
2026-01-14 13:30:23.573 [main] DEBUG org.hibernate.HQL_FUNCTIONS - Integer mod(INTEGER arg0, INTEGER arg1)
2026-01-14 13:30:23.573 [main] DEBUG org.hibernate.HQL_FUNCTIONS - Integer month(DATE arg)
2026-01-14 13:30:23.573 [main] DEBUG org.hibernate.HQL_FUNCTIONS - String monthname(DATE arg)
2026-01-14 13:30:23.573 [main] DEBUG org.hibernate.HQL_FUNCTIONS - Timestamp now()
2026-01-14 13:30:23.573 [main] DEBUG org.hibernate.HQL_FUNCTIONS - nth_valueANY value, INTEGER nth
2026-01-14 13:30:23.573 [main] DEBUG org.hibernate.HQL_FUNCTIONS - nullif(arg0, arg1)
2026-01-14 13:30:23.573 [main] DEBUG org.hibernate.HQL_FUNCTIONS - Integer octet_length(STRING_OR_CLOB arg)
2026-01-14 13:30:23.573 [main] DEBUG org.hibernate.HQL_FUNCTIONS - OffsetDateTime offset datetime
2026-01-14 13:30:23.573 [main] DEBUG org.hibernate.HQL_FUNCTIONS - OffsetDateTime offset_datetime
2026-01-14 13:30:23.573 [main] DEBUG org.hibernate.HQL_FUNCTIONS - String overlay(STRING string placing STRING replacement from INTEGER start[ for INTEGER length])
2026-01-14 13:30:23.573 [main] DEBUG org.hibernate.HQL_FUNCTIONS - String pad(STRING string with INTEGER length {leading|trailing}[ STRING character])
2026-01-14 13:30:23.573 [main] DEBUG org.hibernate.HQL_FUNCTIONS - Double percent_rank([arg0[, ...]])
2026-01-14 13:30:23.573 [main] DEBUG org.hibernate.HQL_FUNCTIONS - Double pi
2026-01-14 13:30:23.573 [main] DEBUG org.hibernate.HQL_FUNCTIONS - Integer position(STRING pattern in STRING string)
2026-01-14 13:30:23.574 [main] DEBUG org.hibernate.HQL_FUNCTIONS - Double power(NUMERIC arg0, NUMERIC arg1)
2026-01-14 13:30:23.574 [main] DEBUG org.hibernate.HQL_FUNCTIONS - Integer quarter(DATE arg)
2026-01-14 13:30:23.574 [main] DEBUG org.hibernate.HQL_FUNCTIONS - Double radians(NUMERIC arg)
2026-01-14 13:30:23.574 [main] DEBUG org.hibernate.HQL_FUNCTIONS - Double rand([INTEGER seed])
2026-01-14 13:30:23.574 [main] DEBUG org.hibernate.HQL_FUNCTIONS - Long rank([arg0[, ...]])
2026-01-14 13:30:23.574 [main] DEBUG org.hibernate.HQL_FUNCTIONS - String repeat(STRING string, INTEGER times)
2026-01-14 13:30:23.574 [main] DEBUG org.hibernate.HQL_FUNCTIONS - String replace(STRING string, STRING pattern, STRING replacement)
2026-01-14 13:30:23.574 [main] DEBUG org.hibernate.HQL_FUNCTIONS - String reverse(STRING arg)
2026-01-14 13:30:23.574 [main] DEBUG org.hibernate.HQL_FUNCTIONS - String right(STRING string, INTEGER length)
2026-01-14 13:30:23.574 [main] DEBUG org.hibernate.HQL_FUNCTIONS - round(NUMERIC number[, INTEGER places])
2026-01-14 13:30:23.574 [main] DEBUG org.hibernate.HQL_FUNCTIONS - Long row_number()
2026-01-14 13:30:23.574 [main] DEBUG org.hibernate.HQL_FUNCTIONS - String rpad(string, length[, padding])
2026-01-14 13:30:23.574 [main] DEBUG org.hibernate.HQL_FUNCTIONS - String rtrim(STRING string[, STRING characters])
2026-01-14 13:30:23.574 [main] DEBUG org.hibernate.HQL_FUNCTIONS - Integer second(TIME arg)
2026-01-14 13:30:23.574 [main] DEBUG org.hibernate.HQL_FUNCTIONS - String sha(arg)
2026-01-14 13:30:23.574 [main] DEBUG org.hibernate.HQL_FUNCTIONS - String sha1(arg)
2026-01-14 13:30:23.574 [main] DEBUG org.hibernate.HQL_FUNCTIONS - String sha2(arg0, arg1)
2026-01-14 13:30:23.574 [main] DEBUG org.hibernate.HQL_FUNCTIONS - Integer sign(NUMERIC arg)
2026-01-14 13:30:23.574 [main] DEBUG org.hibernate.HQL_FUNCTIONS - Double sin(NUMERIC arg)
2026-01-14 13:30:23.574 [main] DEBUG org.hibernate.HQL_FUNCTIONS - Double sinh(NUMERIC arg)
2026-01-14 13:30:23.574 [main] DEBUG org.hibernate.HQL_FUNCTIONS - String soundex(arg)
2026-01-14 13:30:23.574 [main] DEBUG org.hibernate.HQL_FUNCTIONS - String space(INTEGER arg)
2026-01-14 13:30:23.574 [main] DEBUG org.hibernate.HQL_FUNCTIONS - Object sql
2026-01-14 13:30:23.574 [main] DEBUG org.hibernate.HQL_FUNCTIONS - Double sqrt(NUMERIC arg)
2026-01-14 13:30:23.574 [main] DEBUG org.hibernate.HQL_FUNCTIONS - Double stddev(NUMERIC arg)
2026-01-14 13:30:23.574 [main] DEBUG org.hibernate.HQL_FUNCTIONS - Double stddev_pop(NUMERIC arg)
2026-01-14 13:30:23.574 [main] DEBUG org.hibernate.HQL_FUNCTIONS - Double stddev_samp(NUMERIC arg)
2026-01-14 13:30:23.574 [main] DEBUG org.hibernate.HQL_FUNCTIONS - String str(arg)
2026-01-14 13:30:23.574 [main] DEBUG org.hibernate.HQL_FUNCTIONS - subdate(DATE datetime, INTEGER days)
2026-01-14 13:30:23.574 [main] DEBUG org.hibernate.HQL_FUNCTIONS - String substr(STRING string, INTEGER start[, INTEGER length])
2026-01-14 13:30:23.574 [main] DEBUG org.hibernate.HQL_FUNCTIONS - String substring(STRING string{ from|,} INTEGER start[{ for|,} INTEGER length])
2026-01-14 13:30:23.574 [main] DEBUG org.hibernate.HQL_FUNCTIONS - subtime(TIME datetime, TIME time)
2026-01-14 13:30:23.574 [main] DEBUG org.hibernate.HQL_FUNCTIONS - sum(arg)
2026-01-14 13:30:23.574 [main] DEBUG org.hibernate.HQL_FUNCTIONS - Timestamp sysdate()
2026-01-14 13:30:23.574 [main] DEBUG org.hibernate.HQL_FUNCTIONS - Double tan(NUMERIC arg)
2026-01-14 13:30:23.574 [main] DEBUG org.hibernate.HQL_FUNCTIONS - Double tanh(NUMERIC arg)
2026-01-14 13:30:23.574 [main] DEBUG org.hibernate.HQL_FUNCTIONS - String time(arg)
2026-01-14 13:30:23.574 [main] DEBUG org.hibernate.HQL_FUNCTIONS - Timestamp timestamp(arg0[, arg1])
2026-01-14 13:30:23.574 [main] DEBUG org.hibernate.HQL_FUNCTIONS - timestampadd(TEMPORAL_UNIT field, INTEGER magnitude, TEMPORAL datetime)
2026-01-14 13:30:23.575 [main] DEBUG org.hibernate.HQL_FUNCTIONS - basicType@9(java.lang.Long,-5)|basicType@17(java.lang.Double,8) timestampdiff(TEMPORAL_UNIT field, TEMPORAL start, TEMPORAL end)
2026-01-14 13:30:23.575 [main] DEBUG org.hibernate.HQL_FUNCTIONS - String trim([[{leading|trailing|both} ][STRING arg0 ]from] STRING arg1)
2026-01-14 13:30:23.575 [main] DEBUG org.hibernate.HQL_FUNCTIONS - trunc( ... )
2026-01-14 13:30:23.575 [main] DEBUG org.hibernate.HQL_FUNCTIONS - truncate( ... )
2026-01-14 13:30:23.575 [main] DEBUG org.hibernate.HQL_FUNCTIONS - String upper(STRING string)
2026-01-14 13:30:23.575 [main] DEBUG org.hibernate.HQL_FUNCTIONS - Date utc_date
2026-01-14 13:30:23.575 [main] DEBUG org.hibernate.HQL_FUNCTIONS - Time utc_time
2026-01-14 13:30:23.575 [main] DEBUG org.hibernate.HQL_FUNCTIONS - Timestamp utc_timestamp
2026-01-14 13:30:23.575 [main] DEBUG org.hibernate.HQL_FUNCTIONS - Double var_pop(NUMERIC arg)
2026-01-14 13:30:23.575 [main] DEBUG org.hibernate.HQL_FUNCTIONS - Double var_samp(NUMERIC arg)
2026-01-14 13:30:23.575 [main] DEBUG org.hibernate.HQL_FUNCTIONS - Double variance(NUMERIC arg)
2026-01-14 13:30:23.575 [main] DEBUG org.hibernate.HQL_FUNCTIONS - Integer week(DATE arg)
2026-01-14 13:30:23.575 [main] DEBUG org.hibernate.HQL_FUNCTIONS - Integer year(DATE arg)
2026-01-14 13:30:23.577 [main] DEBUG org.hibernate.orm.query.plan.cache - Starting QueryInterpretationCache(2048)
2026-01-14 13:30:23.632 [main] DEBUG org.hibernate.service.internal.SessionFactoryServiceRegistryImpl - EventListenerRegistry access via ServiceRegistry is deprecated.  Use `sessionFactory.getEventEngine().getListenerRegistry()` instead
2026-01-14 13:30:23.633 [main] DEBUG org.hibernate.event.internal.EntityCopyObserverFactoryInitiator - Configured EntityCopyObserver strategy: disallow
2026-01-14 13:30:23.681 [main] DEBUG org.hibernate.boot.internal.ClassLoaderAccessImpl - Not known whether passed class name [modelo.Persona] is safe
2026-01-14 13:30:23.681 [main] DEBUG org.hibernate.boot.internal.ClassLoaderAccessImpl - No temp ClassLoader provided; using live ClassLoader for loading potentially unsafe class : modelo.Persona
2026-01-14 13:30:23.814 [main] DEBUG org.hibernate.bytecode.internal.bytebuddy.BytecodeProviderImpl - HHH000513: Unable to create the ReflectionOptimizer for [modelo.Persona]: private accessor [edad]
2026-01-14 13:30:23.832 [main] DEBUG org.hibernate.boot.internal.ClassLoaderAccessImpl - Not known whether passed class name [modelo.Reunion] is safe
2026-01-14 13:30:23.832 [main] DEBUG org.hibernate.boot.internal.ClassLoaderAccessImpl - No temp ClassLoader provided; using live ClassLoader for loading potentially unsafe class : modelo.Reunion
2026-01-14 13:30:23.843 [main] DEBUG org.hibernate.bytecode.internal.bytebuddy.BytecodeProviderImpl - HHH000513: Unable to create the ReflectionOptimizer for [modelo.Reunion]: private accessor [asunto]
2026-01-14 13:30:23.857 [main] DEBUG org.hibernate.orm.model.mapping.creation - Starting post-init callbacks
2026-01-14 13:30:23.857 [main] DEBUG org.hibernate.orm.model.mapping.creation - Starting PostInitCallbackEntry : Entity(modelo.Persona) `staticFetchableList` generator
2026-01-14 13:30:23.858 [main] DEBUG org.hibernate.orm.model.mapping.creation - Starting PostInitCallbackEntry : Entity(modelo.Persona) `sqmMultiTableInsertStrategy` interpretation
2026-01-14 13:30:23.862 [main] DEBUG org.hibernate.orm.model.mapping.creation - Starting PostInitCallbackEntry : Entity(modelo.Reunion) `staticFetchableList` generator
2026-01-14 13:30:23.862 [main] DEBUG org.hibernate.orm.model.mapping.creation - Starting PostInitCallbackEntry : Entity(modelo.Reunion) `sqmMultiTableInsertStrategy` interpretation
2026-01-14 13:30:23.910 [main] DEBUG org.hibernate.orm.sql.ast.create - Created new SQL alias : p1_0
2026-01-14 13:30:23.912 [main] DEBUG org.hibernate.orm.sql.ast.create - Registration of TableGroup [StandardTableGroup(modelo.Persona)] with identifierForTableGroup [modelo.Persona] for NavigablePath [modelo.Persona] 
2026-01-14 13:30:23.921 [main] DEBUG org.hibernate.orm.results.graph.AST - DomainResult Graph:
 \-EntityResultImpl [modelo.Persona]
 |  +-BasicFetch [modelo.Persona.edad]
 |  +-BasicFetch [modelo.Persona.email]
 |  +-BasicFetch [modelo.Persona.fechaNacimiento]
 |  +-BasicFetch [modelo.Persona.nombreApellido]
 |  \-BasicFetch [modelo.Persona.telefono]

2026-01-14 13:30:23.923 [main] DEBUG org.hibernate.orm.sql.ast.tree - SQL AST Tree:
    SelectStatement {
      FromClause {
        StandardTableGroup (p1 : modelo.Persona) {
          primaryTableReference : persona as p1_0
        }
      }
    }

2026-01-14 13:30:23.931 [main] DEBUG org.hibernate.persister.entity.AbstractEntityPersister - Static SQL for entity: modelo.Persona
2026-01-14 13:30:23.931 [main] DEBUG org.hibernate.persister.entity.AbstractEntityPersister -  Version select: select dni from persona where dni=?
2026-01-14 13:30:23.931 [main] DEBUG org.hibernate.persister.entity.AbstractEntityPersister -  Insert (0): insert into persona (edad,email,fechaNacimiento,nombreApellido,telefono,dni) values (?,?,?,?,?,?)
2026-01-14 13:30:23.931 [main] DEBUG org.hibernate.persister.entity.AbstractEntityPersister -  Update (0): update persona set edad=?,email=?,fechaNacimiento=?,nombreApellido=?,telefono=? where dni=?
2026-01-14 13:30:23.931 [main] DEBUG org.hibernate.persister.entity.AbstractEntityPersister -  Delete (0): delete from persona where dni=?
2026-01-14 13:30:23.931 [main] DEBUG org.hibernate.orm.sql.ast.create - Created new SQL alias : r1_0
2026-01-14 13:30:23.931 [main] DEBUG org.hibernate.orm.sql.ast.create - Registration of TableGroup [StandardTableGroup(modelo.Reunion)] with identifierForTableGroup [modelo.Reunion] for NavigablePath [modelo.Reunion] 
2026-01-14 13:30:23.931 [main] DEBUG org.hibernate.orm.results.graph.AST - DomainResult Graph:
 \-EntityResultImpl [modelo.Reunion]
 |  +-BasicFetch [modelo.Reunion.asunto]
 |  \-BasicFetch [modelo.Reunion.fecha]

2026-01-14 13:30:23.931 [main] DEBUG org.hibernate.orm.sql.ast.tree - SQL AST Tree:
    SelectStatement {
      FromClause {
        StandardTableGroup (r1 : modelo.Reunion) {
          primaryTableReference : reunion as r1_0
        }
      }
    }

2026-01-14 13:30:23.931 [main] DEBUG org.hibernate.persister.entity.AbstractEntityPersister - Static SQL for entity: modelo.Reunion
2026-01-14 13:30:23.931 [main] DEBUG org.hibernate.persister.entity.AbstractEntityPersister -  Version select: select idReunion from reunion where idReunion=?
2026-01-14 13:30:23.931 [main] DEBUG org.hibernate.persister.entity.AbstractEntityPersister -  Insert (0): insert into reunion (asunto,fecha,idReunion) values (?,?,?)
2026-01-14 13:30:23.932 [main] DEBUG org.hibernate.persister.entity.AbstractEntityPersister -  Update (0): update reunion set asunto=?,fecha=? where idReunion=?
2026-01-14 13:30:23.932 [main] DEBUG org.hibernate.persister.entity.AbstractEntityPersister -  Delete (0): delete from reunion where idReunion=?
2026-01-14 13:30:23.949 [main] DEBUG org.hibernate.engine.transaction.jta.platform.internal.JtaPlatformInitiator - No JtaPlatform was specified, checking resolver
2026-01-14 13:30:23.949 [main] DEBUG org.hibernate.engine.transaction.jta.platform.internal.JtaPlatformResolverInitiator - No JtaPlatformResolver was specified, using default [org.hibernate.engine.transaction.jta.platform.internal.StandardJtaPlatformResolver]
2026-01-14 13:30:23.953 [main] DEBUG org.hibernate.engine.transaction.jta.platform.internal.StandardJtaPlatformResolver - Could not resolve JtaPlatform, using default [org.hibernate.engine.transaction.jta.platform.internal.NoJtaPlatform]
2026-01-14 13:30:23.953 [main] INFO  org.hibernate.engine.transaction.jta.platform.internal.JtaPlatformInitiator - HHH000489: No JTA platform available (set 'hibernate.transaction.jta.platform' to enable JTA platform integration)
2026-01-14 13:30:23.954 [main] DEBUG org.hibernate.type.spi.TypeConfiguration$Scope - Scoping TypeConfiguration [org.hibernate.type.spi.TypeConfiguration@59072e9d] to SessionFactoryImplementor [org.hibernate.internal.SessionFactoryImpl@44b9c7c4]
2026-01-14 13:30:23.955 [main] DEBUG org.hibernate.query.named.NamedObjectRepository - Checking 0 named HQL queries
2026-01-14 13:30:23.955 [main] DEBUG org.hibernate.query.named.NamedObjectRepository - Checking 0 named SQL queries
2026-01-14 13:30:23.972 [main] DEBUG org.hibernate.SQL - 
    drop table if exists persona
2026-01-14 13:30:23.975 [main] INFO  org.hibernate.orm.connections.access - HHH10001501: Connection obtained from JdbcConnectionAccess [org.hibernate.engine.jdbc.env.internal.JdbcEnvironmentInitiator$ConnectionProviderJdbcConnectionAccess@28dd81ad] for (non-JTA) DDL execution was not in auto-commit mode; the Connection 'local transaction' will be committed and the Connection will be set into auto-commit mode.
2026-01-14 13:30:23.996 [main] DEBUG org.hibernate.SQL - 
    drop table if exists persona_SEQ
2026-01-14 13:30:24.014 [main] DEBUG org.hibernate.SQL - 
    drop table if exists reunion
2026-01-14 13:30:24.035 [main] DEBUG org.hibernate.SQL - 
    drop table if exists reunion_SEQ
2026-01-14 13:30:24.059 [main] DEBUG org.hibernate.SQL - 
    create table persona (
        dni integer not null,
        edad integer not null,
        fechaNacimiento date,
        email varchar(255),
        nombreApellido varchar(255),
        telefono varchar(255),
        primary key (dni)
    ) engine=InnoDB
2026-01-14 13:30:24.060 [main] INFO  org.hibernate.orm.connections.access - HHH10001501: Connection obtained from JdbcConnectionAccess [org.hibernate.engine.jdbc.env.internal.JdbcEnvironmentInitiator$ConnectionProviderJdbcConnectionAccess@4948daec] for (non-JTA) DDL execution was not in auto-commit mode; the Connection 'local transaction' will be committed and the Connection will be set into auto-commit mode.
2026-01-14 13:30:24.087 [main] DEBUG org.hibernate.SQL - 
    create table persona_SEQ (
        next_val bigint
    ) engine=InnoDB
2026-01-14 13:30:24.112 [main] DEBUG org.hibernate.SQL - 
    insert into persona_SEQ values ( 1 )
2026-01-14 13:30:24.118 [main] DEBUG org.hibernate.SQL - 
    create table reunion (
        idReunion integer not null,
        fecha datetime(6),
        asunto varchar(255),
        primary key (idReunion)
    ) engine=InnoDB
2026-01-14 13:30:24.139 [main] DEBUG org.hibernate.SQL - 
    create table reunion_SEQ (
        next_val bigint
    ) engine=InnoDB
2026-01-14 13:30:24.161 [main] DEBUG org.hibernate.SQL - 
    insert into reunion_SEQ values ( 1 )
2026-01-14 13:30:24.171 [main] DEBUG org.hibernate.internal.SessionFactoryRegistry - Initializing SessionFactoryRegistry : org.hibernate.internal.SessionFactoryRegistry@3005623b
2026-01-14 13:30:24.171 [main] DEBUG org.hibernate.internal.SessionFactoryRegistry - Registering SessionFactory: 18614d4e-5a2d-45cd-baac-962244101dbf (<unnamed>)
2026-01-14 13:30:24.171 [main] DEBUG org.hibernate.internal.SessionFactoryRegistry - Not binding SessionFactory to JNDI, no JNDI name configured
2026-01-14 13:30:24.171 [main] DEBUG org.hibernate.internal.SessionFactoryImpl - Instantiated SessionFactory
2026-01-14 13:30:24.197 [main] DEBUG org.hibernate.stat.internal.StatisticsInitiator - Statistics initialized [enabled=false]
2026-01-14 13:30:24.209 [main] DEBUG org.hibernate.orm.sql.exec - Skipping reading Query result cache data: cache-enabled = false, cache-mode = IGNORE
2026-01-14 13:30:24.219 [main] DEBUG org.hibernate.orm.results - Initializer list:
	  modelo.Persona -> EntityResultInitializer(modelo.Persona)@176436106 (SingleTableEntityPersister(modelo.Persona))

2026-01-14 13:30:24.224 [main] DEBUG org.hibernate.SQL - 
    select
        p1_0.dni,
        p1_0.edad,
        p1_0.email,
        p1_0.fechaNacimiento,
        p1_0.nombreApellido,
        p1_0.telefono 
    from
        persona p1_0 
    where
        p1_0.dni=?
2026-01-14 13:30:24.233 [main] DEBUG org.hibernate.resource.jdbc.internal.LogicalConnectionManagedImpl - Initiating JDBC connection release from afterTransaction
2026-01-14 13:30:24.247 [main] DEBUG org.hibernate.engine.transaction.internal.TransactionImpl - On TransactionImpl creation, JpaCompliance#isJpaTransactionComplianceEnabled == false
2026-01-14 13:30:24.247 [main] DEBUG org.hibernate.engine.transaction.internal.TransactionImpl - begin
2026-01-14 13:30:24.249 [main] DEBUG org.hibernate.orm.sql.exec - Skipping reading Query result cache data: cache-enabled = false, cache-mode = IGNORE
2026-01-14 13:30:24.249 [main] DEBUG org.hibernate.orm.results - Initializer list:
	  modelo.Persona -> EntityResultInitializer(modelo.Persona)@212740759 (SingleTableEntityPersister(modelo.Persona))

2026-01-14 13:30:24.249 [main] DEBUG org.hibernate.SQL - 
    select
        p1_0.dni,
        p1_0.edad,
        p1_0.email,
        p1_0.fechaNacimiento,
        p1_0.nombreApellido,
        p1_0.telefono 
    from
        persona p1_0 
    where
        p1_0.dni=?
2026-01-14 13:30:24.253 [main] DEBUG org.hibernate.resource.transaction.backend.jdbc.internal.JdbcResourceLocalTransactionCoordinatorImpl - JDBC transaction marked for rollback-only (exception provided for stack trace)
java.lang.Exception: exception just for purpose of providing stack trace
	at org.hibernate.resource.transaction.backend.jdbc.internal.JdbcResourceLocalTransactionCoordinatorImpl$TransactionDriverControlImpl.markRollbackOnly(JdbcResourceLocalTransactionCoordinatorImpl.java:310) ~[hibernate-core-6.4.4.Final.jar:6.4.4.Final]
	at org.hibernate.engine.transaction.internal.TransactionImpl.markRollbackOnly(TransactionImpl.java:203) ~[hibernate-core-6.4.4.Final.jar:6.4.4.Final]
	at org.hibernate.internal.AbstractSharedSessionContract.markForRollbackOnly(AbstractSharedSessionContract.java:500) ~[hibernate-core-6.4.4.Final.jar:6.4.4.Final]
	at org.hibernate.internal.ExceptionConverterImpl.convert(ExceptionConverterImpl.java:176) ~[hibernate-core-6.4.4.Final.jar:6.4.4.Final]
	at org.hibernate.internal.SessionImpl.remove(SessionImpl.java:2384) ~[hibernate-core-6.4.4.Final.jar:6.4.4.Final]
	at TestPersona.testDeleteReunion(TestPersona.java:63) ~[test-classes/:?]
	at jdk.internal.reflect.DirectMethodHandleAccessor.invoke(DirectMethodHandleAccessor.java:103) ~[?:?]
	at java.lang.reflect.Method.invoke(Method.java:580) ~[?:?]
	at org.junit.platform.commons.util.ReflectionUtils.invokeMethod(ReflectionUtils.java:775) ~[junit-platform-commons_1.12.2.jar:1.12.2]
	at org.junit.platform.commons.support.ReflectionSupport.invokeMethod(ReflectionSupport.java:479) ~[junit-platform-commons_1.12.2.jar:1.12.2]
	at org.junit.jupiter.engine.execution.MethodInvocation.proceed(MethodInvocation.java:60) ~[junit-jupiter-engine_5.12.2.jar:5.12.2]
	at org.junit.jupiter.engine.execution.InvocationInterceptorChain$ValidatingInvocation.proceed(InvocationInterceptorChain.java:131) ~[junit-jupiter-engine_5.12.2.jar:5.12.2]
	at org.junit.jupiter.engine.extension.TimeoutExtension.intercept(TimeoutExtension.java:161) ~[junit-jupiter-engine_5.12.2.jar:5.12.2]
	at org.junit.jupiter.engine.extension.TimeoutExtension.interceptTestableMethod(TimeoutExtension.java:152) ~[junit-jupiter-engine_5.12.2.jar:5.12.2]
	at org.junit.jupiter.engine.extension.TimeoutExtension.interceptTestMethod(TimeoutExtension.java:91) ~[junit-jupiter-engine_5.12.2.jar:5.12.2]
	at org.junit.jupiter.engine.execution.InterceptingExecutableInvoker$ReflectiveInterceptorCall.lambda$ofVoidMethod$0(InterceptingExecutableInvoker.java:112) ~[junit-jupiter-engine_5.12.2.jar:5.12.2]
	at org.junit.jupiter.engine.execution.InterceptingExecutableInvoker.lambda$invoke$0(InterceptingExecutableInvoker.java:94) ~[junit-jupiter-engine_5.12.2.jar:5.12.2]
	at org.junit.jupiter.engine.execution.InvocationInterceptorChain$InterceptedInvocation.proceed(InvocationInterceptorChain.java:106) ~[junit-jupiter-engine_5.12.2.jar:5.12.2]
	at org.junit.jupiter.engine.execution.InvocationInterceptorChain.proceed(InvocationInterceptorChain.java:64) ~[junit-jupiter-engine_5.12.2.jar:5.12.2]
	at org.junit.jupiter.engine.execution.InvocationInterceptorChain.chainAndInvoke(InvocationInterceptorChain.java:45) ~[junit-jupiter-engine_5.12.2.jar:5.12.2]
	at org.junit.jupiter.engine.execution.InvocationInterceptorChain.invoke(InvocationInterceptorChain.java:37) ~[junit-jupiter-engine_5.12.2.jar:5.12.2]
	at org.junit.jupiter.engine.execution.InterceptingExecutableInvoker.invoke(InterceptingExecutableInvoker.java:93) ~[junit-jupiter-engine_5.12.2.jar:5.12.2]
	at org.junit.jupiter.engine.execution.InterceptingExecutableInvoker.invoke(InterceptingExecutableInvoker.java:87) ~[junit-jupiter-engine_5.12.2.jar:5.12.2]
	at org.junit.jupiter.engine.descriptor.TestMethodTestDescriptor.lambda$invokeTestMethod$7(TestMethodTestDescriptor.java:216) ~[junit-jupiter-engine_5.12.2.jar:5.12.2]
	at org.junit.platform.engine.support.hierarchical.ThrowableCollector.execute(ThrowableCollector.java:73) ~[junit-platform-engine_1.12.2.jar:1.12.2]
	at org.junit.jupiter.engine.descriptor.TestMethodTestDescriptor.invokeTestMethod(TestMethodTestDescriptor.java:212) ~[junit-jupiter-engine_5.12.2.jar:5.12.2]
	at org.junit.jupiter.engine.descriptor.TestMethodTestDescriptor.execute(TestMethodTestDescriptor.java:137) ~[junit-jupiter-engine_5.12.2.jar:5.12.2]
	at org.junit.jupiter.engine.descriptor.TestMethodTestDescriptor.execute(TestMethodTestDescriptor.java:69) ~[junit-jupiter-engine_5.12.2.jar:5.12.2]
	at org.junit.platform.engine.support.hierarchical.NodeTestTask.lambda$executeRecursively$6(NodeTestTask.java:156) ~[junit-platform-engine_1.12.2.jar:1.12.2]
	at org.junit.platform.engine.support.hierarchical.ThrowableCollector.execute(ThrowableCollector.java:73) ~[junit-platform-engine_1.12.2.jar:1.12.2]
	at org.junit.platform.engine.support.hierarchical.NodeTestTask.lambda$executeRecursively$8(NodeTestTask.java:146) ~[junit-platform-engine_1.12.2.jar:1.12.2]
	at org.junit.platform.engine.support.hierarchical.Node.around(Node.java:137) ~[junit-platform-engine_1.12.2.jar:1.12.2]
	at org.junit.platform.engine.support.hierarchical.NodeTestTask.lambda$executeRecursively$9(NodeTestTask.java:144) ~[junit-platform-engine_1.12.2.jar:1.12.2]
	at org.junit.platform.engine.support.hierarchical.ThrowableCollector.execute(ThrowableCollector.java:73) ~[junit-platform-engine_1.12.2.jar:1.12.2]
	at org.junit.platform.engine.support.hierarchical.NodeTestTask.executeRecursively(NodeTestTask.java:143) ~[junit-platform-engine_1.12.2.jar:1.12.2]
	at org.junit.platform.engine.support.hierarchical.NodeTestTask.execute(NodeTestTask.java:100) ~[junit-platform-engine_1.12.2.jar:1.12.2]
	at java.util.ArrayList.forEach(ArrayList.java:1596) ~[?:?]
	at org.junit.platform.engine.support.hierarchical.SameThreadHierarchicalTestExecutorService.invokeAll(SameThreadHierarchicalTestExecutorService.java:41) ~[junit-platform-engine_1.12.2.jar:1.12.2]
	at org.junit.platform.engine.support.hierarchical.NodeTestTask.lambda$executeRecursively$6(NodeTestTask.java:160) ~[junit-platform-engine_1.12.2.jar:1.12.2]
	at org.junit.platform.engine.support.hierarchical.ThrowableCollector.execute(ThrowableCollector.java:73) ~[junit-platform-engine_1.12.2.jar:1.12.2]
	at org.junit.platform.engine.support.hierarchical.NodeTestTask.lambda$executeRecursively$8(NodeTestTask.java:146) ~[junit-platform-engine_1.12.2.jar:1.12.2]
	at org.junit.platform.engine.support.hierarchical.Node.around(Node.java:137) ~[junit-platform-engine_1.12.2.jar:1.12.2]
	at org.junit.platform.engine.support.hierarchical.NodeTestTask.lambda$executeRecursively$9(NodeTestTask.java:144) ~[junit-platform-engine_1.12.2.jar:1.12.2]
	at org.junit.platform.engine.support.hierarchical.ThrowableCollector.execute(ThrowableCollector.java:73) ~[junit-platform-engine_1.12.2.jar:1.12.2]
	at org.junit.platform.engine.support.hierarchical.NodeTestTask.executeRecursively(NodeTestTask.java:143) ~[junit-platform-engine_1.12.2.jar:1.12.2]
	at org.junit.platform.engine.support.hierarchical.NodeTestTask.execute(NodeTestTask.java:100) ~[junit-platform-engine_1.12.2.jar:1.12.2]
	at java.util.ArrayList.forEach(ArrayList.java:1596) ~[?:?]
	at org.junit.platform.engine.support.hierarchical.SameThreadHierarchicalTestExecutorService.invokeAll(SameThreadHierarchicalTestExecutorService.java:41) ~[junit-platform-engine_1.12.2.jar:1.12.2]
	at org.junit.platform.engine.support.hierarchical.NodeTestTask.lambda$executeRecursively$6(NodeTestTask.java:160) ~[junit-platform-engine_1.12.2.jar:1.12.2]
	at org.junit.platform.engine.support.hierarchical.ThrowableCollector.execute(ThrowableCollector.java:73) ~[junit-platform-engine_1.12.2.jar:1.12.2]
	at org.junit.platform.engine.support.hierarchical.NodeTestTask.lambda$executeRecursively$8(NodeTestTask.java:146) ~[junit-platform-engine_1.12.2.jar:1.12.2]
	at org.junit.platform.engine.support.hierarchical.Node.around(Node.java:137) ~[junit-platform-engine_1.12.2.jar:1.12.2]
	at org.junit.platform.engine.support.hierarchical.NodeTestTask.lambda$executeRecursively$9(NodeTestTask.java:144) ~[junit-platform-engine_1.12.2.jar:1.12.2]
	at org.junit.platform.engine.support.hierarchical.ThrowableCollector.execute(ThrowableCollector.java:73) ~[junit-platform-engine_1.12.2.jar:1.12.2]
	at org.junit.platform.engine.support.hierarchical.NodeTestTask.executeRecursively(NodeTestTask.java:143) ~[junit-platform-engine_1.12.2.jar:1.12.2]
	at org.junit.platform.engine.support.hierarchical.NodeTestTask.execute(NodeTestTask.java:100) ~[junit-platform-engine_1.12.2.jar:1.12.2]
	at org.junit.platform.engine.support.hierarchical.SameThreadHierarchicalTestExecutorService.submit(SameThreadHierarchicalTestExecutorService.java:35) ~[junit-platform-engine_1.12.2.jar:1.12.2]
	at org.junit.platform.engine.support.hierarchical.HierarchicalTestExecutor.execute(HierarchicalTestExecutor.java:57) ~[junit-platform-engine_1.12.2.jar:1.12.2]
	at org.junit.platform.engine.support.hierarchical.HierarchicalTestEngine.execute(HierarchicalTestEngine.java:54) ~[junit-platform-engine_1.12.2.jar:1.12.2]
	at org.junit.platform.launcher.core.EngineExecutionOrchestrator.execute(EngineExecutionOrchestrator.java:201) ~[junit-platform-launcher_1.12.2.jar:1.12.2]
	at org.junit.platform.launcher.core.EngineExecutionOrchestrator.execute(EngineExecutionOrchestrator.java:170) ~[junit-platform-launcher_1.12.2.jar:1.12.2]
	at org.junit.platform.launcher.core.EngineExecutionOrchestrator.execute(EngineExecutionOrchestrator.java:94) ~[junit-platform-launcher_1.12.2.jar:1.12.2]
	at org.junit.platform.launcher.core.EngineExecutionOrchestrator.lambda$execute$0(EngineExecutionOrchestrator.java:59) ~[junit-platform-launcher_1.12.2.jar:1.12.2]
	at org.junit.platform.launcher.core.EngineExecutionOrchestrator.withInterceptedStreams(EngineExecutionOrchestrator.java:142) ~[junit-platform-launcher_1.12.2.jar:1.12.2]
	at org.junit.platform.launcher.core.EngineExecutionOrchestrator.execute(EngineExecutionOrchestrator.java:58) ~[junit-platform-launcher_1.12.2.jar:1.12.2]
	at org.junit.platform.launcher.core.DefaultLauncher.execute(DefaultLauncher.java:103) ~[junit-platform-launcher_1.12.2.jar:1.12.2]
	at org.junit.platform.launcher.core.DefaultLauncher.execute(DefaultLauncher.java:94) ~[junit-platform-launcher_1.12.2.jar:1.12.2]
	at org.junit.platform.launcher.core.DelegatingLauncher.execute(DelegatingLauncher.java:52) ~[junit-platform-launcher_1.12.2.jar:1.12.2]
	at org.junit.platform.launcher.core.InterceptingLauncher.lambda$execute$2(InterceptingLauncher.java:47) ~[junit-platform-launcher_1.12.2.jar:1.12.2]
	at org.junit.platform.launcher.core.ClasspathAlignmentCheckingLauncherInterceptor.intercept(ClasspathAlignmentCheckingLauncherInterceptor.java:25) [junit-platform-launcher_1.12.2.jar:1.12.2]
	at org.junit.platform.launcher.core.InterceptingLauncher.execute(InterceptingLauncher.java:46) [junit-platform-launcher_1.12.2.jar:1.12.2]
	at org.junit.platform.launcher.core.DelegatingLauncher.execute(DelegatingLauncher.java:52) [junit-platform-launcher_1.12.2.jar:1.12.2]
	at org.junit.platform.launcher.core.SessionPerRequestLauncher.execute(SessionPerRequestLauncher.java:70) [junit-platform-launcher_1.12.2.jar:1.12.2]
	at org.eclipse.jdt.internal.junit5.runner.JUnit5TestReference.run(JUnit5TestReference.java:100) [.cp/:?]
	at org.eclipse.jdt.internal.junit.runner.TestExecution.run(TestExecution.java:40) [.cp/:?]
	at org.eclipse.jdt.internal.junit.runner.RemoteTestRunner.runTests(RemoteTestRunner.java:520) [.cp/:?]
	at org.eclipse.jdt.internal.junit.runner.RemoteTestRunner.runTests(RemoteTestRunner.java:748) [.cp/:?]
	at org.eclipse.jdt.internal.junit.runner.RemoteTestRunner.run(RemoteTestRunner.java:443) [.cp/:?]
	at org.eclipse.jdt.internal.junit.runner.RemoteTestRunner.main(RemoteTestRunner.java:211) [.cp/:?]
2026-01-14 13:30:24.263 [main] DEBUG org.hibernate.orm.sql.exec - Skipping reading Query result cache data: cache-enabled = false, cache-mode = IGNORE
2026-01-14 13:30:24.264 [main] DEBUG org.hibernate.orm.results - Initializer list:
	  modelo.Persona -> EntityResultInitializer(modelo.Persona)@1723238207 (SingleTableEntityPersister(modelo.Persona))

2026-01-14 13:30:24.264 [main] DEBUG org.hibernate.SQL - 
    select
        p1_0.dni,
        p1_0.edad,
        p1_0.email,
        p1_0.fechaNacimiento,
        p1_0.nombreApellido,
        p1_0.telefono 
    from
        persona p1_0 
    where
        p1_0.dni=?
2026-01-14 13:30:24.274 [main] DEBUG org.hibernate.resource.jdbc.internal.LogicalConnectionManagedImpl - Initiating JDBC connection release from afterTransaction
2026-01-14 13:30:24.275 [main] DEBUG org.hibernate.engine.transaction.internal.TransactionImpl - On TransactionImpl creation, JpaCompliance#isJpaTransactionComplianceEnabled == false
2026-01-14 13:30:24.275 [main] DEBUG org.hibernate.engine.transaction.internal.TransactionImpl - begin
2026-01-14 13:30:24.279 [main] DEBUG org.hibernate.engine.transaction.internal.TransactionImpl - On TransactionImpl creation, JpaCompliance#isJpaTransactionComplianceEnabled == false
2026-01-14 13:30:24.279 [main] DEBUG org.hibernate.engine.transaction.internal.TransactionImpl - begin
2026-01-14 13:30:24.298 [main] DEBUG org.hibernate.SQL - 
    select
        next_val as id_val 
    from
        persona_SEQ for update
2026-01-14 13:30:24.299 [main] DEBUG org.hibernate.SQL - 
    update
        persona_SEQ 
    set
        next_val= ? 
    where
        next_val=?
2026-01-14 13:30:24.307 [main] DEBUG org.hibernate.event.internal.AbstractSaveEventListener - Generated identifier: 1, using strategy: org.hibernate.id.enhanced.SequenceStyleGenerator
2026-01-14 13:30:24.312 [main] DEBUG org.hibernate.engine.transaction.internal.TransactionImpl - committing
2026-01-14 13:30:24.313 [main] DEBUG org.hibernate.event.internal.AbstractFlushingEventListener - Processing flush-time cascades
2026-01-14 13:30:24.314 [main] DEBUG org.hibernate.event.internal.AbstractFlushingEventListener - Dirty checking collections
2026-01-14 13:30:24.316 [main] DEBUG org.hibernate.event.internal.AbstractFlushingEventListener - Flushed: 1 insertions, 0 updates, 0 deletions to 1 objects
2026-01-14 13:30:24.316 [main] DEBUG org.hibernate.event.internal.AbstractFlushingEventListener - Flushed: 0 (re)creations, 0 updates, 0 removals to 0 collections
2026-01-14 13:30:24.317 [main] DEBUG org.hibernate.internal.util.EntityPrinter - Listing entities:
2026-01-14 13:30:24.318 [main] DEBUG org.hibernate.internal.util.EntityPrinter - modelo.Persona{nombreApellido=Manuel Parrado, fechaNacimiento=2006-11-04, telefono=123456789, edad=19, dni=1, email=mpartortilla@gmail.com}
2026-01-14 13:30:24.324 [main] DEBUG org.hibernate.SQL - 
    insert 
    into
        persona
        (edad, email, fechaNacimiento, nombreApellido, telefono, dni) 
    values
        (?, ?, ?, ?, ?, ?)
2026-01-14 13:30:24.339 [main] DEBUG org.hibernate.resource.jdbc.internal.LogicalConnectionManagedImpl - Initiating JDBC connection release from afterTransaction
2026-01-14 13:30:24.340 [main] DEBUG org.hibernate.resource.jdbc.internal.LogicalConnectionManagedImpl - Initiating JDBC connection release from afterTransaction
2026-01-14 13:31:38.428 [main] DEBUG org.jboss.logging - Logging Provider: org.jboss.logging.Log4j2LoggerProvider
2026-01-14 13:31:38.445 [main] DEBUG org.hibernate.integrator.internal.IntegratorServiceImpl - Adding Integrator [org.hibernate.boot.beanvalidation.BeanValidationIntegrator].
2026-01-14 13:31:38.449 [main] DEBUG org.hibernate.integrator.internal.IntegratorServiceImpl - Adding Integrator [org.hibernate.cache.internal.CollectionCacheInvalidator].
2026-01-14 13:31:38.469 [main] INFO  org.hibernate.Version - HHH000412: Hibernate ORM core version 6.4.4.Final
2026-01-14 13:31:38.471 [main] DEBUG org.hibernate.cfg.Environment - HHH000206: 'hibernate.properties' not found
2026-01-14 13:31:38.494 [main] DEBUG org.hibernate.boot.jaxb.internal.stax.LocalXmlResourceResolver - Checking public/system identifiers `-//Hibernate/Hibernate Configuration DTD 3.0//EN`/`https://hibernate.org/dtd/hibernate-configuration-3.0.dtd` as DTD references
2026-01-14 13:31:38.498 [main] DEBUG org.hibernate.boot.cfgxml.internal.JaxbCfgProcessor - cfg.xml document did not define namespaces; wrapping in custom event reader to introduce namespace information
2026-01-14 13:31:38.649 [main] DEBUG org.hibernate.orm.idgen.factory - Ignoring CDI for resolving IdentifierGenerator instances as extended or delayed CDI support was enabled
2026-01-14 13:31:38.651 [main] DEBUG org.hibernate.orm.idgen.factory - Registering IdentifierGenerator strategy [uuid2] -> [org.hibernate.id.UUIDGenerator]
2026-01-14 13:31:38.652 [main] DEBUG org.hibernate.orm.idgen.factory - Registering IdentifierGenerator strategy [guid] -> [org.hibernate.id.GUIDGenerator]
2026-01-14 13:31:38.652 [main] DEBUG org.hibernate.orm.idgen.factory - Registering IdentifierGenerator strategy [uuid] -> [org.hibernate.id.UUIDHexGenerator]
2026-01-14 13:31:38.652 [main] DEBUG org.hibernate.orm.idgen.factory - Registering IdentifierGenerator strategy [uuid.hex] -> [org.hibernate.id.UUIDHexGenerator]
2026-01-14 13:31:38.653 [main] DEBUG org.hibernate.orm.idgen.factory - Registering IdentifierGenerator strategy [assigned] -> [org.hibernate.id.Assigned]
2026-01-14 13:31:38.653 [main] DEBUG org.hibernate.orm.idgen.factory - Registering IdentifierGenerator strategy [identity] -> [org.hibernate.id.IdentityGenerator]
2026-01-14 13:31:38.654 [main] DEBUG org.hibernate.orm.idgen.factory - Registering IdentifierGenerator strategy [select] -> [org.hibernate.id.SelectGenerator]
2026-01-14 13:31:38.654 [main] DEBUG org.hibernate.orm.idgen.factory - Registering IdentifierGenerator strategy [sequence] -> [org.hibernate.id.enhanced.SequenceStyleGenerator]
2026-01-14 13:31:38.654 [main] DEBUG org.hibernate.orm.idgen.factory - Registering IdentifierGenerator strategy [increment] -> [org.hibernate.id.IncrementGenerator]
2026-01-14 13:31:38.656 [main] DEBUG org.hibernate.orm.idgen.factory - Registering IdentifierGenerator strategy [foreign] -> [org.hibernate.id.ForeignGenerator]
2026-01-14 13:31:38.656 [main] DEBUG org.hibernate.orm.idgen.factory - Registering IdentifierGenerator strategy [enhanced-sequence] -> [org.hibernate.id.enhanced.SequenceStyleGenerator]
2026-01-14 13:31:38.656 [main] DEBUG org.hibernate.orm.idgen.factory - Registering IdentifierGenerator strategy [enhanced-table] -> [org.hibernate.id.enhanced.TableGenerator]
2026-01-14 13:31:38.661 [main] DEBUG org.hibernate.cache.internal.RegionFactoryInitiator - Cannot default RegionFactory based on registered strategies as `[]` RegionFactory strategies were registered
2026-01-14 13:31:38.661 [main] INFO  org.hibernate.cache.internal.RegionFactoryInitiator - HHH000026: Second-level cache disabled
2026-01-14 13:31:38.725 [main] DEBUG org.hibernate.type.BasicTypeRegistry - Adding type registration boolean -> org.hibernate.type.BasicTypeReference@66ec9390
2026-01-14 13:31:38.725 [main] DEBUG org.hibernate.type.BasicTypeRegistry - Adding type registration boolean -> org.hibernate.type.BasicTypeReference@66ec9390
2026-01-14 13:31:38.725 [main] DEBUG org.hibernate.type.BasicTypeRegistry - Adding type registration java.lang.Boolean -> org.hibernate.type.BasicTypeReference@66ec9390
2026-01-14 13:31:38.725 [main] DEBUG org.hibernate.type.BasicTypeRegistry - Adding type registration numeric_boolean -> org.hibernate.type.BasicTypeReference@6e91893
2026-01-14 13:31:38.725 [main] DEBUG org.hibernate.type.BasicTypeRegistry - Adding type registration org.hibernate.type.NumericBooleanConverter -> org.hibernate.type.BasicTypeReference@6e91893
2026-01-14 13:31:38.725 [main] DEBUG org.hibernate.type.BasicTypeRegistry - Adding type registration true_false -> org.hibernate.type.BasicTypeReference@3c0fbd3a
2026-01-14 13:31:38.725 [main] DEBUG org.hibernate.type.BasicTypeRegistry - Adding type registration org.hibernate.type.TrueFalseConverter -> org.hibernate.type.BasicTypeReference@3c0fbd3a
2026-01-14 13:31:38.725 [main] DEBUG org.hibernate.type.BasicTypeRegistry - Adding type registration yes_no -> org.hibernate.type.BasicTypeReference@562457e1
2026-01-14 13:31:38.726 [main] DEBUG org.hibernate.type.BasicTypeRegistry - Adding type registration org.hibernate.type.YesNoConverter -> org.hibernate.type.BasicTypeReference@562457e1
2026-01-14 13:31:38.726 [main] DEBUG org.hibernate.type.BasicTypeRegistry - Adding type registration byte -> org.hibernate.type.BasicTypeReference@54562ea6
2026-01-14 13:31:38.726 [main] DEBUG org.hibernate.type.BasicTypeRegistry - Adding type registration byte -> org.hibernate.type.BasicTypeReference@54562ea6
2026-01-14 13:31:38.726 [main] DEBUG org.hibernate.type.BasicTypeRegistry - Adding type registration java.lang.Byte -> org.hibernate.type.BasicTypeReference@54562ea6
2026-01-14 13:31:38.726 [main] DEBUG org.hibernate.type.BasicTypeRegistry - Adding type registration binary -> org.hibernate.type.BasicTypeReference@1a35993f
2026-01-14 13:31:38.726 [main] DEBUG org.hibernate.type.BasicTypeRegistry - Adding type registration byte[] -> org.hibernate.type.BasicTypeReference@1a35993f
2026-01-14 13:31:38.726 [main] DEBUG org.hibernate.type.BasicTypeRegistry - Adding type registration [B -> org.hibernate.type.BasicTypeReference@1a35993f
2026-01-14 13:31:38.726 [main] DEBUG org.hibernate.type.BasicTypeRegistry - Adding type registration binary_wrapper -> org.hibernate.type.BasicTypeReference@5b12012e
2026-01-14 13:31:38.726 [main] DEBUG org.hibernate.type.BasicTypeRegistry - Adding type registration wrapper-binary -> org.hibernate.type.BasicTypeReference@5b12012e
2026-01-14 13:31:38.726 [main] DEBUG org.hibernate.type.BasicTypeRegistry - Adding type registration image -> org.hibernate.type.BasicTypeReference@2f7dcef2
2026-01-14 13:31:38.727 [main] DEBUG org.hibernate.type.BasicTypeRegistry - Adding type registration blob -> org.hibernate.type.BasicTypeReference@4a3be6a5
2026-01-14 13:31:38.727 [main] DEBUG org.hibernate.type.BasicTypeRegistry - Adding type registration java.sql.Blob -> org.hibernate.type.BasicTypeReference@4a3be6a5
2026-01-14 13:31:38.727 [main] DEBUG org.hibernate.type.BasicTypeRegistry - Adding type registration materialized_blob -> org.hibernate.type.BasicTypeReference@7cf162bc
2026-01-14 13:31:38.727 [main] DEBUG org.hibernate.type.BasicTypeRegistry - Adding type registration materialized_blob_wrapper -> org.hibernate.type.BasicTypeReference@3721177d
2026-01-14 13:31:38.727 [main] DEBUG org.hibernate.type.BasicTypeRegistry - Adding type registration short -> org.hibernate.type.BasicTypeReference@766a4535
2026-01-14 13:31:38.727 [main] DEBUG org.hibernate.type.BasicTypeRegistry - Adding type registration short -> org.hibernate.type.BasicTypeReference@766a4535
2026-01-14 13:31:38.727 [main] DEBUG org.hibernate.type.BasicTypeRegistry - Adding type registration java.lang.Short -> org.hibernate.type.BasicTypeReference@766a4535
2026-01-14 13:31:38.727 [main] DEBUG org.hibernate.type.BasicTypeRegistry - Adding type registration integer -> org.hibernate.type.BasicTypeReference@63718b93
2026-01-14 13:31:38.727 [main] DEBUG org.hibernate.type.BasicTypeRegistry - Adding type registration int -> org.hibernate.type.BasicTypeReference@63718b93
2026-01-14 13:31:38.728 [main] DEBUG org.hibernate.type.BasicTypeRegistry - Adding type registration java.lang.Integer -> org.hibernate.type.BasicTypeReference@63718b93
2026-01-14 13:31:38.728 [main] DEBUG org.hibernate.type.BasicTypeRegistry - Adding type registration long -> org.hibernate.type.BasicTypeReference@14e2e1c3
2026-01-14 13:31:38.728 [main] DEBUG org.hibernate.type.BasicTypeRegistry - Adding type registration long -> org.hibernate.type.BasicTypeReference@14e2e1c3
2026-01-14 13:31:38.728 [main] DEBUG org.hibernate.type.BasicTypeRegistry - Adding type registration java.lang.Long -> org.hibernate.type.BasicTypeReference@14e2e1c3
2026-01-14 13:31:38.728 [main] DEBUG org.hibernate.type.BasicTypeRegistry - Adding type registration float -> org.hibernate.type.BasicTypeReference@2b4786dd
2026-01-14 13:31:38.728 [main] DEBUG org.hibernate.type.BasicTypeRegistry - Adding type registration float -> org.hibernate.type.BasicTypeReference@2b4786dd
2026-01-14 13:31:38.728 [main] DEBUG org.hibernate.type.BasicTypeRegistry - Adding type registration java.lang.Float -> org.hibernate.type.BasicTypeReference@2b4786dd
2026-01-14 13:31:38.728 [main] DEBUG org.hibernate.type.BasicTypeRegistry - Adding type registration double -> org.hibernate.type.BasicTypeReference@f202d6d
2026-01-14 13:31:38.728 [main] DEBUG org.hibernate.type.BasicTypeRegistry - Adding type registration double -> org.hibernate.type.BasicTypeReference@f202d6d
2026-01-14 13:31:38.729 [main] DEBUG org.hibernate.type.BasicTypeRegistry - Adding type registration java.lang.Double -> org.hibernate.type.BasicTypeReference@f202d6d
2026-01-14 13:31:38.729 [main] DEBUG org.hibernate.type.BasicTypeRegistry - Adding type registration big_integer -> org.hibernate.type.BasicTypeReference@60e21209
2026-01-14 13:31:38.729 [main] DEBUG org.hibernate.type.BasicTypeRegistry - Adding type registration java.math.BigInteger -> org.hibernate.type.BasicTypeReference@60e21209
2026-01-14 13:31:38.729 [main] DEBUG org.hibernate.type.BasicTypeRegistry - Adding type registration big_decimal -> org.hibernate.type.BasicTypeReference@630d1b2f
2026-01-14 13:31:38.729 [main] DEBUG org.hibernate.type.BasicTypeRegistry - Adding type registration java.math.BigDecimal -> org.hibernate.type.BasicTypeReference@630d1b2f
2026-01-14 13:31:38.729 [main] DEBUG org.hibernate.type.BasicTypeRegistry - Adding type registration character -> org.hibernate.type.BasicTypeReference@746b18fd
2026-01-14 13:31:38.729 [main] DEBUG org.hibernate.type.BasicTypeRegistry - Adding type registration char -> org.hibernate.type.BasicTypeReference@746b18fd
2026-01-14 13:31:38.729 [main] DEBUG org.hibernate.type.BasicTypeRegistry - Adding type registration java.lang.Character -> org.hibernate.type.BasicTypeReference@746b18fd
2026-01-14 13:31:38.729 [main] DEBUG org.hibernate.type.BasicTypeRegistry - Adding type registration character_nchar -> org.hibernate.type.BasicTypeReference@7a2e0858
2026-01-14 13:31:38.730 [main] DEBUG org.hibernate.type.BasicTypeRegistry - Adding type registration string -> org.hibernate.type.BasicTypeReference@aac3f4e
2026-01-14 13:31:38.730 [main] DEBUG org.hibernate.type.BasicTypeRegistry - Adding type registration java.lang.String -> org.hibernate.type.BasicTypeReference@aac3f4e
2026-01-14 13:31:38.730 [main] DEBUG org.hibernate.type.BasicTypeRegistry - Adding type registration nstring -> org.hibernate.type.BasicTypeReference@1f38957
2026-01-14 13:31:38.730 [main] DEBUG org.hibernate.type.BasicTypeRegistry - Adding type registration characters -> org.hibernate.type.BasicTypeReference@2df3c564
2026-01-14 13:31:38.730 [main] DEBUG org.hibernate.type.BasicTypeRegistry - Adding type registration char[] -> org.hibernate.type.BasicTypeReference@2df3c564
2026-01-14 13:31:38.730 [main] DEBUG org.hibernate.type.BasicTypeRegistry - Adding type registration [C -> org.hibernate.type.BasicTypeReference@2df3c564
2026-01-14 13:31:38.730 [main] DEBUG org.hibernate.type.BasicTypeRegistry - Adding type registration wrapper-characters -> org.hibernate.type.BasicTypeReference@2715644a
2026-01-14 13:31:38.730 [main] DEBUG org.hibernate.type.BasicTypeRegistry - Adding type registration text -> org.hibernate.type.BasicTypeReference@4c2869a9
2026-01-14 13:31:38.730 [main] DEBUG org.hibernate.type.BasicTypeRegistry - Adding type registration ntext -> org.hibernate.type.BasicTypeReference@518cf84a
2026-01-14 13:31:38.730 [main] DEBUG org.hibernate.type.BasicTypeRegistry - Adding type registration clob -> org.hibernate.type.BasicTypeReference@62e7dffa
2026-01-14 13:31:38.730 [main] DEBUG org.hibernate.type.BasicTypeRegistry - Adding type registration java.sql.Clob -> org.hibernate.type.BasicTypeReference@62e7dffa
2026-01-14 13:31:38.730 [main] DEBUG org.hibernate.type.BasicTypeRegistry - Adding type registration nclob -> org.hibernate.type.BasicTypeReference@6edcd0d8
2026-01-14 13:31:38.731 [main] DEBUG org.hibernate.type.BasicTypeRegistry - Adding type registration java.sql.NClob -> org.hibernate.type.BasicTypeReference@6edcd0d8
2026-01-14 13:31:38.731 [main] DEBUG org.hibernate.type.BasicTypeRegistry - Adding type registration materialized_clob -> org.hibernate.type.BasicTypeReference@6136998b
2026-01-14 13:31:38.731 [main] DEBUG org.hibernate.type.BasicTypeRegistry - Adding type registration materialized_clob_char_array -> org.hibernate.type.BasicTypeReference@57ce634f
2026-01-14 13:31:38.731 [main] DEBUG org.hibernate.type.BasicTypeRegistry - Adding type registration materialized_clob_character_array -> org.hibernate.type.BasicTypeReference@b8a7e43
2026-01-14 13:31:38.731 [main] DEBUG org.hibernate.type.BasicTypeRegistry - Adding type registration materialized_nclob -> org.hibernate.type.BasicTypeReference@35835fa
2026-01-14 13:31:38.731 [main] DEBUG org.hibernate.type.BasicTypeRegistry - Adding type registration materialized_nclob_character_array -> org.hibernate.type.BasicTypeReference@56f71edb
2026-01-14 13:31:38.731 [main] DEBUG org.hibernate.type.BasicTypeRegistry - Adding type registration materialized_nclob_char_array -> org.hibernate.type.BasicTypeReference@7207cb51
2026-01-14 13:31:38.731 [main] DEBUG org.hibernate.type.BasicTypeRegistry - Adding type registration Duration -> org.hibernate.type.BasicTypeReference@2a27cb34
2026-01-14 13:31:38.732 [main] DEBUG org.hibernate.type.BasicTypeRegistry - Adding type registration java.time.Duration -> org.hibernate.type.BasicTypeReference@2a27cb34
2026-01-14 13:31:38.732 [main] DEBUG org.hibernate.type.BasicTypeRegistry - Adding type registration LocalDateTime -> org.hibernate.type.BasicTypeReference@6892cc6f
2026-01-14 13:31:38.732 [main] DEBUG org.hibernate.type.BasicTypeRegistry - Adding type registration java.time.LocalDateTime -> org.hibernate.type.BasicTypeReference@6892cc6f
2026-01-14 13:31:38.732 [main] DEBUG org.hibernate.type.BasicTypeRegistry - Adding type registration LocalDate -> org.hibernate.type.BasicTypeReference@6fd1660
2026-01-14 13:31:38.732 [main] DEBUG org.hibernate.type.BasicTypeRegistry - Adding type registration java.time.LocalDate -> org.hibernate.type.BasicTypeReference@6fd1660
2026-01-14 13:31:38.732 [main] DEBUG org.hibernate.type.BasicTypeRegistry - Adding type registration LocalTime -> org.hibernate.type.BasicTypeReference@4a6c18ad
2026-01-14 13:31:38.732 [main] DEBUG org.hibernate.type.BasicTypeRegistry - Adding type registration java.time.LocalTime -> org.hibernate.type.BasicTypeReference@4a6c18ad
2026-01-14 13:31:38.732 [main] DEBUG org.hibernate.type.BasicTypeRegistry - Adding type registration OffsetDateTime -> org.hibernate.type.BasicTypeReference@5e8604bf
2026-01-14 13:31:38.732 [main] DEBUG org.hibernate.type.BasicTypeRegistry - Adding type registration java.time.OffsetDateTime -> org.hibernate.type.BasicTypeReference@5e8604bf
2026-01-14 13:31:38.732 [main] DEBUG org.hibernate.type.BasicTypeRegistry - Adding type registration OffsetDateTimeWithTimezone -> org.hibernate.type.BasicTypeReference@20095ab4
2026-01-14 13:31:38.733 [main] DEBUG org.hibernate.type.BasicTypeRegistry - Adding type registration OffsetDateTimeWithoutTimezone -> org.hibernate.type.BasicTypeReference@4e2916c3
2026-01-14 13:31:38.733 [main] DEBUG org.hibernate.type.BasicTypeRegistry - Adding type registration OffsetTime -> org.hibernate.type.BasicTypeReference@64aad6db
2026-01-14 13:31:38.733 [main] DEBUG org.hibernate.type.BasicTypeRegistry - Adding type registration java.time.OffsetTime -> org.hibernate.type.BasicTypeReference@64aad6db
2026-01-14 13:31:38.733 [main] DEBUG org.hibernate.type.BasicTypeRegistry - Adding type registration OffsetTimeUtc -> org.hibernate.type.BasicTypeReference@ae7950d
2026-01-14 13:31:38.733 [main] DEBUG org.hibernate.type.BasicTypeRegistry - Adding type registration OffsetTimeWithTimezone -> org.hibernate.type.BasicTypeReference@60d1b21f
2026-01-14 13:31:38.733 [main] DEBUG org.hibernate.type.BasicTypeRegistry - Adding type registration OffsetTimeWithoutTimezone -> org.hibernate.type.BasicTypeReference@66c83fc8
2026-01-14 13:31:38.733 [main] DEBUG org.hibernate.type.BasicTypeRegistry - Adding type registration ZonedDateTime -> org.hibernate.type.BasicTypeReference@546621c4
2026-01-14 13:31:38.733 [main] DEBUG org.hibernate.type.BasicTypeRegistry - Adding type registration java.time.ZonedDateTime -> org.hibernate.type.BasicTypeReference@546621c4
2026-01-14 13:31:38.733 [main] DEBUG org.hibernate.type.BasicTypeRegistry - Adding type registration ZonedDateTimeWithTimezone -> org.hibernate.type.BasicTypeReference@621f89b8
2026-01-14 13:31:38.733 [main] DEBUG org.hibernate.type.BasicTypeRegistry - Adding type registration ZonedDateTimeWithoutTimezone -> org.hibernate.type.BasicTypeReference@f339eae
2026-01-14 13:31:38.733 [main] DEBUG org.hibernate.type.BasicTypeRegistry - Adding type registration date -> org.hibernate.type.BasicTypeReference@2822c6ff
2026-01-14 13:31:38.734 [main] DEBUG org.hibernate.type.BasicTypeRegistry - Adding type registration java.sql.Date -> org.hibernate.type.BasicTypeReference@2822c6ff
2026-01-14 13:31:38.734 [main] DEBUG org.hibernate.type.BasicTypeRegistry - Adding type registration time -> org.hibernate.type.BasicTypeReference@4dafba3e
2026-01-14 13:31:38.734 [main] DEBUG org.hibernate.type.BasicTypeRegistry - Adding type registration java.sql.Time -> org.hibernate.type.BasicTypeReference@4dafba3e
2026-01-14 13:31:38.734 [main] DEBUG org.hibernate.type.BasicTypeRegistry - Adding type registration timestamp -> org.hibernate.type.BasicTypeReference@53e3a87a
2026-01-14 13:31:38.734 [main] DEBUG org.hibernate.type.BasicTypeRegistry - Adding type registration java.sql.Timestamp -> org.hibernate.type.BasicTypeReference@53e3a87a
2026-01-14 13:31:38.734 [main] DEBUG org.hibernate.type.BasicTypeRegistry - Adding type registration java.util.Date -> org.hibernate.type.BasicTypeReference@53e3a87a
2026-01-14 13:31:38.734 [main] DEBUG org.hibernate.type.BasicTypeRegistry - Adding type registration calendar -> org.hibernate.type.BasicTypeReference@40368a46
2026-01-14 13:31:38.734 [main] DEBUG org.hibernate.type.BasicTypeRegistry - Adding type registration java.util.Calendar -> org.hibernate.type.BasicTypeReference@40368a46
2026-01-14 13:31:38.734 [main] DEBUG org.hibernate.type.BasicTypeRegistry - Adding type registration java.util.GregorianCalendar -> org.hibernate.type.BasicTypeReference@40368a46
2026-01-14 13:31:38.734 [main] DEBUG org.hibernate.type.BasicTypeRegistry - Adding type registration calendar_date -> org.hibernate.type.BasicTypeReference@7e9da981
2026-01-14 13:31:38.734 [main] DEBUG org.hibernate.type.BasicTypeRegistry - Adding type registration calendar_time -> org.hibernate.type.BasicTypeReference@4ed38226
2026-01-14 13:31:38.735 [main] DEBUG org.hibernate.type.BasicTypeRegistry - Adding type registration instant -> org.hibernate.type.BasicTypeReference@3d43fe
2026-01-14 13:31:38.735 [main] DEBUG org.hibernate.type.BasicTypeRegistry - Adding type registration java.time.Instant -> org.hibernate.type.BasicTypeReference@3d43fe
2026-01-14 13:31:38.735 [main] DEBUG org.hibernate.type.BasicTypeRegistry - Adding type registration uuid -> org.hibernate.type.BasicTypeReference@74ad8d05
2026-01-14 13:31:38.735 [main] DEBUG org.hibernate.type.BasicTypeRegistry - Adding type registration java.util.UUID -> org.hibernate.type.BasicTypeReference@74ad8d05
2026-01-14 13:31:38.735 [main] DEBUG org.hibernate.type.BasicTypeRegistry - Adding type registration pg-uuid -> org.hibernate.type.BasicTypeReference@74ad8d05
2026-01-14 13:31:38.735 [main] DEBUG org.hibernate.type.BasicTypeRegistry - Adding type registration uuid-binary -> org.hibernate.type.BasicTypeReference@676ff3b0
2026-01-14 13:31:38.735 [main] DEBUG org.hibernate.type.BasicTypeRegistry - Adding type registration uuid-char -> org.hibernate.type.BasicTypeReference@35ff8fc9
2026-01-14 13:31:38.736 [main] DEBUG org.hibernate.type.BasicTypeRegistry - Adding type registration class -> org.hibernate.type.BasicTypeReference@5fb7183b
2026-01-14 13:31:38.736 [main] DEBUG org.hibernate.type.BasicTypeRegistry - Adding type registration java.lang.Class -> org.hibernate.type.BasicTypeReference@5fb7183b
2026-01-14 13:31:38.736 [main] DEBUG org.hibernate.type.BasicTypeRegistry - Adding type registration currency -> org.hibernate.type.BasicTypeReference@476a736d
2026-01-14 13:31:38.736 [main] DEBUG org.hibernate.type.BasicTypeRegistry - Adding type registration Currency -> org.hibernate.type.BasicTypeReference@476a736d
2026-01-14 13:31:38.736 [main] DEBUG org.hibernate.type.BasicTypeRegistry - Adding type registration java.util.Currency -> org.hibernate.type.BasicTypeReference@476a736d
2026-01-14 13:31:38.736 [main] DEBUG org.hibernate.type.BasicTypeRegistry - Adding type registration locale -> org.hibernate.type.BasicTypeReference@5f80fa43
2026-01-14 13:31:38.736 [main] DEBUG org.hibernate.type.BasicTypeRegistry - Adding type registration java.util.Locale -> org.hibernate.type.BasicTypeReference@5f80fa43
2026-01-14 13:31:38.736 [main] DEBUG org.hibernate.type.BasicTypeRegistry - Adding type registration serializable -> org.hibernate.type.BasicTypeReference@16c8b7bd
2026-01-14 13:31:38.736 [main] DEBUG org.hibernate.type.BasicTypeRegistry - Adding type registration java.io.Serializable -> org.hibernate.type.BasicTypeReference@16c8b7bd
2026-01-14 13:31:38.736 [main] DEBUG org.hibernate.type.BasicTypeRegistry - Adding type registration timezone -> org.hibernate.type.BasicTypeReference@7159139f
2026-01-14 13:31:38.736 [main] DEBUG org.hibernate.type.BasicTypeRegistry - Adding type registration java.util.TimeZone -> org.hibernate.type.BasicTypeReference@7159139f
2026-01-14 13:31:38.737 [main] DEBUG org.hibernate.type.BasicTypeRegistry - Adding type registration ZoneOffset -> org.hibernate.type.BasicTypeReference@65bcf7c2
2026-01-14 13:31:38.737 [main] DEBUG org.hibernate.type.BasicTypeRegistry - Adding type registration java.time.ZoneOffset -> org.hibernate.type.BasicTypeReference@65bcf7c2
2026-01-14 13:31:38.737 [main] DEBUG org.hibernate.type.BasicTypeRegistry - Adding type registration url -> org.hibernate.type.BasicTypeReference@3db64bd4
2026-01-14 13:31:38.737 [main] DEBUG org.hibernate.type.BasicTypeRegistry - Adding type registration java.net.URL -> org.hibernate.type.BasicTypeReference@3db64bd4
2026-01-14 13:31:38.737 [main] DEBUG org.hibernate.type.BasicTypeRegistry - Adding type registration vector -> org.hibernate.type.BasicTypeReference@6e106680
2026-01-14 13:31:38.737 [main] DEBUG org.hibernate.type.BasicTypeRegistry - Adding type registration row_version -> org.hibernate.type.BasicTypeReference@576c5536
2026-01-14 13:31:38.740 [main] DEBUG org.hibernate.type.BasicTypeRegistry - Adding type registration object -> org.hibernate.type.JavaObjectType@153d4abb
2026-01-14 13:31:38.740 [main] DEBUG org.hibernate.type.BasicTypeRegistry - Adding type registration java.lang.Object -> org.hibernate.type.JavaObjectType@153d4abb
2026-01-14 13:31:38.741 [main] DEBUG org.hibernate.type.BasicTypeRegistry - Adding type registration null -> org.hibernate.type.NullType@3350ebdd
2026-01-14 13:31:38.741 [main] DEBUG org.hibernate.type.BasicTypeRegistry - Adding type registration imm_date -> org.hibernate.type.BasicTypeReference@6818d900
2026-01-14 13:31:38.741 [main] DEBUG org.hibernate.type.BasicTypeRegistry - Adding type registration imm_time -> org.hibernate.type.BasicTypeReference@149f5761
2026-01-14 13:31:38.741 [main] DEBUG org.hibernate.type.BasicTypeRegistry - Adding type registration imm_timestamp -> org.hibernate.type.BasicTypeReference@2ba33e2c
2026-01-14 13:31:38.742 [main] DEBUG org.hibernate.type.BasicTypeRegistry - Adding type registration imm_calendar -> org.hibernate.type.BasicTypeReference@1f193686
2026-01-14 13:31:38.742 [main] DEBUG org.hibernate.type.BasicTypeRegistry - Adding type registration imm_calendar_date -> org.hibernate.type.BasicTypeReference@31e72cbc
2026-01-14 13:31:38.742 [main] DEBUG org.hibernate.type.BasicTypeRegistry - Adding type registration imm_calendar_time -> org.hibernate.type.BasicTypeReference@5fad41be
2026-01-14 13:31:38.742 [main] DEBUG org.hibernate.type.BasicTypeRegistry - Adding type registration imm_binary -> org.hibernate.type.BasicTypeReference@6dcd5639
2026-01-14 13:31:38.742 [main] DEBUG org.hibernate.type.BasicTypeRegistry - Adding type registration imm_serializable -> org.hibernate.type.BasicTypeReference@3b36e000
2026-01-14 13:31:38.768 [main] WARN  org.hibernate.orm.connections.pooling - HHH10001002: Using built-in connection pool (not intended for production use)
2026-01-14 13:31:38.772 [main] INFO  org.hibernate.orm.connections.pooling - HHH10001005: Loaded JDBC driver class: com.mysql.cj.jdbc.Driver
2026-01-14 13:31:38.772 [main] INFO  org.hibernate.orm.connections.pooling - HHH10001012: Connecting with JDBC URL [jdbc:mysql://localhost:3307/accesoDatosDAM?useSSL=false&serverTimezone=UTC]
2026-01-14 13:31:38.772 [main] INFO  org.hibernate.orm.connections.pooling - HHH10001001: Connection properties: {password=usuario, user=usuario2}
2026-01-14 13:31:38.772 [main] INFO  org.hibernate.orm.connections.pooling - HHH10001003: Autocommit mode: false
2026-01-14 13:31:38.774 [main] DEBUG org.hibernate.orm.connections.pooling - Initializing Connection pool with 1 Connections
2026-01-14 13:31:38.774 [main] INFO  org.hibernate.orm.connections.pooling - HHH10001115: Connection pool size: 20 (min=1)
2026-01-14 13:31:38.916 [main] DEBUG org.hibernate.engine.jdbc.env.internal.JdbcEnvironmentInitiator - Database ->
       name : MySQL
    version : 8.4.7
      major : 8
      minor : 4
2026-01-14 13:31:38.916 [main] DEBUG org.hibernate.engine.jdbc.env.internal.JdbcEnvironmentInitiator - Driver ->
       name : MySQL Connector/J
    version : mysql-connector-j-8.4.0 (Revision: 1c3f5c149e0bfe31c7fbeb24e2d260cd890972c4)
      major : 8
      minor : 4
2026-01-14 13:31:38.916 [main] DEBUG org.hibernate.engine.jdbc.env.internal.JdbcEnvironmentInitiator - JDBC version : 4.2
2026-01-14 13:31:38.953 [main] WARN  org.hibernate.orm.deprecation - HHH90000025: MySQLDialect does not need to be specified explicitly using 'hibernate.dialect' (remove the property setting and it will be selected by default)
2026-01-14 13:31:38.955 [main] DEBUG org.hibernate.orm.dialect - HHH035001: Using dialect: org.hibernate.dialect.MySQLDialect, version: 8.4.7
2026-01-14 13:31:38.964 [main] DEBUG org.hibernate.engine.jdbc.env.spi.IdentifierHelperBuilder - JDBC driver metadata reported database stores quoted identifiers in more than one case
2026-01-14 13:31:38.964 [main] DEBUG org.hibernate.engine.jdbc.env.spi.IdentifierHelperBuilder - IdentifierCaseStrategy for both quoted and unquoted identifiers was set to the same strategy [MIXED]; that will likely lead to problems in schema update and validation if using quoted identifiers
2026-01-14 13:31:38.982 [main] DEBUG org.hibernate.type.descriptor.sql.spi.DdlTypeRegistry - addDescriptor(12, org.hibernate.type.descriptor.sql.internal.CapacityDependentDdlType@5ef6fd7f) replaced previous registration(org.hibernate.type.descriptor.sql.internal.CapacityDependentDdlType@5633ed82)
2026-01-14 13:31:38.983 [main] DEBUG org.hibernate.type.descriptor.sql.spi.DdlTypeRegistry - addDescriptor(-9, org.hibernate.type.descriptor.sql.internal.CapacityDependentDdlType@767191b1) replaced previous registration(org.hibernate.type.descriptor.sql.internal.CapacityDependentDdlType@34d52ecd)
2026-01-14 13:31:38.983 [main] DEBUG org.hibernate.type.descriptor.sql.spi.DdlTypeRegistry - addDescriptor(-3, org.hibernate.type.descriptor.sql.internal.CapacityDependentDdlType@5d21202d) replaced previous registration(org.hibernate.type.descriptor.sql.internal.CapacityDependentDdlType@14b789f6)
2026-01-14 13:31:38.983 [main] DEBUG org.hibernate.type.descriptor.sql.spi.DdlTypeRegistry - addDescriptor(4003, org.hibernate.type.descriptor.sql.internal.DdlTypeImpl@6eb17ec8) replaced previous registration(org.hibernate.type.descriptor.sql.internal.DdlTypeImpl@730f9695)
2026-01-14 13:31:38.983 [main] DEBUG org.hibernate.type.descriptor.sql.spi.DdlTypeRegistry - addDescriptor(4001, org.hibernate.type.descriptor.sql.internal.DdlTypeImpl@277bf091) replaced previous registration(org.hibernate.type.descriptor.sql.internal.DdlTypeImpl@fab35b1)
2026-01-14 13:31:38.983 [main] DEBUG org.hibernate.type.descriptor.sql.spi.DdlTypeRegistry - addDescriptor(4002, org.hibernate.type.descriptor.sql.internal.DdlTypeImpl@6a094db2) replaced previous registration(org.hibernate.type.descriptor.sql.internal.DdlTypeImpl@65bdd558)
2026-01-14 13:31:38.983 [main] DEBUG org.hibernate.type.descriptor.sql.spi.DdlTypeRegistry - addDescriptor(2004, org.hibernate.type.descriptor.sql.internal.CapacityDependentDdlType@1dba4e06) replaced previous registration(org.hibernate.type.descriptor.sql.internal.DdlTypeImpl@4beaf6bd)
2026-01-14 13:31:38.983 [main] DEBUG org.hibernate.type.descriptor.sql.spi.DdlTypeRegistry - addDescriptor(2005, org.hibernate.type.descriptor.sql.internal.CapacityDependentDdlType@6b2e46af) replaced previous registration(org.hibernate.type.descriptor.sql.internal.DdlTypeImpl@60325987)
2026-01-14 13:31:38.983 [main] DEBUG org.hibernate.type.descriptor.sql.spi.DdlTypeRegistry - addDescriptor(2011, org.hibernate.type.descriptor.sql.internal.CapacityDependentDdlType@2f37f1f9) replaced previous registration(org.hibernate.type.descriptor.sql.internal.DdlTypeImpl@3374b5bc)
2026-01-14 13:31:38.985 [main] DEBUG org.hibernate.type.descriptor.jdbc.spi.JdbcTypeRegistry - addDescriptor(NCharTypeDescriptor) replaced previous registration(CharTypeDescriptor)
2026-01-14 13:31:38.986 [main] DEBUG org.hibernate.type.descriptor.jdbc.spi.JdbcTypeRegistry - addDescriptor(NVarcharTypeDescriptor) replaced previous registration(VarcharTypeDescriptor)
2026-01-14 13:31:38.986 [main] DEBUG org.hibernate.type.descriptor.jdbc.spi.JdbcTypeRegistry - addDescriptor(LongNVarcharTypeDescriptor) replaced previous registration(LongVarcharTypeDescriptor)
2026-01-14 13:31:38.987 [main] DEBUG org.hibernate.type.descriptor.jdbc.spi.JdbcTypeRegistry - addDescriptor(NClobTypeDescriptor(DEFAULT)) replaced previous registration(ClobTypeDescriptor(DEFAULT))
2026-01-14 13:31:38.987 [main] DEBUG org.hibernate.type.descriptor.jdbc.spi.JdbcTypeRegistry - addDescriptor(2005, ClobTypeDescriptor(STREAM_BINDING)) replaced previous registration(ClobTypeDescriptor(DEFAULT))
2026-01-14 13:31:38.991 [main] DEBUG org.hibernate.type.BasicTypeRegistry - Adding type registration null -> org.hibernate.type.NullType@75ae4a1f
2026-01-14 13:31:38.991 [main] DEBUG org.hibernate.type.BasicTypeRegistry - Type registration key [null] overrode previous entry : `org.hibernate.type.NullType@3350ebdd`
2026-01-14 13:31:38.995 [main] DEBUG org.hibernate.type.BasicTypeRegistry - Adding type registration org.hibernate.type.DurationType -> basicType@1(java.time.Duration,3015)
2026-01-14 13:31:38.995 [main] DEBUG org.hibernate.type.BasicTypeRegistry - Adding type registration Duration -> basicType@1(java.time.Duration,3015)
2026-01-14 13:31:38.995 [main] DEBUG org.hibernate.type.BasicTypeRegistry - Adding type registration java.time.Duration -> basicType@1(java.time.Duration,3015)
2026-01-14 13:31:38.998 [main] DEBUG org.hibernate.type.BasicTypeRegistry - Adding type registration org.hibernate.type.OffsetDateTimeType -> basicType@2(java.time.OffsetDateTime,3003)
2026-01-14 13:31:38.998 [main] DEBUG org.hibernate.type.BasicTypeRegistry - Adding type registration OffsetDateTime -> basicType@2(java.time.OffsetDateTime,3003)
2026-01-14 13:31:38.998 [main] DEBUG org.hibernate.type.BasicTypeRegistry - Adding type registration java.time.OffsetDateTime -> basicType@2(java.time.OffsetDateTime,3003)
2026-01-14 13:31:38.998 [main] DEBUG org.hibernate.type.BasicTypeRegistry - Adding type registration org.hibernate.type.ZonedDateTimeType -> basicType@3(java.time.ZonedDateTime,3003)
2026-01-14 13:31:38.998 [main] DEBUG org.hibernate.type.BasicTypeRegistry - Adding type registration ZonedDateTime -> basicType@3(java.time.ZonedDateTime,3003)
2026-01-14 13:31:38.999 [main] DEBUG org.hibernate.type.BasicTypeRegistry - Adding type registration java.time.ZonedDateTime -> basicType@3(java.time.ZonedDateTime,3003)
2026-01-14 13:31:38.999 [main] DEBUG org.hibernate.type.BasicTypeRegistry - Adding type registration org.hibernate.type.OffsetTimeType -> basicType@4(java.time.OffsetTime,3007)
2026-01-14 13:31:38.999 [main] DEBUG org.hibernate.type.BasicTypeRegistry - Adding type registration OffsetTime -> basicType@4(java.time.OffsetTime,3007)
2026-01-14 13:31:39.001 [main] DEBUG org.hibernate.type.BasicTypeRegistry - Adding type registration java.time.OffsetTime -> basicType@4(java.time.OffsetTime,3007)
2026-01-14 13:31:39.003 [main] DEBUG org.hibernate.type.spi.TypeConfiguration$Scope - Scoping TypeConfiguration [org.hibernate.type.spi.TypeConfiguration@58472096] to MetadataBuildingContext [org.hibernate.boot.internal.MetadataBuildingContextRootImpl@a92be4f]
2026-01-14 13:31:39.030 [main] DEBUG org.hibernate.boot.model.relational.Namespace - Created database namespace [logicalName=Name{catalog=null, schema=null}, physicalName=Name{catalog=null, schema=null}]
2026-01-14 13:31:39.050 [main] DEBUG org.hibernate.boot.model.internal.EntityBinder - Binding entity from annotated class: modelo.Reunion
2026-01-14 13:31:39.057 [main] DEBUG org.hibernate.boot.model.internal.EntityBinder - Import with entity name Reunion
2026-01-14 13:31:39.063 [main] DEBUG org.hibernate.boot.model.internal.EntityBinder - Bind entity modelo.Reunion on table reunion
2026-01-14 13:31:39.071 [main] DEBUG org.hibernate.boot.model.internal.AnnotatedColumn - Binding column: AnnotatedDiscriminatorColumn(column='DTYPE')
2026-01-14 13:31:39.084 [main] DEBUG org.hibernate.boot.model.internal.AnnotatedColumn - Binding column: AnnotatedColumn()
2026-01-14 13:31:39.085 [main] DEBUG org.hibernate.boot.internal.ClassLoaderAccessImpl - Not known whether passed class name [modelo.Reunion] is safe
2026-01-14 13:31:39.085 [main] DEBUG org.hibernate.boot.internal.ClassLoaderAccessImpl - No temp ClassLoader provided; using live ClassLoader for loading potentially unsafe class : modelo.Reunion
2026-01-14 13:31:39.087 [main] DEBUG org.hibernate.boot.model.internal.PropertyBinder - MetadataSourceProcessor property idReunion with lazy=false
2026-01-14 13:31:39.090 [main] DEBUG org.hibernate.boot.model.internal.AbstractPropertyHolder - Attempting to locate auto-apply AttributeConverter for property [modelo.Reunion:idReunion]
2026-01-14 13:31:39.092 [main] DEBUG org.hibernate.boot.model.internal.BasicValueBinder - building BasicValue for idReunion
2026-01-14 13:31:39.095 [main] DEBUG org.hibernate.mapping.BasicValue - Skipping column re-registration: reunion.idReunion
2026-01-14 13:31:39.096 [main] DEBUG org.hibernate.boot.model.internal.PropertyBinder - Building property idReunion
2026-01-14 13:31:39.099 [main] DEBUG org.hibernate.boot.model.internal.BinderHelper - #makeIdGenerator(BasicValue([Column(idReunion)]), idReunion, org.hibernate.id.enhanced.SequenceStyleGenerator, , ...)
2026-01-14 13:31:39.099 [main] DEBUG org.hibernate.boot.model.internal.AnnotatedColumn - Binding column: AnnotatedColumn()
2026-01-14 13:31:39.099 [main] DEBUG org.hibernate.boot.model.internal.PropertyBinder - MetadataSourceProcessor property asunto with lazy=false
2026-01-14 13:31:39.099 [main] DEBUG org.hibernate.boot.model.internal.AbstractPropertyHolder - Attempting to locate auto-apply AttributeConverter for property [modelo.Reunion:asunto]
2026-01-14 13:31:39.099 [main] DEBUG org.hibernate.boot.model.internal.BasicValueBinder - building BasicValue for asunto
2026-01-14 13:31:39.100 [main] DEBUG org.hibernate.mapping.BasicValue - Skipping column re-registration: reunion.asunto
2026-01-14 13:31:39.100 [main] DEBUG org.hibernate.boot.model.internal.PropertyBinder - Building property asunto
2026-01-14 13:31:39.100 [main] DEBUG org.hibernate.boot.model.internal.AnnotatedColumn - Binding column: AnnotatedColumn()
2026-01-14 13:31:39.100 [main] DEBUG org.hibernate.boot.model.internal.PropertyBinder - MetadataSourceProcessor property fecha with lazy=false
2026-01-14 13:31:39.100 [main] DEBUG org.hibernate.boot.model.internal.AbstractPropertyHolder - Attempting to locate auto-apply AttributeConverter for property [modelo.Reunion:fecha]
2026-01-14 13:31:39.100 [main] DEBUG org.hibernate.boot.model.internal.BasicValueBinder - building BasicValue for fecha
2026-01-14 13:31:39.100 [main] DEBUG org.hibernate.mapping.BasicValue - Skipping column re-registration: reunion.fecha
2026-01-14 13:31:39.100 [main] DEBUG org.hibernate.boot.model.internal.PropertyBinder - Building property fecha
2026-01-14 13:31:39.102 [main] DEBUG org.hibernate.boot.registry.classloading.internal.ClassLoaderServiceImpl - HHH000194: Package not found or wo package-info.java: modelo
2026-01-14 13:31:39.105 [main] DEBUG org.hibernate.boot.model.internal.EntityBinder - Binding entity from annotated class: modelo.Persona
2026-01-14 13:31:39.106 [main] DEBUG org.hibernate.boot.model.internal.EntityBinder - Import with entity name Persona
2026-01-14 13:31:39.106 [main] DEBUG org.hibernate.boot.model.internal.EntityBinder - Bind entity modelo.Persona on table persona
2026-01-14 13:31:39.106 [main] DEBUG org.hibernate.boot.model.internal.AnnotatedColumn - Binding column: AnnotatedDiscriminatorColumn(column='DTYPE')
2026-01-14 13:31:39.107 [main] DEBUG org.hibernate.boot.model.internal.AnnotatedColumn - Binding column: AnnotatedColumn()
2026-01-14 13:31:39.107 [main] DEBUG org.hibernate.boot.internal.ClassLoaderAccessImpl - Not known whether passed class name [modelo.Persona] is safe
2026-01-14 13:31:39.107 [main] DEBUG org.hibernate.boot.internal.ClassLoaderAccessImpl - No temp ClassLoader provided; using live ClassLoader for loading potentially unsafe class : modelo.Persona
2026-01-14 13:31:39.107 [main] DEBUG org.hibernate.boot.model.internal.PropertyBinder - MetadataSourceProcessor property dni with lazy=false
2026-01-14 13:31:39.107 [main] DEBUG org.hibernate.boot.model.internal.AbstractPropertyHolder - Attempting to locate auto-apply AttributeConverter for property [modelo.Persona:dni]
2026-01-14 13:31:39.107 [main] DEBUG org.hibernate.boot.model.internal.BasicValueBinder - building BasicValue for dni
2026-01-14 13:31:39.108 [main] DEBUG org.hibernate.mapping.BasicValue - Skipping column re-registration: persona.dni
2026-01-14 13:31:39.108 [main] DEBUG org.hibernate.boot.model.internal.PropertyBinder - Building property dni
2026-01-14 13:31:39.108 [main] DEBUG org.hibernate.boot.model.internal.BinderHelper - #makeIdGenerator(BasicValue([Column(dni)]), dni, org.hibernate.id.enhanced.SequenceStyleGenerator, , ...)
2026-01-14 13:31:39.108 [main] DEBUG org.hibernate.boot.model.internal.AnnotatedColumn - Binding column: AnnotatedColumn()
2026-01-14 13:31:39.108 [main] DEBUG org.hibernate.boot.model.internal.PropertyBinder - MetadataSourceProcessor property edad with lazy=false
2026-01-14 13:31:39.108 [main] DEBUG org.hibernate.boot.model.internal.AbstractPropertyHolder - Attempting to locate auto-apply AttributeConverter for property [modelo.Persona:edad]
2026-01-14 13:31:39.108 [main] DEBUG org.hibernate.boot.model.internal.BasicValueBinder - building BasicValue for edad
2026-01-14 13:31:39.108 [main] DEBUG org.hibernate.mapping.BasicValue - Skipping column re-registration: persona.edad
2026-01-14 13:31:39.108 [main] DEBUG org.hibernate.boot.model.internal.PropertyBinder - Building property edad
2026-01-14 13:31:39.108 [main] DEBUG org.hibernate.boot.model.internal.AnnotatedColumn - Binding column: AnnotatedColumn()
2026-01-14 13:31:39.108 [main] DEBUG org.hibernate.boot.model.internal.PropertyBinder - MetadataSourceProcessor property email with lazy=false
2026-01-14 13:31:39.109 [main] DEBUG org.hibernate.boot.model.internal.AbstractPropertyHolder - Attempting to locate auto-apply AttributeConverter for property [modelo.Persona:email]
2026-01-14 13:31:39.109 [main] DEBUG org.hibernate.boot.model.internal.BasicValueBinder - building BasicValue for email
2026-01-14 13:31:39.109 [main] DEBUG org.hibernate.mapping.BasicValue - Skipping column re-registration: persona.email
2026-01-14 13:31:39.109 [main] DEBUG org.hibernate.boot.model.internal.PropertyBinder - Building property email
2026-01-14 13:31:39.109 [main] DEBUG org.hibernate.boot.model.internal.AnnotatedColumn - Binding column: AnnotatedColumn()
2026-01-14 13:31:39.109 [main] DEBUG org.hibernate.boot.model.internal.PropertyBinder - MetadataSourceProcessor property fechaNacimiento with lazy=false
2026-01-14 13:31:39.109 [main] DEBUG org.hibernate.boot.model.internal.AbstractPropertyHolder - Attempting to locate auto-apply AttributeConverter for property [modelo.Persona:fechaNacimiento]
2026-01-14 13:31:39.109 [main] DEBUG org.hibernate.boot.model.internal.BasicValueBinder - building BasicValue for fechaNacimiento
2026-01-14 13:31:39.109 [main] DEBUG org.hibernate.mapping.BasicValue - Skipping column re-registration: persona.fechaNacimiento
2026-01-14 13:31:39.109 [main] DEBUG org.hibernate.boot.model.internal.PropertyBinder - Building property fechaNacimiento
2026-01-14 13:31:39.109 [main] DEBUG org.hibernate.boot.model.internal.AnnotatedColumn - Binding column: AnnotatedColumn()
2026-01-14 13:31:39.109 [main] DEBUG org.hibernate.boot.model.internal.PropertyBinder - MetadataSourceProcessor property nombreApellido with lazy=false
2026-01-14 13:31:39.109 [main] DEBUG org.hibernate.boot.model.internal.AbstractPropertyHolder - Attempting to locate auto-apply AttributeConverter for property [modelo.Persona:nombreApellido]
2026-01-14 13:31:39.109 [main] DEBUG org.hibernate.boot.model.internal.BasicValueBinder - building BasicValue for nombreApellido
2026-01-14 13:31:39.109 [main] DEBUG org.hibernate.mapping.BasicValue - Skipping column re-registration: persona.nombreApellido
2026-01-14 13:31:39.109 [main] DEBUG org.hibernate.boot.model.internal.PropertyBinder - Building property nombreApellido
2026-01-14 13:31:39.110 [main] DEBUG org.hibernate.boot.model.internal.AnnotatedColumn - Binding column: AnnotatedColumn()
2026-01-14 13:31:39.110 [main] DEBUG org.hibernate.boot.model.internal.PropertyBinder - MetadataSourceProcessor property telefono with lazy=false
2026-01-14 13:31:39.110 [main] DEBUG org.hibernate.boot.model.internal.AbstractPropertyHolder - Attempting to locate auto-apply AttributeConverter for property [modelo.Persona:telefono]
2026-01-14 13:31:39.110 [main] DEBUG org.hibernate.boot.model.internal.BasicValueBinder - building BasicValue for telefono
2026-01-14 13:31:39.110 [main] DEBUG org.hibernate.mapping.BasicValue - Skipping column re-registration: persona.telefono
2026-01-14 13:31:39.110 [main] DEBUG org.hibernate.boot.model.internal.PropertyBinder - Building property telefono
2026-01-14 13:31:39.110 [main] DEBUG org.hibernate.boot.registry.classloading.internal.ClassLoaderServiceImpl - HHH000194: Package not found or wo package-info.java: modelo
2026-01-14 13:31:39.112 [main] DEBUG org.hibernate.boot.model.internal.BasicValueBinder - Starting `BasicValueBinder#fillSimpleValue` for idReunion
2026-01-14 13:31:39.113 [main] DEBUG org.hibernate.boot.model.internal.BasicValueBinder - Starting `BasicValueBinder#fillSimpleValue` for asunto
2026-01-14 13:31:39.115 [main] DEBUG org.hibernate.boot.model.internal.BasicValueBinder - Starting `BasicValueBinder#fillSimpleValue` for fecha
2026-01-14 13:31:39.115 [main] DEBUG org.hibernate.boot.model.internal.BasicValueBinder - Starting `BasicValueBinder#fillSimpleValue` for dni
2026-01-14 13:31:39.116 [main] DEBUG org.hibernate.boot.model.internal.BasicValueBinder - Starting `BasicValueBinder#fillSimpleValue` for edad
2026-01-14 13:31:39.116 [main] DEBUG org.hibernate.boot.model.internal.BasicValueBinder - Starting `BasicValueBinder#fillSimpleValue` for email
2026-01-14 13:31:39.116 [main] DEBUG org.hibernate.boot.model.internal.BasicValueBinder - Starting `BasicValueBinder#fillSimpleValue` for fechaNacimiento
2026-01-14 13:31:39.116 [main] DEBUG org.hibernate.boot.model.internal.BasicValueBinder - Starting `BasicValueBinder#fillSimpleValue` for nombreApellido
2026-01-14 13:31:39.116 [main] DEBUG org.hibernate.boot.model.internal.BasicValueBinder - Starting `BasicValueBinder#fillSimpleValue` for telefono
2026-01-14 13:31:39.118 [main] DEBUG org.hibernate.mapping.PrimaryKey - Forcing column [idreunion] to be non-null as it is part of the primary key for table [reunion]
2026-01-14 13:31:39.118 [main] DEBUG org.hibernate.mapping.PrimaryKey - Forcing column [dni] to be non-null as it is part of the primary key for table [persona]
2026-01-14 13:31:39.259 [main] DEBUG org.hibernate.internal.SessionFactoryImpl - Building session factory
2026-01-14 13:31:39.291 [main] DEBUG org.hibernate.service.internal.SessionFactoryServiceRegistryImpl - EventListenerRegistry access via ServiceRegistry is deprecated.  Use `sessionFactory.getEventEngine().getListenerRegistry()` instead
2026-01-14 13:31:39.292 [main] DEBUG org.hibernate.internal.SessionFactoryImpl - Instantiating SessionFactory with settings: {hibernate.format_sql=true, java.specification.version=21, sun.cpu.isalist=amd64, sun.jnu.encoding=Cp1252, hibernate.dialect=org.hibernate.dialect.MySQLDialect, java.class.path=C:\Users\alumno\Desktop\SegundoDAM\Acceso a Datos\Hibernate\target\test-classes;C:\Users\alumno\Desktop\SegundoDAM\Acceso a Datos\Hibernate\target\classes;C:\Users\alumno\Desktop\sts-4.31.0.RELEASE\plugins\junit-jupiter-api_5.12.2.jar;C:\Users\alumno\Desktop\sts-4.31.0.RELEASE\plugins\junit-jupiter-engine_5.12.2.jar;C:\Users\alumno\Desktop\sts-4.31.0.RELEASE\plugins\junit-jupiter-migrationsupport_5.12.2.jar;C:\Users\alumno\Desktop\sts-4.31.0.RELEASE\plugins\junit-jupiter-params_5.12.2.jar;C:\Users\alumno\Desktop\sts-4.31.0.RELEASE\plugins\junit-platform-commons_1.12.2.jar;C:\Users\alumno\Desktop\sts-4.31.0.RELEASE\plugins\junit-platform-engine_1.12.2.jar;C:\Users\alumno\Desktop\sts-4.31.0.RELEASE\plugins\junit-platform-launcher_1.12.2.jar;C:\Users\alumno\Desktop\sts-4.31.0.RELEASE\plugins\junit-platform-runner_1.12.2.jar;C:\Users\alumno\Desktop\sts-4.31.0.RELEASE\plugins\junit-platform-suite-api_1.12.2.jar;C:\Users\alumno\Desktop\sts-4.31.0.RELEASE\plugins\junit-platform-suite-engine_1.12.2.jar;C:\Users\alumno\Desktop\sts-4.31.0.RELEASE\plugins\junit-platform-suite-commons_1.12.2.jar;C:\Users\alumno\Desktop\sts-4.31.0.RELEASE\plugins\junit-vintage-engine_5.12.2.jar;C:\Users\alumno\Desktop\sts-4.31.0.RELEASE\plugins\org.opentest4j_1.3.0.jar;C:\Users\alumno\Desktop\sts-4.31.0.RELEASE\plugins\org.apiguardian.api_1.1.2.jar;C:\Users\alumno\Desktop\sts-4.31.0.RELEASE\plugins\org.junit_4.13.2.v20240929-1000.jar;C:\Users\alumno\Desktop\sts-4.31.0.RELEASE\plugins\org.hamcrest_3.0.0.jar;C:\Users\alumno\.m2\repository\org\hibernate\orm\hibernate-core\6.4.4.Final\hibernate-core-6.4.4.Final.jar;C:\Users\alumno\.m2\repository\jakarta\transaction\jakarta.transaction-api\2.0.1\jakarta.transaction-api-2.0.1.jar;C:\Users\alumno\.m2\repository\org\jboss\logging\jboss-logging\3.5.0.Final\jboss-logging-3.5.0.Final.jar;C:\Users\alumno\.m2\repository\org\hibernate\common\hibernate-commons-annotations\6.0.6.Final\hibernate-commons-annotations-6.0.6.Final.jar;C:\Users\alumno\.m2\repository\io\smallrye\jandex\3.1.2\jandex-3.1.2.jar;C:\Users\alumno\.m2\repository\com\fasterxml\classmate\1.5.1\classmate-1.5.1.jar;C:\Users\alumno\.m2\repository\net\bytebuddy\byte-buddy\1.14.11\byte-buddy-1.14.11.jar;C:\Users\alumno\.m2\repository\jakarta\xml\bind\jakarta.xml.bind-api\4.0.0\jakarta.xml.bind-api-4.0.0.jar;C:\Users\alumno\.m2\repository\jakarta\activation\jakarta.activation-api\2.1.0\jakarta.activation-api-2.1.0.jar;C:\Users\alumno\.m2\repository\org\glassfish\jaxb\jaxb-runtime\4.0.2\jaxb-runtime-4.0.2.jar;C:\Users\alumno\.m2\repository\org\glassfish\jaxb\jaxb-core\4.0.2\jaxb-core-4.0.2.jar;C:\Users\alumno\.m2\repository\org\eclipse\angus\angus-activation\2.0.0\angus-activation-2.0.0.jar;C:\Users\alumno\.m2\repository\org\glassfish\jaxb\txw2\4.0.2\txw2-4.0.2.jar;C:\Users\alumno\.m2\repository\com\sun\istack\istack-commons-runtime\4.1.1\istack-commons-runtime-4.1.1.jar;C:\Users\alumno\.m2\repository\jakarta\inject\jakarta.inject-api\2.0.1\jakarta.inject-api-2.0.1.jar;C:\Users\alumno\.m2\repository\org\antlr\antlr4-runtime\4.13.0\antlr4-runtime-4.13.0.jar;C:\Users\alumno\.m2\repository\com\mysql\mysql-connector-j\8.4.0\mysql-connector-j-8.4.0.jar;C:\Users\alumno\.m2\repository\com\google\protobuf\protobuf-java\3.25.1\protobuf-java-3.25.1.jar;C:\Users\alumno\.m2\repository\jakarta\persistence\jakarta.persistence-api\3.1.0\jakarta.persistence-api-3.1.0.jar;C:\Users\alumno\.m2\repository\org\junit\jupiter\junit-jupiter\5.10.1\junit-jupiter-5.10.1.jar;C:\Users\alumno\.m2\repository\org\junit\jupiter\junit-jupiter-api\5.10.1\junit-jupiter-api-5.10.1.jar;C:\Users\alumno\.m2\repository\org\opentest4j\opentest4j\1.3.0\opentest4j-1.3.0.jar;C:\Users\alumno\.m2\repository\org\junit\platform\junit-platform-commons\1.10.1\junit-platform-commons-1.10.1.jar;C:\Users\alumno\.m2\repository\org\apiguardian\apiguardian-api\1.1.2\apiguardian-api-1.1.2.jar;C:\Users\alumno\.m2\repository\org\junit\jupiter\junit-jupiter-params\5.10.1\junit-jupiter-params-5.10.1.jar;C:\Users\alumno\.m2\repository\org\junit\jupiter\junit-jupiter-engine\5.10.1\junit-jupiter-engine-5.10.1.jar;C:\Users\alumno\.m2\repository\org\junit\platform\junit-platform-engine\1.10.1\junit-platform-engine-1.10.1.jar;C:\Users\alumno\.m2\repository\org\apache\logging\log4j\log4j-api\2.13.0\log4j-api-2.13.0.jar;C:\Users\alumno\.m2\repository\org\apache\logging\log4j\log4j-core\2.13.0\log4j-core-2.13.0.jar;C:\Users\alumno\.m2\repository\com\google\code\gson\gson\2.10.1\gson-2.10.1.jar;C:\Users\alumno\Desktop\sts-4.31.0.RELEASE\configuration\org.eclipse.osgi\272\0\.cp;C:\Users\alumno\Desktop\sts-4.31.0.RELEASE\configuration\org.eclipse.osgi\270\0\.cp, java.vm.vendor=Oracle Corporation, sun.arch.data.model=64, user.variant=, java.vendor.url=https://java.oracle.com/, user.timezone=Europe/Madrid, org.apache.logging.log4j.assignedSequences=9817, java.vm.specification.version=21, os.name=Windows 11, sun.java.launcher=SUN_STANDARD, user.country=ES, sun.boot.library.path=C:\Program Files\Java\jdk-21\bin, sun.java.command=org.eclipse.jdt.internal.junit.runner.RemoteTestRunner -version 3 -port 53119 -testLoaderClass org.eclipse.jdt.internal.junit5.runner.JUnit5TestLoader -loaderpluginname org.eclipse.jdt.junit5.runtime -classNames TestPersona, jdk.debug=release, sun.cpu.endian=little, user.home=C:\Users\alumno, user.language=es, java.specification.vendor=Oracle Corporation, java.version.date=2025-07-15, java.home=C:\Program Files\Java\jdk-21, file.separator=\, java.vm.compressedOopsMode=Zero based, line.separator=
, java.vm.specification.vendor=Oracle Corporation, java.specification.name=Java Platform API Specification, hibernate.hbm2ddl.auto=update, user.script=, sun.management.compiler=HotSpot 64-Bit Tiered Compilers, java.runtime.version=21.0.8+12-LTS-250, user.name=alumno, stdout.encoding=UTF-8, path.separator=;, hibernate.connection.username=****, os.version=10.0, java.runtime.name=Java(TM) SE Runtime Environment, hibernate.connection.url=jdbc:mysql://localhost:3307/accesoDatosDAM?useSSL=false&serverTimezone=UTC, file.encoding=UTF-8, java.vm.name=Java HotSpot(TM) 64-Bit Server VM, hibernate.show_sql=true, hibernate.connection.driver_class=com.mysql.cj.jdbc.Driver, java.vendor.url.bug=https://bugreport.java.com/bugreport/, java.io.tmpdir=C:\Users\alumno\AppData\Local\Temp\, java.version=21.0.8, user.dir=C:\Users\alumno\Desktop\SegundoDAM\Acceso a Datos\Hibernate, os.arch=amd64, java.vm.specification.name=Java Virtual Machine Specification, hibernate.connection.password=****, sun.os.patch.level=, hibernate.boot.CfgXmlAccessService.key=org.hibernate.boot.cfgxml.spi.LoadedConfig@67fa5045, native.encoding=Cp1252, java.library.path=C:\Program Files\Java\jdk-21\bin;C:\WINDOWS\Sun\Java\bin;C:\WINDOWS\system32;C:\WINDOWS;C:/Users/alumno/Desktop/sts-4.31.0.RELEASE//plugins/org.eclipse.justj.openjdk.hotspot.jre.full.win32.x86_64_21.0.7.v20250502-0916/jre/bin/server;C:/Users/alumno/Desktop/sts-4.31.0.RELEASE//plugins/org.eclipse.justj.openjdk.hotspot.jre.full.win32.x86_64_21.0.7.v20250502-0916/jre/bin;C:\Program Files\Common Files\Oracle\Java\javapath;C:\WINDOWS\system32;C:\WINDOWS;C:\WINDOWS\System32\Wbem;C:\WINDOWS\System32\WindowsPowerShell\v1.0\;C:\WINDOWS\System32\OpenSSH\;C:\Program Files\nodejs\;C:\Program Files\Docker\Docker\resources\bin;C:\Users\alumno\AppData\Local\Programs\Python\Python311\Scripts\;C:\Users\alumno\AppData\Local\Programs\Python\Python311\;C:\Users\alumno\AppData\Local\Programs\Python\Python313\Scripts\;C:\Users\alumno\AppData\Local\Programs\Python\Python313\;C:\Users\alumno\AppData\Local\Programs\Python\Launcher\;C:\Users\alumno\AppData\Local\Programs\Python\Python314\Scripts\;C:\Users\alumno\AppData\Local\Programs\Python\Python314\;C:\Users\alumno\AppData\Local\Microsoft\WindowsApps;C:\Users\alumno\AppData\Local\GitHubDesktop\bin;C:\Users\alumno\AppData\Local\Programs\Git\cmd;C:\Users\alumno\AppData\Local\Programs\Microsoft VS Code\bin;C:\Users\alumno\AppData\Local\Python\bin;C:\Users\alumno\AppData\Roaming\npm;C:\Users\alumno\Desktop\sts-4.31.0.RELEASE;;., stderr.encoding=UTF-8, java.vendor=Oracle Corporation, java.vm.info=mixed mode, sharing, java.vm.version=21.0.8+12-LTS-250, sun.io.unicode.encoding=UnicodeLittle, java.class.version=65.0}
2026-01-14 13:31:39.296 [main] DEBUG org.hibernate.internal.SessionFactoryImpl - Session factory constructed with filter configurations : {}
2026-01-14 13:31:39.327 [main] DEBUG org.hibernate.query.sqm.function.SqmFunctionRegistry - Registered SqmFunctionTemplate [NamedSqmFunctionTemplate(max)] under max; prior registration was null
2026-01-14 13:31:39.327 [main] DEBUG org.hibernate.query.sqm.function.SqmFunctionRegistry - Registered SqmFunctionTemplate [NamedSqmFunctionTemplate(min)] under min; prior registration was null
2026-01-14 13:31:39.328 [main] DEBUG org.hibernate.query.sqm.function.SqmFunctionRegistry - Registered SqmFunctionTemplate [NamedSqmFunctionTemplate(sum)] under sum; prior registration was null
2026-01-14 13:31:39.328 [main] DEBUG org.hibernate.query.sqm.function.SqmFunctionRegistry - Registered SqmFunctionTemplate [NamedSqmFunctionTemplate(avg)] under avg; prior registration was null
2026-01-14 13:31:39.329 [main] DEBUG org.hibernate.query.sqm.function.SqmFunctionRegistry - Registered SqmFunctionTemplate [org.hibernate.dialect.function.CountFunction@1f66d8e1] under count; prior registration was null
2026-01-14 13:31:39.330 [main] DEBUG org.hibernate.query.sqm.function.SqmFunctionRegistry - Registered SqmFunctionTemplate [org.hibernate.dialect.function.EveryAnyEmulation@202d9236] under every; prior registration was null
2026-01-14 13:31:39.330 [main] DEBUG org.hibernate.query.sqm.function.SqmFunctionRegistry - Registered SqmFunctionTemplate [org.hibernate.dialect.function.EveryAnyEmulation@1f782c05] under any; prior registration was null
2026-01-14 13:31:39.330 [main] DEBUG org.hibernate.query.sqm.function.SqmFunctionRegistry - Registered SqmFunctionTemplate [NamedSqmFunctionTemplate(floor)] under floor; prior registration was null
2026-01-14 13:31:39.330 [main] DEBUG org.hibernate.query.sqm.function.SqmFunctionRegistry - Registered SqmFunctionTemplate [NamedSqmFunctionTemplate(ceiling)] under ceiling; prior registration was null
2026-01-14 13:31:39.330 [main] DEBUG org.hibernate.query.sqm.function.SqmFunctionRegistry - Registered SqmFunctionTemplate [NamedSqmFunctionTemplate(mod)] under mod; prior registration was null
2026-01-14 13:31:39.330 [main] DEBUG org.hibernate.query.sqm.function.SqmFunctionRegistry - Registered SqmFunctionTemplate [NamedSqmFunctionTemplate(abs)] under abs; prior registration was null
2026-01-14 13:31:39.330 [main] DEBUG org.hibernate.query.sqm.function.SqmFunctionRegistry - Registered SqmFunctionTemplate [NamedSqmFunctionTemplate(sign)] under sign; prior registration was null
2026-01-14 13:31:39.330 [main] DEBUG org.hibernate.query.sqm.function.SqmFunctionRegistry - Registered SqmFunctionTemplate [NamedSqmFunctionTemplate(sqrt)] under sqrt; prior registration was null
2026-01-14 13:31:39.330 [main] DEBUG org.hibernate.query.sqm.function.SqmFunctionRegistry - Registered SqmFunctionTemplate [NamedSqmFunctionTemplate(ln)] under ln; prior registration was null
2026-01-14 13:31:39.330 [main] DEBUG org.hibernate.query.sqm.function.SqmFunctionRegistry - Registered SqmFunctionTemplate [NamedSqmFunctionTemplate(exp)] under exp; prior registration was null
2026-01-14 13:31:39.330 [main] DEBUG org.hibernate.query.sqm.function.SqmFunctionRegistry - Registered SqmFunctionTemplate [NamedSqmFunctionTemplate(power)] under power; prior registration was null
2026-01-14 13:31:39.331 [main] DEBUG org.hibernate.query.sqm.function.SqmFunctionRegistry - Registered SqmFunctionTemplate [NamedSqmFunctionTemplate(round)] under round; prior registration was null
2026-01-14 13:31:39.331 [main] DEBUG org.hibernate.query.sqm.function.SqmFunctionRegistry - Registered SqmFunctionTemplate [NamedSqmFunctionTemplate(sin)] under sin; prior registration was null
2026-01-14 13:31:39.331 [main] DEBUG org.hibernate.query.sqm.function.SqmFunctionRegistry - Registered SqmFunctionTemplate [NamedSqmFunctionTemplate(cos)] under cos; prior registration was null
2026-01-14 13:31:39.331 [main] DEBUG org.hibernate.query.sqm.function.SqmFunctionRegistry - Registered SqmFunctionTemplate [NamedSqmFunctionTemplate(tan)] under tan; prior registration was null
2026-01-14 13:31:39.331 [main] DEBUG org.hibernate.query.sqm.function.SqmFunctionRegistry - Registered SqmFunctionTemplate [NamedSqmFunctionTemplate(asin)] under asin; prior registration was null
2026-01-14 13:31:39.331 [main] DEBUG org.hibernate.query.sqm.function.SqmFunctionRegistry - Registered SqmFunctionTemplate [NamedSqmFunctionTemplate(acos)] under acos; prior registration was null
2026-01-14 13:31:39.331 [main] DEBUG org.hibernate.query.sqm.function.SqmFunctionRegistry - Registered SqmFunctionTemplate [NamedSqmFunctionTemplate(atan)] under atan; prior registration was null
2026-01-14 13:31:39.331 [main] DEBUG org.hibernate.query.sqm.function.SqmFunctionRegistry - Registered SqmFunctionTemplate [NamedSqmFunctionTemplate(atan2)] under atan2; prior registration was null
2026-01-14 13:31:39.333 [main] DEBUG org.hibernate.query.sqm.function.SqmFunctionRegistry - Registered SqmFunctionTemplate [org.hibernate.query.sqm.function.PatternBasedSqmFunctionDescriptor@35bfa1bb] under sinh; prior registration was null
2026-01-14 13:31:39.333 [main] DEBUG org.hibernate.query.sqm.function.SqmFunctionRegistry - Registered SqmFunctionTemplate [org.hibernate.query.sqm.function.PatternBasedSqmFunctionDescriptor@6b321262] under cosh; prior registration was null
2026-01-14 13:31:39.333 [main] DEBUG org.hibernate.query.sqm.function.SqmFunctionRegistry - Registered SqmFunctionTemplate [org.hibernate.query.sqm.function.PatternBasedSqmFunctionDescriptor@68b11545] under tanh; prior registration was null
2026-01-14 13:31:39.333 [main] DEBUG org.hibernate.query.sqm.function.SqmFunctionRegistry - Registered SqmFunctionTemplate [org.hibernate.query.sqm.function.PatternBasedSqmFunctionDescriptor@7d0100ea] under pi; prior registration was null
2026-01-14 13:31:39.333 [main] DEBUG org.hibernate.query.sqm.function.SqmFunctionRegistry - Registered SqmFunctionTemplate [org.hibernate.query.sqm.function.PatternBasedSqmFunctionDescriptor@357bc488] under log; prior registration was null
2026-01-14 13:31:39.333 [main] DEBUG org.hibernate.query.sqm.function.SqmFunctionRegistry - Registered SqmFunctionTemplate [NamedSqmFunctionTemplate(coalesce)] under coalesce; prior registration was null
2026-01-14 13:31:39.333 [main] DEBUG org.hibernate.query.sqm.function.SqmFunctionRegistry - Registered SqmFunctionTemplate [NamedSqmFunctionTemplate(nullif)] under nullif; prior registration was null
2026-01-14 13:31:39.333 [main] DEBUG org.hibernate.query.sqm.function.SqmFunctionRegistry - Registered SqmFunctionTemplate [NamedSqmFunctionTemplate(left)] under left; prior registration was null
2026-01-14 13:31:39.333 [main] DEBUG org.hibernate.query.sqm.function.SqmFunctionRegistry - Registered SqmFunctionTemplate [NamedSqmFunctionTemplate(right)] under right; prior registration was null
2026-01-14 13:31:39.333 [main] DEBUG org.hibernate.query.sqm.function.SqmFunctionRegistry - Registered SqmFunctionTemplate [NamedSqmFunctionTemplate(replace)] under replace; prior registration was null
2026-01-14 13:31:39.334 [main] DEBUG org.hibernate.query.sqm.function.SqmFunctionRegistry - Registered SqmFunctionTemplate [NamedSqmFunctionTemplate(concat)] under concat; prior registration was null
2026-01-14 13:31:39.334 [main] DEBUG org.hibernate.query.sqm.function.SqmFunctionRegistry - Registered SqmFunctionTemplate [NamedSqmFunctionTemplate(lower)] under lower; prior registration was null
2026-01-14 13:31:39.334 [main] DEBUG org.hibernate.query.sqm.function.SqmFunctionRegistry - Registered SqmFunctionTemplate [NamedSqmFunctionTemplate(upper)] under upper; prior registration was null
2026-01-14 13:31:39.334 [main] DEBUG org.hibernate.query.sqm.function.SqmFunctionRegistry - Registered SqmFunctionTemplate [NamedSqmFunctionTemplate(substring)] under substring; prior registration was null
2026-01-14 13:31:39.334 [main] DEBUG org.hibernate.query.sqm.function.SqmFunctionRegistry - Registered SqmFunctionTemplate [NamedSqmFunctionTemplate(locate)] under locate; prior registration was null
2026-01-14 13:31:39.334 [main] DEBUG org.hibernate.query.sqm.function.SqmFunctionRegistry - Registered SqmFunctionTemplate [NamedSqmFunctionTemplate(character_length)] under character_length; prior registration was null
2026-01-14 13:31:39.334 [main] DEBUG org.hibernate.query.sqm.function.SqmFunctionRegistry - Registering alternate key : length -> character_length
2026-01-14 13:31:39.334 [main] DEBUG org.hibernate.query.sqm.function.SqmFunctionRegistry - Registered SqmFunctionTemplate [org.hibernate.dialect.function.LocatePositionEmulation@35d26ad2] under position; prior registration was null
2026-01-14 13:31:39.335 [main] DEBUG org.hibernate.query.sqm.function.SqmFunctionRegistry - Registered SqmFunctionTemplate [org.hibernate.dialect.function.InsertSubstringOverlayEmulation@dd3f8aa] under overlay; prior registration was null
2026-01-14 13:31:39.336 [main] DEBUG org.hibernate.query.sqm.function.SqmFunctionRegistry - Registered SqmFunctionTemplate [org.hibernate.dialect.function.TrimFunction@52ca2652] under trim; prior registration was null
2026-01-14 13:31:39.336 [main] DEBUG org.hibernate.query.sqm.function.SqmFunctionRegistry - Registered SqmFunctionTemplate [org.hibernate.dialect.function.CastFunction@664e848c] under cast; prior registration was null
2026-01-14 13:31:39.336 [main] DEBUG org.hibernate.query.sqm.function.SqmFunctionRegistry - Registered SqmFunctionTemplate [org.hibernate.query.sqm.function.PatternBasedSqmFunctionDescriptor@4d93f75b] under collate; prior registration was null
2026-01-14 13:31:39.337 [main] DEBUG org.hibernate.query.sqm.function.SqmFunctionRegistry - Registered SqmFunctionTemplate [org.hibernate.dialect.function.ExtractFunction@f2b90fc] under extract; prior registration was null
2026-01-14 13:31:39.337 [main] DEBUG org.hibernate.query.sqm.function.SqmFunctionRegistry - Registered SqmFunctionTemplate [NamedSqmFunctionTemplate(least)] under least; prior registration was null
2026-01-14 13:31:39.337 [main] DEBUG org.hibernate.query.sqm.function.SqmFunctionRegistry - Registered SqmFunctionTemplate [NamedSqmFunctionTemplate(greatest)] under greatest; prior registration was null
2026-01-14 13:31:39.337 [main] DEBUG org.hibernate.query.sqm.function.SqmFunctionRegistry - Registered SqmFunctionTemplate [org.hibernate.dialect.function.CoalesceIfnullEmulation@2ed9f6f8] under ifnull; prior registration was null
2026-01-14 13:31:39.337 [main] DEBUG org.hibernate.query.sqm.function.SqmFunctionRegistry - Registered SqmFunctionTemplate [NamedSqmFunctionTemplate(lpad)] under lpad; prior registration was null
2026-01-14 13:31:39.337 [main] DEBUG org.hibernate.query.sqm.function.SqmFunctionRegistry - Registered SqmFunctionTemplate [NamedSqmFunctionTemplate(rpad)] under rpad; prior registration was null
2026-01-14 13:31:39.337 [main] DEBUG org.hibernate.query.sqm.function.SqmFunctionRegistry - Registered SqmFunctionTemplate [org.hibernate.dialect.function.LpadRpadPadEmulation@182e7eda] under pad; prior registration was null
2026-01-14 13:31:39.338 [main] DEBUG org.hibernate.query.sqm.function.SqmFunctionRegistry - Registered SqmFunctionTemplate [org.hibernate.dialect.function.CastStrEmulation@5921b93c] under str; prior registration was null
2026-01-14 13:31:39.338 [main] DEBUG org.hibernate.query.sqm.function.SqmFunctionRegistry - Registered SqmFunctionTemplate [org.hibernate.dialect.function.FormatFunction@b4732dc] under format; prior registration was null
2026-01-14 13:31:39.339 [main] DEBUG org.hibernate.query.sqm.function.SqmFunctionRegistry - Registered SqmFunctionTemplate [org.hibernate.dialect.function.TimestampaddFunction@1ad9b8d3] under timestampadd; prior registration was null
2026-01-14 13:31:39.339 [main] DEBUG org.hibernate.query.sqm.function.SqmFunctionRegistry - Registered SqmFunctionTemplate [org.hibernate.dialect.function.TimestampdiffFunction@55acec99] under timestampdiff; prior registration was null
2026-01-14 13:31:39.339 [main] DEBUG org.hibernate.query.sqm.function.SqmFunctionRegistry - Registering alternate key : dateadd -> timestampadd
2026-01-14 13:31:39.339 [main] DEBUG org.hibernate.query.sqm.function.SqmFunctionRegistry - Registering alternate key : datediff -> timestampdiff
2026-01-14 13:31:39.340 [main] DEBUG org.hibernate.query.sqm.function.SqmFunctionRegistry - Registered SqmFunctionTemplate [org.hibernate.dialect.function.CurrentFunction@4d464510] under current_date; prior registration was null
2026-01-14 13:31:39.340 [main] DEBUG org.hibernate.query.sqm.function.SqmFunctionRegistry - Registered SqmFunctionTemplate [org.hibernate.dialect.function.CurrentFunction@64e7d698] under current_time; prior registration was null
2026-01-14 13:31:39.340 [main] DEBUG org.hibernate.query.sqm.function.SqmFunctionRegistry - Registered SqmFunctionTemplate [org.hibernate.dialect.function.CurrentFunction@2519026b] under current_timestamp; prior registration was null
2026-01-14 13:31:39.340 [main] DEBUG org.hibernate.query.sqm.function.SqmFunctionRegistry - Registering alternate key : current date -> current_date
2026-01-14 13:31:39.340 [main] DEBUG org.hibernate.query.sqm.function.SqmFunctionRegistry - Registering alternate key : current time -> current_time
2026-01-14 13:31:39.340 [main] DEBUG org.hibernate.query.sqm.function.SqmFunctionRegistry - Registering alternate key : current timestamp -> current_timestamp
2026-01-14 13:31:39.340 [main] DEBUG org.hibernate.query.sqm.function.SqmFunctionRegistry - Registered SqmFunctionTemplate [org.hibernate.dialect.function.CurrentFunction@3f8dfe74] under local_date; prior registration was null
2026-01-14 13:31:39.340 [main] DEBUG org.hibernate.query.sqm.function.SqmFunctionRegistry - Registered SqmFunctionTemplate [org.hibernate.dialect.function.CurrentFunction@401c4250] under local_time; prior registration was null
2026-01-14 13:31:39.340 [main] DEBUG org.hibernate.query.sqm.function.SqmFunctionRegistry - Registered SqmFunctionTemplate [org.hibernate.dialect.function.CurrentFunction@1a950fdd] under local_datetime; prior registration was null
2026-01-14 13:31:39.340 [main] DEBUG org.hibernate.query.sqm.function.SqmFunctionRegistry - Registered SqmFunctionTemplate [org.hibernate.dialect.function.CurrentFunction@77724cbe] under offset_datetime; prior registration was null
2026-01-14 13:31:39.340 [main] DEBUG org.hibernate.query.sqm.function.SqmFunctionRegistry - Registering alternate key : local date -> local_date
2026-01-14 13:31:39.340 [main] DEBUG org.hibernate.query.sqm.function.SqmFunctionRegistry - Registering alternate key : local time -> local_time
2026-01-14 13:31:39.340 [main] DEBUG org.hibernate.query.sqm.function.SqmFunctionRegistry - Registering alternate key : local datetime -> local_datetime
2026-01-14 13:31:39.340 [main] DEBUG org.hibernate.query.sqm.function.SqmFunctionRegistry - Registering alternate key : offset datetime -> offset_datetime
2026-01-14 13:31:39.340 [main] DEBUG org.hibernate.query.sqm.function.SqmFunctionRegistry - Registered SqmFunctionTemplate [org.hibernate.dialect.function.CurrentFunction@27dc627a] under instant; prior registration was null
2026-01-14 13:31:39.340 [main] DEBUG org.hibernate.query.sqm.function.SqmFunctionRegistry - Registering alternate key : current_instant -> instant
2026-01-14 13:31:39.340 [main] DEBUG org.hibernate.query.sqm.function.SqmFunctionRegistry - Registered SqmFunctionTemplate [org.hibernate.dialect.function.SqlFunction@16d07cf3] under sql; prior registration was null
2026-01-14 13:31:39.340 [main] DEBUG org.hibernate.query.sqm.function.SqmFunctionRegistry - Registered SqmFunctionTemplate [NamedSqmFunctionTemplate(soundex)] under soundex; prior registration was null
2026-01-14 13:31:39.341 [main] DEBUG org.hibernate.query.sqm.function.SqmFunctionRegistry - Registered SqmFunctionTemplate [NamedSqmFunctionTemplate(radians)] under radians; prior registration was null
2026-01-14 13:31:39.341 [main] DEBUG org.hibernate.query.sqm.function.SqmFunctionRegistry - Registered SqmFunctionTemplate [NamedSqmFunctionTemplate(degrees)] under degrees; prior registration was null
2026-01-14 13:31:39.341 [main] DEBUG org.hibernate.query.sqm.function.SqmFunctionRegistry - Registered SqmFunctionTemplate [NamedSqmFunctionTemplate(cot)] under cot; prior registration was null
2026-01-14 13:31:39.341 [main] DEBUG org.hibernate.query.sqm.function.SqmFunctionRegistry - Registered SqmFunctionTemplate [NamedSqmFunctionTemplate(log)] under log; prior registration was org.hibernate.query.sqm.function.PatternBasedSqmFunctionDescriptor@357bc488
2026-01-14 13:31:39.341 [main] DEBUG org.hibernate.query.sqm.function.SqmFunctionRegistry - Registered SqmFunctionTemplate [NamedSqmFunctionTemplate(log2)] under log2; prior registration was null
2026-01-14 13:31:39.341 [main] DEBUG org.hibernate.query.sqm.function.SqmFunctionRegistry - Registered SqmFunctionTemplate [NamedSqmFunctionTemplate(log10)] under log10; prior registration was null
2026-01-14 13:31:39.341 [main] DEBUG org.hibernate.query.sqm.function.SqmFunctionRegistry - Registered SqmFunctionTemplate [NamedSqmFunctionTemplate(ltrim)] under ltrim; prior registration was null
2026-01-14 13:31:39.341 [main] DEBUG org.hibernate.query.sqm.function.SqmFunctionRegistry - Registered SqmFunctionTemplate [NamedSqmFunctionTemplate(rtrim)] under rtrim; prior registration was null
2026-01-14 13:31:39.341 [main] DEBUG org.hibernate.query.sqm.function.SqmFunctionRegistry - Registered SqmFunctionTemplate [NamedSqmFunctionTemplate(octet_length)] under octet_length; prior registration was null
2026-01-14 13:31:39.341 [main] DEBUG org.hibernate.query.sqm.function.SqmFunctionRegistry - Registered SqmFunctionTemplate [NamedSqmFunctionTemplate(reverse)] under reverse; prior registration was null
2026-01-14 13:31:39.341 [main] DEBUG org.hibernate.query.sqm.function.SqmFunctionRegistry - Registered SqmFunctionTemplate [NamedSqmFunctionTemplate(space)] under space; prior registration was null
2026-01-14 13:31:39.341 [main] DEBUG org.hibernate.query.sqm.function.SqmFunctionRegistry - Registered SqmFunctionTemplate [NamedSqmFunctionTemplate(repeat)] under repeat; prior registration was null
2026-01-14 13:31:39.341 [main] DEBUG org.hibernate.query.sqm.function.SqmFunctionRegistry - Registered SqmFunctionTemplate [org.hibernate.query.sqm.function.MultipatternSqmFunctionDescriptor@733fb462] under lpad; prior registration was NamedSqmFunctionTemplate(lpad)
2026-01-14 13:31:39.341 [main] DEBUG org.hibernate.query.sqm.function.SqmFunctionRegistry - Registered SqmFunctionTemplate [org.hibernate.query.sqm.function.MultipatternSqmFunctionDescriptor@623e0631] under rpad; prior registration was NamedSqmFunctionTemplate(rpad)
2026-01-14 13:31:39.341 [main] DEBUG org.hibernate.query.sqm.function.SqmFunctionRegistry - Registered SqmFunctionTemplate [NamedSqmFunctionTemplate(md5)] under md5; prior registration was null
2026-01-14 13:31:39.341 [main] DEBUG org.hibernate.query.sqm.function.SqmFunctionRegistry - Registered SqmFunctionTemplate [NamedSqmFunctionTemplate(day)] under day; prior registration was null
2026-01-14 13:31:39.341 [main] DEBUG org.hibernate.query.sqm.function.SqmFunctionRegistry - Registered SqmFunctionTemplate [NamedSqmFunctionTemplate(month)] under month; prior registration was null
2026-01-14 13:31:39.341 [main] DEBUG org.hibernate.query.sqm.function.SqmFunctionRegistry - Registered SqmFunctionTemplate [NamedSqmFunctionTemplate(year)] under year; prior registration was null
2026-01-14 13:31:39.341 [main] DEBUG org.hibernate.query.sqm.function.SqmFunctionRegistry - Registered SqmFunctionTemplate [NamedSqmFunctionTemplate(hour)] under hour; prior registration was null
2026-01-14 13:31:39.341 [main] DEBUG org.hibernate.query.sqm.function.SqmFunctionRegistry - Registered SqmFunctionTemplate [NamedSqmFunctionTemplate(minute)] under minute; prior registration was null
2026-01-14 13:31:39.341 [main] DEBUG org.hibernate.query.sqm.function.SqmFunctionRegistry - Registered SqmFunctionTemplate [NamedSqmFunctionTemplate(second)] under second; prior registration was null
2026-01-14 13:31:39.343 [main] DEBUG org.hibernate.query.sqm.function.SqmFunctionRegistry - Registered SqmFunctionTemplate [NamedSqmFunctionTemplate(microsecond)] under microsecond; prior registration was null
2026-01-14 13:31:39.343 [main] DEBUG org.hibernate.query.sqm.function.SqmFunctionRegistry - Registered SqmFunctionTemplate [NamedSqmFunctionTemplate(dayofweek)] under dayofweek; prior registration was null
2026-01-14 13:31:39.343 [main] DEBUG org.hibernate.query.sqm.function.SqmFunctionRegistry - Registered SqmFunctionTemplate [NamedSqmFunctionTemplate(dayofmonth)] under dayofmonth; prior registration was null
2026-01-14 13:31:39.343 [main] DEBUG org.hibernate.query.sqm.function.SqmFunctionRegistry - Registering alternate key : day -> dayofmonth
2026-01-14 13:31:39.343 [main] DEBUG org.hibernate.query.sqm.function.SqmFunctionRegistry - Registered SqmFunctionTemplate [NamedSqmFunctionTemplate(dayofyear)] under dayofyear; prior registration was null
2026-01-14 13:31:39.343 [main] DEBUG org.hibernate.query.sqm.function.SqmFunctionRegistry - Registered SqmFunctionTemplate [NamedSqmFunctionTemplate(week)] under week; prior registration was null
2026-01-14 13:31:39.343 [main] DEBUG org.hibernate.query.sqm.function.SqmFunctionRegistry - Registered SqmFunctionTemplate [NamedSqmFunctionTemplate(quarter)] under quarter; prior registration was null
2026-01-14 13:31:39.343 [main] DEBUG org.hibernate.query.sqm.function.SqmFunctionRegistry - Registered SqmFunctionTemplate [NamedSqmFunctionTemplate(monthname)] under monthname; prior registration was null
2026-01-14 13:31:39.343 [main] DEBUG org.hibernate.query.sqm.function.SqmFunctionRegistry - Registered SqmFunctionTemplate [NamedSqmFunctionTemplate(dayname)] under dayname; prior registration was null
2026-01-14 13:31:39.343 [main] DEBUG org.hibernate.query.sqm.function.SqmFunctionRegistry - Registered SqmFunctionTemplate [NamedSqmFunctionTemplate(last_day)] under last_day; prior registration was null
2026-01-14 13:31:39.343 [main] DEBUG org.hibernate.query.sqm.function.SqmFunctionRegistry - Registered SqmFunctionTemplate [NamedSqmFunctionTemplate(date)] under date; prior registration was null
2026-01-14 13:31:39.343 [main] DEBUG org.hibernate.query.sqm.function.SqmFunctionRegistry - Registered SqmFunctionTemplate [NamedSqmFunctionTemplate(timestamp)] under timestamp; prior registration was null
2026-01-14 13:31:39.343 [main] DEBUG org.hibernate.query.sqm.function.SqmFunctionRegistry - Registered SqmFunctionTemplate [NamedSqmFunctionTemplate(time)] under time; prior registration was null
2026-01-14 13:31:39.343 [main] DEBUG org.hibernate.query.sqm.function.SqmFunctionRegistry - Registered SqmFunctionTemplate [NamedSqmFunctionTemplate(utc_date)] under utc_date; prior registration was null
2026-01-14 13:31:39.343 [main] DEBUG org.hibernate.query.sqm.function.SqmFunctionRegistry - Registered SqmFunctionTemplate [NamedSqmFunctionTemplate(utc_time)] under utc_time; prior registration was null
2026-01-14 13:31:39.343 [main] DEBUG org.hibernate.query.sqm.function.SqmFunctionRegistry - Registered SqmFunctionTemplate [NamedSqmFunctionTemplate(utc_timestamp)] under utc_timestamp; prior registration was null
2026-01-14 13:31:39.343 [main] DEBUG org.hibernate.query.sqm.function.SqmFunctionRegistry - Registered SqmFunctionTemplate [NamedSqmFunctionTemplate(rand)] under rand; prior registration was null
2026-01-14 13:31:39.343 [main] DEBUG org.hibernate.query.sqm.function.SqmFunctionRegistry - Registered SqmFunctionTemplate [NamedSqmFunctionTemplate(crc32)] under crc32; prior registration was null
2026-01-14 13:31:39.343 [main] DEBUG org.hibernate.query.sqm.function.SqmFunctionRegistry - Registered SqmFunctionTemplate [NamedSqmFunctionTemplate(sha1)] under sha1; prior registration was null
2026-01-14 13:31:39.343 [main] DEBUG org.hibernate.query.sqm.function.SqmFunctionRegistry - Registered SqmFunctionTemplate [NamedSqmFunctionTemplate(sha2)] under sha2; prior registration was null
2026-01-14 13:31:39.343 [main] DEBUG org.hibernate.query.sqm.function.SqmFunctionRegistry - Registered SqmFunctionTemplate [NamedSqmFunctionTemplate(sha)] under sha; prior registration was null
2026-01-14 13:31:39.343 [main] DEBUG org.hibernate.query.sqm.function.SqmFunctionRegistry - Registered SqmFunctionTemplate [NamedSqmFunctionTemplate(bit_length)] under bit_length; prior registration was null
2026-01-14 13:31:39.343 [main] DEBUG org.hibernate.query.sqm.function.SqmFunctionRegistry - Registered SqmFunctionTemplate [NamedSqmFunctionTemplate(octet_length)] under octet_length; prior registration was NamedSqmFunctionTemplate(octet_length)
2026-01-14 13:31:39.343 [main] DEBUG org.hibernate.query.sqm.function.SqmFunctionRegistry - Registered SqmFunctionTemplate [NamedSqmFunctionTemplate(ascii)] under ascii; prior registration was null
2026-01-14 13:31:39.343 [main] DEBUG org.hibernate.query.sqm.function.SqmFunctionRegistry - Registered SqmFunctionTemplate [NamedSqmFunctionTemplate(instr)] under instr; prior registration was null
2026-01-14 13:31:39.344 [main] DEBUG org.hibernate.query.sqm.function.SqmFunctionRegistry - Registered SqmFunctionTemplate [NamedSqmFunctionTemplate(substr)] under substr; prior registration was null
2026-01-14 13:31:39.344 [main] DEBUG org.hibernate.query.sqm.function.SqmFunctionRegistry - Registered SqmFunctionTemplate [org.hibernate.query.sqm.function.PatternBasedSqmFunctionDescriptor@359066bc] under position; prior registration was org.hibernate.dialect.function.LocatePositionEmulation@35d26ad2
2026-01-14 13:31:39.344 [main] DEBUG org.hibernate.query.sqm.function.SqmFunctionRegistry - Registered SqmFunctionTemplate [NamedSqmFunctionTemplate(curtime)] under curtime; prior registration was null
2026-01-14 13:31:39.344 [main] DEBUG org.hibernate.query.sqm.function.SqmFunctionRegistry - Registered SqmFunctionTemplate [NamedSqmFunctionTemplate(curdate)] under curdate; prior registration was null
2026-01-14 13:31:39.344 [main] DEBUG org.hibernate.query.sqm.function.SqmFunctionRegistry - Registered SqmFunctionTemplate [NamedSqmFunctionTemplate(now)] under now; prior registration was null
2026-01-14 13:31:39.349 [main] DEBUG org.hibernate.query.sqm.function.SqmFunctionRegistry - Registered SqmFunctionTemplate [org.hibernate.dialect.function.TruncFunction@4bf80c29] under trunc; prior registration was null
2026-01-14 13:31:39.349 [main] DEBUG org.hibernate.query.sqm.function.SqmFunctionRegistry - Registering alternate key : truncate -> trunc
2026-01-14 13:31:39.349 [main] DEBUG org.hibernate.query.sqm.function.SqmFunctionRegistry - Registered SqmFunctionTemplate [NamedSqmFunctionTemplate(insert)] under insert; prior registration was null
2026-01-14 13:31:39.349 [main] DEBUG org.hibernate.query.sqm.function.SqmFunctionRegistry - Registered SqmFunctionTemplate [org.hibernate.query.sqm.function.PatternBasedSqmFunctionDescriptor@2d7637e6] under bitand; prior registration was null
2026-01-14 13:31:39.349 [main] DEBUG org.hibernate.query.sqm.function.SqmFunctionRegistry - Registered SqmFunctionTemplate [org.hibernate.query.sqm.function.PatternBasedSqmFunctionDescriptor@515b9d4a] under bitor; prior registration was null
2026-01-14 13:31:39.349 [main] DEBUG org.hibernate.query.sqm.function.SqmFunctionRegistry - Registered SqmFunctionTemplate [org.hibernate.query.sqm.function.PatternBasedSqmFunctionDescriptor@39b626e5] under bitxor; prior registration was null
2026-01-14 13:31:39.349 [main] DEBUG org.hibernate.query.sqm.function.SqmFunctionRegistry - Registered SqmFunctionTemplate [org.hibernate.query.sqm.function.PatternBasedSqmFunctionDescriptor@32a4ecbe] under bitnot; prior registration was null
2026-01-14 13:31:39.349 [main] DEBUG org.hibernate.query.sqm.function.SqmFunctionRegistry - Registered SqmFunctionTemplate [NamedSqmFunctionTemplate(bit_and)] under bit_and; prior registration was null
2026-01-14 13:31:39.349 [main] DEBUG org.hibernate.query.sqm.function.SqmFunctionRegistry - Registered SqmFunctionTemplate [NamedSqmFunctionTemplate(bit_or)] under bit_or; prior registration was null
2026-01-14 13:31:39.349 [main] DEBUG org.hibernate.query.sqm.function.SqmFunctionRegistry - Registered SqmFunctionTemplate [NamedSqmFunctionTemplate(stddev)] under stddev; prior registration was null
2026-01-14 13:31:39.350 [main] DEBUG org.hibernate.query.sqm.function.SqmFunctionRegistry - Registered SqmFunctionTemplate [NamedSqmFunctionTemplate(stddev_pop)] under stddev_pop; prior registration was null
2026-01-14 13:31:39.350 [main] DEBUG org.hibernate.query.sqm.function.SqmFunctionRegistry - Registered SqmFunctionTemplate [NamedSqmFunctionTemplate(stddev_samp)] under stddev_samp; prior registration was null
2026-01-14 13:31:39.350 [main] DEBUG org.hibernate.query.sqm.function.SqmFunctionRegistry - Registered SqmFunctionTemplate [NamedSqmFunctionTemplate(variance)] under variance; prior registration was null
2026-01-14 13:31:39.350 [main] DEBUG org.hibernate.query.sqm.function.SqmFunctionRegistry - Registered SqmFunctionTemplate [NamedSqmFunctionTemplate(var_pop)] under var_pop; prior registration was null
2026-01-14 13:31:39.350 [main] DEBUG org.hibernate.query.sqm.function.SqmFunctionRegistry - Registered SqmFunctionTemplate [NamedSqmFunctionTemplate(var_samp)] under var_samp; prior registration was null
2026-01-14 13:31:39.350 [main] DEBUG org.hibernate.query.sqm.function.SqmFunctionRegistry - Registered SqmFunctionTemplate [NamedSqmFunctionTemplate(datediff)] under datediff; prior registration was null
2026-01-14 13:31:39.350 [main] DEBUG org.hibernate.query.sqm.function.SqmFunctionRegistry - Registered SqmFunctionTemplate [NamedSqmFunctionTemplate(adddate)] under adddate; prior registration was null
2026-01-14 13:31:39.350 [main] DEBUG org.hibernate.query.sqm.function.SqmFunctionRegistry - Registered SqmFunctionTemplate [NamedSqmFunctionTemplate(subdate)] under subdate; prior registration was null
2026-01-14 13:31:39.350 [main] DEBUG org.hibernate.query.sqm.function.SqmFunctionRegistry - Registered SqmFunctionTemplate [NamedSqmFunctionTemplate(addtime)] under addtime; prior registration was null
2026-01-14 13:31:39.350 [main] DEBUG org.hibernate.query.sqm.function.SqmFunctionRegistry - Registered SqmFunctionTemplate [NamedSqmFunctionTemplate(subtime)] under subtime; prior registration was null
2026-01-14 13:31:39.350 [main] DEBUG org.hibernate.query.sqm.function.SqmFunctionRegistry - Registered SqmFunctionTemplate [org.hibernate.dialect.function.FormatFunction@2e71240b] under format; prior registration was org.hibernate.dialect.function.FormatFunction@b4732dc
2026-01-14 13:31:39.350 [main] DEBUG org.hibernate.query.sqm.function.SqmFunctionRegistry - Registered SqmFunctionTemplate [NamedSqmFunctionTemplate(makedate)] under makedate; prior registration was null
2026-01-14 13:31:39.350 [main] DEBUG org.hibernate.query.sqm.function.SqmFunctionRegistry - Registered SqmFunctionTemplate [NamedSqmFunctionTemplate(maketime)] under maketime; prior registration was null
2026-01-14 13:31:39.350 [main] DEBUG org.hibernate.query.sqm.function.SqmFunctionRegistry - Registered SqmFunctionTemplate [NamedSqmFunctionTemplate(localtime)] under localtime; prior registration was null
2026-01-14 13:31:39.350 [main] DEBUG org.hibernate.query.sqm.function.SqmFunctionRegistry - Registered SqmFunctionTemplate [NamedSqmFunctionTemplate(localtimestamp)] under localtimestamp; prior registration was null
2026-01-14 13:31:39.350 [main] DEBUG org.hibernate.query.sqm.function.SqmFunctionRegistry - Registered SqmFunctionTemplate [NamedSqmFunctionTemplate(localtime)] under local_time; prior registration was org.hibernate.dialect.function.CurrentFunction@401c4250
2026-01-14 13:31:39.350 [main] DEBUG org.hibernate.query.sqm.function.SqmFunctionRegistry - Registered SqmFunctionTemplate [NamedSqmFunctionTemplate(localtimestamp)] under local_datetime; prior registration was org.hibernate.dialect.function.CurrentFunction@1a950fdd
2026-01-14 13:31:39.351 [main] DEBUG org.hibernate.query.sqm.function.SqmFunctionRegistry - Registered SqmFunctionTemplate [NamedSqmFunctionTemplate(localtime)] under localtime; prior registration was NamedSqmFunctionTemplate(localtime)
2026-01-14 13:31:39.351 [main] DEBUG org.hibernate.query.sqm.function.SqmFunctionRegistry - Registered SqmFunctionTemplate [org.hibernate.query.sqm.function.PatternBasedSqmFunctionDescriptor@23cd5d42] under pi; prior registration was org.hibernate.query.sqm.function.PatternBasedSqmFunctionDescriptor@7d0100ea
2026-01-14 13:31:39.351 [main] DEBUG org.hibernate.query.sqm.function.SqmFunctionRegistry - Registered SqmFunctionTemplate [org.hibernate.query.sqm.function.PatternBasedSqmFunctionDescriptor@2b44d6d0] under chr; prior registration was null
2026-01-14 13:31:39.351 [main] DEBUG org.hibernate.query.sqm.function.SqmFunctionRegistry - Registering alternate key : char -> chr
2026-01-14 13:31:39.351 [main] DEBUG org.hibernate.query.sqm.function.SqmFunctionRegistry - Registered SqmFunctionTemplate [org.hibernate.query.sqm.function.PatternBasedSqmFunctionDescriptor@3e900e1a] under sysdate; prior registration was null
2026-01-14 13:31:39.351 [main] DEBUG org.hibernate.query.sqm.function.SqmFunctionRegistry - Registered SqmFunctionTemplate [NamedSqmFunctionTemplate(row_number)] under row_number; prior registration was null
2026-01-14 13:31:39.351 [main] DEBUG org.hibernate.query.sqm.function.SqmFunctionRegistry - Registered SqmFunctionTemplate [NamedSqmFunctionTemplate(lag)] under lag; prior registration was null
2026-01-14 13:31:39.351 [main] DEBUG org.hibernate.query.sqm.function.SqmFunctionRegistry - Registered SqmFunctionTemplate [NamedSqmFunctionTemplate(lead)] under lead; prior registration was null
2026-01-14 13:31:39.351 [main] DEBUG org.hibernate.query.sqm.function.SqmFunctionRegistry - Registered SqmFunctionTemplate [NamedSqmFunctionTemplate(first_value)] under first_value; prior registration was null
2026-01-14 13:31:39.351 [main] DEBUG org.hibernate.query.sqm.function.SqmFunctionRegistry - Registered SqmFunctionTemplate [NamedSqmFunctionTemplate(last_value)] under last_value; prior registration was null
2026-01-14 13:31:39.351 [main] DEBUG org.hibernate.query.sqm.function.SqmFunctionRegistry - Registered SqmFunctionTemplate [NamedSqmFunctionTemplate(nth_value)] under nth_value; prior registration was null
2026-01-14 13:31:39.352 [main] DEBUG org.hibernate.query.sqm.function.SqmFunctionRegistry - Registered SqmFunctionTemplate [org.hibernate.dialect.function.HypotheticalSetWindowEmulation@365afe87] under rank; prior registration was null
2026-01-14 13:31:39.352 [main] DEBUG org.hibernate.query.sqm.function.SqmFunctionRegistry - Registered SqmFunctionTemplate [org.hibernate.dialect.function.HypotheticalSetWindowEmulation@43471a7e] under dense_rank; prior registration was null
2026-01-14 13:31:39.352 [main] DEBUG org.hibernate.query.sqm.function.SqmFunctionRegistry - Registered SqmFunctionTemplate [org.hibernate.dialect.function.HypotheticalSetWindowEmulation@21e45a6f] under percent_rank; prior registration was null
2026-01-14 13:31:39.352 [main] DEBUG org.hibernate.query.sqm.function.SqmFunctionRegistry - Registered SqmFunctionTemplate [org.hibernate.dialect.function.HypotheticalSetWindowEmulation@1a1ccaaf] under cume_dist; prior registration was null
2026-01-14 13:31:39.353 [main] DEBUG org.hibernate.query.sqm.function.SqmFunctionRegistry - Registered SqmFunctionTemplate [org.hibernate.dialect.function.ListaggGroupConcatEmulation@7fbd3e75] under listagg; prior registration was null
2026-01-14 13:31:39.354 [main] DEBUG org.hibernate.HQL_FUNCTIONS - abs(NUMERIC arg)
2026-01-14 13:31:39.354 [main] DEBUG org.hibernate.HQL_FUNCTIONS - Double acos(NUMERIC arg)
2026-01-14 13:31:39.354 [main] DEBUG org.hibernate.HQL_FUNCTIONS - adddate(DATE datetime, INTEGER days)
2026-01-14 13:31:39.354 [main] DEBUG org.hibernate.HQL_FUNCTIONS - addtime(TIME datetime, TIME time)
2026-01-14 13:31:39.354 [main] DEBUG org.hibernate.HQL_FUNCTIONS - Boolean any(BOOLEAN arg)
2026-01-14 13:31:39.354 [main] DEBUG org.hibernate.HQL_FUNCTIONS - Integer ascii(STRING arg)
2026-01-14 13:31:39.354 [main] DEBUG org.hibernate.HQL_FUNCTIONS - Double asin(NUMERIC arg)
2026-01-14 13:31:39.354 [main] DEBUG org.hibernate.HQL_FUNCTIONS - Double atan(NUMERIC arg)
2026-01-14 13:31:39.354 [main] DEBUG org.hibernate.HQL_FUNCTIONS - Double atan2(NUMERIC arg0, NUMERIC arg1)
2026-01-14 13:31:39.354 [main] DEBUG org.hibernate.HQL_FUNCTIONS - avg(arg)
2026-01-14 13:31:39.354 [main] DEBUG org.hibernate.HQL_FUNCTIONS - bit_and(arg)
2026-01-14 13:31:39.354 [main] DEBUG org.hibernate.HQL_FUNCTIONS - Integer bit_length(STRING_OR_CLOB arg)
2026-01-14 13:31:39.354 [main] DEBUG org.hibernate.HQL_FUNCTIONS - bit_or(arg)
2026-01-14 13:31:39.354 [main] DEBUG org.hibernate.HQL_FUNCTIONS - bitand(arg0, arg1)
2026-01-14 13:31:39.354 [main] DEBUG org.hibernate.HQL_FUNCTIONS - bitnot(arg)
2026-01-14 13:31:39.354 [main] DEBUG org.hibernate.HQL_FUNCTIONS - bitor(arg0, arg1)
2026-01-14 13:31:39.354 [main] DEBUG org.hibernate.HQL_FUNCTIONS - bitxor(arg0, arg1)
2026-01-14 13:31:39.354 [main] DEBUG org.hibernate.HQL_FUNCTIONS - cast(arg as Type)
2026-01-14 13:31:39.354 [main] DEBUG org.hibernate.HQL_FUNCTIONS - ceiling(NUMERIC arg)
2026-01-14 13:31:39.354 [main] DEBUG org.hibernate.HQL_FUNCTIONS - Character char(INTEGER arg)
2026-01-14 13:31:39.355 [main] DEBUG org.hibernate.HQL_FUNCTIONS - Integer character_length(STRING_OR_CLOB arg)
2026-01-14 13:31:39.355 [main] DEBUG org.hibernate.HQL_FUNCTIONS - Character chr(INTEGER arg)
2026-01-14 13:31:39.355 [main] DEBUG org.hibernate.HQL_FUNCTIONS - coalesce(arg0[, arg1[, ...]])
2026-01-14 13:31:39.355 [main] DEBUG org.hibernate.HQL_FUNCTIONS - String collate(STRING string as COLLATION collation)
2026-01-14 13:31:39.355 [main] DEBUG org.hibernate.HQL_FUNCTIONS - String concat(STRING string0[, STRING string1[, ...]])
2026-01-14 13:31:39.355 [main] DEBUG org.hibernate.HQL_FUNCTIONS - Double cos(NUMERIC arg)
2026-01-14 13:31:39.355 [main] DEBUG org.hibernate.HQL_FUNCTIONS - Double cosh(NUMERIC arg)
2026-01-14 13:31:39.355 [main] DEBUG org.hibernate.HQL_FUNCTIONS - Double cot(NUMERIC arg)
2026-01-14 13:31:39.355 [main] DEBUG org.hibernate.HQL_FUNCTIONS - Long count([distinct ]{arg|*})
2026-01-14 13:31:39.355 [main] DEBUG org.hibernate.HQL_FUNCTIONS - Integer crc32(arg)
2026-01-14 13:31:39.355 [main] DEBUG org.hibernate.HQL_FUNCTIONS - Double cume_dist([arg0[, ...]])
2026-01-14 13:31:39.355 [main] DEBUG org.hibernate.HQL_FUNCTIONS - Date curdate()
2026-01-14 13:31:39.355 [main] DEBUG org.hibernate.HQL_FUNCTIONS - Date current date
2026-01-14 13:31:39.355 [main] DEBUG org.hibernate.HQL_FUNCTIONS - Time current time
2026-01-14 13:31:39.355 [main] DEBUG org.hibernate.HQL_FUNCTIONS - Timestamp current timestamp
2026-01-14 13:31:39.355 [main] DEBUG org.hibernate.HQL_FUNCTIONS - Date current_date
2026-01-14 13:31:39.355 [main] DEBUG org.hibernate.HQL_FUNCTIONS - Instant current_instant
2026-01-14 13:31:39.355 [main] DEBUG org.hibernate.HQL_FUNCTIONS - Time current_time
2026-01-14 13:31:39.355 [main] DEBUG org.hibernate.HQL_FUNCTIONS - Timestamp current_timestamp
2026-01-14 13:31:39.355 [main] DEBUG org.hibernate.HQL_FUNCTIONS - Time curtime()
2026-01-14 13:31:39.355 [main] DEBUG org.hibernate.HQL_FUNCTIONS - Date date(arg)
2026-01-14 13:31:39.355 [main] DEBUG org.hibernate.HQL_FUNCTIONS - dateadd(TEMPORAL_UNIT field, INTEGER magnitude, TEMPORAL datetime)
2026-01-14 13:31:39.355 [main] DEBUG org.hibernate.HQL_FUNCTIONS - Integer datediff(DATE end, DATE start)
2026-01-14 13:31:39.355 [main] DEBUG org.hibernate.HQL_FUNCTIONS - Integer day(DATE arg)
2026-01-14 13:31:39.355 [main] DEBUG org.hibernate.HQL_FUNCTIONS - String dayname(DATE arg)
2026-01-14 13:31:39.355 [main] DEBUG org.hibernate.HQL_FUNCTIONS - Integer dayofmonth(DATE arg)
2026-01-14 13:31:39.355 [main] DEBUG org.hibernate.HQL_FUNCTIONS - Integer dayofweek(DATE arg)
2026-01-14 13:31:39.355 [main] DEBUG org.hibernate.HQL_FUNCTIONS - Integer dayofyear(DATE arg)
2026-01-14 13:31:39.355 [main] DEBUG org.hibernate.HQL_FUNCTIONS - Double degrees(NUMERIC arg)
2026-01-14 13:31:39.355 [main] DEBUG org.hibernate.HQL_FUNCTIONS - Long dense_rank([arg0[, ...]])
2026-01-14 13:31:39.355 [main] DEBUG org.hibernate.HQL_FUNCTIONS - Boolean every(BOOLEAN arg)
2026-01-14 13:31:39.355 [main] DEBUG org.hibernate.HQL_FUNCTIONS - Double exp(NUMERIC arg)
2026-01-14 13:31:39.355 [main] DEBUG org.hibernate.HQL_FUNCTIONS - extract(TEMPORAL_UNIT field from TEMPORAL arg)
2026-01-14 13:31:39.355 [main] DEBUG org.hibernate.HQL_FUNCTIONS - first_valueANY value
2026-01-14 13:31:39.355 [main] DEBUG org.hibernate.HQL_FUNCTIONS - floor(NUMERIC arg)
2026-01-14 13:31:39.355 [main] DEBUG org.hibernate.HQL_FUNCTIONS - String format(TEMPORAL datetime as STRING pattern)
2026-01-14 13:31:39.356 [main] DEBUG org.hibernate.HQL_FUNCTIONS - greatest(COMPARABLE arg0, COMPARABLE arg1[, arg2[, ...]])
2026-01-14 13:31:39.356 [main] DEBUG org.hibernate.HQL_FUNCTIONS - Integer hour(TIME arg)
2026-01-14 13:31:39.356 [main] DEBUG org.hibernate.HQL_FUNCTIONS - ifnull(arg0, arg1)
2026-01-14 13:31:39.356 [main] DEBUG org.hibernate.HQL_FUNCTIONS - String insert(STRING string, INTEGER start, INTEGER length, STRING replacement)
2026-01-14 13:31:39.356 [main] DEBUG org.hibernate.HQL_FUNCTIONS - Instant instant
2026-01-14 13:31:39.356 [main] DEBUG org.hibernate.HQL_FUNCTIONS - Integer instr(STRING string, STRING pattern[, INTEGER start[, INTEGER occurrence]])
2026-01-14 13:31:39.356 [main] DEBUG org.hibernate.HQL_FUNCTIONS - lagANY value[, INTEGER offset[, ANY default]]
2026-01-14 13:31:39.356 [main] DEBUG org.hibernate.HQL_FUNCTIONS - Date last_day(DATE arg)
2026-01-14 13:31:39.356 [main] DEBUG org.hibernate.HQL_FUNCTIONS - last_valueANY value
2026-01-14 13:31:39.356 [main] DEBUG org.hibernate.HQL_FUNCTIONS - leadANY value[, INTEGER offset[, ANY default]]
2026-01-14 13:31:39.356 [main] DEBUG org.hibernate.HQL_FUNCTIONS - least(COMPARABLE arg0, COMPARABLE arg1[, arg2[, ...]])
2026-01-14 13:31:39.356 [main] DEBUG org.hibernate.HQL_FUNCTIONS - String left(STRING string, INTEGER length)
2026-01-14 13:31:39.356 [main] DEBUG org.hibernate.HQL_FUNCTIONS - Integer length(STRING_OR_CLOB arg)
2026-01-14 13:31:39.356 [main] DEBUG org.hibernate.HQL_FUNCTIONS - String listagg(STRING arg0, STRING arg1)
2026-01-14 13:31:39.356 [main] DEBUG org.hibernate.HQL_FUNCTIONS - Double ln(NUMERIC arg)
2026-01-14 13:31:39.356 [main] DEBUG org.hibernate.HQL_FUNCTIONS - LocalDate local date
2026-01-14 13:31:39.356 [main] DEBUG org.hibernate.HQL_FUNCTIONS - LocalDateTime local datetime
2026-01-14 13:31:39.356 [main] DEBUG org.hibernate.HQL_FUNCTIONS - LocalTime local time
2026-01-14 13:31:39.356 [main] DEBUG org.hibernate.HQL_FUNCTIONS - LocalDate local_date
2026-01-14 13:31:39.356 [main] DEBUG org.hibernate.HQL_FUNCTIONS - LocalDateTime local_datetime
2026-01-14 13:31:39.356 [main] DEBUG org.hibernate.HQL_FUNCTIONS - LocalTime local_time
2026-01-14 13:31:39.356 [main] DEBUG org.hibernate.HQL_FUNCTIONS - Timestamp localtime
2026-01-14 13:31:39.356 [main] DEBUG org.hibernate.HQL_FUNCTIONS - Timestamp localtimestamp
2026-01-14 13:31:39.356 [main] DEBUG org.hibernate.HQL_FUNCTIONS - Integer locate(STRING pattern, STRING string[, INTEGER start])
2026-01-14 13:31:39.357 [main] DEBUG org.hibernate.HQL_FUNCTIONS - Double log(NUMERIC arg0[, NUMERIC arg1])
2026-01-14 13:31:39.357 [main] DEBUG org.hibernate.HQL_FUNCTIONS - Double log10(NUMERIC arg)
2026-01-14 13:31:39.357 [main] DEBUG org.hibernate.HQL_FUNCTIONS - Double log2(NUMERIC arg)
2026-01-14 13:31:39.357 [main] DEBUG org.hibernate.HQL_FUNCTIONS - String lower(STRING string)
2026-01-14 13:31:39.357 [main] DEBUG org.hibernate.HQL_FUNCTIONS - String lpad(string, length[, padding])
2026-01-14 13:31:39.357 [main] DEBUG org.hibernate.HQL_FUNCTIONS - String ltrim(STRING string[, STRING characters])
2026-01-14 13:31:39.357 [main] DEBUG org.hibernate.HQL_FUNCTIONS - Date makedate(INTEGER year, INTEGER dayofyear)
2026-01-14 13:31:39.357 [main] DEBUG org.hibernate.HQL_FUNCTIONS - Time maketime(INTEGER hour, INTEGER min, INTEGER sec)
2026-01-14 13:31:39.357 [main] DEBUG org.hibernate.HQL_FUNCTIONS - max(COMPARABLE arg)
2026-01-14 13:31:39.357 [main] DEBUG org.hibernate.HQL_FUNCTIONS - String md5(arg)
2026-01-14 13:31:39.357 [main] DEBUG org.hibernate.HQL_FUNCTIONS - Integer microsecond(TIME arg)
2026-01-14 13:31:39.357 [main] DEBUG org.hibernate.HQL_FUNCTIONS - min(COMPARABLE arg)
2026-01-14 13:31:39.357 [main] DEBUG org.hibernate.HQL_FUNCTIONS - Integer minute(TIME arg)
2026-01-14 13:31:39.357 [main] DEBUG org.hibernate.HQL_FUNCTIONS - Integer mod(INTEGER arg0, INTEGER arg1)
2026-01-14 13:31:39.357 [main] DEBUG org.hibernate.HQL_FUNCTIONS - Integer month(DATE arg)
2026-01-14 13:31:39.357 [main] DEBUG org.hibernate.HQL_FUNCTIONS - String monthname(DATE arg)
2026-01-14 13:31:39.357 [main] DEBUG org.hibernate.HQL_FUNCTIONS - Timestamp now()
2026-01-14 13:31:39.357 [main] DEBUG org.hibernate.HQL_FUNCTIONS - nth_valueANY value, INTEGER nth
2026-01-14 13:31:39.357 [main] DEBUG org.hibernate.HQL_FUNCTIONS - nullif(arg0, arg1)
2026-01-14 13:31:39.357 [main] DEBUG org.hibernate.HQL_FUNCTIONS - Integer octet_length(STRING_OR_CLOB arg)
2026-01-14 13:31:39.358 [main] DEBUG org.hibernate.HQL_FUNCTIONS - OffsetDateTime offset datetime
2026-01-14 13:31:39.358 [main] DEBUG org.hibernate.HQL_FUNCTIONS - OffsetDateTime offset_datetime
2026-01-14 13:31:39.358 [main] DEBUG org.hibernate.HQL_FUNCTIONS - String overlay(STRING string placing STRING replacement from INTEGER start[ for INTEGER length])
2026-01-14 13:31:39.358 [main] DEBUG org.hibernate.HQL_FUNCTIONS - String pad(STRING string with INTEGER length {leading|trailing}[ STRING character])
2026-01-14 13:31:39.358 [main] DEBUG org.hibernate.HQL_FUNCTIONS - Double percent_rank([arg0[, ...]])
2026-01-14 13:31:39.358 [main] DEBUG org.hibernate.HQL_FUNCTIONS - Double pi
2026-01-14 13:31:39.358 [main] DEBUG org.hibernate.HQL_FUNCTIONS - Integer position(STRING pattern in STRING string)
2026-01-14 13:31:39.358 [main] DEBUG org.hibernate.HQL_FUNCTIONS - Double power(NUMERIC arg0, NUMERIC arg1)
2026-01-14 13:31:39.358 [main] DEBUG org.hibernate.HQL_FUNCTIONS - Integer quarter(DATE arg)
2026-01-14 13:31:39.358 [main] DEBUG org.hibernate.HQL_FUNCTIONS - Double radians(NUMERIC arg)
2026-01-14 13:31:39.358 [main] DEBUG org.hibernate.HQL_FUNCTIONS - Double rand([INTEGER seed])
2026-01-14 13:31:39.358 [main] DEBUG org.hibernate.HQL_FUNCTIONS - Long rank([arg0[, ...]])
2026-01-14 13:31:39.358 [main] DEBUG org.hibernate.HQL_FUNCTIONS - String repeat(STRING string, INTEGER times)
2026-01-14 13:31:39.358 [main] DEBUG org.hibernate.HQL_FUNCTIONS - String replace(STRING string, STRING pattern, STRING replacement)
2026-01-14 13:31:39.358 [main] DEBUG org.hibernate.HQL_FUNCTIONS - String reverse(STRING arg)
2026-01-14 13:31:39.358 [main] DEBUG org.hibernate.HQL_FUNCTIONS - String right(STRING string, INTEGER length)
2026-01-14 13:31:39.358 [main] DEBUG org.hibernate.HQL_FUNCTIONS - round(NUMERIC number[, INTEGER places])
2026-01-14 13:31:39.358 [main] DEBUG org.hibernate.HQL_FUNCTIONS - Long row_number()
2026-01-14 13:31:39.358 [main] DEBUG org.hibernate.HQL_FUNCTIONS - String rpad(string, length[, padding])
2026-01-14 13:31:39.358 [main] DEBUG org.hibernate.HQL_FUNCTIONS - String rtrim(STRING string[, STRING characters])
2026-01-14 13:31:39.358 [main] DEBUG org.hibernate.HQL_FUNCTIONS - Integer second(TIME arg)
2026-01-14 13:31:39.358 [main] DEBUG org.hibernate.HQL_FUNCTIONS - String sha(arg)
2026-01-14 13:31:39.358 [main] DEBUG org.hibernate.HQL_FUNCTIONS - String sha1(arg)
2026-01-14 13:31:39.358 [main] DEBUG org.hibernate.HQL_FUNCTIONS - String sha2(arg0, arg1)
2026-01-14 13:31:39.358 [main] DEBUG org.hibernate.HQL_FUNCTIONS - Integer sign(NUMERIC arg)
2026-01-14 13:31:39.358 [main] DEBUG org.hibernate.HQL_FUNCTIONS - Double sin(NUMERIC arg)
2026-01-14 13:31:39.358 [main] DEBUG org.hibernate.HQL_FUNCTIONS - Double sinh(NUMERIC arg)
2026-01-14 13:31:39.358 [main] DEBUG org.hibernate.HQL_FUNCTIONS - String soundex(arg)
2026-01-14 13:31:39.358 [main] DEBUG org.hibernate.HQL_FUNCTIONS - String space(INTEGER arg)
2026-01-14 13:31:39.358 [main] DEBUG org.hibernate.HQL_FUNCTIONS - Object sql
2026-01-14 13:31:39.358 [main] DEBUG org.hibernate.HQL_FUNCTIONS - Double sqrt(NUMERIC arg)
2026-01-14 13:31:39.358 [main] DEBUG org.hibernate.HQL_FUNCTIONS - Double stddev(NUMERIC arg)
2026-01-14 13:31:39.358 [main] DEBUG org.hibernate.HQL_FUNCTIONS - Double stddev_pop(NUMERIC arg)
2026-01-14 13:31:39.358 [main] DEBUG org.hibernate.HQL_FUNCTIONS - Double stddev_samp(NUMERIC arg)
2026-01-14 13:31:39.358 [main] DEBUG org.hibernate.HQL_FUNCTIONS - String str(arg)
2026-01-14 13:31:39.358 [main] DEBUG org.hibernate.HQL_FUNCTIONS - subdate(DATE datetime, INTEGER days)
2026-01-14 13:31:39.358 [main] DEBUG org.hibernate.HQL_FUNCTIONS - String substr(STRING string, INTEGER start[, INTEGER length])
2026-01-14 13:31:39.358 [main] DEBUG org.hibernate.HQL_FUNCTIONS - String substring(STRING string{ from|,} INTEGER start[{ for|,} INTEGER length])
2026-01-14 13:31:39.358 [main] DEBUG org.hibernate.HQL_FUNCTIONS - subtime(TIME datetime, TIME time)
2026-01-14 13:31:39.358 [main] DEBUG org.hibernate.HQL_FUNCTIONS - sum(arg)
2026-01-14 13:31:39.358 [main] DEBUG org.hibernate.HQL_FUNCTIONS - Timestamp sysdate()
2026-01-14 13:31:39.358 [main] DEBUG org.hibernate.HQL_FUNCTIONS - Double tan(NUMERIC arg)
2026-01-14 13:31:39.358 [main] DEBUG org.hibernate.HQL_FUNCTIONS - Double tanh(NUMERIC arg)
2026-01-14 13:31:39.358 [main] DEBUG org.hibernate.HQL_FUNCTIONS - String time(arg)
2026-01-14 13:31:39.359 [main] DEBUG org.hibernate.HQL_FUNCTIONS - Timestamp timestamp(arg0[, arg1])
2026-01-14 13:31:39.359 [main] DEBUG org.hibernate.HQL_FUNCTIONS - timestampadd(TEMPORAL_UNIT field, INTEGER magnitude, TEMPORAL datetime)
2026-01-14 13:31:39.359 [main] DEBUG org.hibernate.HQL_FUNCTIONS - basicType@9(java.lang.Long,-5)|basicType@17(java.lang.Double,8) timestampdiff(TEMPORAL_UNIT field, TEMPORAL start, TEMPORAL end)
2026-01-14 13:31:39.359 [main] DEBUG org.hibernate.HQL_FUNCTIONS - String trim([[{leading|trailing|both} ][STRING arg0 ]from] STRING arg1)
2026-01-14 13:31:39.359 [main] DEBUG org.hibernate.HQL_FUNCTIONS - trunc( ... )
2026-01-14 13:31:39.359 [main] DEBUG org.hibernate.HQL_FUNCTIONS - truncate( ... )
2026-01-14 13:31:39.359 [main] DEBUG org.hibernate.HQL_FUNCTIONS - String upper(STRING string)
2026-01-14 13:31:39.359 [main] DEBUG org.hibernate.HQL_FUNCTIONS - Date utc_date
2026-01-14 13:31:39.359 [main] DEBUG org.hibernate.HQL_FUNCTIONS - Time utc_time
2026-01-14 13:31:39.359 [main] DEBUG org.hibernate.HQL_FUNCTIONS - Timestamp utc_timestamp
2026-01-14 13:31:39.359 [main] DEBUG org.hibernate.HQL_FUNCTIONS - Double var_pop(NUMERIC arg)
2026-01-14 13:31:39.359 [main] DEBUG org.hibernate.HQL_FUNCTIONS - Double var_samp(NUMERIC arg)
2026-01-14 13:31:39.359 [main] DEBUG org.hibernate.HQL_FUNCTIONS - Double variance(NUMERIC arg)
2026-01-14 13:31:39.359 [main] DEBUG org.hibernate.HQL_FUNCTIONS - Integer week(DATE arg)
2026-01-14 13:31:39.359 [main] DEBUG org.hibernate.HQL_FUNCTIONS - Integer year(DATE arg)
2026-01-14 13:31:39.362 [main] DEBUG org.hibernate.orm.query.plan.cache - Starting QueryInterpretationCache(2048)
2026-01-14 13:31:39.417 [main] DEBUG org.hibernate.service.internal.SessionFactoryServiceRegistryImpl - EventListenerRegistry access via ServiceRegistry is deprecated.  Use `sessionFactory.getEventEngine().getListenerRegistry()` instead
2026-01-14 13:31:39.418 [main] DEBUG org.hibernate.event.internal.EntityCopyObserverFactoryInitiator - Configured EntityCopyObserver strategy: disallow
2026-01-14 13:31:39.472 [main] DEBUG org.hibernate.boot.internal.ClassLoaderAccessImpl - Not known whether passed class name [modelo.Persona] is safe
2026-01-14 13:31:39.472 [main] DEBUG org.hibernate.boot.internal.ClassLoaderAccessImpl - No temp ClassLoader provided; using live ClassLoader for loading potentially unsafe class : modelo.Persona
2026-01-14 13:31:39.605 [main] DEBUG org.hibernate.bytecode.internal.bytebuddy.BytecodeProviderImpl - HHH000513: Unable to create the ReflectionOptimizer for [modelo.Persona]: private accessor [edad]
2026-01-14 13:31:39.621 [main] DEBUG org.hibernate.boot.internal.ClassLoaderAccessImpl - Not known whether passed class name [modelo.Reunion] is safe
2026-01-14 13:31:39.621 [main] DEBUG org.hibernate.boot.internal.ClassLoaderAccessImpl - No temp ClassLoader provided; using live ClassLoader for loading potentially unsafe class : modelo.Reunion
2026-01-14 13:31:39.630 [main] DEBUG org.hibernate.bytecode.internal.bytebuddy.BytecodeProviderImpl - HHH000513: Unable to create the ReflectionOptimizer for [modelo.Reunion]: private accessor [asunto]
2026-01-14 13:31:39.645 [main] DEBUG org.hibernate.orm.model.mapping.creation - Starting post-init callbacks
2026-01-14 13:31:39.645 [main] DEBUG org.hibernate.orm.model.mapping.creation - Starting PostInitCallbackEntry : Entity(modelo.Persona) `staticFetchableList` generator
2026-01-14 13:31:39.645 [main] DEBUG org.hibernate.orm.model.mapping.creation - Starting PostInitCallbackEntry : Entity(modelo.Persona) `sqmMultiTableInsertStrategy` interpretation
2026-01-14 13:31:39.649 [main] DEBUG org.hibernate.orm.model.mapping.creation - Starting PostInitCallbackEntry : Entity(modelo.Reunion) `staticFetchableList` generator
2026-01-14 13:31:39.649 [main] DEBUG org.hibernate.orm.model.mapping.creation - Starting PostInitCallbackEntry : Entity(modelo.Reunion) `sqmMultiTableInsertStrategy` interpretation
2026-01-14 13:31:39.697 [main] DEBUG org.hibernate.orm.sql.ast.create - Created new SQL alias : p1_0
2026-01-14 13:31:39.699 [main] DEBUG org.hibernate.orm.sql.ast.create - Registration of TableGroup [StandardTableGroup(modelo.Persona)] with identifierForTableGroup [modelo.Persona] for NavigablePath [modelo.Persona] 
2026-01-14 13:31:39.708 [main] DEBUG org.hibernate.orm.results.graph.AST - DomainResult Graph:
 \-EntityResultImpl [modelo.Persona]
 |  +-BasicFetch [modelo.Persona.edad]
 |  +-BasicFetch [modelo.Persona.email]
 |  +-BasicFetch [modelo.Persona.fechaNacimiento]
 |  +-BasicFetch [modelo.Persona.nombreApellido]
 |  \-BasicFetch [modelo.Persona.telefono]

2026-01-14 13:31:39.711 [main] DEBUG org.hibernate.orm.sql.ast.tree - SQL AST Tree:
    SelectStatement {
      FromClause {
        StandardTableGroup (p1 : modelo.Persona) {
          primaryTableReference : persona as p1_0
        }
      }
    }

2026-01-14 13:31:39.717 [main] DEBUG org.hibernate.persister.entity.AbstractEntityPersister - Static SQL for entity: modelo.Persona
2026-01-14 13:31:39.717 [main] DEBUG org.hibernate.persister.entity.AbstractEntityPersister -  Version select: select dni from persona where dni=?
2026-01-14 13:31:39.718 [main] DEBUG org.hibernate.persister.entity.AbstractEntityPersister -  Insert (0): insert into persona (edad,email,fechaNacimiento,nombreApellido,telefono,dni) values (?,?,?,?,?,?)
2026-01-14 13:31:39.718 [main] DEBUG org.hibernate.persister.entity.AbstractEntityPersister -  Update (0): update persona set edad=?,email=?,fechaNacimiento=?,nombreApellido=?,telefono=? where dni=?
2026-01-14 13:31:39.718 [main] DEBUG org.hibernate.persister.entity.AbstractEntityPersister -  Delete (0): delete from persona where dni=?
2026-01-14 13:31:39.718 [main] DEBUG org.hibernate.orm.sql.ast.create - Created new SQL alias : r1_0
2026-01-14 13:31:39.718 [main] DEBUG org.hibernate.orm.sql.ast.create - Registration of TableGroup [StandardTableGroup(modelo.Reunion)] with identifierForTableGroup [modelo.Reunion] for NavigablePath [modelo.Reunion] 
2026-01-14 13:31:39.718 [main] DEBUG org.hibernate.orm.results.graph.AST - DomainResult Graph:
 \-EntityResultImpl [modelo.Reunion]
 |  +-BasicFetch [modelo.Reunion.asunto]
 |  \-BasicFetch [modelo.Reunion.fecha]

2026-01-14 13:31:39.718 [main] DEBUG org.hibernate.orm.sql.ast.tree - SQL AST Tree:
    SelectStatement {
      FromClause {
        StandardTableGroup (r1 : modelo.Reunion) {
          primaryTableReference : reunion as r1_0
        }
      }
    }

2026-01-14 13:31:39.718 [main] DEBUG org.hibernate.persister.entity.AbstractEntityPersister - Static SQL for entity: modelo.Reunion
2026-01-14 13:31:39.718 [main] DEBUG org.hibernate.persister.entity.AbstractEntityPersister -  Version select: select idReunion from reunion where idReunion=?
2026-01-14 13:31:39.718 [main] DEBUG org.hibernate.persister.entity.AbstractEntityPersister -  Insert (0): insert into reunion (asunto,fecha,idReunion) values (?,?,?)
2026-01-14 13:31:39.718 [main] DEBUG org.hibernate.persister.entity.AbstractEntityPersister -  Update (0): update reunion set asunto=?,fecha=? where idReunion=?
2026-01-14 13:31:39.718 [main] DEBUG org.hibernate.persister.entity.AbstractEntityPersister -  Delete (0): delete from reunion where idReunion=?
2026-01-14 13:31:39.736 [main] DEBUG org.hibernate.engine.transaction.jta.platform.internal.JtaPlatformInitiator - No JtaPlatform was specified, checking resolver
2026-01-14 13:31:39.736 [main] DEBUG org.hibernate.engine.transaction.jta.platform.internal.JtaPlatformResolverInitiator - No JtaPlatformResolver was specified, using default [org.hibernate.engine.transaction.jta.platform.internal.StandardJtaPlatformResolver]
2026-01-14 13:31:39.740 [main] DEBUG org.hibernate.engine.transaction.jta.platform.internal.StandardJtaPlatformResolver - Could not resolve JtaPlatform, using default [org.hibernate.engine.transaction.jta.platform.internal.NoJtaPlatform]
2026-01-14 13:31:39.740 [main] INFO  org.hibernate.engine.transaction.jta.platform.internal.JtaPlatformInitiator - HHH000489: No JTA platform available (set 'hibernate.transaction.jta.platform' to enable JTA platform integration)
2026-01-14 13:31:39.740 [main] DEBUG org.hibernate.type.spi.TypeConfiguration$Scope - Scoping TypeConfiguration [org.hibernate.type.spi.TypeConfiguration@58472096] to SessionFactoryImplementor [org.hibernate.internal.SessionFactoryImpl@2712e8f4]
2026-01-14 13:31:39.742 [main] DEBUG org.hibernate.query.named.NamedObjectRepository - Checking 0 named HQL queries
2026-01-14 13:31:39.742 [main] DEBUG org.hibernate.query.named.NamedObjectRepository - Checking 0 named SQL queries
2026-01-14 13:31:39.764 [main] INFO  org.hibernate.orm.connections.access - HHH10001501: Connection obtained from JdbcConnectionAccess [org.hibernate.engine.jdbc.env.internal.JdbcEnvironmentInitiator$ConnectionProviderJdbcConnectionAccess@156cfa20] for (non-JTA) DDL execution was not in auto-commit mode; the Connection 'local transaction' will be committed and the Connection will be set into auto-commit mode.
2026-01-14 13:31:39.783 [main] DEBUG org.hibernate.mapping.Table - No alter strings for table : persona
2026-01-14 13:31:39.783 [main] DEBUG org.hibernate.mapping.Table - No alter strings for table : persona_SEQ
2026-01-14 13:31:39.783 [main] DEBUG org.hibernate.mapping.Table - No alter strings for table : reunion
2026-01-14 13:31:39.784 [main] DEBUG org.hibernate.mapping.Table - No alter strings for table : reunion_SEQ
2026-01-14 13:31:39.787 [main] DEBUG org.hibernate.internal.SessionFactoryRegistry - Initializing SessionFactoryRegistry : org.hibernate.internal.SessionFactoryRegistry@4be12f6c
2026-01-14 13:31:39.788 [main] DEBUG org.hibernate.internal.SessionFactoryRegistry - Registering SessionFactory: 715126fd-3eac-4089-b1ef-dcb7c4305ed1 (<unnamed>)
2026-01-14 13:31:39.788 [main] DEBUG org.hibernate.internal.SessionFactoryRegistry - Not binding SessionFactory to JNDI, no JNDI name configured
2026-01-14 13:31:39.788 [main] DEBUG org.hibernate.internal.SessionFactoryImpl - Instantiated SessionFactory
2026-01-14 13:31:39.818 [main] DEBUG org.hibernate.stat.internal.StatisticsInitiator - Statistics initialized [enabled=false]
2026-01-14 13:31:39.833 [main] DEBUG org.hibernate.orm.sql.exec - Skipping reading Query result cache data: cache-enabled = false, cache-mode = IGNORE
2026-01-14 13:31:39.845 [main] DEBUG org.hibernate.orm.results - Initializer list:
	  modelo.Persona -> EntityResultInitializer(modelo.Persona)@2116841430 (SingleTableEntityPersister(modelo.Persona))

2026-01-14 13:31:39.848 [main] DEBUG org.hibernate.SQL - 
    select
        p1_0.dni,
        p1_0.edad,
        p1_0.email,
        p1_0.fechaNacimiento,
        p1_0.nombreApellido,
        p1_0.telefono 
    from
        persona p1_0 
    where
        p1_0.dni=?
2026-01-14 13:31:39.855 [main] DEBUG org.hibernate.orm.results.loading.entity - (EntityResultInitializer) Hydrated EntityKey (modelo.Persona): 1
2026-01-14 13:31:39.857 [main] DEBUG org.hibernate.orm.results.loading.entity - (EntityResultInitializer) Created new entity instance [modelo.Persona#1] : 1814361629
2026-01-14 13:31:39.858 [main] DEBUG org.hibernate.orm.results - Extracted JDBC value [1] - [19]
2026-01-14 13:31:39.858 [main] DEBUG org.hibernate.orm.results - Extracted JDBC value [2] - [mpartortilla@gmail.com]
2026-01-14 13:31:39.859 [main] DEBUG org.hibernate.orm.results - Extracted JDBC value [3] - [2006-11-04]
2026-01-14 13:31:39.859 [main] DEBUG org.hibernate.orm.results - Extracted JDBC value [4] - [Manuel Parrado]
2026-01-14 13:31:39.859 [main] DEBUG org.hibernate.orm.results - Extracted JDBC value [5] - [123456789]
2026-01-14 13:31:39.863 [main] DEBUG org.hibernate.orm.results.loading.entity - (EntityResultInitializer) Done materializing entityInstance : modelo.Persona#1
2026-01-14 13:31:39.863 [main] DEBUG org.hibernate.orm.results.loading - Calling top-level assembler (0 / 1) : org.hibernate.sql.results.graph.entity.internal.EntityAssembler@66e1b2a
2026-01-14 13:31:39.865 [main] DEBUG org.hibernate.resource.jdbc.internal.LogicalConnectionManagedImpl - Initiating JDBC connection release from afterTransaction
2026-01-14 13:31:39.869 [main] DEBUG TestPersona - La persona es:Manuel Parrado
2026-01-14 13:31:39.879 [main] DEBUG org.hibernate.engine.transaction.internal.TransactionImpl - On TransactionImpl creation, JpaCompliance#isJpaTransactionComplianceEnabled == false
2026-01-14 13:31:39.879 [main] DEBUG org.hibernate.engine.transaction.internal.TransactionImpl - begin
2026-01-14 13:31:39.882 [main] DEBUG org.hibernate.orm.sql.exec - Skipping reading Query result cache data: cache-enabled = false, cache-mode = IGNORE
2026-01-14 13:31:39.882 [main] DEBUG org.hibernate.orm.results - Initializer list:
	  modelo.Persona -> EntityResultInitializer(modelo.Persona)@697172013 (SingleTableEntityPersister(modelo.Persona))

2026-01-14 13:31:39.882 [main] DEBUG org.hibernate.SQL - 
    select
        p1_0.dni,
        p1_0.edad,
        p1_0.email,
        p1_0.fechaNacimiento,
        p1_0.nombreApellido,
        p1_0.telefono 
    from
        persona p1_0 
    where
        p1_0.dni=?
2026-01-14 13:31:39.884 [main] DEBUG org.hibernate.orm.results.loading.entity - (EntityResultInitializer) Hydrated EntityKey (modelo.Persona): 1
2026-01-14 13:31:39.884 [main] DEBUG org.hibernate.orm.results.loading.entity - (EntityResultInitializer) Created new entity instance [modelo.Persona#1] : 1032671934
2026-01-14 13:31:39.884 [main] DEBUG org.hibernate.orm.results - Extracted JDBC value [1] - [19]
2026-01-14 13:31:39.884 [main] DEBUG org.hibernate.orm.results - Extracted JDBC value [2] - [mpartortilla@gmail.com]
2026-01-14 13:31:39.884 [main] DEBUG org.hibernate.orm.results - Extracted JDBC value [3] - [2006-11-04]
2026-01-14 13:31:39.884 [main] DEBUG org.hibernate.orm.results - Extracted JDBC value [4] - [Manuel Parrado]
2026-01-14 13:31:39.884 [main] DEBUG org.hibernate.orm.results - Extracted JDBC value [5] - [123456789]
2026-01-14 13:31:39.884 [main] DEBUG org.hibernate.orm.results.loading.entity - (EntityResultInitializer) Done materializing entityInstance : modelo.Persona#1
2026-01-14 13:31:39.884 [main] DEBUG org.hibernate.orm.results.loading - Calling top-level assembler (0 / 1) : org.hibernate.sql.results.graph.entity.internal.EntityAssembler@645ba24a
2026-01-14 13:31:39.891 [main] DEBUG org.hibernate.engine.transaction.internal.TransactionImpl - committing
2026-01-14 13:31:39.892 [main] DEBUG org.hibernate.event.internal.AbstractFlushingEventListener - Processing flush-time cascades
2026-01-14 13:31:39.892 [main] DEBUG org.hibernate.event.internal.AbstractFlushingEventListener - Dirty checking collections
2026-01-14 13:31:39.895 [main] DEBUG org.hibernate.event.internal.AbstractFlushingEventListener - Flushed: 0 insertions, 0 updates, 1 deletions to 1 objects
2026-01-14 13:31:39.895 [main] DEBUG org.hibernate.event.internal.AbstractFlushingEventListener - Flushed: 0 (re)creations, 0 updates, 0 removals to 0 collections
2026-01-14 13:31:39.895 [main] DEBUG org.hibernate.internal.util.EntityPrinter - Listing entities:
2026-01-14 13:31:39.896 [main] DEBUG org.hibernate.internal.util.EntityPrinter - modelo.Persona{nombreApellido=Manuel Parrado, fechaNacimiento=2006-11-04, telefono=123456789, edad=19, dni=1, email=mpartortilla@gmail.com}
2026-01-14 13:31:39.901 [main] DEBUG org.hibernate.SQL - 
    delete 
    from
        persona 
    where
        dni=?
2026-01-14 13:31:39.911 [main] DEBUG org.hibernate.resource.jdbc.internal.LogicalConnectionManagedImpl - Initiating JDBC connection release from afterTransaction
2026-01-14 13:31:39.912 [main] DEBUG org.hibernate.resource.jdbc.internal.LogicalConnectionManagedImpl - Initiating JDBC connection release from afterTransaction
2026-01-14 13:31:39.914 [main] DEBUG org.hibernate.orm.sql.exec - Skipping reading Query result cache data: cache-enabled = false, cache-mode = IGNORE
2026-01-14 13:31:39.914 [main] DEBUG org.hibernate.orm.results - Initializer list:
	  modelo.Persona -> EntityResultInitializer(modelo.Persona)@267694627 (SingleTableEntityPersister(modelo.Persona))

2026-01-14 13:31:39.914 [main] DEBUG org.hibernate.SQL - 
    select
        p1_0.dni,
        p1_0.edad,
        p1_0.email,
        p1_0.fechaNacimiento,
        p1_0.nombreApellido,
        p1_0.telefono 
    from
        persona p1_0 
    where
        p1_0.dni=?
2026-01-14 13:31:39.917 [main] DEBUG org.hibernate.resource.jdbc.internal.LogicalConnectionManagedImpl - Initiating JDBC connection release from afterTransaction
2026-01-14 13:31:39.918 [main] DEBUG org.hibernate.engine.transaction.internal.TransactionImpl - On TransactionImpl creation, JpaCompliance#isJpaTransactionComplianceEnabled == false
2026-01-14 13:31:39.918 [main] DEBUG org.hibernate.engine.transaction.internal.TransactionImpl - begin
2026-01-14 13:31:39.926 [main] DEBUG org.hibernate.engine.transaction.internal.TransactionImpl - On TransactionImpl creation, JpaCompliance#isJpaTransactionComplianceEnabled == false
2026-01-14 13:31:39.926 [main] DEBUG org.hibernate.engine.transaction.internal.TransactionImpl - begin
2026-01-14 13:31:39.944 [main] DEBUG org.hibernate.SQL - 
    select
        next_val as id_val 
    from
        persona_SEQ for update
2026-01-14 13:31:39.945 [main] DEBUG org.hibernate.SQL - 
    update
        persona_SEQ 
    set
        next_val= ? 
    where
        next_val=?
2026-01-14 13:31:39.952 [main] DEBUG org.hibernate.event.internal.AbstractSaveEventListener - Generated identifier: 2, using strategy: org.hibernate.id.enhanced.SequenceStyleGenerator
2026-01-14 13:31:39.953 [main] DEBUG org.hibernate.engine.transaction.internal.TransactionImpl - committing
2026-01-14 13:31:39.953 [main] DEBUG org.hibernate.event.internal.AbstractFlushingEventListener - Processing flush-time cascades
2026-01-14 13:31:39.953 [main] DEBUG org.hibernate.event.internal.AbstractFlushingEventListener - Dirty checking collections
2026-01-14 13:31:39.954 [main] DEBUG org.hibernate.event.internal.AbstractFlushingEventListener - Flushed: 1 insertions, 0 updates, 0 deletions to 1 objects
2026-01-14 13:31:39.954 [main] DEBUG org.hibernate.event.internal.AbstractFlushingEventListener - Flushed: 0 (re)creations, 0 updates, 0 removals to 0 collections
2026-01-14 13:31:39.954 [main] DEBUG org.hibernate.internal.util.EntityPrinter - Listing entities:
2026-01-14 13:31:39.954 [main] DEBUG org.hibernate.internal.util.EntityPrinter - modelo.Persona{nombreApellido=Manuel Parrado, fechaNacimiento=2006-11-03, telefono=123456789, edad=19, dni=2, email=mpartortilla@gmail.com}
2026-01-14 13:31:39.956 [main] DEBUG org.hibernate.SQL - 
    insert 
    into
        persona
        (edad, email, fechaNacimiento, nombreApellido, telefono, dni) 
    values
        (?, ?, ?, ?, ?, ?)
2026-01-14 13:31:39.965 [main] DEBUG org.hibernate.resource.jdbc.internal.LogicalConnectionManagedImpl - Initiating JDBC connection release from afterTransaction
2026-01-14 13:31:39.966 [main] DEBUG org.hibernate.resource.jdbc.internal.LogicalConnectionManagedImpl - Initiating JDBC connection release from afterTransaction
