2026-01-20 10:49:20.659 [main] DEBUG org.jboss.logging - Logging Provider: org.jboss.logging.Log4j2LoggerProvider
2026-01-20 10:49:20.670 [main] DEBUG org.hibernate.integrator.internal.IntegratorServiceImpl - Adding Integrator [org.hibernate.boot.beanvalidation.BeanValidationIntegrator].
2026-01-20 10:49:20.673 [main] DEBUG org.hibernate.integrator.internal.IntegratorServiceImpl - Adding Integrator [org.hibernate.cache.internal.CollectionCacheInvalidator].
2026-01-20 10:49:20.688 [main] INFO  org.hibernate.Version - HHH000412: Hibernate ORM core version 6.4.4.Final
2026-01-20 10:49:20.689 [main] DEBUG org.hibernate.cfg.Environment - HHH000206: 'hibernate.properties' not found
2026-01-20 10:49:20.713 [main] DEBUG org.hibernate.boot.jaxb.internal.stax.LocalXmlResourceResolver - Checking public/system identifiers `-//Hibernate/Hibernate Configuration DTD 3.0//EN`/`https://hibernate.org/dtd/hibernate-configuration-3.0.dtd` as DTD references
2026-01-20 10:49:20.719 [main] DEBUG org.hibernate.boot.cfgxml.internal.JaxbCfgProcessor - cfg.xml document did not define namespaces; wrapping in custom event reader to introduce namespace information
2026-01-20 10:49:20.861 [main] DEBUG org.hibernate.orm.idgen.factory - Ignoring CDI for resolving IdentifierGenerator instances as extended or delayed CDI support was enabled
2026-01-20 10:49:20.864 [main] DEBUG org.hibernate.orm.idgen.factory - Registering IdentifierGenerator strategy [uuid2] -> [org.hibernate.id.UUIDGenerator]
2026-01-20 10:49:20.864 [main] DEBUG org.hibernate.orm.idgen.factory - Registering IdentifierGenerator strategy [guid] -> [org.hibernate.id.GUIDGenerator]
2026-01-20 10:49:20.866 [main] DEBUG org.hibernate.orm.idgen.factory - Registering IdentifierGenerator strategy [uuid] -> [org.hibernate.id.UUIDHexGenerator]
2026-01-20 10:49:20.866 [main] DEBUG org.hibernate.orm.idgen.factory - Registering IdentifierGenerator strategy [uuid.hex] -> [org.hibernate.id.UUIDHexGenerator]
2026-01-20 10:49:20.866 [main] DEBUG org.hibernate.orm.idgen.factory - Registering IdentifierGenerator strategy [assigned] -> [org.hibernate.id.Assigned]
2026-01-20 10:49:20.867 [main] DEBUG org.hibernate.orm.idgen.factory - Registering IdentifierGenerator strategy [identity] -> [org.hibernate.id.IdentityGenerator]
2026-01-20 10:49:20.868 [main] DEBUG org.hibernate.orm.idgen.factory - Registering IdentifierGenerator strategy [select] -> [org.hibernate.id.SelectGenerator]
2026-01-20 10:49:20.868 [main] DEBUG org.hibernate.orm.idgen.factory - Registering IdentifierGenerator strategy [sequence] -> [org.hibernate.id.enhanced.SequenceStyleGenerator]
2026-01-20 10:49:20.869 [main] DEBUG org.hibernate.orm.idgen.factory - Registering IdentifierGenerator strategy [increment] -> [org.hibernate.id.IncrementGenerator]
2026-01-20 10:49:20.869 [main] DEBUG org.hibernate.orm.idgen.factory - Registering IdentifierGenerator strategy [foreign] -> [org.hibernate.id.ForeignGenerator]
2026-01-20 10:49:20.869 [main] DEBUG org.hibernate.orm.idgen.factory - Registering IdentifierGenerator strategy [enhanced-sequence] -> [org.hibernate.id.enhanced.SequenceStyleGenerator]
2026-01-20 10:49:20.870 [main] DEBUG org.hibernate.orm.idgen.factory - Registering IdentifierGenerator strategy [enhanced-table] -> [org.hibernate.id.enhanced.TableGenerator]
2026-01-20 10:49:20.875 [main] DEBUG org.hibernate.cache.internal.RegionFactoryInitiator - Cannot default RegionFactory based on registered strategies as `[]` RegionFactory strategies were registered
2026-01-20 10:49:20.876 [main] INFO  org.hibernate.cache.internal.RegionFactoryInitiator - HHH000026: Second-level cache disabled
2026-01-20 10:49:20.942 [main] DEBUG org.hibernate.type.BasicTypeRegistry - Adding type registration boolean -> org.hibernate.type.BasicTypeReference@672f11c2
2026-01-20 10:49:20.943 [main] DEBUG org.hibernate.type.BasicTypeRegistry - Adding type registration boolean -> org.hibernate.type.BasicTypeReference@672f11c2
2026-01-20 10:49:20.943 [main] DEBUG org.hibernate.type.BasicTypeRegistry - Adding type registration java.lang.Boolean -> org.hibernate.type.BasicTypeReference@672f11c2
2026-01-20 10:49:20.943 [main] DEBUG org.hibernate.type.BasicTypeRegistry - Adding type registration numeric_boolean -> org.hibernate.type.BasicTypeReference@2970a5bc
2026-01-20 10:49:20.943 [main] DEBUG org.hibernate.type.BasicTypeRegistry - Adding type registration org.hibernate.type.NumericBooleanConverter -> org.hibernate.type.BasicTypeReference@2970a5bc
2026-01-20 10:49:20.943 [main] DEBUG org.hibernate.type.BasicTypeRegistry - Adding type registration true_false -> org.hibernate.type.BasicTypeReference@50305a
2026-01-20 10:49:20.943 [main] DEBUG org.hibernate.type.BasicTypeRegistry - Adding type registration org.hibernate.type.TrueFalseConverter -> org.hibernate.type.BasicTypeReference@50305a
2026-01-20 10:49:20.943 [main] DEBUG org.hibernate.type.BasicTypeRegistry - Adding type registration yes_no -> org.hibernate.type.BasicTypeReference@72efb5c1
2026-01-20 10:49:20.943 [main] DEBUG org.hibernate.type.BasicTypeRegistry - Adding type registration org.hibernate.type.YesNoConverter -> org.hibernate.type.BasicTypeReference@72efb5c1
2026-01-20 10:49:20.943 [main] DEBUG org.hibernate.type.BasicTypeRegistry - Adding type registration byte -> org.hibernate.type.BasicTypeReference@6d511b5f
2026-01-20 10:49:20.943 [main] DEBUG org.hibernate.type.BasicTypeRegistry - Adding type registration byte -> org.hibernate.type.BasicTypeReference@6d511b5f
2026-01-20 10:49:20.943 [main] DEBUG org.hibernate.type.BasicTypeRegistry - Adding type registration java.lang.Byte -> org.hibernate.type.BasicTypeReference@6d511b5f
2026-01-20 10:49:20.943 [main] DEBUG org.hibernate.type.BasicTypeRegistry - Adding type registration binary -> org.hibernate.type.BasicTypeReference@41200e0c
2026-01-20 10:49:20.943 [main] DEBUG org.hibernate.type.BasicTypeRegistry - Adding type registration byte[] -> org.hibernate.type.BasicTypeReference@41200e0c
2026-01-20 10:49:20.944 [main] DEBUG org.hibernate.type.BasicTypeRegistry - Adding type registration [B -> org.hibernate.type.BasicTypeReference@41200e0c
2026-01-20 10:49:20.944 [main] DEBUG org.hibernate.type.BasicTypeRegistry - Adding type registration binary_wrapper -> org.hibernate.type.BasicTypeReference@40f33492
2026-01-20 10:49:20.944 [main] DEBUG org.hibernate.type.BasicTypeRegistry - Adding type registration wrapper-binary -> org.hibernate.type.BasicTypeReference@40f33492
2026-01-20 10:49:20.944 [main] DEBUG org.hibernate.type.BasicTypeRegistry - Adding type registration image -> org.hibernate.type.BasicTypeReference@4fbdc0f0
2026-01-20 10:49:20.944 [main] DEBUG org.hibernate.type.BasicTypeRegistry - Adding type registration blob -> org.hibernate.type.BasicTypeReference@2ad3a1bb
2026-01-20 10:49:20.944 [main] DEBUG org.hibernate.type.BasicTypeRegistry - Adding type registration java.sql.Blob -> org.hibernate.type.BasicTypeReference@2ad3a1bb
2026-01-20 10:49:20.944 [main] DEBUG org.hibernate.type.BasicTypeRegistry - Adding type registration materialized_blob -> org.hibernate.type.BasicTypeReference@6bc28a83
2026-01-20 10:49:20.945 [main] DEBUG org.hibernate.type.BasicTypeRegistry - Adding type registration materialized_blob_wrapper -> org.hibernate.type.BasicTypeReference@324c64cd
2026-01-20 10:49:20.945 [main] DEBUG org.hibernate.type.BasicTypeRegistry - Adding type registration short -> org.hibernate.type.BasicTypeReference@13579834
2026-01-20 10:49:20.945 [main] DEBUG org.hibernate.type.BasicTypeRegistry - Adding type registration short -> org.hibernate.type.BasicTypeReference@13579834
2026-01-20 10:49:20.945 [main] DEBUG org.hibernate.type.BasicTypeRegistry - Adding type registration java.lang.Short -> org.hibernate.type.BasicTypeReference@13579834
2026-01-20 10:49:20.945 [main] DEBUG org.hibernate.type.BasicTypeRegistry - Adding type registration integer -> org.hibernate.type.BasicTypeReference@24be2d9c
2026-01-20 10:49:20.945 [main] DEBUG org.hibernate.type.BasicTypeRegistry - Adding type registration int -> org.hibernate.type.BasicTypeReference@24be2d9c
2026-01-20 10:49:20.945 [main] DEBUG org.hibernate.type.BasicTypeRegistry - Adding type registration java.lang.Integer -> org.hibernate.type.BasicTypeReference@24be2d9c
2026-01-20 10:49:20.945 [main] DEBUG org.hibernate.type.BasicTypeRegistry - Adding type registration long -> org.hibernate.type.BasicTypeReference@5bd73d1a
2026-01-20 10:49:20.946 [main] DEBUG org.hibernate.type.BasicTypeRegistry - Adding type registration long -> org.hibernate.type.BasicTypeReference@5bd73d1a
2026-01-20 10:49:20.946 [main] DEBUG org.hibernate.type.BasicTypeRegistry - Adding type registration java.lang.Long -> org.hibernate.type.BasicTypeReference@5bd73d1a
2026-01-20 10:49:20.946 [main] DEBUG org.hibernate.type.BasicTypeRegistry - Adding type registration float -> org.hibernate.type.BasicTypeReference@aec50a1
2026-01-20 10:49:20.946 [main] DEBUG org.hibernate.type.BasicTypeRegistry - Adding type registration float -> org.hibernate.type.BasicTypeReference@aec50a1
2026-01-20 10:49:20.946 [main] DEBUG org.hibernate.type.BasicTypeRegistry - Adding type registration java.lang.Float -> org.hibernate.type.BasicTypeReference@aec50a1
2026-01-20 10:49:20.946 [main] DEBUG org.hibernate.type.BasicTypeRegistry - Adding type registration double -> org.hibernate.type.BasicTypeReference@2555fff0
2026-01-20 10:49:20.946 [main] DEBUG org.hibernate.type.BasicTypeRegistry - Adding type registration double -> org.hibernate.type.BasicTypeReference@2555fff0
2026-01-20 10:49:20.946 [main] DEBUG org.hibernate.type.BasicTypeRegistry - Adding type registration java.lang.Double -> org.hibernate.type.BasicTypeReference@2555fff0
2026-01-20 10:49:20.947 [main] DEBUG org.hibernate.type.BasicTypeRegistry - Adding type registration big_integer -> org.hibernate.type.BasicTypeReference@70d2e40b
2026-01-20 10:49:20.947 [main] DEBUG org.hibernate.type.BasicTypeRegistry - Adding type registration java.math.BigInteger -> org.hibernate.type.BasicTypeReference@70d2e40b
2026-01-20 10:49:20.947 [main] DEBUG org.hibernate.type.BasicTypeRegistry - Adding type registration big_decimal -> org.hibernate.type.BasicTypeReference@120f38e6
2026-01-20 10:49:20.947 [main] DEBUG org.hibernate.type.BasicTypeRegistry - Adding type registration java.math.BigDecimal -> org.hibernate.type.BasicTypeReference@120f38e6
2026-01-20 10:49:20.947 [main] DEBUG org.hibernate.type.BasicTypeRegistry - Adding type registration character -> org.hibernate.type.BasicTypeReference@7a0e1b5e
2026-01-20 10:49:20.948 [main] DEBUG org.hibernate.type.BasicTypeRegistry - Adding type registration char -> org.hibernate.type.BasicTypeReference@7a0e1b5e
2026-01-20 10:49:20.948 [main] DEBUG org.hibernate.type.BasicTypeRegistry - Adding type registration java.lang.Character -> org.hibernate.type.BasicTypeReference@7a0e1b5e
2026-01-20 10:49:20.948 [main] DEBUG org.hibernate.type.BasicTypeRegistry - Adding type registration character_nchar -> org.hibernate.type.BasicTypeReference@702ed190
2026-01-20 10:49:20.948 [main] DEBUG org.hibernate.type.BasicTypeRegistry - Adding type registration string -> org.hibernate.type.BasicTypeReference@173b9122
2026-01-20 10:49:20.948 [main] DEBUG org.hibernate.type.BasicTypeRegistry - Adding type registration java.lang.String -> org.hibernate.type.BasicTypeReference@173b9122
2026-01-20 10:49:20.948 [main] DEBUG org.hibernate.type.BasicTypeRegistry - Adding type registration nstring -> org.hibernate.type.BasicTypeReference@7c18432b
2026-01-20 10:49:20.948 [main] DEBUG org.hibernate.type.BasicTypeRegistry - Adding type registration characters -> org.hibernate.type.BasicTypeReference@7646731d
2026-01-20 10:49:20.948 [main] DEBUG org.hibernate.type.BasicTypeRegistry - Adding type registration char[] -> org.hibernate.type.BasicTypeReference@7646731d
2026-01-20 10:49:20.948 [main] DEBUG org.hibernate.type.BasicTypeRegistry - Adding type registration [C -> org.hibernate.type.BasicTypeReference@7646731d
2026-01-20 10:49:20.948 [main] DEBUG org.hibernate.type.BasicTypeRegistry - Adding type registration wrapper-characters -> org.hibernate.type.BasicTypeReference@70e29e14
2026-01-20 10:49:20.949 [main] DEBUG org.hibernate.type.BasicTypeRegistry - Adding type registration text -> org.hibernate.type.BasicTypeReference@3b1bb3ab
2026-01-20 10:49:20.949 [main] DEBUG org.hibernate.type.BasicTypeRegistry - Adding type registration ntext -> org.hibernate.type.BasicTypeReference@5a4bef8
2026-01-20 10:49:20.949 [main] DEBUG org.hibernate.type.BasicTypeRegistry - Adding type registration clob -> org.hibernate.type.BasicTypeReference@40bffbca
2026-01-20 10:49:20.949 [main] DEBUG org.hibernate.type.BasicTypeRegistry - Adding type registration java.sql.Clob -> org.hibernate.type.BasicTypeReference@40bffbca
2026-01-20 10:49:20.949 [main] DEBUG org.hibernate.type.BasicTypeRegistry - Adding type registration nclob -> org.hibernate.type.BasicTypeReference@2449cff7
2026-01-20 10:49:20.949 [main] DEBUG org.hibernate.type.BasicTypeRegistry - Adding type registration java.sql.NClob -> org.hibernate.type.BasicTypeReference@2449cff7
2026-01-20 10:49:20.949 [main] DEBUG org.hibernate.type.BasicTypeRegistry - Adding type registration materialized_clob -> org.hibernate.type.BasicTypeReference@42a9a63e
2026-01-20 10:49:20.949 [main] DEBUG org.hibernate.type.BasicTypeRegistry - Adding type registration materialized_clob_char_array -> org.hibernate.type.BasicTypeReference@62da83ed
2026-01-20 10:49:20.949 [main] DEBUG org.hibernate.type.BasicTypeRegistry - Adding type registration materialized_clob_character_array -> org.hibernate.type.BasicTypeReference@5d8445d7
2026-01-20 10:49:20.949 [main] DEBUG org.hibernate.type.BasicTypeRegistry - Adding type registration materialized_nclob -> org.hibernate.type.BasicTypeReference@37d80fe7
2026-01-20 10:49:20.949 [main] DEBUG org.hibernate.type.BasicTypeRegistry - Adding type registration materialized_nclob_character_array -> org.hibernate.type.BasicTypeReference@384fc774
2026-01-20 10:49:20.950 [main] DEBUG org.hibernate.type.BasicTypeRegistry - Adding type registration materialized_nclob_char_array -> org.hibernate.type.BasicTypeReference@e3cee7b
2026-01-20 10:49:20.950 [main] DEBUG org.hibernate.type.BasicTypeRegistry - Adding type registration Duration -> org.hibernate.type.BasicTypeReference@71e9a896
2026-01-20 10:49:20.950 [main] DEBUG org.hibernate.type.BasicTypeRegistry - Adding type registration java.time.Duration -> org.hibernate.type.BasicTypeReference@71e9a896
2026-01-20 10:49:20.950 [main] DEBUG org.hibernate.type.BasicTypeRegistry - Adding type registration LocalDateTime -> org.hibernate.type.BasicTypeReference@6b9267b
2026-01-20 10:49:20.950 [main] DEBUG org.hibernate.type.BasicTypeRegistry - Adding type registration java.time.LocalDateTime -> org.hibernate.type.BasicTypeReference@6b9267b
2026-01-20 10:49:20.950 [main] DEBUG org.hibernate.type.BasicTypeRegistry - Adding type registration LocalDate -> org.hibernate.type.BasicTypeReference@408b35bf
2026-01-20 10:49:20.951 [main] DEBUG org.hibernate.type.BasicTypeRegistry - Adding type registration java.time.LocalDate -> org.hibernate.type.BasicTypeReference@408b35bf
2026-01-20 10:49:20.951 [main] DEBUG org.hibernate.type.BasicTypeRegistry - Adding type registration LocalTime -> org.hibernate.type.BasicTypeReference@29ad44e3
2026-01-20 10:49:20.951 [main] DEBUG org.hibernate.type.BasicTypeRegistry - Adding type registration java.time.LocalTime -> org.hibernate.type.BasicTypeReference@29ad44e3
2026-01-20 10:49:20.951 [main] DEBUG org.hibernate.type.BasicTypeRegistry - Adding type registration OffsetDateTime -> org.hibernate.type.BasicTypeReference@15bcf458
2026-01-20 10:49:20.951 [main] DEBUG org.hibernate.type.BasicTypeRegistry - Adding type registration java.time.OffsetDateTime -> org.hibernate.type.BasicTypeReference@15bcf458
2026-01-20 10:49:20.951 [main] DEBUG org.hibernate.type.BasicTypeRegistry - Adding type registration OffsetDateTimeWithTimezone -> org.hibernate.type.BasicTypeReference@5af9926a
2026-01-20 10:49:20.951 [main] DEBUG org.hibernate.type.BasicTypeRegistry - Adding type registration OffsetDateTimeWithoutTimezone -> org.hibernate.type.BasicTypeReference@43c67247
2026-01-20 10:49:20.951 [main] DEBUG org.hibernate.type.BasicTypeRegistry - Adding type registration OffsetTime -> org.hibernate.type.BasicTypeReference@fac80
2026-01-20 10:49:20.951 [main] DEBUG org.hibernate.type.BasicTypeRegistry - Adding type registration java.time.OffsetTime -> org.hibernate.type.BasicTypeReference@fac80
2026-01-20 10:49:20.951 [main] DEBUG org.hibernate.type.BasicTypeRegistry - Adding type registration OffsetTimeUtc -> org.hibernate.type.BasicTypeReference@726386ed
2026-01-20 10:49:20.952 [main] DEBUG org.hibernate.type.BasicTypeRegistry - Adding type registration OffsetTimeWithTimezone -> org.hibernate.type.BasicTypeReference@649f2009
2026-01-20 10:49:20.952 [main] DEBUG org.hibernate.type.BasicTypeRegistry - Adding type registration OffsetTimeWithoutTimezone -> org.hibernate.type.BasicTypeReference@14bb2297
2026-01-20 10:49:20.952 [main] DEBUG org.hibernate.type.BasicTypeRegistry - Adding type registration ZonedDateTime -> org.hibernate.type.BasicTypeReference@69adf72c
2026-01-20 10:49:20.952 [main] DEBUG org.hibernate.type.BasicTypeRegistry - Adding type registration java.time.ZonedDateTime -> org.hibernate.type.BasicTypeReference@69adf72c
2026-01-20 10:49:20.952 [main] DEBUG org.hibernate.type.BasicTypeRegistry - Adding type registration ZonedDateTimeWithTimezone -> org.hibernate.type.BasicTypeReference@797501a
2026-01-20 10:49:20.952 [main] DEBUG org.hibernate.type.BasicTypeRegistry - Adding type registration ZonedDateTimeWithoutTimezone -> org.hibernate.type.BasicTypeReference@1a15b789
2026-01-20 10:49:20.952 [main] DEBUG org.hibernate.type.BasicTypeRegistry - Adding type registration date -> org.hibernate.type.BasicTypeReference@57f791c6
2026-01-20 10:49:20.952 [main] DEBUG org.hibernate.type.BasicTypeRegistry - Adding type registration java.sql.Date -> org.hibernate.type.BasicTypeReference@57f791c6
2026-01-20 10:49:20.952 [main] DEBUG org.hibernate.type.BasicTypeRegistry - Adding type registration time -> org.hibernate.type.BasicTypeReference@51650883
2026-01-20 10:49:20.952 [main] DEBUG org.hibernate.type.BasicTypeRegistry - Adding type registration java.sql.Time -> org.hibernate.type.BasicTypeReference@51650883
2026-01-20 10:49:20.952 [main] DEBUG org.hibernate.type.BasicTypeRegistry - Adding type registration timestamp -> org.hibernate.type.BasicTypeReference@6c4f9535
2026-01-20 10:49:20.953 [main] DEBUG org.hibernate.type.BasicTypeRegistry - Adding type registration java.sql.Timestamp -> org.hibernate.type.BasicTypeReference@6c4f9535
2026-01-20 10:49:20.953 [main] DEBUG org.hibernate.type.BasicTypeRegistry - Adding type registration java.util.Date -> org.hibernate.type.BasicTypeReference@6c4f9535
2026-01-20 10:49:20.953 [main] DEBUG org.hibernate.type.BasicTypeRegistry - Adding type registration calendar -> org.hibernate.type.BasicTypeReference@5bd1ceca
2026-01-20 10:49:20.953 [main] DEBUG org.hibernate.type.BasicTypeRegistry - Adding type registration java.util.Calendar -> org.hibernate.type.BasicTypeReference@5bd1ceca
2026-01-20 10:49:20.953 [main] DEBUG org.hibernate.type.BasicTypeRegistry - Adding type registration java.util.GregorianCalendar -> org.hibernate.type.BasicTypeReference@5bd1ceca
2026-01-20 10:49:20.953 [main] DEBUG org.hibernate.type.BasicTypeRegistry - Adding type registration calendar_date -> org.hibernate.type.BasicTypeReference@30c31dd7
2026-01-20 10:49:20.953 [main] DEBUG org.hibernate.type.BasicTypeRegistry - Adding type registration calendar_time -> org.hibernate.type.BasicTypeReference@499b2a5c
2026-01-20 10:49:20.953 [main] DEBUG org.hibernate.type.BasicTypeRegistry - Adding type registration instant -> org.hibernate.type.BasicTypeReference@596df867
2026-01-20 10:49:20.953 [main] DEBUG org.hibernate.type.BasicTypeRegistry - Adding type registration java.time.Instant -> org.hibernate.type.BasicTypeReference@596df867
2026-01-20 10:49:20.953 [main] DEBUG org.hibernate.type.BasicTypeRegistry - Adding type registration uuid -> org.hibernate.type.BasicTypeReference@c1fca1e
2026-01-20 10:49:20.953 [main] DEBUG org.hibernate.type.BasicTypeRegistry - Adding type registration java.util.UUID -> org.hibernate.type.BasicTypeReference@c1fca1e
2026-01-20 10:49:20.953 [main] DEBUG org.hibernate.type.BasicTypeRegistry - Adding type registration pg-uuid -> org.hibernate.type.BasicTypeReference@c1fca1e
2026-01-20 10:49:20.953 [main] DEBUG org.hibernate.type.BasicTypeRegistry - Adding type registration uuid-binary -> org.hibernate.type.BasicTypeReference@241a53ef
2026-01-20 10:49:20.953 [main] DEBUG org.hibernate.type.BasicTypeRegistry - Adding type registration uuid-char -> org.hibernate.type.BasicTypeReference@344344fa
2026-01-20 10:49:20.953 [main] DEBUG org.hibernate.type.BasicTypeRegistry - Adding type registration class -> org.hibernate.type.BasicTypeReference@2db2cd5
2026-01-20 10:49:20.954 [main] DEBUG org.hibernate.type.BasicTypeRegistry - Adding type registration java.lang.Class -> org.hibernate.type.BasicTypeReference@2db2cd5
2026-01-20 10:49:20.954 [main] DEBUG org.hibernate.type.BasicTypeRegistry - Adding type registration currency -> org.hibernate.type.BasicTypeReference@70e659aa
2026-01-20 10:49:20.954 [main] DEBUG org.hibernate.type.BasicTypeRegistry - Adding type registration Currency -> org.hibernate.type.BasicTypeReference@70e659aa
2026-01-20 10:49:20.954 [main] DEBUG org.hibernate.type.BasicTypeRegistry - Adding type registration java.util.Currency -> org.hibernate.type.BasicTypeReference@70e659aa
2026-01-20 10:49:20.954 [main] DEBUG org.hibernate.type.BasicTypeRegistry - Adding type registration locale -> org.hibernate.type.BasicTypeReference@615f972
2026-01-20 10:49:20.954 [main] DEBUG org.hibernate.type.BasicTypeRegistry - Adding type registration java.util.Locale -> org.hibernate.type.BasicTypeReference@615f972
2026-01-20 10:49:20.954 [main] DEBUG org.hibernate.type.BasicTypeRegistry - Adding type registration serializable -> org.hibernate.type.BasicTypeReference@285f09de
2026-01-20 10:49:20.954 [main] DEBUG org.hibernate.type.BasicTypeRegistry - Adding type registration java.io.Serializable -> org.hibernate.type.BasicTypeReference@285f09de
2026-01-20 10:49:20.954 [main] DEBUG org.hibernate.type.BasicTypeRegistry - Adding type registration timezone -> org.hibernate.type.BasicTypeReference@73393584
2026-01-20 10:49:20.955 [main] DEBUG org.hibernate.type.BasicTypeRegistry - Adding type registration java.util.TimeZone -> org.hibernate.type.BasicTypeReference@73393584
2026-01-20 10:49:20.955 [main] DEBUG org.hibernate.type.BasicTypeRegistry - Adding type registration ZoneOffset -> org.hibernate.type.BasicTypeReference@31500940
2026-01-20 10:49:20.955 [main] DEBUG org.hibernate.type.BasicTypeRegistry - Adding type registration java.time.ZoneOffset -> org.hibernate.type.BasicTypeReference@31500940
2026-01-20 10:49:20.955 [main] DEBUG org.hibernate.type.BasicTypeRegistry - Adding type registration url -> org.hibernate.type.BasicTypeReference@1827a871
2026-01-20 10:49:20.955 [main] DEBUG org.hibernate.type.BasicTypeRegistry - Adding type registration java.net.URL -> org.hibernate.type.BasicTypeReference@1827a871
2026-01-20 10:49:20.955 [main] DEBUG org.hibernate.type.BasicTypeRegistry - Adding type registration vector -> org.hibernate.type.BasicTypeReference@48e64352
2026-01-20 10:49:20.955 [main] DEBUG org.hibernate.type.BasicTypeRegistry - Adding type registration row_version -> org.hibernate.type.BasicTypeReference@7249dadf
2026-01-20 10:49:20.960 [main] DEBUG org.hibernate.type.BasicTypeRegistry - Adding type registration object -> org.hibernate.type.JavaObjectType@6cc0bcf6
2026-01-20 10:49:20.960 [main] DEBUG org.hibernate.type.BasicTypeRegistry - Adding type registration java.lang.Object -> org.hibernate.type.JavaObjectType@6cc0bcf6
2026-01-20 10:49:20.961 [main] DEBUG org.hibernate.type.BasicTypeRegistry - Adding type registration null -> org.hibernate.type.NullType@36ac8a63
2026-01-20 10:49:20.961 [main] DEBUG org.hibernate.type.BasicTypeRegistry - Adding type registration imm_date -> org.hibernate.type.BasicTypeReference@4d9d1b69
2026-01-20 10:49:20.961 [main] DEBUG org.hibernate.type.BasicTypeRegistry - Adding type registration imm_time -> org.hibernate.type.BasicTypeReference@52c8295b
2026-01-20 10:49:20.961 [main] DEBUG org.hibernate.type.BasicTypeRegistry - Adding type registration imm_timestamp -> org.hibernate.type.BasicTypeReference@251f7d26
2026-01-20 10:49:20.961 [main] DEBUG org.hibernate.type.BasicTypeRegistry - Adding type registration imm_calendar -> org.hibernate.type.BasicTypeReference@77b21474
2026-01-20 10:49:20.961 [main] DEBUG org.hibernate.type.BasicTypeRegistry - Adding type registration imm_calendar_date -> org.hibernate.type.BasicTypeReference@52d10fb8
2026-01-20 10:49:20.962 [main] DEBUG org.hibernate.type.BasicTypeRegistry - Adding type registration imm_calendar_time -> org.hibernate.type.BasicTypeReference@41c07648
2026-01-20 10:49:20.962 [main] DEBUG org.hibernate.type.BasicTypeRegistry - Adding type registration imm_binary -> org.hibernate.type.BasicTypeReference@1fe8d51b
2026-01-20 10:49:20.962 [main] DEBUG org.hibernate.type.BasicTypeRegistry - Adding type registration imm_serializable -> org.hibernate.type.BasicTypeReference@781e7326
2026-01-20 10:49:20.993 [main] WARN  org.hibernate.orm.connections.pooling - HHH10001002: Using built-in connection pool (not intended for production use)
2026-01-20 10:49:21.003 [main] INFO  org.hibernate.orm.connections.pooling - HHH10001005: Loaded JDBC driver class: com.mysql.cj.jdbc.Driver
2026-01-20 10:49:21.003 [main] INFO  org.hibernate.orm.connections.pooling - HHH10001012: Connecting with JDBC URL [jdbc:mysql://localhost:3307/accesoDatosDAM?useSSL=false&serverTimezone=UTC]
2026-01-20 10:49:21.003 [main] INFO  org.hibernate.orm.connections.pooling - HHH10001001: Connection properties: {password=usuario, user=usuario2}
2026-01-20 10:49:21.004 [main] INFO  org.hibernate.orm.connections.pooling - HHH10001003: Autocommit mode: false
2026-01-20 10:49:21.006 [main] DEBUG org.hibernate.orm.connections.pooling - Initializing Connection pool with 1 Connections
2026-01-20 10:49:21.006 [main] INFO  org.hibernate.orm.connections.pooling - HHH10001115: Connection pool size: 20 (min=1)
2026-01-20 10:49:21.171 [main] WARN  org.hibernate.engine.jdbc.env.internal.JdbcEnvironmentInitiator - HHH000342: Could not obtain connection to query metadata
java.lang.IllegalStateException: Cannot get a connection as the driver manager is not properly initialized
	at org.hibernate.engine.jdbc.connections.internal.DriverManagerConnectionProviderImpl.getConnection(DriverManagerConnectionProviderImpl.java:259) ~[hibernate-core-6.4.4.Final.jar:6.4.4.Final]
	at org.hibernate.engine.jdbc.env.internal.JdbcEnvironmentInitiator$ConnectionProviderJdbcConnectionAccess.obtainConnection(JdbcEnvironmentInitiator.java:428) ~[hibernate-core-6.4.4.Final.jar:6.4.4.Final]
	at org.hibernate.resource.transaction.backend.jdbc.internal.JdbcIsolationDelegate.delegateWork(JdbcIsolationDelegate.java:61) ~[hibernate-core-6.4.4.Final.jar:6.4.4.Final]
	at org.hibernate.engine.jdbc.env.internal.JdbcEnvironmentInitiator.getJdbcEnvironmentUsingJdbcMetadata(JdbcEnvironmentInitiator.java:276) [hibernate-core-6.4.4.Final.jar:6.4.4.Final]
	at org.hibernate.engine.jdbc.env.internal.JdbcEnvironmentInitiator.initiateService(JdbcEnvironmentInitiator.java:107) [hibernate-core-6.4.4.Final.jar:6.4.4.Final]
	at org.hibernate.engine.jdbc.env.internal.JdbcEnvironmentInitiator.initiateService(JdbcEnvironmentInitiator.java:68) [hibernate-core-6.4.4.Final.jar:6.4.4.Final]
	at org.hibernate.boot.registry.internal.StandardServiceRegistryImpl.initiateService(StandardServiceRegistryImpl.java:130) [hibernate-core-6.4.4.Final.jar:6.4.4.Final]
	at org.hibernate.service.internal.AbstractServiceRegistryImpl.createService(AbstractServiceRegistryImpl.java:263) [hibernate-core-6.4.4.Final.jar:6.4.4.Final]
	at org.hibernate.service.internal.AbstractServiceRegistryImpl.initializeService(AbstractServiceRegistryImpl.java:238) [hibernate-core-6.4.4.Final.jar:6.4.4.Final]
	at org.hibernate.service.internal.AbstractServiceRegistryImpl.getService(AbstractServiceRegistryImpl.java:215) [hibernate-core-6.4.4.Final.jar:6.4.4.Final]
	at org.hibernate.engine.jdbc.internal.JdbcServicesImpl.configure(JdbcServicesImpl.java:52) [hibernate-core-6.4.4.Final.jar:6.4.4.Final]
	at org.hibernate.boot.registry.internal.StandardServiceRegistryImpl.configureService(StandardServiceRegistryImpl.java:136) [hibernate-core-6.4.4.Final.jar:6.4.4.Final]
	at org.hibernate.service.internal.AbstractServiceRegistryImpl.initializeService(AbstractServiceRegistryImpl.java:247) [hibernate-core-6.4.4.Final.jar:6.4.4.Final]
	at org.hibernate.service.internal.AbstractServiceRegistryImpl.getService(AbstractServiceRegistryImpl.java:215) [hibernate-core-6.4.4.Final.jar:6.4.4.Final]
	at org.hibernate.engine.jdbc.connections.internal.BasicConnectionCreator.convertSqlException(BasicConnectionCreator.java:132) [hibernate-core-6.4.4.Final.jar:6.4.4.Final]
	at org.hibernate.engine.jdbc.connections.internal.DriverConnectionCreator.makeConnection(DriverConnectionCreator.java:43) [hibernate-core-6.4.4.Final.jar:6.4.4.Final]
	at org.hibernate.engine.jdbc.connections.internal.BasicConnectionCreator.createConnection(BasicConnectionCreator.java:61) [hibernate-core-6.4.4.Final.jar:6.4.4.Final]
	at org.hibernate.engine.jdbc.connections.internal.DriverManagerConnectionProviderImpl$PooledConnections.addConnections(DriverManagerConnectionProviderImpl.java:499) [hibernate-core-6.4.4.Final.jar:6.4.4.Final]
	at org.hibernate.engine.jdbc.connections.internal.DriverManagerConnectionProviderImpl$PooledConnections.<init>(DriverManagerConnectionProviderImpl.java:372) [hibernate-core-6.4.4.Final.jar:6.4.4.Final]
	at org.hibernate.engine.jdbc.connections.internal.DriverManagerConnectionProviderImpl$PooledConnections$Builder.build(DriverManagerConnectionProviderImpl.java:550) [hibernate-core-6.4.4.Final.jar:6.4.4.Final]
	at org.hibernate.engine.jdbc.connections.internal.DriverManagerConnectionProviderImpl.buildPool(DriverManagerConnectionProviderImpl.java:102) [hibernate-core-6.4.4.Final.jar:6.4.4.Final]
	at org.hibernate.engine.jdbc.connections.internal.DriverManagerConnectionProviderImpl.configure(DriverManagerConnectionProviderImpl.java:82) [hibernate-core-6.4.4.Final.jar:6.4.4.Final]
	at org.hibernate.boot.registry.internal.StandardServiceRegistryImpl.configureService(StandardServiceRegistryImpl.java:136) [hibernate-core-6.4.4.Final.jar:6.4.4.Final]
	at org.hibernate.service.internal.AbstractServiceRegistryImpl.initializeService(AbstractServiceRegistryImpl.java:247) [hibernate-core-6.4.4.Final.jar:6.4.4.Final]
	at org.hibernate.service.internal.AbstractServiceRegistryImpl.getService(AbstractServiceRegistryImpl.java:215) [hibernate-core-6.4.4.Final.jar:6.4.4.Final]
	at org.hibernate.engine.jdbc.env.internal.JdbcEnvironmentInitiator.buildJdbcConnectionAccess(JdbcEnvironmentInitiator.java:395) [hibernate-core-6.4.4.Final.jar:6.4.4.Final]
	at org.hibernate.engine.jdbc.env.internal.JdbcEnvironmentInitiator.getJdbcEnvironmentUsingJdbcMetadata(JdbcEnvironmentInitiator.java:262) [hibernate-core-6.4.4.Final.jar:6.4.4.Final]
	at org.hibernate.engine.jdbc.env.internal.JdbcEnvironmentInitiator.initiateService(JdbcEnvironmentInitiator.java:107) [hibernate-core-6.4.4.Final.jar:6.4.4.Final]
	at org.hibernate.engine.jdbc.env.internal.JdbcEnvironmentInitiator.initiateService(JdbcEnvironmentInitiator.java:68) [hibernate-core-6.4.4.Final.jar:6.4.4.Final]
	at org.hibernate.boot.registry.internal.StandardServiceRegistryImpl.initiateService(StandardServiceRegistryImpl.java:130) [hibernate-core-6.4.4.Final.jar:6.4.4.Final]
	at org.hibernate.service.internal.AbstractServiceRegistryImpl.createService(AbstractServiceRegistryImpl.java:263) [hibernate-core-6.4.4.Final.jar:6.4.4.Final]
	at org.hibernate.service.internal.AbstractServiceRegistryImpl.initializeService(AbstractServiceRegistryImpl.java:238) [hibernate-core-6.4.4.Final.jar:6.4.4.Final]
	at org.hibernate.service.internal.AbstractServiceRegistryImpl.getService(AbstractServiceRegistryImpl.java:215) [hibernate-core-6.4.4.Final.jar:6.4.4.Final]
	at org.hibernate.boot.model.relational.Database.<init>(Database.java:45) [hibernate-core-6.4.4.Final.jar:6.4.4.Final]
	at org.hibernate.boot.internal.InFlightMetadataCollectorImpl.getDatabase(InFlightMetadataCollectorImpl.java:223) [hibernate-core-6.4.4.Final.jar:6.4.4.Final]
	at org.hibernate.boot.internal.InFlightMetadataCollectorImpl.<init>(InFlightMetadataCollectorImpl.java:191) [hibernate-core-6.4.4.Final.jar:6.4.4.Final]
	at org.hibernate.boot.model.process.spi.MetadataBuildingProcess.complete(MetadataBuildingProcess.java:170) [hibernate-core-6.4.4.Final.jar:6.4.4.Final]
	at org.hibernate.boot.model.process.spi.MetadataBuildingProcess.build(MetadataBuildingProcess.java:129) [hibernate-core-6.4.4.Final.jar:6.4.4.Final]
	at org.hibernate.boot.internal.MetadataBuilderImpl.build(MetadataBuilderImpl.java:449) [hibernate-core-6.4.4.Final.jar:6.4.4.Final]
	at org.hibernate.boot.internal.MetadataBuilderImpl.build(MetadataBuilderImpl.java:101) [hibernate-core-6.4.4.Final.jar:6.4.4.Final]
	at utils.HibernateUtil.getFactoriaSession(HibernateUtil.java:18) [classes/:?]
	at utils.AbstractDao.executeInsideTransaction(AbstractDao.java:102) [classes/:?]
	at utils.AbstractDao.create(AbstractDao.java:14) [classes/:?]
	at controlador.GestionaReuniones.main(GestionaReuniones.java:23) [classes/:?]
2026-01-20 10:49:21.202 [main] WARN  org.hibernate.orm.deprecation - HHH90000025: MySQLDialect does not need to be specified explicitly using 'hibernate.dialect' (remove the property setting and it will be selected by default)
2026-01-20 10:49:21.203 [main] DEBUG org.hibernate.orm.dialect - HHH035001: Using dialect: org.hibernate.dialect.MySQLDialect, version: 8.0
2026-01-20 10:49:21.209 [main] DEBUG org.hibernate.engine.jdbc.env.spi.IdentifierHelperBuilder - IdentifierCaseStrategy for both quoted and unquoted identifiers was set to the same strategy [MIXED]; that will likely lead to problems in schema update and validation if using quoted identifiers
2026-01-20 10:49:21.214 [main] DEBUG org.hibernate.orm.jdbc.lob - HHH10010002: Disabling contextual LOB creation as connection was null
2026-01-20 10:49:21.216 [main] DEBUG org.hibernate.engine.jdbc.spi.SqlExceptionHelper - Error calling Driver#connect [null]
java.sql.SQLNonTransientConnectionException: Public Key Retrieval is not allowed
	at com.mysql.cj.jdbc.exceptions.SQLError.createSQLException(SQLError.java:102) ~[mysql-connector-j-8.4.0.jar:8.4.0]
	at com.mysql.cj.jdbc.exceptions.SQLExceptionsMapping.translateException(SQLExceptionsMapping.java:113) ~[mysql-connector-j-8.4.0.jar:8.4.0]
	at com.mysql.cj.jdbc.ConnectionImpl.createNewIO(ConnectionImpl.java:861) ~[mysql-connector-j-8.4.0.jar:8.4.0]
	at com.mysql.cj.jdbc.ConnectionImpl.<init>(ConnectionImpl.java:449) ~[mysql-connector-j-8.4.0.jar:8.4.0]
	at com.mysql.cj.jdbc.ConnectionImpl.getInstance(ConnectionImpl.java:234) ~[mysql-connector-j-8.4.0.jar:8.4.0]
	at com.mysql.cj.jdbc.NonRegisteringDriver.connect(NonRegisteringDriver.java:180) ~[mysql-connector-j-8.4.0.jar:8.4.0]
	at org.hibernate.engine.jdbc.connections.internal.DriverConnectionCreator.makeConnection(DriverConnectionCreator.java:40) [hibernate-core-6.4.4.Final.jar:6.4.4.Final]
	at org.hibernate.engine.jdbc.connections.internal.BasicConnectionCreator.createConnection(BasicConnectionCreator.java:61) [hibernate-core-6.4.4.Final.jar:6.4.4.Final]
	at org.hibernate.engine.jdbc.connections.internal.DriverManagerConnectionProviderImpl$PooledConnections.addConnections(DriverManagerConnectionProviderImpl.java:499) [hibernate-core-6.4.4.Final.jar:6.4.4.Final]
	at org.hibernate.engine.jdbc.connections.internal.DriverManagerConnectionProviderImpl$PooledConnections.<init>(DriverManagerConnectionProviderImpl.java:372) [hibernate-core-6.4.4.Final.jar:6.4.4.Final]
	at org.hibernate.engine.jdbc.connections.internal.DriverManagerConnectionProviderImpl$PooledConnections$Builder.build(DriverManagerConnectionProviderImpl.java:550) [hibernate-core-6.4.4.Final.jar:6.4.4.Final]
	at org.hibernate.engine.jdbc.connections.internal.DriverManagerConnectionProviderImpl.buildPool(DriverManagerConnectionProviderImpl.java:102) [hibernate-core-6.4.4.Final.jar:6.4.4.Final]
	at org.hibernate.engine.jdbc.connections.internal.DriverManagerConnectionProviderImpl.configure(DriverManagerConnectionProviderImpl.java:82) [hibernate-core-6.4.4.Final.jar:6.4.4.Final]
	at org.hibernate.boot.registry.internal.StandardServiceRegistryImpl.configureService(StandardServiceRegistryImpl.java:136) [hibernate-core-6.4.4.Final.jar:6.4.4.Final]
	at org.hibernate.service.internal.AbstractServiceRegistryImpl.initializeService(AbstractServiceRegistryImpl.java:247) [hibernate-core-6.4.4.Final.jar:6.4.4.Final]
	at org.hibernate.service.internal.AbstractServiceRegistryImpl.getService(AbstractServiceRegistryImpl.java:215) [hibernate-core-6.4.4.Final.jar:6.4.4.Final]
	at org.hibernate.engine.jdbc.env.internal.JdbcEnvironmentInitiator.buildJdbcConnectionAccess(JdbcEnvironmentInitiator.java:395) [hibernate-core-6.4.4.Final.jar:6.4.4.Final]
	at org.hibernate.engine.jdbc.env.internal.JdbcEnvironmentInitiator.getJdbcEnvironmentUsingJdbcMetadata(JdbcEnvironmentInitiator.java:262) [hibernate-core-6.4.4.Final.jar:6.4.4.Final]
	at org.hibernate.engine.jdbc.env.internal.JdbcEnvironmentInitiator.initiateService(JdbcEnvironmentInitiator.java:107) [hibernate-core-6.4.4.Final.jar:6.4.4.Final]
	at org.hibernate.engine.jdbc.env.internal.JdbcEnvironmentInitiator.initiateService(JdbcEnvironmentInitiator.java:68) [hibernate-core-6.4.4.Final.jar:6.4.4.Final]
	at org.hibernate.boot.registry.internal.StandardServiceRegistryImpl.initiateService(StandardServiceRegistryImpl.java:130) [hibernate-core-6.4.4.Final.jar:6.4.4.Final]
	at org.hibernate.service.internal.AbstractServiceRegistryImpl.createService(AbstractServiceRegistryImpl.java:263) [hibernate-core-6.4.4.Final.jar:6.4.4.Final]
	at org.hibernate.service.internal.AbstractServiceRegistryImpl.initializeService(AbstractServiceRegistryImpl.java:238) [hibernate-core-6.4.4.Final.jar:6.4.4.Final]
	at org.hibernate.service.internal.AbstractServiceRegistryImpl.getService(AbstractServiceRegistryImpl.java:215) [hibernate-core-6.4.4.Final.jar:6.4.4.Final]
	at org.hibernate.boot.model.relational.Database.<init>(Database.java:45) [hibernate-core-6.4.4.Final.jar:6.4.4.Final]
	at org.hibernate.boot.internal.InFlightMetadataCollectorImpl.getDatabase(InFlightMetadataCollectorImpl.java:223) [hibernate-core-6.4.4.Final.jar:6.4.4.Final]
	at org.hibernate.boot.internal.InFlightMetadataCollectorImpl.<init>(InFlightMetadataCollectorImpl.java:191) [hibernate-core-6.4.4.Final.jar:6.4.4.Final]
	at org.hibernate.boot.model.process.spi.MetadataBuildingProcess.complete(MetadataBuildingProcess.java:170) [hibernate-core-6.4.4.Final.jar:6.4.4.Final]
	at org.hibernate.boot.model.process.spi.MetadataBuildingProcess.build(MetadataBuildingProcess.java:129) [hibernate-core-6.4.4.Final.jar:6.4.4.Final]
	at org.hibernate.boot.internal.MetadataBuilderImpl.build(MetadataBuilderImpl.java:449) [hibernate-core-6.4.4.Final.jar:6.4.4.Final]
	at org.hibernate.boot.internal.MetadataBuilderImpl.build(MetadataBuilderImpl.java:101) [hibernate-core-6.4.4.Final.jar:6.4.4.Final]
	at utils.HibernateUtil.getFactoriaSession(HibernateUtil.java:18) [classes/:?]
	at utils.AbstractDao.executeInsideTransaction(AbstractDao.java:102) [classes/:?]
	at utils.AbstractDao.create(AbstractDao.java:14) [classes/:?]
	at controlador.GestionaReuniones.main(GestionaReuniones.java:23) [classes/:?]
Caused by: com.mysql.cj.exceptions.UnableToConnectException: Public Key Retrieval is not allowed
	at jdk.internal.reflect.DirectConstructorHandleAccessor.newInstance(DirectConstructorHandleAccessor.java:62) ~[?:?]
	at java.lang.reflect.Constructor.newInstanceWithCaller(Constructor.java:502) ~[?:?]
	at java.lang.reflect.Constructor.newInstance(Constructor.java:486) ~[?:?]
	at com.mysql.cj.exceptions.ExceptionFactory.createException(ExceptionFactory.java:52) ~[mysql-connector-j-8.4.0.jar:8.4.0]
	at com.mysql.cj.exceptions.ExceptionFactory.createException(ExceptionFactory.java:76) ~[mysql-connector-j-8.4.0.jar:8.4.0]
	at com.mysql.cj.protocol.a.authentication.CachingSha2PasswordPlugin.nextAuthenticationStep(CachingSha2PasswordPlugin.java:122) ~[mysql-connector-j-8.4.0.jar:8.4.0]
	at com.mysql.cj.protocol.a.authentication.CachingSha2PasswordPlugin.nextAuthenticationStep(CachingSha2PasswordPlugin.java:40) ~[mysql-connector-j-8.4.0.jar:8.4.0]
	at com.mysql.cj.protocol.a.NativeAuthenticationProvider.proceedHandshakeWithPluggableAuthentication(NativeAuthenticationProvider.java:435) ~[mysql-connector-j-8.4.0.jar:8.4.0]
	at com.mysql.cj.protocol.a.NativeAuthenticationProvider.connect(NativeAuthenticationProvider.java:205) ~[mysql-connector-j-8.4.0.jar:8.4.0]
	at com.mysql.cj.protocol.a.NativeProtocol.connect(NativeProtocol.java:1340) ~[mysql-connector-j-8.4.0.jar:8.4.0]
	at com.mysql.cj.NativeSession.connect(NativeSession.java:152) ~[mysql-connector-j-8.4.0.jar:8.4.0]
	at com.mysql.cj.jdbc.ConnectionImpl.connectOneTryOnly(ConnectionImpl.java:980) ~[mysql-connector-j-8.4.0.jar:8.4.0]
	at com.mysql.cj.jdbc.ConnectionImpl.createNewIO(ConnectionImpl.java:851) ~[mysql-connector-j-8.4.0.jar:8.4.0]
	... 32 more
2026-01-20 10:49:21.220 [main] WARN  org.hibernate.engine.jdbc.spi.SqlExceptionHelper - SQL Error: 0, SQLState: 08001
2026-01-20 10:49:21.220 [main] ERROR org.hibernate.engine.jdbc.spi.SqlExceptionHelper - Public Key Retrieval is not allowed
2026-01-20 10:50:57.841 [main] DEBUG org.jboss.logging - Logging Provider: org.jboss.logging.Log4j2LoggerProvider
2026-01-20 10:50:57.853 [main] DEBUG org.hibernate.integrator.internal.IntegratorServiceImpl - Adding Integrator [org.hibernate.boot.beanvalidation.BeanValidationIntegrator].
2026-01-20 10:50:57.855 [main] DEBUG org.hibernate.integrator.internal.IntegratorServiceImpl - Adding Integrator [org.hibernate.cache.internal.CollectionCacheInvalidator].
2026-01-20 10:50:57.872 [main] INFO  org.hibernate.Version - HHH000412: Hibernate ORM core version 6.4.4.Final
2026-01-20 10:50:57.873 [main] DEBUG org.hibernate.cfg.Environment - HHH000206: 'hibernate.properties' not found
2026-01-20 10:50:57.896 [main] DEBUG org.hibernate.boot.jaxb.internal.stax.LocalXmlResourceResolver - Checking public/system identifiers `-//Hibernate/Hibernate Configuration DTD 3.0//EN`/`https://hibernate.org/dtd/hibernate-configuration-3.0.dtd` as DTD references
2026-01-20 10:50:57.901 [main] DEBUG org.hibernate.boot.cfgxml.internal.JaxbCfgProcessor - cfg.xml document did not define namespaces; wrapping in custom event reader to introduce namespace information
2026-01-20 10:50:58.041 [main] DEBUG org.hibernate.orm.idgen.factory - Ignoring CDI for resolving IdentifierGenerator instances as extended or delayed CDI support was enabled
2026-01-20 10:50:58.045 [main] DEBUG org.hibernate.orm.idgen.factory - Registering IdentifierGenerator strategy [uuid2] -> [org.hibernate.id.UUIDGenerator]
2026-01-20 10:50:58.045 [main] DEBUG org.hibernate.orm.idgen.factory - Registering IdentifierGenerator strategy [guid] -> [org.hibernate.id.GUIDGenerator]
2026-01-20 10:50:58.045 [main] DEBUG org.hibernate.orm.idgen.factory - Registering IdentifierGenerator strategy [uuid] -> [org.hibernate.id.UUIDHexGenerator]
2026-01-20 10:50:58.045 [main] DEBUG org.hibernate.orm.idgen.factory - Registering IdentifierGenerator strategy [uuid.hex] -> [org.hibernate.id.UUIDHexGenerator]
2026-01-20 10:50:58.046 [main] DEBUG org.hibernate.orm.idgen.factory - Registering IdentifierGenerator strategy [assigned] -> [org.hibernate.id.Assigned]
2026-01-20 10:50:58.047 [main] DEBUG org.hibernate.orm.idgen.factory - Registering IdentifierGenerator strategy [identity] -> [org.hibernate.id.IdentityGenerator]
2026-01-20 10:50:58.047 [main] DEBUG org.hibernate.orm.idgen.factory - Registering IdentifierGenerator strategy [select] -> [org.hibernate.id.SelectGenerator]
2026-01-20 10:50:58.048 [main] DEBUG org.hibernate.orm.idgen.factory - Registering IdentifierGenerator strategy [sequence] -> [org.hibernate.id.enhanced.SequenceStyleGenerator]
2026-01-20 10:50:58.048 [main] DEBUG org.hibernate.orm.idgen.factory - Registering IdentifierGenerator strategy [increment] -> [org.hibernate.id.IncrementGenerator]
2026-01-20 10:50:58.048 [main] DEBUG org.hibernate.orm.idgen.factory - Registering IdentifierGenerator strategy [foreign] -> [org.hibernate.id.ForeignGenerator]
2026-01-20 10:50:58.049 [main] DEBUG org.hibernate.orm.idgen.factory - Registering IdentifierGenerator strategy [enhanced-sequence] -> [org.hibernate.id.enhanced.SequenceStyleGenerator]
2026-01-20 10:50:58.049 [main] DEBUG org.hibernate.orm.idgen.factory - Registering IdentifierGenerator strategy [enhanced-table] -> [org.hibernate.id.enhanced.TableGenerator]
2026-01-20 10:50:58.057 [main] DEBUG org.hibernate.cache.internal.RegionFactoryInitiator - Cannot default RegionFactory based on registered strategies as `[]` RegionFactory strategies were registered
2026-01-20 10:50:58.058 [main] INFO  org.hibernate.cache.internal.RegionFactoryInitiator - HHH000026: Second-level cache disabled
2026-01-20 10:50:58.111 [main] DEBUG org.hibernate.type.BasicTypeRegistry - Adding type registration boolean -> org.hibernate.type.BasicTypeReference@ecf9049
2026-01-20 10:50:58.111 [main] DEBUG org.hibernate.type.BasicTypeRegistry - Adding type registration boolean -> org.hibernate.type.BasicTypeReference@ecf9049
2026-01-20 10:50:58.111 [main] DEBUG org.hibernate.type.BasicTypeRegistry - Adding type registration java.lang.Boolean -> org.hibernate.type.BasicTypeReference@ecf9049
2026-01-20 10:50:58.112 [main] DEBUG org.hibernate.type.BasicTypeRegistry - Adding type registration numeric_boolean -> org.hibernate.type.BasicTypeReference@672f11c2
2026-01-20 10:50:58.112 [main] DEBUG org.hibernate.type.BasicTypeRegistry - Adding type registration org.hibernate.type.NumericBooleanConverter -> org.hibernate.type.BasicTypeReference@672f11c2
2026-01-20 10:50:58.112 [main] DEBUG org.hibernate.type.BasicTypeRegistry - Adding type registration true_false -> org.hibernate.type.BasicTypeReference@2970a5bc
2026-01-20 10:50:58.112 [main] DEBUG org.hibernate.type.BasicTypeRegistry - Adding type registration org.hibernate.type.TrueFalseConverter -> org.hibernate.type.BasicTypeReference@2970a5bc
2026-01-20 10:50:58.112 [main] DEBUG org.hibernate.type.BasicTypeRegistry - Adding type registration yes_no -> org.hibernate.type.BasicTypeReference@50305a
2026-01-20 10:50:58.112 [main] DEBUG org.hibernate.type.BasicTypeRegistry - Adding type registration org.hibernate.type.YesNoConverter -> org.hibernate.type.BasicTypeReference@50305a
2026-01-20 10:50:58.112 [main] DEBUG org.hibernate.type.BasicTypeRegistry - Adding type registration byte -> org.hibernate.type.BasicTypeReference@72efb5c1
2026-01-20 10:50:58.112 [main] DEBUG org.hibernate.type.BasicTypeRegistry - Adding type registration byte -> org.hibernate.type.BasicTypeReference@72efb5c1
2026-01-20 10:50:58.112 [main] DEBUG org.hibernate.type.BasicTypeRegistry - Adding type registration java.lang.Byte -> org.hibernate.type.BasicTypeReference@72efb5c1
2026-01-20 10:50:58.113 [main] DEBUG org.hibernate.type.BasicTypeRegistry - Adding type registration binary -> org.hibernate.type.BasicTypeReference@6d511b5f
2026-01-20 10:50:58.113 [main] DEBUG org.hibernate.type.BasicTypeRegistry - Adding type registration byte[] -> org.hibernate.type.BasicTypeReference@6d511b5f
2026-01-20 10:50:58.113 [main] DEBUG org.hibernate.type.BasicTypeRegistry - Adding type registration [B -> org.hibernate.type.BasicTypeReference@6d511b5f
2026-01-20 10:50:58.113 [main] DEBUG org.hibernate.type.BasicTypeRegistry - Adding type registration binary_wrapper -> org.hibernate.type.BasicTypeReference@41200e0c
2026-01-20 10:50:58.114 [main] DEBUG org.hibernate.type.BasicTypeRegistry - Adding type registration wrapper-binary -> org.hibernate.type.BasicTypeReference@41200e0c
2026-01-20 10:50:58.114 [main] DEBUG org.hibernate.type.BasicTypeRegistry - Adding type registration image -> org.hibernate.type.BasicTypeReference@40f33492
2026-01-20 10:50:58.114 [main] DEBUG org.hibernate.type.BasicTypeRegistry - Adding type registration blob -> org.hibernate.type.BasicTypeReference@4fbdc0f0
2026-01-20 10:50:58.114 [main] DEBUG org.hibernate.type.BasicTypeRegistry - Adding type registration java.sql.Blob -> org.hibernate.type.BasicTypeReference@4fbdc0f0
2026-01-20 10:50:58.114 [main] DEBUG org.hibernate.type.BasicTypeRegistry - Adding type registration materialized_blob -> org.hibernate.type.BasicTypeReference@2ad3a1bb
2026-01-20 10:50:58.114 [main] DEBUG org.hibernate.type.BasicTypeRegistry - Adding type registration materialized_blob_wrapper -> org.hibernate.type.BasicTypeReference@6bc28a83
2026-01-20 10:50:58.114 [main] DEBUG org.hibernate.type.BasicTypeRegistry - Adding type registration short -> org.hibernate.type.BasicTypeReference@324c64cd
2026-01-20 10:50:58.114 [main] DEBUG org.hibernate.type.BasicTypeRegistry - Adding type registration short -> org.hibernate.type.BasicTypeReference@324c64cd
2026-01-20 10:50:58.114 [main] DEBUG org.hibernate.type.BasicTypeRegistry - Adding type registration java.lang.Short -> org.hibernate.type.BasicTypeReference@324c64cd
2026-01-20 10:50:58.115 [main] DEBUG org.hibernate.type.BasicTypeRegistry - Adding type registration integer -> org.hibernate.type.BasicTypeReference@13579834
2026-01-20 10:50:58.115 [main] DEBUG org.hibernate.type.BasicTypeRegistry - Adding type registration int -> org.hibernate.type.BasicTypeReference@13579834
2026-01-20 10:50:58.115 [main] DEBUG org.hibernate.type.BasicTypeRegistry - Adding type registration java.lang.Integer -> org.hibernate.type.BasicTypeReference@13579834
2026-01-20 10:50:58.115 [main] DEBUG org.hibernate.type.BasicTypeRegistry - Adding type registration long -> org.hibernate.type.BasicTypeReference@24be2d9c
2026-01-20 10:50:58.115 [main] DEBUG org.hibernate.type.BasicTypeRegistry - Adding type registration long -> org.hibernate.type.BasicTypeReference@24be2d9c
2026-01-20 10:50:58.115 [main] DEBUG org.hibernate.type.BasicTypeRegistry - Adding type registration java.lang.Long -> org.hibernate.type.BasicTypeReference@24be2d9c
2026-01-20 10:50:58.115 [main] DEBUG org.hibernate.type.BasicTypeRegistry - Adding type registration float -> org.hibernate.type.BasicTypeReference@5bd73d1a
2026-01-20 10:50:58.115 [main] DEBUG org.hibernate.type.BasicTypeRegistry - Adding type registration float -> org.hibernate.type.BasicTypeReference@5bd73d1a
2026-01-20 10:50:58.115 [main] DEBUG org.hibernate.type.BasicTypeRegistry - Adding type registration java.lang.Float -> org.hibernate.type.BasicTypeReference@5bd73d1a
2026-01-20 10:50:58.115 [main] DEBUG org.hibernate.type.BasicTypeRegistry - Adding type registration double -> org.hibernate.type.BasicTypeReference@aec50a1
2026-01-20 10:50:58.115 [main] DEBUG org.hibernate.type.BasicTypeRegistry - Adding type registration double -> org.hibernate.type.BasicTypeReference@aec50a1
2026-01-20 10:50:58.115 [main] DEBUG org.hibernate.type.BasicTypeRegistry - Adding type registration java.lang.Double -> org.hibernate.type.BasicTypeReference@aec50a1
2026-01-20 10:50:58.115 [main] DEBUG org.hibernate.type.BasicTypeRegistry - Adding type registration big_integer -> org.hibernate.type.BasicTypeReference@2555fff0
2026-01-20 10:50:58.116 [main] DEBUG org.hibernate.type.BasicTypeRegistry - Adding type registration java.math.BigInteger -> org.hibernate.type.BasicTypeReference@2555fff0
2026-01-20 10:50:58.116 [main] DEBUG org.hibernate.type.BasicTypeRegistry - Adding type registration big_decimal -> org.hibernate.type.BasicTypeReference@70d2e40b
2026-01-20 10:50:58.116 [main] DEBUG org.hibernate.type.BasicTypeRegistry - Adding type registration java.math.BigDecimal -> org.hibernate.type.BasicTypeReference@70d2e40b
2026-01-20 10:50:58.116 [main] DEBUG org.hibernate.type.BasicTypeRegistry - Adding type registration character -> org.hibernate.type.BasicTypeReference@120f38e6
2026-01-20 10:50:58.116 [main] DEBUG org.hibernate.type.BasicTypeRegistry - Adding type registration char -> org.hibernate.type.BasicTypeReference@120f38e6
2026-01-20 10:50:58.116 [main] DEBUG org.hibernate.type.BasicTypeRegistry - Adding type registration java.lang.Character -> org.hibernate.type.BasicTypeReference@120f38e6
2026-01-20 10:50:58.116 [main] DEBUG org.hibernate.type.BasicTypeRegistry - Adding type registration character_nchar -> org.hibernate.type.BasicTypeReference@7a0e1b5e
2026-01-20 10:50:58.116 [main] DEBUG org.hibernate.type.BasicTypeRegistry - Adding type registration string -> org.hibernate.type.BasicTypeReference@702ed190
2026-01-20 10:50:58.117 [main] DEBUG org.hibernate.type.BasicTypeRegistry - Adding type registration java.lang.String -> org.hibernate.type.BasicTypeReference@702ed190
2026-01-20 10:50:58.117 [main] DEBUG org.hibernate.type.BasicTypeRegistry - Adding type registration nstring -> org.hibernate.type.BasicTypeReference@173b9122
2026-01-20 10:50:58.117 [main] DEBUG org.hibernate.type.BasicTypeRegistry - Adding type registration characters -> org.hibernate.type.BasicTypeReference@7c18432b
2026-01-20 10:50:58.117 [main] DEBUG org.hibernate.type.BasicTypeRegistry - Adding type registration char[] -> org.hibernate.type.BasicTypeReference@7c18432b
2026-01-20 10:50:58.117 [main] DEBUG org.hibernate.type.BasicTypeRegistry - Adding type registration [C -> org.hibernate.type.BasicTypeReference@7c18432b
2026-01-20 10:50:58.117 [main] DEBUG org.hibernate.type.BasicTypeRegistry - Adding type registration wrapper-characters -> org.hibernate.type.BasicTypeReference@7646731d
2026-01-20 10:50:58.117 [main] DEBUG org.hibernate.type.BasicTypeRegistry - Adding type registration text -> org.hibernate.type.BasicTypeReference@70e29e14
2026-01-20 10:50:58.117 [main] DEBUG org.hibernate.type.BasicTypeRegistry - Adding type registration ntext -> org.hibernate.type.BasicTypeReference@3b1bb3ab
2026-01-20 10:50:58.117 [main] DEBUG org.hibernate.type.BasicTypeRegistry - Adding type registration clob -> org.hibernate.type.BasicTypeReference@5a4bef8
2026-01-20 10:50:58.117 [main] DEBUG org.hibernate.type.BasicTypeRegistry - Adding type registration java.sql.Clob -> org.hibernate.type.BasicTypeReference@5a4bef8
2026-01-20 10:50:58.117 [main] DEBUG org.hibernate.type.BasicTypeRegistry - Adding type registration nclob -> org.hibernate.type.BasicTypeReference@40bffbca
2026-01-20 10:50:58.117 [main] DEBUG org.hibernate.type.BasicTypeRegistry - Adding type registration java.sql.NClob -> org.hibernate.type.BasicTypeReference@40bffbca
2026-01-20 10:50:58.118 [main] DEBUG org.hibernate.type.BasicTypeRegistry - Adding type registration materialized_clob -> org.hibernate.type.BasicTypeReference@2449cff7
2026-01-20 10:50:58.118 [main] DEBUG org.hibernate.type.BasicTypeRegistry - Adding type registration materialized_clob_char_array -> org.hibernate.type.BasicTypeReference@42a9a63e
2026-01-20 10:50:58.118 [main] DEBUG org.hibernate.type.BasicTypeRegistry - Adding type registration materialized_clob_character_array -> org.hibernate.type.BasicTypeReference@62da83ed
2026-01-20 10:50:58.118 [main] DEBUG org.hibernate.type.BasicTypeRegistry - Adding type registration materialized_nclob -> org.hibernate.type.BasicTypeReference@5d8445d7
2026-01-20 10:50:58.118 [main] DEBUG org.hibernate.type.BasicTypeRegistry - Adding type registration materialized_nclob_character_array -> org.hibernate.type.BasicTypeReference@37d80fe7
2026-01-20 10:50:58.119 [main] DEBUG org.hibernate.type.BasicTypeRegistry - Adding type registration materialized_nclob_char_array -> org.hibernate.type.BasicTypeReference@384fc774
2026-01-20 10:50:58.119 [main] DEBUG org.hibernate.type.BasicTypeRegistry - Adding type registration Duration -> org.hibernate.type.BasicTypeReference@e3cee7b
2026-01-20 10:50:58.119 [main] DEBUG org.hibernate.type.BasicTypeRegistry - Adding type registration java.time.Duration -> org.hibernate.type.BasicTypeReference@e3cee7b
2026-01-20 10:50:58.119 [main] DEBUG org.hibernate.type.BasicTypeRegistry - Adding type registration LocalDateTime -> org.hibernate.type.BasicTypeReference@71e9a896
2026-01-20 10:50:58.119 [main] DEBUG org.hibernate.type.BasicTypeRegistry - Adding type registration java.time.LocalDateTime -> org.hibernate.type.BasicTypeReference@71e9a896
2026-01-20 10:50:58.119 [main] DEBUG org.hibernate.type.BasicTypeRegistry - Adding type registration LocalDate -> org.hibernate.type.BasicTypeReference@6b9267b
2026-01-20 10:50:58.119 [main] DEBUG org.hibernate.type.BasicTypeRegistry - Adding type registration java.time.LocalDate -> org.hibernate.type.BasicTypeReference@6b9267b
2026-01-20 10:50:58.119 [main] DEBUG org.hibernate.type.BasicTypeRegistry - Adding type registration LocalTime -> org.hibernate.type.BasicTypeReference@408b35bf
2026-01-20 10:50:58.119 [main] DEBUG org.hibernate.type.BasicTypeRegistry - Adding type registration java.time.LocalTime -> org.hibernate.type.BasicTypeReference@408b35bf
2026-01-20 10:50:58.120 [main] DEBUG org.hibernate.type.BasicTypeRegistry - Adding type registration OffsetDateTime -> org.hibernate.type.BasicTypeReference@29ad44e3
2026-01-20 10:50:58.120 [main] DEBUG org.hibernate.type.BasicTypeRegistry - Adding type registration java.time.OffsetDateTime -> org.hibernate.type.BasicTypeReference@29ad44e3
2026-01-20 10:50:58.120 [main] DEBUG org.hibernate.type.BasicTypeRegistry - Adding type registration OffsetDateTimeWithTimezone -> org.hibernate.type.BasicTypeReference@15bcf458
2026-01-20 10:50:58.120 [main] DEBUG org.hibernate.type.BasicTypeRegistry - Adding type registration OffsetDateTimeWithoutTimezone -> org.hibernate.type.BasicTypeReference@5af9926a
2026-01-20 10:50:58.120 [main] DEBUG org.hibernate.type.BasicTypeRegistry - Adding type registration OffsetTime -> org.hibernate.type.BasicTypeReference@43c67247
2026-01-20 10:50:58.120 [main] DEBUG org.hibernate.type.BasicTypeRegistry - Adding type registration java.time.OffsetTime -> org.hibernate.type.BasicTypeReference@43c67247
2026-01-20 10:50:58.120 [main] DEBUG org.hibernate.type.BasicTypeRegistry - Adding type registration OffsetTimeUtc -> org.hibernate.type.BasicTypeReference@fac80
2026-01-20 10:50:58.120 [main] DEBUG org.hibernate.type.BasicTypeRegistry - Adding type registration OffsetTimeWithTimezone -> org.hibernate.type.BasicTypeReference@726386ed
2026-01-20 10:50:58.120 [main] DEBUG org.hibernate.type.BasicTypeRegistry - Adding type registration OffsetTimeWithoutTimezone -> org.hibernate.type.BasicTypeReference@649f2009
2026-01-20 10:50:58.121 [main] DEBUG org.hibernate.type.BasicTypeRegistry - Adding type registration ZonedDateTime -> org.hibernate.type.BasicTypeReference@14bb2297
2026-01-20 10:50:58.121 [main] DEBUG org.hibernate.type.BasicTypeRegistry - Adding type registration java.time.ZonedDateTime -> org.hibernate.type.BasicTypeReference@14bb2297
2026-01-20 10:50:58.121 [main] DEBUG org.hibernate.type.BasicTypeRegistry - Adding type registration ZonedDateTimeWithTimezone -> org.hibernate.type.BasicTypeReference@69adf72c
2026-01-20 10:50:58.121 [main] DEBUG org.hibernate.type.BasicTypeRegistry - Adding type registration ZonedDateTimeWithoutTimezone -> org.hibernate.type.BasicTypeReference@797501a
2026-01-20 10:50:58.121 [main] DEBUG org.hibernate.type.BasicTypeRegistry - Adding type registration date -> org.hibernate.type.BasicTypeReference@1a15b789
2026-01-20 10:50:58.121 [main] DEBUG org.hibernate.type.BasicTypeRegistry - Adding type registration java.sql.Date -> org.hibernate.type.BasicTypeReference@1a15b789
2026-01-20 10:50:58.121 [main] DEBUG org.hibernate.type.BasicTypeRegistry - Adding type registration time -> org.hibernate.type.BasicTypeReference@57f791c6
2026-01-20 10:50:58.121 [main] DEBUG org.hibernate.type.BasicTypeRegistry - Adding type registration java.sql.Time -> org.hibernate.type.BasicTypeReference@57f791c6
2026-01-20 10:50:58.121 [main] DEBUG org.hibernate.type.BasicTypeRegistry - Adding type registration timestamp -> org.hibernate.type.BasicTypeReference@51650883
2026-01-20 10:50:58.122 [main] DEBUG org.hibernate.type.BasicTypeRegistry - Adding type registration java.sql.Timestamp -> org.hibernate.type.BasicTypeReference@51650883
2026-01-20 10:50:58.122 [main] DEBUG org.hibernate.type.BasicTypeRegistry - Adding type registration java.util.Date -> org.hibernate.type.BasicTypeReference@51650883
2026-01-20 10:50:58.122 [main] DEBUG org.hibernate.type.BasicTypeRegistry - Adding type registration calendar -> org.hibernate.type.BasicTypeReference@6c4f9535
2026-01-20 10:50:58.122 [main] DEBUG org.hibernate.type.BasicTypeRegistry - Adding type registration java.util.Calendar -> org.hibernate.type.BasicTypeReference@6c4f9535
2026-01-20 10:50:58.122 [main] DEBUG org.hibernate.type.BasicTypeRegistry - Adding type registration java.util.GregorianCalendar -> org.hibernate.type.BasicTypeReference@6c4f9535
2026-01-20 10:50:58.122 [main] DEBUG org.hibernate.type.BasicTypeRegistry - Adding type registration calendar_date -> org.hibernate.type.BasicTypeReference@5bd1ceca
2026-01-20 10:50:58.122 [main] DEBUG org.hibernate.type.BasicTypeRegistry - Adding type registration calendar_time -> org.hibernate.type.BasicTypeReference@30c31dd7
2026-01-20 10:50:58.123 [main] DEBUG org.hibernate.type.BasicTypeRegistry - Adding type registration instant -> org.hibernate.type.BasicTypeReference@499b2a5c
2026-01-20 10:50:58.123 [main] DEBUG org.hibernate.type.BasicTypeRegistry - Adding type registration java.time.Instant -> org.hibernate.type.BasicTypeReference@499b2a5c
2026-01-20 10:50:58.123 [main] DEBUG org.hibernate.type.BasicTypeRegistry - Adding type registration uuid -> org.hibernate.type.BasicTypeReference@596df867
2026-01-20 10:50:58.123 [main] DEBUG org.hibernate.type.BasicTypeRegistry - Adding type registration java.util.UUID -> org.hibernate.type.BasicTypeReference@596df867
2026-01-20 10:50:58.123 [main] DEBUG org.hibernate.type.BasicTypeRegistry - Adding type registration pg-uuid -> org.hibernate.type.BasicTypeReference@596df867
2026-01-20 10:50:58.123 [main] DEBUG org.hibernate.type.BasicTypeRegistry - Adding type registration uuid-binary -> org.hibernate.type.BasicTypeReference@c1fca1e
2026-01-20 10:50:58.123 [main] DEBUG org.hibernate.type.BasicTypeRegistry - Adding type registration uuid-char -> org.hibernate.type.BasicTypeReference@241a53ef
2026-01-20 10:50:58.123 [main] DEBUG org.hibernate.type.BasicTypeRegistry - Adding type registration class -> org.hibernate.type.BasicTypeReference@344344fa
2026-01-20 10:50:58.123 [main] DEBUG org.hibernate.type.BasicTypeRegistry - Adding type registration java.lang.Class -> org.hibernate.type.BasicTypeReference@344344fa
2026-01-20 10:50:58.124 [main] DEBUG org.hibernate.type.BasicTypeRegistry - Adding type registration currency -> org.hibernate.type.BasicTypeReference@2db2cd5
2026-01-20 10:50:58.124 [main] DEBUG org.hibernate.type.BasicTypeRegistry - Adding type registration Currency -> org.hibernate.type.BasicTypeReference@2db2cd5
2026-01-20 10:50:58.124 [main] DEBUG org.hibernate.type.BasicTypeRegistry - Adding type registration java.util.Currency -> org.hibernate.type.BasicTypeReference@2db2cd5
2026-01-20 10:50:58.124 [main] DEBUG org.hibernate.type.BasicTypeRegistry - Adding type registration locale -> org.hibernate.type.BasicTypeReference@70e659aa
2026-01-20 10:50:58.124 [main] DEBUG org.hibernate.type.BasicTypeRegistry - Adding type registration java.util.Locale -> org.hibernate.type.BasicTypeReference@70e659aa
2026-01-20 10:50:58.124 [main] DEBUG org.hibernate.type.BasicTypeRegistry - Adding type registration serializable -> org.hibernate.type.BasicTypeReference@615f972
2026-01-20 10:50:58.124 [main] DEBUG org.hibernate.type.BasicTypeRegistry - Adding type registration java.io.Serializable -> org.hibernate.type.BasicTypeReference@615f972
2026-01-20 10:50:58.124 [main] DEBUG org.hibernate.type.BasicTypeRegistry - Adding type registration timezone -> org.hibernate.type.BasicTypeReference@285f09de
2026-01-20 10:50:58.124 [main] DEBUG org.hibernate.type.BasicTypeRegistry - Adding type registration java.util.TimeZone -> org.hibernate.type.BasicTypeReference@285f09de
2026-01-20 10:50:58.124 [main] DEBUG org.hibernate.type.BasicTypeRegistry - Adding type registration ZoneOffset -> org.hibernate.type.BasicTypeReference@73393584
2026-01-20 10:50:58.124 [main] DEBUG org.hibernate.type.BasicTypeRegistry - Adding type registration java.time.ZoneOffset -> org.hibernate.type.BasicTypeReference@73393584
2026-01-20 10:50:58.124 [main] DEBUG org.hibernate.type.BasicTypeRegistry - Adding type registration url -> org.hibernate.type.BasicTypeReference@31500940
2026-01-20 10:50:58.124 [main] DEBUG org.hibernate.type.BasicTypeRegistry - Adding type registration java.net.URL -> org.hibernate.type.BasicTypeReference@31500940
2026-01-20 10:50:58.124 [main] DEBUG org.hibernate.type.BasicTypeRegistry - Adding type registration vector -> org.hibernate.type.BasicTypeReference@1827a871
2026-01-20 10:50:58.125 [main] DEBUG org.hibernate.type.BasicTypeRegistry - Adding type registration row_version -> org.hibernate.type.BasicTypeReference@48e64352
2026-01-20 10:50:58.127 [main] DEBUG org.hibernate.type.BasicTypeRegistry - Adding type registration object -> org.hibernate.type.JavaObjectType@cc62a3b
2026-01-20 10:50:58.127 [main] DEBUG org.hibernate.type.BasicTypeRegistry - Adding type registration java.lang.Object -> org.hibernate.type.JavaObjectType@cc62a3b
2026-01-20 10:50:58.127 [main] DEBUG org.hibernate.type.BasicTypeRegistry - Adding type registration null -> org.hibernate.type.NullType@66d23e4a
2026-01-20 10:50:58.129 [main] DEBUG org.hibernate.type.BasicTypeRegistry - Adding type registration imm_date -> org.hibernate.type.BasicTypeReference@36ac8a63
2026-01-20 10:50:58.129 [main] DEBUG org.hibernate.type.BasicTypeRegistry - Adding type registration imm_time -> org.hibernate.type.BasicTypeReference@4d9d1b69
2026-01-20 10:50:58.129 [main] DEBUG org.hibernate.type.BasicTypeRegistry - Adding type registration imm_timestamp -> org.hibernate.type.BasicTypeReference@52c8295b
2026-01-20 10:50:58.129 [main] DEBUG org.hibernate.type.BasicTypeRegistry - Adding type registration imm_calendar -> org.hibernate.type.BasicTypeReference@251f7d26
2026-01-20 10:50:58.129 [main] DEBUG org.hibernate.type.BasicTypeRegistry - Adding type registration imm_calendar_date -> org.hibernate.type.BasicTypeReference@77b21474
2026-01-20 10:50:58.129 [main] DEBUG org.hibernate.type.BasicTypeRegistry - Adding type registration imm_calendar_time -> org.hibernate.type.BasicTypeReference@52d10fb8
2026-01-20 10:50:58.129 [main] DEBUG org.hibernate.type.BasicTypeRegistry - Adding type registration imm_binary -> org.hibernate.type.BasicTypeReference@41c07648
2026-01-20 10:50:58.129 [main] DEBUG org.hibernate.type.BasicTypeRegistry - Adding type registration imm_serializable -> org.hibernate.type.BasicTypeReference@1fe8d51b
2026-01-20 10:50:58.148 [main] WARN  org.hibernate.orm.connections.pooling - HHH10001002: Using built-in connection pool (not intended for production use)
2026-01-20 10:50:58.151 [main] INFO  org.hibernate.orm.connections.pooling - HHH10001005: Loaded JDBC driver class: com.mysql.cj.jdbc.Driver
2026-01-20 10:50:58.151 [main] INFO  org.hibernate.orm.connections.pooling - HHH10001012: Connecting with JDBC URL [jdbc:mysql://localhost:3307/accesoDatosDAM?useSSL=false&serverTimezone=UTC]
2026-01-20 10:50:58.151 [main] INFO  org.hibernate.orm.connections.pooling - HHH10001001: Connection properties: {password=usuario, user=usuario2}
2026-01-20 10:50:58.151 [main] INFO  org.hibernate.orm.connections.pooling - HHH10001003: Autocommit mode: false
2026-01-20 10:50:58.153 [main] DEBUG org.hibernate.orm.connections.pooling - Initializing Connection pool with 1 Connections
2026-01-20 10:50:58.153 [main] INFO  org.hibernate.orm.connections.pooling - HHH10001115: Connection pool size: 20 (min=1)
2026-01-20 10:50:58.288 [main] WARN  org.hibernate.engine.jdbc.env.internal.JdbcEnvironmentInitiator - HHH000342: Could not obtain connection to query metadata
java.lang.IllegalStateException: Cannot get a connection as the driver manager is not properly initialized
	at org.hibernate.engine.jdbc.connections.internal.DriverManagerConnectionProviderImpl.getConnection(DriverManagerConnectionProviderImpl.java:259) ~[hibernate-core-6.4.4.Final.jar:6.4.4.Final]
	at org.hibernate.engine.jdbc.env.internal.JdbcEnvironmentInitiator$ConnectionProviderJdbcConnectionAccess.obtainConnection(JdbcEnvironmentInitiator.java:428) ~[hibernate-core-6.4.4.Final.jar:6.4.4.Final]
	at org.hibernate.resource.transaction.backend.jdbc.internal.JdbcIsolationDelegate.delegateWork(JdbcIsolationDelegate.java:61) ~[hibernate-core-6.4.4.Final.jar:6.4.4.Final]
	at org.hibernate.engine.jdbc.env.internal.JdbcEnvironmentInitiator.getJdbcEnvironmentUsingJdbcMetadata(JdbcEnvironmentInitiator.java:276) [hibernate-core-6.4.4.Final.jar:6.4.4.Final]
	at org.hibernate.engine.jdbc.env.internal.JdbcEnvironmentInitiator.initiateService(JdbcEnvironmentInitiator.java:107) [hibernate-core-6.4.4.Final.jar:6.4.4.Final]
	at org.hibernate.engine.jdbc.env.internal.JdbcEnvironmentInitiator.initiateService(JdbcEnvironmentInitiator.java:68) [hibernate-core-6.4.4.Final.jar:6.4.4.Final]
	at org.hibernate.boot.registry.internal.StandardServiceRegistryImpl.initiateService(StandardServiceRegistryImpl.java:130) [hibernate-core-6.4.4.Final.jar:6.4.4.Final]
	at org.hibernate.service.internal.AbstractServiceRegistryImpl.createService(AbstractServiceRegistryImpl.java:263) [hibernate-core-6.4.4.Final.jar:6.4.4.Final]
	at org.hibernate.service.internal.AbstractServiceRegistryImpl.initializeService(AbstractServiceRegistryImpl.java:238) [hibernate-core-6.4.4.Final.jar:6.4.4.Final]
	at org.hibernate.service.internal.AbstractServiceRegistryImpl.getService(AbstractServiceRegistryImpl.java:215) [hibernate-core-6.4.4.Final.jar:6.4.4.Final]
	at org.hibernate.engine.jdbc.internal.JdbcServicesImpl.configure(JdbcServicesImpl.java:52) [hibernate-core-6.4.4.Final.jar:6.4.4.Final]
	at org.hibernate.boot.registry.internal.StandardServiceRegistryImpl.configureService(StandardServiceRegistryImpl.java:136) [hibernate-core-6.4.4.Final.jar:6.4.4.Final]
	at org.hibernate.service.internal.AbstractServiceRegistryImpl.initializeService(AbstractServiceRegistryImpl.java:247) [hibernate-core-6.4.4.Final.jar:6.4.4.Final]
	at org.hibernate.service.internal.AbstractServiceRegistryImpl.getService(AbstractServiceRegistryImpl.java:215) [hibernate-core-6.4.4.Final.jar:6.4.4.Final]
	at org.hibernate.engine.jdbc.connections.internal.BasicConnectionCreator.convertSqlException(BasicConnectionCreator.java:132) [hibernate-core-6.4.4.Final.jar:6.4.4.Final]
	at org.hibernate.engine.jdbc.connections.internal.DriverConnectionCreator.makeConnection(DriverConnectionCreator.java:43) [hibernate-core-6.4.4.Final.jar:6.4.4.Final]
	at org.hibernate.engine.jdbc.connections.internal.BasicConnectionCreator.createConnection(BasicConnectionCreator.java:61) [hibernate-core-6.4.4.Final.jar:6.4.4.Final]
	at org.hibernate.engine.jdbc.connections.internal.DriverManagerConnectionProviderImpl$PooledConnections.addConnections(DriverManagerConnectionProviderImpl.java:499) [hibernate-core-6.4.4.Final.jar:6.4.4.Final]
	at org.hibernate.engine.jdbc.connections.internal.DriverManagerConnectionProviderImpl$PooledConnections.<init>(DriverManagerConnectionProviderImpl.java:372) [hibernate-core-6.4.4.Final.jar:6.4.4.Final]
	at org.hibernate.engine.jdbc.connections.internal.DriverManagerConnectionProviderImpl$PooledConnections$Builder.build(DriverManagerConnectionProviderImpl.java:550) [hibernate-core-6.4.4.Final.jar:6.4.4.Final]
	at org.hibernate.engine.jdbc.connections.internal.DriverManagerConnectionProviderImpl.buildPool(DriverManagerConnectionProviderImpl.java:102) [hibernate-core-6.4.4.Final.jar:6.4.4.Final]
	at org.hibernate.engine.jdbc.connections.internal.DriverManagerConnectionProviderImpl.configure(DriverManagerConnectionProviderImpl.java:82) [hibernate-core-6.4.4.Final.jar:6.4.4.Final]
	at org.hibernate.boot.registry.internal.StandardServiceRegistryImpl.configureService(StandardServiceRegistryImpl.java:136) [hibernate-core-6.4.4.Final.jar:6.4.4.Final]
	at org.hibernate.service.internal.AbstractServiceRegistryImpl.initializeService(AbstractServiceRegistryImpl.java:247) [hibernate-core-6.4.4.Final.jar:6.4.4.Final]
	at org.hibernate.service.internal.AbstractServiceRegistryImpl.getService(AbstractServiceRegistryImpl.java:215) [hibernate-core-6.4.4.Final.jar:6.4.4.Final]
	at org.hibernate.engine.jdbc.env.internal.JdbcEnvironmentInitiator.buildJdbcConnectionAccess(JdbcEnvironmentInitiator.java:395) [hibernate-core-6.4.4.Final.jar:6.4.4.Final]
	at org.hibernate.engine.jdbc.env.internal.JdbcEnvironmentInitiator.getJdbcEnvironmentUsingJdbcMetadata(JdbcEnvironmentInitiator.java:262) [hibernate-core-6.4.4.Final.jar:6.4.4.Final]
	at org.hibernate.engine.jdbc.env.internal.JdbcEnvironmentInitiator.initiateService(JdbcEnvironmentInitiator.java:107) [hibernate-core-6.4.4.Final.jar:6.4.4.Final]
	at org.hibernate.engine.jdbc.env.internal.JdbcEnvironmentInitiator.initiateService(JdbcEnvironmentInitiator.java:68) [hibernate-core-6.4.4.Final.jar:6.4.4.Final]
	at org.hibernate.boot.registry.internal.StandardServiceRegistryImpl.initiateService(StandardServiceRegistryImpl.java:130) [hibernate-core-6.4.4.Final.jar:6.4.4.Final]
	at org.hibernate.service.internal.AbstractServiceRegistryImpl.createService(AbstractServiceRegistryImpl.java:263) [hibernate-core-6.4.4.Final.jar:6.4.4.Final]
	at org.hibernate.service.internal.AbstractServiceRegistryImpl.initializeService(AbstractServiceRegistryImpl.java:238) [hibernate-core-6.4.4.Final.jar:6.4.4.Final]
	at org.hibernate.service.internal.AbstractServiceRegistryImpl.getService(AbstractServiceRegistryImpl.java:215) [hibernate-core-6.4.4.Final.jar:6.4.4.Final]
	at org.hibernate.boot.model.relational.Database.<init>(Database.java:45) [hibernate-core-6.4.4.Final.jar:6.4.4.Final]
	at org.hibernate.boot.internal.InFlightMetadataCollectorImpl.getDatabase(InFlightMetadataCollectorImpl.java:223) [hibernate-core-6.4.4.Final.jar:6.4.4.Final]
	at org.hibernate.boot.internal.InFlightMetadataCollectorImpl.<init>(InFlightMetadataCollectorImpl.java:191) [hibernate-core-6.4.4.Final.jar:6.4.4.Final]
	at org.hibernate.boot.model.process.spi.MetadataBuildingProcess.complete(MetadataBuildingProcess.java:170) [hibernate-core-6.4.4.Final.jar:6.4.4.Final]
	at org.hibernate.boot.model.process.spi.MetadataBuildingProcess.build(MetadataBuildingProcess.java:129) [hibernate-core-6.4.4.Final.jar:6.4.4.Final]
	at org.hibernate.boot.internal.MetadataBuilderImpl.build(MetadataBuilderImpl.java:449) [hibernate-core-6.4.4.Final.jar:6.4.4.Final]
	at org.hibernate.boot.internal.MetadataBuilderImpl.build(MetadataBuilderImpl.java:101) [hibernate-core-6.4.4.Final.jar:6.4.4.Final]
	at utils.HibernateUtil.getFactoriaSession(HibernateUtil.java:18) [classes/:?]
	at utils.AbstractDao.executeInsideTransaction(AbstractDao.java:102) [classes/:?]
	at utils.AbstractDao.create(AbstractDao.java:14) [classes/:?]
	at controlador.GestionaReuniones.main(GestionaReuniones.java:23) [classes/:?]
2026-01-20 10:50:58.306 [main] WARN  org.hibernate.orm.deprecation - HHH90000025: MySQLDialect does not need to be specified explicitly using 'hibernate.dialect' (remove the property setting and it will be selected by default)
2026-01-20 10:50:58.307 [main] DEBUG org.hibernate.orm.dialect - HHH035001: Using dialect: org.hibernate.dialect.MySQLDialect, version: 8.0
2026-01-20 10:50:58.312 [main] DEBUG org.hibernate.engine.jdbc.env.spi.IdentifierHelperBuilder - IdentifierCaseStrategy for both quoted and unquoted identifiers was set to the same strategy [MIXED]; that will likely lead to problems in schema update and validation if using quoted identifiers
2026-01-20 10:50:58.316 [main] DEBUG org.hibernate.orm.jdbc.lob - HHH10010002: Disabling contextual LOB creation as connection was null
2026-01-20 10:50:58.317 [main] DEBUG org.hibernate.engine.jdbc.spi.SqlExceptionHelper - Error calling Driver#connect [null]
java.sql.SQLNonTransientConnectionException: Public Key Retrieval is not allowed
	at com.mysql.cj.jdbc.exceptions.SQLError.createSQLException(SQLError.java:102) ~[mysql-connector-j-8.4.0.jar:8.4.0]
	at com.mysql.cj.jdbc.exceptions.SQLExceptionsMapping.translateException(SQLExceptionsMapping.java:113) ~[mysql-connector-j-8.4.0.jar:8.4.0]
	at com.mysql.cj.jdbc.ConnectionImpl.createNewIO(ConnectionImpl.java:861) ~[mysql-connector-j-8.4.0.jar:8.4.0]
	at com.mysql.cj.jdbc.ConnectionImpl.<init>(ConnectionImpl.java:449) ~[mysql-connector-j-8.4.0.jar:8.4.0]
	at com.mysql.cj.jdbc.ConnectionImpl.getInstance(ConnectionImpl.java:234) ~[mysql-connector-j-8.4.0.jar:8.4.0]
	at com.mysql.cj.jdbc.NonRegisteringDriver.connect(NonRegisteringDriver.java:180) ~[mysql-connector-j-8.4.0.jar:8.4.0]
	at org.hibernate.engine.jdbc.connections.internal.DriverConnectionCreator.makeConnection(DriverConnectionCreator.java:40) [hibernate-core-6.4.4.Final.jar:6.4.4.Final]
	at org.hibernate.engine.jdbc.connections.internal.BasicConnectionCreator.createConnection(BasicConnectionCreator.java:61) [hibernate-core-6.4.4.Final.jar:6.4.4.Final]
	at org.hibernate.engine.jdbc.connections.internal.DriverManagerConnectionProviderImpl$PooledConnections.addConnections(DriverManagerConnectionProviderImpl.java:499) [hibernate-core-6.4.4.Final.jar:6.4.4.Final]
	at org.hibernate.engine.jdbc.connections.internal.DriverManagerConnectionProviderImpl$PooledConnections.<init>(DriverManagerConnectionProviderImpl.java:372) [hibernate-core-6.4.4.Final.jar:6.4.4.Final]
	at org.hibernate.engine.jdbc.connections.internal.DriverManagerConnectionProviderImpl$PooledConnections$Builder.build(DriverManagerConnectionProviderImpl.java:550) [hibernate-core-6.4.4.Final.jar:6.4.4.Final]
	at org.hibernate.engine.jdbc.connections.internal.DriverManagerConnectionProviderImpl.buildPool(DriverManagerConnectionProviderImpl.java:102) [hibernate-core-6.4.4.Final.jar:6.4.4.Final]
	at org.hibernate.engine.jdbc.connections.internal.DriverManagerConnectionProviderImpl.configure(DriverManagerConnectionProviderImpl.java:82) [hibernate-core-6.4.4.Final.jar:6.4.4.Final]
	at org.hibernate.boot.registry.internal.StandardServiceRegistryImpl.configureService(StandardServiceRegistryImpl.java:136) [hibernate-core-6.4.4.Final.jar:6.4.4.Final]
	at org.hibernate.service.internal.AbstractServiceRegistryImpl.initializeService(AbstractServiceRegistryImpl.java:247) [hibernate-core-6.4.4.Final.jar:6.4.4.Final]
	at org.hibernate.service.internal.AbstractServiceRegistryImpl.getService(AbstractServiceRegistryImpl.java:215) [hibernate-core-6.4.4.Final.jar:6.4.4.Final]
	at org.hibernate.engine.jdbc.env.internal.JdbcEnvironmentInitiator.buildJdbcConnectionAccess(JdbcEnvironmentInitiator.java:395) [hibernate-core-6.4.4.Final.jar:6.4.4.Final]
	at org.hibernate.engine.jdbc.env.internal.JdbcEnvironmentInitiator.getJdbcEnvironmentUsingJdbcMetadata(JdbcEnvironmentInitiator.java:262) [hibernate-core-6.4.4.Final.jar:6.4.4.Final]
	at org.hibernate.engine.jdbc.env.internal.JdbcEnvironmentInitiator.initiateService(JdbcEnvironmentInitiator.java:107) [hibernate-core-6.4.4.Final.jar:6.4.4.Final]
	at org.hibernate.engine.jdbc.env.internal.JdbcEnvironmentInitiator.initiateService(JdbcEnvironmentInitiator.java:68) [hibernate-core-6.4.4.Final.jar:6.4.4.Final]
	at org.hibernate.boot.registry.internal.StandardServiceRegistryImpl.initiateService(StandardServiceRegistryImpl.java:130) [hibernate-core-6.4.4.Final.jar:6.4.4.Final]
	at org.hibernate.service.internal.AbstractServiceRegistryImpl.createService(AbstractServiceRegistryImpl.java:263) [hibernate-core-6.4.4.Final.jar:6.4.4.Final]
	at org.hibernate.service.internal.AbstractServiceRegistryImpl.initializeService(AbstractServiceRegistryImpl.java:238) [hibernate-core-6.4.4.Final.jar:6.4.4.Final]
	at org.hibernate.service.internal.AbstractServiceRegistryImpl.getService(AbstractServiceRegistryImpl.java:215) [hibernate-core-6.4.4.Final.jar:6.4.4.Final]
	at org.hibernate.boot.model.relational.Database.<init>(Database.java:45) [hibernate-core-6.4.4.Final.jar:6.4.4.Final]
	at org.hibernate.boot.internal.InFlightMetadataCollectorImpl.getDatabase(InFlightMetadataCollectorImpl.java:223) [hibernate-core-6.4.4.Final.jar:6.4.4.Final]
	at org.hibernate.boot.internal.InFlightMetadataCollectorImpl.<init>(InFlightMetadataCollectorImpl.java:191) [hibernate-core-6.4.4.Final.jar:6.4.4.Final]
	at org.hibernate.boot.model.process.spi.MetadataBuildingProcess.complete(MetadataBuildingProcess.java:170) [hibernate-core-6.4.4.Final.jar:6.4.4.Final]
	at org.hibernate.boot.model.process.spi.MetadataBuildingProcess.build(MetadataBuildingProcess.java:129) [hibernate-core-6.4.4.Final.jar:6.4.4.Final]
	at org.hibernate.boot.internal.MetadataBuilderImpl.build(MetadataBuilderImpl.java:449) [hibernate-core-6.4.4.Final.jar:6.4.4.Final]
	at org.hibernate.boot.internal.MetadataBuilderImpl.build(MetadataBuilderImpl.java:101) [hibernate-core-6.4.4.Final.jar:6.4.4.Final]
	at utils.HibernateUtil.getFactoriaSession(HibernateUtil.java:18) [classes/:?]
	at utils.AbstractDao.executeInsideTransaction(AbstractDao.java:102) [classes/:?]
	at utils.AbstractDao.create(AbstractDao.java:14) [classes/:?]
	at controlador.GestionaReuniones.main(GestionaReuniones.java:23) [classes/:?]
Caused by: com.mysql.cj.exceptions.UnableToConnectException: Public Key Retrieval is not allowed
	at jdk.internal.reflect.DirectConstructorHandleAccessor.newInstance(DirectConstructorHandleAccessor.java:62) ~[?:?]
	at java.lang.reflect.Constructor.newInstanceWithCaller(Constructor.java:502) ~[?:?]
	at java.lang.reflect.Constructor.newInstance(Constructor.java:486) ~[?:?]
	at com.mysql.cj.exceptions.ExceptionFactory.createException(ExceptionFactory.java:52) ~[mysql-connector-j-8.4.0.jar:8.4.0]
	at com.mysql.cj.exceptions.ExceptionFactory.createException(ExceptionFactory.java:76) ~[mysql-connector-j-8.4.0.jar:8.4.0]
	at com.mysql.cj.protocol.a.authentication.CachingSha2PasswordPlugin.nextAuthenticationStep(CachingSha2PasswordPlugin.java:122) ~[mysql-connector-j-8.4.0.jar:8.4.0]
	at com.mysql.cj.protocol.a.authentication.CachingSha2PasswordPlugin.nextAuthenticationStep(CachingSha2PasswordPlugin.java:40) ~[mysql-connector-j-8.4.0.jar:8.4.0]
	at com.mysql.cj.protocol.a.NativeAuthenticationProvider.proceedHandshakeWithPluggableAuthentication(NativeAuthenticationProvider.java:435) ~[mysql-connector-j-8.4.0.jar:8.4.0]
	at com.mysql.cj.protocol.a.NativeAuthenticationProvider.connect(NativeAuthenticationProvider.java:205) ~[mysql-connector-j-8.4.0.jar:8.4.0]
	at com.mysql.cj.protocol.a.NativeProtocol.connect(NativeProtocol.java:1340) ~[mysql-connector-j-8.4.0.jar:8.4.0]
	at com.mysql.cj.NativeSession.connect(NativeSession.java:152) ~[mysql-connector-j-8.4.0.jar:8.4.0]
	at com.mysql.cj.jdbc.ConnectionImpl.connectOneTryOnly(ConnectionImpl.java:980) ~[mysql-connector-j-8.4.0.jar:8.4.0]
	at com.mysql.cj.jdbc.ConnectionImpl.createNewIO(ConnectionImpl.java:851) ~[mysql-connector-j-8.4.0.jar:8.4.0]
	... 32 more
2026-01-20 10:50:58.320 [main] WARN  org.hibernate.engine.jdbc.spi.SqlExceptionHelper - SQL Error: 0, SQLState: 08001
2026-01-20 10:50:58.321 [main] ERROR org.hibernate.engine.jdbc.spi.SqlExceptionHelper - Public Key Retrieval is not allowed
2026-01-20 10:54:05.297 [main] DEBUG org.jboss.logging - Logging Provider: org.jboss.logging.Log4j2LoggerProvider
2026-01-20 10:54:05.309 [main] DEBUG org.hibernate.integrator.internal.IntegratorServiceImpl - Adding Integrator [org.hibernate.boot.beanvalidation.BeanValidationIntegrator].
2026-01-20 10:54:05.311 [main] DEBUG org.hibernate.integrator.internal.IntegratorServiceImpl - Adding Integrator [org.hibernate.cache.internal.CollectionCacheInvalidator].
2026-01-20 10:54:05.327 [main] INFO  org.hibernate.Version - HHH000412: Hibernate ORM core version 6.4.4.Final
2026-01-20 10:54:05.328 [main] DEBUG org.hibernate.cfg.Environment - HHH000206: 'hibernate.properties' not found
2026-01-20 10:54:05.352 [main] DEBUG org.hibernate.boot.jaxb.internal.stax.LocalXmlResourceResolver - Checking public/system identifiers `-//Hibernate/Hibernate Configuration DTD 3.0//EN`/`https://hibernate.org/dtd/hibernate-configuration-3.0.dtd` as DTD references
2026-01-20 10:54:05.357 [main] DEBUG org.hibernate.boot.cfgxml.internal.JaxbCfgProcessor - cfg.xml document did not define namespaces; wrapping in custom event reader to introduce namespace information
2026-01-20 10:54:05.503 [main] DEBUG org.hibernate.orm.idgen.factory - Ignoring CDI for resolving IdentifierGenerator instances as extended or delayed CDI support was enabled
2026-01-20 10:54:05.506 [main] DEBUG org.hibernate.orm.idgen.factory - Registering IdentifierGenerator strategy [uuid2] -> [org.hibernate.id.UUIDGenerator]
2026-01-20 10:54:05.507 [main] DEBUG org.hibernate.orm.idgen.factory - Registering IdentifierGenerator strategy [guid] -> [org.hibernate.id.GUIDGenerator]
2026-01-20 10:54:05.507 [main] DEBUG org.hibernate.orm.idgen.factory - Registering IdentifierGenerator strategy [uuid] -> [org.hibernate.id.UUIDHexGenerator]
2026-01-20 10:54:05.507 [main] DEBUG org.hibernate.orm.idgen.factory - Registering IdentifierGenerator strategy [uuid.hex] -> [org.hibernate.id.UUIDHexGenerator]
2026-01-20 10:54:05.507 [main] DEBUG org.hibernate.orm.idgen.factory - Registering IdentifierGenerator strategy [assigned] -> [org.hibernate.id.Assigned]
2026-01-20 10:54:05.508 [main] DEBUG org.hibernate.orm.idgen.factory - Registering IdentifierGenerator strategy [identity] -> [org.hibernate.id.IdentityGenerator]
2026-01-20 10:54:05.508 [main] DEBUG org.hibernate.orm.idgen.factory - Registering IdentifierGenerator strategy [select] -> [org.hibernate.id.SelectGenerator]
2026-01-20 10:54:05.509 [main] DEBUG org.hibernate.orm.idgen.factory - Registering IdentifierGenerator strategy [sequence] -> [org.hibernate.id.enhanced.SequenceStyleGenerator]
2026-01-20 10:54:05.509 [main] DEBUG org.hibernate.orm.idgen.factory - Registering IdentifierGenerator strategy [increment] -> [org.hibernate.id.IncrementGenerator]
2026-01-20 10:54:05.510 [main] DEBUG org.hibernate.orm.idgen.factory - Registering IdentifierGenerator strategy [foreign] -> [org.hibernate.id.ForeignGenerator]
2026-01-20 10:54:05.510 [main] DEBUG org.hibernate.orm.idgen.factory - Registering IdentifierGenerator strategy [enhanced-sequence] -> [org.hibernate.id.enhanced.SequenceStyleGenerator]
2026-01-20 10:54:05.510 [main] DEBUG org.hibernate.orm.idgen.factory - Registering IdentifierGenerator strategy [enhanced-table] -> [org.hibernate.id.enhanced.TableGenerator]
2026-01-20 10:54:05.516 [main] DEBUG org.hibernate.cache.internal.RegionFactoryInitiator - Cannot default RegionFactory based on registered strategies as `[]` RegionFactory strategies were registered
2026-01-20 10:54:05.517 [main] INFO  org.hibernate.cache.internal.RegionFactoryInitiator - HHH000026: Second-level cache disabled
2026-01-20 10:54:05.574 [main] DEBUG org.hibernate.type.BasicTypeRegistry - Adding type registration boolean -> org.hibernate.type.BasicTypeReference@672f11c2
2026-01-20 10:54:05.574 [main] DEBUG org.hibernate.type.BasicTypeRegistry - Adding type registration boolean -> org.hibernate.type.BasicTypeReference@672f11c2
2026-01-20 10:54:05.574 [main] DEBUG org.hibernate.type.BasicTypeRegistry - Adding type registration java.lang.Boolean -> org.hibernate.type.BasicTypeReference@672f11c2
2026-01-20 10:54:05.574 [main] DEBUG org.hibernate.type.BasicTypeRegistry - Adding type registration numeric_boolean -> org.hibernate.type.BasicTypeReference@2970a5bc
2026-01-20 10:54:05.575 [main] DEBUG org.hibernate.type.BasicTypeRegistry - Adding type registration org.hibernate.type.NumericBooleanConverter -> org.hibernate.type.BasicTypeReference@2970a5bc
2026-01-20 10:54:05.575 [main] DEBUG org.hibernate.type.BasicTypeRegistry - Adding type registration true_false -> org.hibernate.type.BasicTypeReference@50305a
2026-01-20 10:54:05.575 [main] DEBUG org.hibernate.type.BasicTypeRegistry - Adding type registration org.hibernate.type.TrueFalseConverter -> org.hibernate.type.BasicTypeReference@50305a
2026-01-20 10:54:05.575 [main] DEBUG org.hibernate.type.BasicTypeRegistry - Adding type registration yes_no -> org.hibernate.type.BasicTypeReference@72efb5c1
2026-01-20 10:54:05.575 [main] DEBUG org.hibernate.type.BasicTypeRegistry - Adding type registration org.hibernate.type.YesNoConverter -> org.hibernate.type.BasicTypeReference@72efb5c1
2026-01-20 10:54:05.575 [main] DEBUG org.hibernate.type.BasicTypeRegistry - Adding type registration byte -> org.hibernate.type.BasicTypeReference@6d511b5f
2026-01-20 10:54:05.575 [main] DEBUG org.hibernate.type.BasicTypeRegistry - Adding type registration byte -> org.hibernate.type.BasicTypeReference@6d511b5f
2026-01-20 10:54:05.575 [main] DEBUG org.hibernate.type.BasicTypeRegistry - Adding type registration java.lang.Byte -> org.hibernate.type.BasicTypeReference@6d511b5f
2026-01-20 10:54:05.575 [main] DEBUG org.hibernate.type.BasicTypeRegistry - Adding type registration binary -> org.hibernate.type.BasicTypeReference@41200e0c
2026-01-20 10:54:05.576 [main] DEBUG org.hibernate.type.BasicTypeRegistry - Adding type registration byte[] -> org.hibernate.type.BasicTypeReference@41200e0c
2026-01-20 10:54:05.576 [main] DEBUG org.hibernate.type.BasicTypeRegistry - Adding type registration [B -> org.hibernate.type.BasicTypeReference@41200e0c
2026-01-20 10:54:05.576 [main] DEBUG org.hibernate.type.BasicTypeRegistry - Adding type registration binary_wrapper -> org.hibernate.type.BasicTypeReference@40f33492
2026-01-20 10:54:05.576 [main] DEBUG org.hibernate.type.BasicTypeRegistry - Adding type registration wrapper-binary -> org.hibernate.type.BasicTypeReference@40f33492
2026-01-20 10:54:05.576 [main] DEBUG org.hibernate.type.BasicTypeRegistry - Adding type registration image -> org.hibernate.type.BasicTypeReference@4fbdc0f0
2026-01-20 10:54:05.576 [main] DEBUG org.hibernate.type.BasicTypeRegistry - Adding type registration blob -> org.hibernate.type.BasicTypeReference@2ad3a1bb
2026-01-20 10:54:05.576 [main] DEBUG org.hibernate.type.BasicTypeRegistry - Adding type registration java.sql.Blob -> org.hibernate.type.BasicTypeReference@2ad3a1bb
2026-01-20 10:54:05.576 [main] DEBUG org.hibernate.type.BasicTypeRegistry - Adding type registration materialized_blob -> org.hibernate.type.BasicTypeReference@6bc28a83
2026-01-20 10:54:05.577 [main] DEBUG org.hibernate.type.BasicTypeRegistry - Adding type registration materialized_blob_wrapper -> org.hibernate.type.BasicTypeReference@324c64cd
2026-01-20 10:54:05.577 [main] DEBUG org.hibernate.type.BasicTypeRegistry - Adding type registration short -> org.hibernate.type.BasicTypeReference@13579834
2026-01-20 10:54:05.577 [main] DEBUG org.hibernate.type.BasicTypeRegistry - Adding type registration short -> org.hibernate.type.BasicTypeReference@13579834
2026-01-20 10:54:05.577 [main] DEBUG org.hibernate.type.BasicTypeRegistry - Adding type registration java.lang.Short -> org.hibernate.type.BasicTypeReference@13579834
2026-01-20 10:54:05.577 [main] DEBUG org.hibernate.type.BasicTypeRegistry - Adding type registration integer -> org.hibernate.type.BasicTypeReference@24be2d9c
2026-01-20 10:54:05.577 [main] DEBUG org.hibernate.type.BasicTypeRegistry - Adding type registration int -> org.hibernate.type.BasicTypeReference@24be2d9c
2026-01-20 10:54:05.577 [main] DEBUG org.hibernate.type.BasicTypeRegistry - Adding type registration java.lang.Integer -> org.hibernate.type.BasicTypeReference@24be2d9c
2026-01-20 10:54:05.577 [main] DEBUG org.hibernate.type.BasicTypeRegistry - Adding type registration long -> org.hibernate.type.BasicTypeReference@5bd73d1a
2026-01-20 10:54:05.577 [main] DEBUG org.hibernate.type.BasicTypeRegistry - Adding type registration long -> org.hibernate.type.BasicTypeReference@5bd73d1a
2026-01-20 10:54:05.578 [main] DEBUG org.hibernate.type.BasicTypeRegistry - Adding type registration java.lang.Long -> org.hibernate.type.BasicTypeReference@5bd73d1a
2026-01-20 10:54:05.578 [main] DEBUG org.hibernate.type.BasicTypeRegistry - Adding type registration float -> org.hibernate.type.BasicTypeReference@aec50a1
2026-01-20 10:54:05.578 [main] DEBUG org.hibernate.type.BasicTypeRegistry - Adding type registration float -> org.hibernate.type.BasicTypeReference@aec50a1
2026-01-20 10:54:05.578 [main] DEBUG org.hibernate.type.BasicTypeRegistry - Adding type registration java.lang.Float -> org.hibernate.type.BasicTypeReference@aec50a1
2026-01-20 10:54:05.578 [main] DEBUG org.hibernate.type.BasicTypeRegistry - Adding type registration double -> org.hibernate.type.BasicTypeReference@2555fff0
2026-01-20 10:54:05.578 [main] DEBUG org.hibernate.type.BasicTypeRegistry - Adding type registration double -> org.hibernate.type.BasicTypeReference@2555fff0
2026-01-20 10:54:05.578 [main] DEBUG org.hibernate.type.BasicTypeRegistry - Adding type registration java.lang.Double -> org.hibernate.type.BasicTypeReference@2555fff0
2026-01-20 10:54:05.578 [main] DEBUG org.hibernate.type.BasicTypeRegistry - Adding type registration big_integer -> org.hibernate.type.BasicTypeReference@70d2e40b
2026-01-20 10:54:05.578 [main] DEBUG org.hibernate.type.BasicTypeRegistry - Adding type registration java.math.BigInteger -> org.hibernate.type.BasicTypeReference@70d2e40b
2026-01-20 10:54:05.578 [main] DEBUG org.hibernate.type.BasicTypeRegistry - Adding type registration big_decimal -> org.hibernate.type.BasicTypeReference@120f38e6
2026-01-20 10:54:05.579 [main] DEBUG org.hibernate.type.BasicTypeRegistry - Adding type registration java.math.BigDecimal -> org.hibernate.type.BasicTypeReference@120f38e6
2026-01-20 10:54:05.579 [main] DEBUG org.hibernate.type.BasicTypeRegistry - Adding type registration character -> org.hibernate.type.BasicTypeReference@7a0e1b5e
2026-01-20 10:54:05.579 [main] DEBUG org.hibernate.type.BasicTypeRegistry - Adding type registration char -> org.hibernate.type.BasicTypeReference@7a0e1b5e
2026-01-20 10:54:05.579 [main] DEBUG org.hibernate.type.BasicTypeRegistry - Adding type registration java.lang.Character -> org.hibernate.type.BasicTypeReference@7a0e1b5e
2026-01-20 10:54:05.579 [main] DEBUG org.hibernate.type.BasicTypeRegistry - Adding type registration character_nchar -> org.hibernate.type.BasicTypeReference@702ed190
2026-01-20 10:54:05.579 [main] DEBUG org.hibernate.type.BasicTypeRegistry - Adding type registration string -> org.hibernate.type.BasicTypeReference@173b9122
2026-01-20 10:54:05.579 [main] DEBUG org.hibernate.type.BasicTypeRegistry - Adding type registration java.lang.String -> org.hibernate.type.BasicTypeReference@173b9122
2026-01-20 10:54:05.579 [main] DEBUG org.hibernate.type.BasicTypeRegistry - Adding type registration nstring -> org.hibernate.type.BasicTypeReference@7c18432b
2026-01-20 10:54:05.579 [main] DEBUG org.hibernate.type.BasicTypeRegistry - Adding type registration characters -> org.hibernate.type.BasicTypeReference@7646731d
2026-01-20 10:54:05.579 [main] DEBUG org.hibernate.type.BasicTypeRegistry - Adding type registration char[] -> org.hibernate.type.BasicTypeReference@7646731d
2026-01-20 10:54:05.579 [main] DEBUG org.hibernate.type.BasicTypeRegistry - Adding type registration [C -> org.hibernate.type.BasicTypeReference@7646731d
2026-01-20 10:54:05.579 [main] DEBUG org.hibernate.type.BasicTypeRegistry - Adding type registration wrapper-characters -> org.hibernate.type.BasicTypeReference@70e29e14
2026-01-20 10:54:05.579 [main] DEBUG org.hibernate.type.BasicTypeRegistry - Adding type registration text -> org.hibernate.type.BasicTypeReference@3b1bb3ab
2026-01-20 10:54:05.579 [main] DEBUG org.hibernate.type.BasicTypeRegistry - Adding type registration ntext -> org.hibernate.type.BasicTypeReference@5a4bef8
2026-01-20 10:54:05.579 [main] DEBUG org.hibernate.type.BasicTypeRegistry - Adding type registration clob -> org.hibernate.type.BasicTypeReference@40bffbca
2026-01-20 10:54:05.579 [main] DEBUG org.hibernate.type.BasicTypeRegistry - Adding type registration java.sql.Clob -> org.hibernate.type.BasicTypeReference@40bffbca
2026-01-20 10:54:05.581 [main] DEBUG org.hibernate.type.BasicTypeRegistry - Adding type registration nclob -> org.hibernate.type.BasicTypeReference@2449cff7
2026-01-20 10:54:05.581 [main] DEBUG org.hibernate.type.BasicTypeRegistry - Adding type registration java.sql.NClob -> org.hibernate.type.BasicTypeReference@2449cff7
2026-01-20 10:54:05.581 [main] DEBUG org.hibernate.type.BasicTypeRegistry - Adding type registration materialized_clob -> org.hibernate.type.BasicTypeReference@42a9a63e
2026-01-20 10:54:05.581 [main] DEBUG org.hibernate.type.BasicTypeRegistry - Adding type registration materialized_clob_char_array -> org.hibernate.type.BasicTypeReference@62da83ed
2026-01-20 10:54:05.581 [main] DEBUG org.hibernate.type.BasicTypeRegistry - Adding type registration materialized_clob_character_array -> org.hibernate.type.BasicTypeReference@5d8445d7
2026-01-20 10:54:05.581 [main] DEBUG org.hibernate.type.BasicTypeRegistry - Adding type registration materialized_nclob -> org.hibernate.type.BasicTypeReference@37d80fe7
2026-01-20 10:54:05.581 [main] DEBUG org.hibernate.type.BasicTypeRegistry - Adding type registration materialized_nclob_character_array -> org.hibernate.type.BasicTypeReference@384fc774
2026-01-20 10:54:05.581 [main] DEBUG org.hibernate.type.BasicTypeRegistry - Adding type registration materialized_nclob_char_array -> org.hibernate.type.BasicTypeReference@e3cee7b
2026-01-20 10:54:05.581 [main] DEBUG org.hibernate.type.BasicTypeRegistry - Adding type registration Duration -> org.hibernate.type.BasicTypeReference@71e9a896
2026-01-20 10:54:05.582 [main] DEBUG org.hibernate.type.BasicTypeRegistry - Adding type registration java.time.Duration -> org.hibernate.type.BasicTypeReference@71e9a896
2026-01-20 10:54:05.582 [main] DEBUG org.hibernate.type.BasicTypeRegistry - Adding type registration LocalDateTime -> org.hibernate.type.BasicTypeReference@6b9267b
2026-01-20 10:54:05.582 [main] DEBUG org.hibernate.type.BasicTypeRegistry - Adding type registration java.time.LocalDateTime -> org.hibernate.type.BasicTypeReference@6b9267b
2026-01-20 10:54:05.582 [main] DEBUG org.hibernate.type.BasicTypeRegistry - Adding type registration LocalDate -> org.hibernate.type.BasicTypeReference@408b35bf
2026-01-20 10:54:05.582 [main] DEBUG org.hibernate.type.BasicTypeRegistry - Adding type registration java.time.LocalDate -> org.hibernate.type.BasicTypeReference@408b35bf
2026-01-20 10:54:05.582 [main] DEBUG org.hibernate.type.BasicTypeRegistry - Adding type registration LocalTime -> org.hibernate.type.BasicTypeReference@29ad44e3
2026-01-20 10:54:05.582 [main] DEBUG org.hibernate.type.BasicTypeRegistry - Adding type registration java.time.LocalTime -> org.hibernate.type.BasicTypeReference@29ad44e3
2026-01-20 10:54:05.582 [main] DEBUG org.hibernate.type.BasicTypeRegistry - Adding type registration OffsetDateTime -> org.hibernate.type.BasicTypeReference@15bcf458
2026-01-20 10:54:05.582 [main] DEBUG org.hibernate.type.BasicTypeRegistry - Adding type registration java.time.OffsetDateTime -> org.hibernate.type.BasicTypeReference@15bcf458
2026-01-20 10:54:05.582 [main] DEBUG org.hibernate.type.BasicTypeRegistry - Adding type registration OffsetDateTimeWithTimezone -> org.hibernate.type.BasicTypeReference@5af9926a
2026-01-20 10:54:05.582 [main] DEBUG org.hibernate.type.BasicTypeRegistry - Adding type registration OffsetDateTimeWithoutTimezone -> org.hibernate.type.BasicTypeReference@43c67247
2026-01-20 10:54:05.582 [main] DEBUG org.hibernate.type.BasicTypeRegistry - Adding type registration OffsetTime -> org.hibernate.type.BasicTypeReference@fac80
2026-01-20 10:54:05.582 [main] DEBUG org.hibernate.type.BasicTypeRegistry - Adding type registration java.time.OffsetTime -> org.hibernate.type.BasicTypeReference@fac80
2026-01-20 10:54:05.582 [main] DEBUG org.hibernate.type.BasicTypeRegistry - Adding type registration OffsetTimeUtc -> org.hibernate.type.BasicTypeReference@726386ed
2026-01-20 10:54:05.582 [main] DEBUG org.hibernate.type.BasicTypeRegistry - Adding type registration OffsetTimeWithTimezone -> org.hibernate.type.BasicTypeReference@649f2009
2026-01-20 10:54:05.582 [main] DEBUG org.hibernate.type.BasicTypeRegistry - Adding type registration OffsetTimeWithoutTimezone -> org.hibernate.type.BasicTypeReference@14bb2297
2026-01-20 10:54:05.583 [main] DEBUG org.hibernate.type.BasicTypeRegistry - Adding type registration ZonedDateTime -> org.hibernate.type.BasicTypeReference@69adf72c
2026-01-20 10:54:05.583 [main] DEBUG org.hibernate.type.BasicTypeRegistry - Adding type registration java.time.ZonedDateTime -> org.hibernate.type.BasicTypeReference@69adf72c
2026-01-20 10:54:05.583 [main] DEBUG org.hibernate.type.BasicTypeRegistry - Adding type registration ZonedDateTimeWithTimezone -> org.hibernate.type.BasicTypeReference@797501a
2026-01-20 10:54:05.583 [main] DEBUG org.hibernate.type.BasicTypeRegistry - Adding type registration ZonedDateTimeWithoutTimezone -> org.hibernate.type.BasicTypeReference@1a15b789
2026-01-20 10:54:05.583 [main] DEBUG org.hibernate.type.BasicTypeRegistry - Adding type registration date -> org.hibernate.type.BasicTypeReference@57f791c6
2026-01-20 10:54:05.583 [main] DEBUG org.hibernate.type.BasicTypeRegistry - Adding type registration java.sql.Date -> org.hibernate.type.BasicTypeReference@57f791c6
2026-01-20 10:54:05.583 [main] DEBUG org.hibernate.type.BasicTypeRegistry - Adding type registration time -> org.hibernate.type.BasicTypeReference@51650883
2026-01-20 10:54:05.583 [main] DEBUG org.hibernate.type.BasicTypeRegistry - Adding type registration java.sql.Time -> org.hibernate.type.BasicTypeReference@51650883
2026-01-20 10:54:05.583 [main] DEBUG org.hibernate.type.BasicTypeRegistry - Adding type registration timestamp -> org.hibernate.type.BasicTypeReference@6c4f9535
2026-01-20 10:54:05.584 [main] DEBUG org.hibernate.type.BasicTypeRegistry - Adding type registration java.sql.Timestamp -> org.hibernate.type.BasicTypeReference@6c4f9535
2026-01-20 10:54:05.584 [main] DEBUG org.hibernate.type.BasicTypeRegistry - Adding type registration java.util.Date -> org.hibernate.type.BasicTypeReference@6c4f9535
2026-01-20 10:54:05.584 [main] DEBUG org.hibernate.type.BasicTypeRegistry - Adding type registration calendar -> org.hibernate.type.BasicTypeReference@5bd1ceca
2026-01-20 10:54:05.584 [main] DEBUG org.hibernate.type.BasicTypeRegistry - Adding type registration java.util.Calendar -> org.hibernate.type.BasicTypeReference@5bd1ceca
2026-01-20 10:54:05.584 [main] DEBUG org.hibernate.type.BasicTypeRegistry - Adding type registration java.util.GregorianCalendar -> org.hibernate.type.BasicTypeReference@5bd1ceca
2026-01-20 10:54:05.584 [main] DEBUG org.hibernate.type.BasicTypeRegistry - Adding type registration calendar_date -> org.hibernate.type.BasicTypeReference@30c31dd7
2026-01-20 10:54:05.584 [main] DEBUG org.hibernate.type.BasicTypeRegistry - Adding type registration calendar_time -> org.hibernate.type.BasicTypeReference@499b2a5c
2026-01-20 10:54:05.584 [main] DEBUG org.hibernate.type.BasicTypeRegistry - Adding type registration instant -> org.hibernate.type.BasicTypeReference@596df867
2026-01-20 10:54:05.584 [main] DEBUG org.hibernate.type.BasicTypeRegistry - Adding type registration java.time.Instant -> org.hibernate.type.BasicTypeReference@596df867
2026-01-20 10:54:05.584 [main] DEBUG org.hibernate.type.BasicTypeRegistry - Adding type registration uuid -> org.hibernate.type.BasicTypeReference@c1fca1e
2026-01-20 10:54:05.584 [main] DEBUG org.hibernate.type.BasicTypeRegistry - Adding type registration java.util.UUID -> org.hibernate.type.BasicTypeReference@c1fca1e
2026-01-20 10:54:05.584 [main] DEBUG org.hibernate.type.BasicTypeRegistry - Adding type registration pg-uuid -> org.hibernate.type.BasicTypeReference@c1fca1e
2026-01-20 10:54:05.585 [main] DEBUG org.hibernate.type.BasicTypeRegistry - Adding type registration uuid-binary -> org.hibernate.type.BasicTypeReference@241a53ef
2026-01-20 10:54:05.585 [main] DEBUG org.hibernate.type.BasicTypeRegistry - Adding type registration uuid-char -> org.hibernate.type.BasicTypeReference@344344fa
2026-01-20 10:54:05.585 [main] DEBUG org.hibernate.type.BasicTypeRegistry - Adding type registration class -> org.hibernate.type.BasicTypeReference@2db2cd5
2026-01-20 10:54:05.585 [main] DEBUG org.hibernate.type.BasicTypeRegistry - Adding type registration java.lang.Class -> org.hibernate.type.BasicTypeReference@2db2cd5
2026-01-20 10:54:05.585 [main] DEBUG org.hibernate.type.BasicTypeRegistry - Adding type registration currency -> org.hibernate.type.BasicTypeReference@70e659aa
2026-01-20 10:54:05.585 [main] DEBUG org.hibernate.type.BasicTypeRegistry - Adding type registration Currency -> org.hibernate.type.BasicTypeReference@70e659aa
2026-01-20 10:54:05.585 [main] DEBUG org.hibernate.type.BasicTypeRegistry - Adding type registration java.util.Currency -> org.hibernate.type.BasicTypeReference@70e659aa
2026-01-20 10:54:05.585 [main] DEBUG org.hibernate.type.BasicTypeRegistry - Adding type registration locale -> org.hibernate.type.BasicTypeReference@615f972
2026-01-20 10:54:05.586 [main] DEBUG org.hibernate.type.BasicTypeRegistry - Adding type registration java.util.Locale -> org.hibernate.type.BasicTypeReference@615f972
2026-01-20 10:54:05.586 [main] DEBUG org.hibernate.type.BasicTypeRegistry - Adding type registration serializable -> org.hibernate.type.BasicTypeReference@285f09de
2026-01-20 10:54:05.586 [main] DEBUG org.hibernate.type.BasicTypeRegistry - Adding type registration java.io.Serializable -> org.hibernate.type.BasicTypeReference@285f09de
2026-01-20 10:54:05.586 [main] DEBUG org.hibernate.type.BasicTypeRegistry - Adding type registration timezone -> org.hibernate.type.BasicTypeReference@73393584
2026-01-20 10:54:05.586 [main] DEBUG org.hibernate.type.BasicTypeRegistry - Adding type registration java.util.TimeZone -> org.hibernate.type.BasicTypeReference@73393584
2026-01-20 10:54:05.586 [main] DEBUG org.hibernate.type.BasicTypeRegistry - Adding type registration ZoneOffset -> org.hibernate.type.BasicTypeReference@31500940
2026-01-20 10:54:05.586 [main] DEBUG org.hibernate.type.BasicTypeRegistry - Adding type registration java.time.ZoneOffset -> org.hibernate.type.BasicTypeReference@31500940
2026-01-20 10:54:05.586 [main] DEBUG org.hibernate.type.BasicTypeRegistry - Adding type registration url -> org.hibernate.type.BasicTypeReference@1827a871
2026-01-20 10:54:05.586 [main] DEBUG org.hibernate.type.BasicTypeRegistry - Adding type registration java.net.URL -> org.hibernate.type.BasicTypeReference@1827a871
2026-01-20 10:54:05.586 [main] DEBUG org.hibernate.type.BasicTypeRegistry - Adding type registration vector -> org.hibernate.type.BasicTypeReference@48e64352
2026-01-20 10:54:05.587 [main] DEBUG org.hibernate.type.BasicTypeRegistry - Adding type registration row_version -> org.hibernate.type.BasicTypeReference@7249dadf
2026-01-20 10:54:05.590 [main] DEBUG org.hibernate.type.BasicTypeRegistry - Adding type registration object -> org.hibernate.type.JavaObjectType@6cc0bcf6
2026-01-20 10:54:05.591 [main] DEBUG org.hibernate.type.BasicTypeRegistry - Adding type registration java.lang.Object -> org.hibernate.type.JavaObjectType@6cc0bcf6
2026-01-20 10:54:05.591 [main] DEBUG org.hibernate.type.BasicTypeRegistry - Adding type registration null -> org.hibernate.type.NullType@36ac8a63
2026-01-20 10:54:05.591 [main] DEBUG org.hibernate.type.BasicTypeRegistry - Adding type registration imm_date -> org.hibernate.type.BasicTypeReference@4d9d1b69
2026-01-20 10:54:05.591 [main] DEBUG org.hibernate.type.BasicTypeRegistry - Adding type registration imm_time -> org.hibernate.type.BasicTypeReference@52c8295b
2026-01-20 10:54:05.592 [main] DEBUG org.hibernate.type.BasicTypeRegistry - Adding type registration imm_timestamp -> org.hibernate.type.BasicTypeReference@251f7d26
2026-01-20 10:54:05.592 [main] DEBUG org.hibernate.type.BasicTypeRegistry - Adding type registration imm_calendar -> org.hibernate.type.BasicTypeReference@77b21474
2026-01-20 10:54:05.592 [main] DEBUG org.hibernate.type.BasicTypeRegistry - Adding type registration imm_calendar_date -> org.hibernate.type.BasicTypeReference@52d10fb8
2026-01-20 10:54:05.592 [main] DEBUG org.hibernate.type.BasicTypeRegistry - Adding type registration imm_calendar_time -> org.hibernate.type.BasicTypeReference@41c07648
2026-01-20 10:54:05.592 [main] DEBUG org.hibernate.type.BasicTypeRegistry - Adding type registration imm_binary -> org.hibernate.type.BasicTypeReference@1fe8d51b
2026-01-20 10:54:05.592 [main] DEBUG org.hibernate.type.BasicTypeRegistry - Adding type registration imm_serializable -> org.hibernate.type.BasicTypeReference@781e7326
2026-01-20 10:54:05.611 [main] WARN  org.hibernate.orm.connections.pooling - HHH10001002: Using built-in connection pool (not intended for production use)
2026-01-20 10:54:05.614 [main] INFO  org.hibernate.orm.connections.pooling - HHH10001005: Loaded JDBC driver class: com.mysql.cj.jdbc.Driver
2026-01-20 10:54:05.614 [main] INFO  org.hibernate.orm.connections.pooling - HHH10001012: Connecting with JDBC URL [jdbc:mysql://localhost:3307/accesoDatosDAM?useSSL=false&serverTimezone=UTC]
2026-01-20 10:54:05.614 [main] INFO  org.hibernate.orm.connections.pooling - HHH10001001: Connection properties: {password=usuario, user=usuario2}
2026-01-20 10:54:05.615 [main] INFO  org.hibernate.orm.connections.pooling - HHH10001003: Autocommit mode: false
2026-01-20 10:54:05.616 [main] DEBUG org.hibernate.orm.connections.pooling - Initializing Connection pool with 1 Connections
2026-01-20 10:54:05.616 [main] INFO  org.hibernate.orm.connections.pooling - HHH10001115: Connection pool size: 20 (min=1)
2026-01-20 10:54:05.799 [main] DEBUG org.hibernate.engine.jdbc.env.internal.JdbcEnvironmentInitiator - Database ->
       name : MySQL
    version : 8.4.7
      major : 8
      minor : 4
2026-01-20 10:54:05.799 [main] DEBUG org.hibernate.engine.jdbc.env.internal.JdbcEnvironmentInitiator - Driver ->
       name : MySQL Connector/J
    version : mysql-connector-j-8.4.0 (Revision: 1c3f5c149e0bfe31c7fbeb24e2d260cd890972c4)
      major : 8
      minor : 4
2026-01-20 10:54:05.799 [main] DEBUG org.hibernate.engine.jdbc.env.internal.JdbcEnvironmentInitiator - JDBC version : 4.2
2026-01-20 10:54:05.840 [main] WARN  org.hibernate.orm.deprecation - HHH90000025: MySQLDialect does not need to be specified explicitly using 'hibernate.dialect' (remove the property setting and it will be selected by default)
2026-01-20 10:54:05.841 [main] DEBUG org.hibernate.orm.dialect - HHH035001: Using dialect: org.hibernate.dialect.MySQLDialect, version: 8.4.7
2026-01-20 10:54:05.847 [main] DEBUG org.hibernate.engine.jdbc.env.spi.IdentifierHelperBuilder - JDBC driver metadata reported database stores quoted identifiers in more than one case
2026-01-20 10:54:05.847 [main] DEBUG org.hibernate.engine.jdbc.env.spi.IdentifierHelperBuilder - IdentifierCaseStrategy for both quoted and unquoted identifiers was set to the same strategy [MIXED]; that will likely lead to problems in schema update and validation if using quoted identifiers
2026-01-20 10:54:05.861 [main] DEBUG org.hibernate.type.descriptor.sql.spi.DdlTypeRegistry - addDescriptor(12, org.hibernate.type.descriptor.sql.internal.CapacityDependentDdlType@3b36e000) replaced previous registration(org.hibernate.type.descriptor.sql.internal.CapacityDependentDdlType@333cb916)
2026-01-20 10:54:05.862 [main] DEBUG org.hibernate.type.descriptor.sql.spi.DdlTypeRegistry - addDescriptor(-9, org.hibernate.type.descriptor.sql.internal.CapacityDependentDdlType@629ae7e) replaced previous registration(org.hibernate.type.descriptor.sql.internal.CapacityDependentDdlType@1d25c1c)
2026-01-20 10:54:05.862 [main] DEBUG org.hibernate.type.descriptor.sql.spi.DdlTypeRegistry - addDescriptor(-3, org.hibernate.type.descriptor.sql.internal.CapacityDependentDdlType@de88ac6) replaced previous registration(org.hibernate.type.descriptor.sql.internal.CapacityDependentDdlType@5bca7664)
2026-01-20 10:54:05.862 [main] DEBUG org.hibernate.type.descriptor.sql.spi.DdlTypeRegistry - addDescriptor(4003, org.hibernate.type.descriptor.sql.internal.DdlTypeImpl@105b693d) replaced previous registration(org.hibernate.type.descriptor.sql.internal.DdlTypeImpl@3fae596)
2026-01-20 10:54:05.862 [main] DEBUG org.hibernate.type.descriptor.sql.spi.DdlTypeRegistry - addDescriptor(4001, org.hibernate.type.descriptor.sql.internal.DdlTypeImpl@4a0df195) replaced previous registration(org.hibernate.type.descriptor.sql.internal.DdlTypeImpl@42fcc7e6)
2026-01-20 10:54:05.862 [main] DEBUG org.hibernate.type.descriptor.sql.spi.DdlTypeRegistry - addDescriptor(4002, org.hibernate.type.descriptor.sql.internal.DdlTypeImpl@9255c05) replaced previous registration(org.hibernate.type.descriptor.sql.internal.DdlTypeImpl@5da7cee2)
2026-01-20 10:54:05.862 [main] DEBUG org.hibernate.type.descriptor.sql.spi.DdlTypeRegistry - addDescriptor(2004, org.hibernate.type.descriptor.sql.internal.CapacityDependentDdlType@78830d9a) replaced previous registration(org.hibernate.type.descriptor.sql.internal.DdlTypeImpl@5ce4369b)
2026-01-20 10:54:05.862 [main] DEBUG org.hibernate.type.descriptor.sql.spi.DdlTypeRegistry - addDescriptor(2005, org.hibernate.type.descriptor.sql.internal.CapacityDependentDdlType@7f829c76) replaced previous registration(org.hibernate.type.descriptor.sql.internal.DdlTypeImpl@1cb19dba)
2026-01-20 10:54:05.863 [main] DEBUG org.hibernate.type.descriptor.sql.spi.DdlTypeRegistry - addDescriptor(2011, org.hibernate.type.descriptor.sql.internal.CapacityDependentDdlType@7c3ebc6b) replaced previous registration(org.hibernate.type.descriptor.sql.internal.DdlTypeImpl@1931d99)
2026-01-20 10:54:05.864 [main] DEBUG org.hibernate.type.descriptor.jdbc.spi.JdbcTypeRegistry - addDescriptor(NCharTypeDescriptor) replaced previous registration(CharTypeDescriptor)
2026-01-20 10:54:05.864 [main] DEBUG org.hibernate.type.descriptor.jdbc.spi.JdbcTypeRegistry - addDescriptor(NVarcharTypeDescriptor) replaced previous registration(VarcharTypeDescriptor)
2026-01-20 10:54:05.864 [main] DEBUG org.hibernate.type.descriptor.jdbc.spi.JdbcTypeRegistry - addDescriptor(LongNVarcharTypeDescriptor) replaced previous registration(LongVarcharTypeDescriptor)
2026-01-20 10:54:05.866 [main] DEBUG org.hibernate.type.descriptor.jdbc.spi.JdbcTypeRegistry - addDescriptor(NClobTypeDescriptor(DEFAULT)) replaced previous registration(ClobTypeDescriptor(DEFAULT))
2026-01-20 10:54:05.866 [main] DEBUG org.hibernate.type.descriptor.jdbc.spi.JdbcTypeRegistry - addDescriptor(2005, ClobTypeDescriptor(STREAM_BINDING)) replaced previous registration(ClobTypeDescriptor(DEFAULT))
2026-01-20 10:54:05.869 [main] DEBUG org.hibernate.type.BasicTypeRegistry - Adding type registration null -> org.hibernate.type.NullType@25b5c5e3
2026-01-20 10:54:05.869 [main] DEBUG org.hibernate.type.BasicTypeRegistry - Type registration key [null] overrode previous entry : `org.hibernate.type.NullType@36ac8a63`
2026-01-20 10:54:05.873 [main] DEBUG org.hibernate.type.BasicTypeRegistry - Adding type registration org.hibernate.type.DurationType -> basicType@1(java.time.Duration,3015)
2026-01-20 10:54:05.874 [main] DEBUG org.hibernate.type.BasicTypeRegistry - Adding type registration Duration -> basicType@1(java.time.Duration,3015)
2026-01-20 10:54:05.874 [main] DEBUG org.hibernate.type.BasicTypeRegistry - Adding type registration java.time.Duration -> basicType@1(java.time.Duration,3015)
2026-01-20 10:54:05.878 [main] DEBUG org.hibernate.type.BasicTypeRegistry - Adding type registration org.hibernate.type.OffsetDateTimeType -> basicType@2(java.time.OffsetDateTime,3003)
2026-01-20 10:54:05.878 [main] DEBUG org.hibernate.type.BasicTypeRegistry - Adding type registration OffsetDateTime -> basicType@2(java.time.OffsetDateTime,3003)
2026-01-20 10:54:05.878 [main] DEBUG org.hibernate.type.BasicTypeRegistry - Adding type registration java.time.OffsetDateTime -> basicType@2(java.time.OffsetDateTime,3003)
2026-01-20 10:54:05.878 [main] DEBUG org.hibernate.type.BasicTypeRegistry - Adding type registration org.hibernate.type.ZonedDateTimeType -> basicType@3(java.time.ZonedDateTime,3003)
2026-01-20 10:54:05.878 [main] DEBUG org.hibernate.type.BasicTypeRegistry - Adding type registration ZonedDateTime -> basicType@3(java.time.ZonedDateTime,3003)
2026-01-20 10:54:05.878 [main] DEBUG org.hibernate.type.BasicTypeRegistry - Adding type registration java.time.ZonedDateTime -> basicType@3(java.time.ZonedDateTime,3003)
2026-01-20 10:54:05.879 [main] DEBUG org.hibernate.type.BasicTypeRegistry - Adding type registration org.hibernate.type.OffsetTimeType -> basicType@4(java.time.OffsetTime,3007)
2026-01-20 10:54:05.879 [main] DEBUG org.hibernate.type.BasicTypeRegistry - Adding type registration OffsetTime -> basicType@4(java.time.OffsetTime,3007)
2026-01-20 10:54:05.879 [main] DEBUG org.hibernate.type.BasicTypeRegistry - Adding type registration java.time.OffsetTime -> basicType@4(java.time.OffsetTime,3007)
2026-01-20 10:54:05.881 [main] DEBUG org.hibernate.type.spi.TypeConfiguration$Scope - Scoping TypeConfiguration [org.hibernate.type.spi.TypeConfiguration@5cdf39b2] to MetadataBuildingContext [org.hibernate.boot.internal.MetadataBuildingContextRootImpl@14f3c6fc]
2026-01-20 10:54:05.922 [main] DEBUG org.hibernate.boot.model.relational.Namespace - Created database namespace [logicalName=Name{catalog=null, schema=null}, physicalName=Name{catalog=null, schema=null}]
2026-01-20 10:54:05.987 [main] DEBUG org.hibernate.boot.model.internal.EntityBinder - Binding entity from annotated class: modelo.Reunion
2026-01-20 10:54:05.995 [main] DEBUG org.hibernate.boot.model.internal.EntityBinder - Import with entity name Reunion
2026-01-20 10:54:06.002 [main] DEBUG org.hibernate.boot.model.internal.EntityBinder - Bind entity modelo.Reunion on table reunion
2026-01-20 10:54:06.012 [main] DEBUG org.hibernate.boot.model.internal.AnnotatedColumn - Binding column: AnnotatedDiscriminatorColumn(column='DTYPE')
2026-01-20 10:54:06.024 [main] DEBUG org.hibernate.boot.model.internal.AnnotatedColumn - Binding column: AnnotatedColumn()
2026-01-20 10:54:06.024 [main] DEBUG org.hibernate.boot.internal.ClassLoaderAccessImpl - Not known whether passed class name [modelo.Reunion] is safe
2026-01-20 10:54:06.025 [main] DEBUG org.hibernate.boot.internal.ClassLoaderAccessImpl - No temp ClassLoader provided; using live ClassLoader for loading potentially unsafe class : modelo.Reunion
2026-01-20 10:54:06.027 [main] DEBUG org.hibernate.boot.model.internal.PropertyBinder - MetadataSourceProcessor property idReunion with lazy=false
2026-01-20 10:54:06.031 [main] DEBUG org.hibernate.boot.model.internal.AbstractPropertyHolder - Attempting to locate auto-apply AttributeConverter for property [modelo.Reunion:idReunion]
2026-01-20 10:54:06.034 [main] DEBUG org.hibernate.boot.model.internal.BasicValueBinder - building BasicValue for idReunion
2026-01-20 10:54:06.038 [main] DEBUG org.hibernate.mapping.BasicValue - Skipping column re-registration: reunion.idReunion
2026-01-20 10:54:06.038 [main] DEBUG org.hibernate.boot.model.internal.PropertyBinder - Building property idReunion
2026-01-20 10:54:06.041 [main] DEBUG org.hibernate.boot.model.internal.BinderHelper - #makeIdGenerator(BasicValue([Column(idReunion)]), idReunion, org.hibernate.id.enhanced.SequenceStyleGenerator, , ...)
2026-01-20 10:54:06.042 [main] DEBUG org.hibernate.boot.model.internal.AnnotatedColumn - Binding column: AnnotatedColumn()
2026-01-20 10:54:06.042 [main] DEBUG org.hibernate.boot.model.internal.PropertyBinder - MetadataSourceProcessor property asunto with lazy=false
2026-01-20 10:54:06.042 [main] DEBUG org.hibernate.boot.model.internal.AbstractPropertyHolder - Attempting to locate auto-apply AttributeConverter for property [modelo.Reunion:asunto]
2026-01-20 10:54:06.042 [main] DEBUG org.hibernate.boot.model.internal.BasicValueBinder - building BasicValue for asunto
2026-01-20 10:54:06.042 [main] DEBUG org.hibernate.mapping.BasicValue - Skipping column re-registration: reunion.asunto
2026-01-20 10:54:06.042 [main] DEBUG org.hibernate.boot.model.internal.PropertyBinder - Building property asunto
2026-01-20 10:54:06.043 [main] DEBUG org.hibernate.boot.model.internal.AnnotatedColumn - Binding column: AnnotatedColumn()
2026-01-20 10:54:06.044 [main] DEBUG org.hibernate.boot.model.internal.PropertyBinder - MetadataSourceProcessor property fecha with lazy=false
2026-01-20 10:54:06.044 [main] DEBUG org.hibernate.boot.model.internal.AbstractPropertyHolder - Attempting to locate auto-apply AttributeConverter for property [modelo.Reunion:fecha]
2026-01-20 10:54:06.044 [main] DEBUG org.hibernate.boot.model.internal.BasicValueBinder - building BasicValue for fecha
2026-01-20 10:54:06.044 [main] DEBUG org.hibernate.mapping.BasicValue - Skipping column re-registration: reunion.fecha
2026-01-20 10:54:06.044 [main] DEBUG org.hibernate.boot.model.internal.PropertyBinder - Building property fecha
2026-01-20 10:54:06.046 [main] DEBUG org.hibernate.boot.registry.classloading.internal.ClassLoaderServiceImpl - HHH000194: Package not found or wo package-info.java: modelo
2026-01-20 10:54:06.050 [main] DEBUG org.hibernate.boot.model.internal.EntityBinder - Binding entity from annotated class: modelo.Persona
2026-01-20 10:54:06.051 [main] DEBUG org.hibernate.boot.model.internal.EntityBinder - Import with entity name Persona
2026-01-20 10:54:06.051 [main] DEBUG org.hibernate.boot.model.internal.EntityBinder - Bind entity modelo.Persona on table persona
2026-01-20 10:54:06.052 [main] DEBUG org.hibernate.boot.model.internal.AnnotatedColumn - Binding column: AnnotatedDiscriminatorColumn(column='DTYPE')
2026-01-20 10:54:06.053 [main] DEBUG org.hibernate.boot.model.internal.AnnotatedColumn - Binding column: AnnotatedColumn()
2026-01-20 10:54:06.053 [main] DEBUG org.hibernate.boot.internal.ClassLoaderAccessImpl - Not known whether passed class name [modelo.Persona] is safe
2026-01-20 10:54:06.053 [main] DEBUG org.hibernate.boot.internal.ClassLoaderAccessImpl - No temp ClassLoader provided; using live ClassLoader for loading potentially unsafe class : modelo.Persona
2026-01-20 10:54:06.053 [main] DEBUG org.hibernate.boot.model.internal.PropertyBinder - MetadataSourceProcessor property dni with lazy=false
2026-01-20 10:54:06.053 [main] DEBUG org.hibernate.boot.model.internal.AbstractPropertyHolder - Attempting to locate auto-apply AttributeConverter for property [modelo.Persona:dni]
2026-01-20 10:54:06.053 [main] DEBUG org.hibernate.boot.model.internal.BasicValueBinder - building BasicValue for dni
2026-01-20 10:54:06.053 [main] DEBUG org.hibernate.mapping.BasicValue - Skipping column re-registration: persona.dni
2026-01-20 10:54:06.053 [main] DEBUG org.hibernate.boot.model.internal.PropertyBinder - Building property dni
2026-01-20 10:54:06.053 [main] DEBUG org.hibernate.boot.model.internal.BinderHelper - #makeIdGenerator(BasicValue([Column(dni)]), dni, org.hibernate.id.enhanced.SequenceStyleGenerator, , ...)
2026-01-20 10:54:06.054 [main] DEBUG org.hibernate.boot.model.internal.AnnotatedColumn - Binding column: AnnotatedColumn()
2026-01-20 10:54:06.054 [main] DEBUG org.hibernate.boot.model.internal.PropertyBinder - MetadataSourceProcessor property edad with lazy=false
2026-01-20 10:54:06.054 [main] DEBUG org.hibernate.boot.model.internal.AbstractPropertyHolder - Attempting to locate auto-apply AttributeConverter for property [modelo.Persona:edad]
2026-01-20 10:54:06.054 [main] DEBUG org.hibernate.boot.model.internal.BasicValueBinder - building BasicValue for edad
2026-01-20 10:54:06.054 [main] DEBUG org.hibernate.mapping.BasicValue - Skipping column re-registration: persona.edad
2026-01-20 10:54:06.054 [main] DEBUG org.hibernate.boot.model.internal.PropertyBinder - Building property edad
2026-01-20 10:54:06.054 [main] DEBUG org.hibernate.boot.model.internal.AnnotatedColumn - Binding column: AnnotatedColumn()
2026-01-20 10:54:06.054 [main] DEBUG org.hibernate.boot.model.internal.PropertyBinder - MetadataSourceProcessor property email with lazy=false
2026-01-20 10:54:06.055 [main] DEBUG org.hibernate.boot.model.internal.AbstractPropertyHolder - Attempting to locate auto-apply AttributeConverter for property [modelo.Persona:email]
2026-01-20 10:54:06.055 [main] DEBUG org.hibernate.boot.model.internal.BasicValueBinder - building BasicValue for email
2026-01-20 10:54:06.055 [main] DEBUG org.hibernate.mapping.BasicValue - Skipping column re-registration: persona.email
2026-01-20 10:54:06.055 [main] DEBUG org.hibernate.boot.model.internal.PropertyBinder - Building property email
2026-01-20 10:54:06.055 [main] DEBUG org.hibernate.boot.model.internal.AnnotatedColumn - Binding column: AnnotatedColumn()
2026-01-20 10:54:06.055 [main] DEBUG org.hibernate.boot.model.internal.PropertyBinder - MetadataSourceProcessor property fechaNacimiento with lazy=false
2026-01-20 10:54:06.055 [main] DEBUG org.hibernate.boot.model.internal.AbstractPropertyHolder - Attempting to locate auto-apply AttributeConverter for property [modelo.Persona:fechaNacimiento]
2026-01-20 10:54:06.055 [main] DEBUG org.hibernate.boot.model.internal.BasicValueBinder - building BasicValue for fechaNacimiento
2026-01-20 10:54:06.055 [main] DEBUG org.hibernate.mapping.BasicValue - Skipping column re-registration: persona.fechaNacimiento
2026-01-20 10:54:06.056 [main] DEBUG org.hibernate.boot.model.internal.PropertyBinder - Building property fechaNacimiento
2026-01-20 10:54:06.056 [main] DEBUG org.hibernate.boot.model.internal.AnnotatedColumn - Binding column: AnnotatedColumn()
2026-01-20 10:54:06.056 [main] DEBUG org.hibernate.boot.model.internal.PropertyBinder - MetadataSourceProcessor property nombreApellido with lazy=false
2026-01-20 10:54:06.056 [main] DEBUG org.hibernate.boot.model.internal.AbstractPropertyHolder - Attempting to locate auto-apply AttributeConverter for property [modelo.Persona:nombreApellido]
2026-01-20 10:54:06.056 [main] DEBUG org.hibernate.boot.model.internal.BasicValueBinder - building BasicValue for nombreApellido
2026-01-20 10:54:06.056 [main] DEBUG org.hibernate.mapping.BasicValue - Skipping column re-registration: persona.nombreApellido
2026-01-20 10:54:06.056 [main] DEBUG org.hibernate.boot.model.internal.PropertyBinder - Building property nombreApellido
2026-01-20 10:54:06.057 [main] DEBUG org.hibernate.boot.model.internal.AnnotatedColumn - Binding column: AnnotatedColumn()
2026-01-20 10:54:06.057 [main] DEBUG org.hibernate.boot.model.internal.PropertyBinder - MetadataSourceProcessor property telefono with lazy=false
2026-01-20 10:54:06.057 [main] DEBUG org.hibernate.boot.model.internal.AbstractPropertyHolder - Attempting to locate auto-apply AttributeConverter for property [modelo.Persona:telefono]
2026-01-20 10:54:06.057 [main] DEBUG org.hibernate.boot.model.internal.BasicValueBinder - building BasicValue for telefono
2026-01-20 10:54:06.057 [main] DEBUG org.hibernate.mapping.BasicValue - Skipping column re-registration: persona.telefono
2026-01-20 10:54:06.057 [main] DEBUG org.hibernate.boot.model.internal.PropertyBinder - Building property telefono
2026-01-20 10:54:06.057 [main] DEBUG org.hibernate.boot.registry.classloading.internal.ClassLoaderServiceImpl - HHH000194: Package not found or wo package-info.java: modelo
2026-01-20 10:54:06.058 [main] DEBUG org.hibernate.boot.model.internal.BasicValueBinder - Starting `BasicValueBinder#fillSimpleValue` for idReunion
2026-01-20 10:54:06.059 [main] DEBUG org.hibernate.boot.model.internal.BasicValueBinder - Starting `BasicValueBinder#fillSimpleValue` for asunto
2026-01-20 10:54:06.059 [main] DEBUG org.hibernate.boot.model.internal.BasicValueBinder - Starting `BasicValueBinder#fillSimpleValue` for fecha
2026-01-20 10:54:06.060 [main] DEBUG org.hibernate.boot.model.internal.BasicValueBinder - Starting `BasicValueBinder#fillSimpleValue` for dni
2026-01-20 10:54:06.060 [main] DEBUG org.hibernate.boot.model.internal.BasicValueBinder - Starting `BasicValueBinder#fillSimpleValue` for edad
2026-01-20 10:54:06.060 [main] DEBUG org.hibernate.boot.model.internal.BasicValueBinder - Starting `BasicValueBinder#fillSimpleValue` for email
2026-01-20 10:54:06.060 [main] DEBUG org.hibernate.boot.model.internal.BasicValueBinder - Starting `BasicValueBinder#fillSimpleValue` for fechaNacimiento
2026-01-20 10:54:06.060 [main] DEBUG org.hibernate.boot.model.internal.BasicValueBinder - Starting `BasicValueBinder#fillSimpleValue` for nombreApellido
2026-01-20 10:54:06.060 [main] DEBUG org.hibernate.boot.model.internal.BasicValueBinder - Starting `BasicValueBinder#fillSimpleValue` for telefono
2026-01-20 10:54:06.061 [main] DEBUG org.hibernate.mapping.PrimaryKey - Forcing column [idreunion] to be non-null as it is part of the primary key for table [reunion]
2026-01-20 10:54:06.061 [main] DEBUG org.hibernate.mapping.PrimaryKey - Forcing column [dni] to be non-null as it is part of the primary key for table [persona]
2026-01-20 10:54:06.278 [main] DEBUG org.hibernate.internal.SessionFactoryImpl - Building session factory
2026-01-20 10:54:06.318 [main] DEBUG org.hibernate.service.internal.SessionFactoryServiceRegistryImpl - EventListenerRegistry access via ServiceRegistry is deprecated.  Use `sessionFactory.getEventEngine().getListenerRegistry()` instead
2026-01-20 10:54:06.318 [main] DEBUG org.hibernate.internal.SessionFactoryImpl - Instantiating SessionFactory with settings: {hibernate.format_sql=true, java.specification.version=21, sun.cpu.isalist=amd64, sun.jnu.encoding=Cp1252, hibernate.dialect=org.hibernate.dialect.MySQLDialect, java.class.path=C:\Users\alumno\Desktop\SegundoDAM\Acceso a Datos\Hibernate\target\classes;C:\Users\alumno\Desktop\sts-4.31.0.RELEASE\plugins\junit-jupiter-api_5.12.2.jar;C:\Users\alumno\Desktop\sts-4.31.0.RELEASE\plugins\junit-jupiter-engine_5.12.2.jar;C:\Users\alumno\Desktop\sts-4.31.0.RELEASE\plugins\junit-jupiter-migrationsupport_5.12.2.jar;C:\Users\alumno\Desktop\sts-4.31.0.RELEASE\plugins\junit-jupiter-params_5.12.2.jar;C:\Users\alumno\Desktop\sts-4.31.0.RELEASE\plugins\junit-platform-commons_1.12.2.jar;C:\Users\alumno\Desktop\sts-4.31.0.RELEASE\plugins\junit-platform-engine_1.12.2.jar;C:\Users\alumno\Desktop\sts-4.31.0.RELEASE\plugins\junit-platform-launcher_1.12.2.jar;C:\Users\alumno\Desktop\sts-4.31.0.RELEASE\plugins\junit-platform-runner_1.12.2.jar;C:\Users\alumno\Desktop\sts-4.31.0.RELEASE\plugins\junit-platform-suite-api_1.12.2.jar;C:\Users\alumno\Desktop\sts-4.31.0.RELEASE\plugins\junit-platform-suite-engine_1.12.2.jar;C:\Users\alumno\Desktop\sts-4.31.0.RELEASE\plugins\junit-platform-suite-commons_1.12.2.jar;C:\Users\alumno\Desktop\sts-4.31.0.RELEASE\plugins\junit-vintage-engine_5.12.2.jar;C:\Users\alumno\Desktop\sts-4.31.0.RELEASE\plugins\org.opentest4j_1.3.0.jar;C:\Users\alumno\Desktop\sts-4.31.0.RELEASE\plugins\org.apiguardian.api_1.1.2.jar;C:\Users\alumno\Desktop\sts-4.31.0.RELEASE\plugins\org.junit_4.13.2.v20240929-1000.jar;C:\Users\alumno\Desktop\sts-4.31.0.RELEASE\plugins\org.hamcrest_3.0.0.jar;C:\Users\alumno\.m2\repository\org\hibernate\orm\hibernate-core\6.4.4.Final\hibernate-core-6.4.4.Final.jar;C:\Users\alumno\.m2\repository\jakarta\transaction\jakarta.transaction-api\2.0.1\jakarta.transaction-api-2.0.1.jar;C:\Users\alumno\.m2\repository\org\jboss\logging\jboss-logging\3.5.0.Final\jboss-logging-3.5.0.Final.jar;C:\Users\alumno\.m2\repository\org\hibernate\common\hibernate-commons-annotations\6.0.6.Final\hibernate-commons-annotations-6.0.6.Final.jar;C:\Users\alumno\.m2\repository\io\smallrye\jandex\3.1.2\jandex-3.1.2.jar;C:\Users\alumno\.m2\repository\com\fasterxml\classmate\1.5.1\classmate-1.5.1.jar;C:\Users\alumno\.m2\repository\net\bytebuddy\byte-buddy\1.14.11\byte-buddy-1.14.11.jar;C:\Users\alumno\.m2\repository\jakarta\xml\bind\jakarta.xml.bind-api\4.0.0\jakarta.xml.bind-api-4.0.0.jar;C:\Users\alumno\.m2\repository\jakarta\activation\jakarta.activation-api\2.1.0\jakarta.activation-api-2.1.0.jar;C:\Users\alumno\.m2\repository\org\glassfish\jaxb\jaxb-runtime\4.0.2\jaxb-runtime-4.0.2.jar;C:\Users\alumno\.m2\repository\org\glassfish\jaxb\jaxb-core\4.0.2\jaxb-core-4.0.2.jar;C:\Users\alumno\.m2\repository\org\eclipse\angus\angus-activation\2.0.0\angus-activation-2.0.0.jar;C:\Users\alumno\.m2\repository\org\glassfish\jaxb\txw2\4.0.2\txw2-4.0.2.jar;C:\Users\alumno\.m2\repository\com\sun\istack\istack-commons-runtime\4.1.1\istack-commons-runtime-4.1.1.jar;C:\Users\alumno\.m2\repository\jakarta\inject\jakarta.inject-api\2.0.1\jakarta.inject-api-2.0.1.jar;C:\Users\alumno\.m2\repository\org\antlr\antlr4-runtime\4.13.0\antlr4-runtime-4.13.0.jar;C:\Users\alumno\.m2\repository\com\mysql\mysql-connector-j\8.4.0\mysql-connector-j-8.4.0.jar;C:\Users\alumno\.m2\repository\com\google\protobuf\protobuf-java\3.25.1\protobuf-java-3.25.1.jar;C:\Users\alumno\.m2\repository\jakarta\persistence\jakarta.persistence-api\3.1.0\jakarta.persistence-api-3.1.0.jar;C:\Users\alumno\.m2\repository\org\apache\logging\log4j\log4j-api\2.13.0\log4j-api-2.13.0.jar;C:\Users\alumno\.m2\repository\org\apache\logging\log4j\log4j-core\2.13.0\log4j-core-2.13.0.jar;C:\Users\alumno\.m2\repository\com\google\code\gson\gson\2.10.1\gson-2.10.1.jar, java.vm.vendor=Oracle Corporation, sun.arch.data.model=64, user.variant=, java.vendor.url=https://java.oracle.com/, user.timezone=Europe/Madrid, org.apache.logging.log4j.assignedSequences=11511, java.vm.specification.version=21, os.name=Windows 11, sun.java.launcher=SUN_STANDARD, user.country=ES, sun.boot.library.path=C:\Program Files\Java\jdk-21\bin, sun.java.command=controlador.GestionaReuniones, jdk.debug=release, sun.cpu.endian=little, user.home=C:\Users\alumno, user.language=es, java.specification.vendor=Oracle Corporation, java.version.date=2025-07-15, java.home=C:\Program Files\Java\jdk-21, file.separator=\, java.vm.compressedOopsMode=Zero based, line.separator=
, java.vm.specification.vendor=Oracle Corporation, java.specification.name=Java Platform API Specification, hibernate.hbm2ddl.auto=update, user.script=, sun.management.compiler=HotSpot 64-Bit Tiered Compilers, java.runtime.version=21.0.8+12-LTS-250, user.name=alumno, stdout.encoding=UTF-8, path.separator=;, hibernate.connection.username=****, os.version=10.0, java.runtime.name=Java(TM) SE Runtime Environment, hibernate.connection.url=jdbc:mysql://localhost:3307/accesoDatosDAM?useSSL=false&serverTimezone=UTC, file.encoding=UTF-8, java.vm.name=Java HotSpot(TM) 64-Bit Server VM, hibernate.show_sql=true, hibernate.connection.driver_class=com.mysql.cj.jdbc.Driver, java.vendor.url.bug=https://bugreport.java.com/bugreport/, java.io.tmpdir=C:\Users\alumno\AppData\Local\Temp\, java.version=21.0.8, user.dir=C:\Users\alumno\Desktop\SegundoDAM\Acceso a Datos\Hibernate, os.arch=amd64, java.vm.specification.name=Java Virtual Machine Specification, hibernate.connection.password=****, sun.os.patch.level=, hibernate.boot.CfgXmlAccessService.key=org.hibernate.boot.cfgxml.spi.LoadedConfig@6c0905f6, native.encoding=Cp1252, java.library.path=C:\Program Files\Java\jdk-21\bin;C:\WINDOWS\Sun\Java\bin;C:\WINDOWS\system32;C:\WINDOWS;C:/Users/alumno/Desktop/sts-4.31.0.RELEASE//plugins/org.eclipse.justj.openjdk.hotspot.jre.full.win32.x86_64_21.0.7.v20250502-0916/jre/bin/server;C:/Users/alumno/Desktop/sts-4.31.0.RELEASE//plugins/org.eclipse.justj.openjdk.hotspot.jre.full.win32.x86_64_21.0.7.v20250502-0916/jre/bin;C:\Program Files\Common Files\Oracle\Java\javapath;C:\WINDOWS\system32;C:\WINDOWS;C:\WINDOWS\System32\Wbem;C:\WINDOWS\System32\WindowsPowerShell\v1.0\;C:\WINDOWS\System32\OpenSSH\;C:\Program Files\nodejs\;C:\Program Files\Docker\Docker\resources\bin;C:\Users\alumno\AppData\Local\Programs\Python\Python311\Scripts\;C:\Users\alumno\AppData\Local\Programs\Python\Python311\;C:\Users\alumno\AppData\Local\Programs\Python\Python313\Scripts\;C:\Users\alumno\AppData\Local\Programs\Python\Python313\;C:\Users\alumno\AppData\Local\Programs\Python\Launcher\;C:\Users\alumno\AppData\Local\Programs\Python\Python314\Scripts\;C:\Users\alumno\AppData\Local\Programs\Python\Python314\;C:\Users\alumno\AppData\Local\Microsoft\WindowsApps;C:\Users\alumno\AppData\Local\GitHubDesktop\bin;C:\Users\alumno\AppData\Local\Programs\Git\cmd;C:\Users\alumno\AppData\Local\Programs\Microsoft VS Code\bin;C:\Users\alumno\AppData\Local\Python\bin;C:\Users\alumno\AppData\Roaming\npm;C:\Users\alumno\Desktop\sts-4.31.0.RELEASE;;., stderr.encoding=UTF-8, java.vendor=Oracle Corporation, java.vm.info=mixed mode, sharing, java.vm.version=21.0.8+12-LTS-250, sun.io.unicode.encoding=UnicodeLittle, java.class.version=65.0}
2026-01-20 10:54:06.322 [main] DEBUG org.hibernate.internal.SessionFactoryImpl - Session factory constructed with filter configurations : {}
2026-01-20 10:54:06.403 [main] DEBUG org.hibernate.query.sqm.function.SqmFunctionRegistry - Registered SqmFunctionTemplate [NamedSqmFunctionTemplate(max)] under max; prior registration was null
2026-01-20 10:54:06.403 [main] DEBUG org.hibernate.query.sqm.function.SqmFunctionRegistry - Registered SqmFunctionTemplate [NamedSqmFunctionTemplate(min)] under min; prior registration was null
2026-01-20 10:54:06.404 [main] DEBUG org.hibernate.query.sqm.function.SqmFunctionRegistry - Registered SqmFunctionTemplate [NamedSqmFunctionTemplate(sum)] under sum; prior registration was null
2026-01-20 10:54:06.405 [main] DEBUG org.hibernate.query.sqm.function.SqmFunctionRegistry - Registered SqmFunctionTemplate [NamedSqmFunctionTemplate(avg)] under avg; prior registration was null
2026-01-20 10:54:06.406 [main] DEBUG org.hibernate.query.sqm.function.SqmFunctionRegistry - Registered SqmFunctionTemplate [org.hibernate.dialect.function.CountFunction@2f4b98f6] under count; prior registration was null
2026-01-20 10:54:06.406 [main] DEBUG org.hibernate.query.sqm.function.SqmFunctionRegistry - Registered SqmFunctionTemplate [org.hibernate.dialect.function.EveryAnyEmulation@2da16263] under every; prior registration was null
2026-01-20 10:54:06.406 [main] DEBUG org.hibernate.query.sqm.function.SqmFunctionRegistry - Registered SqmFunctionTemplate [org.hibernate.dialect.function.EveryAnyEmulation@f5ce0bb] under any; prior registration was null
2026-01-20 10:54:06.407 [main] DEBUG org.hibernate.query.sqm.function.SqmFunctionRegistry - Registered SqmFunctionTemplate [NamedSqmFunctionTemplate(floor)] under floor; prior registration was null
2026-01-20 10:54:06.407 [main] DEBUG org.hibernate.query.sqm.function.SqmFunctionRegistry - Registered SqmFunctionTemplate [NamedSqmFunctionTemplate(ceiling)] under ceiling; prior registration was null
2026-01-20 10:54:06.407 [main] DEBUG org.hibernate.query.sqm.function.SqmFunctionRegistry - Registered SqmFunctionTemplate [NamedSqmFunctionTemplate(mod)] under mod; prior registration was null
2026-01-20 10:54:06.407 [main] DEBUG org.hibernate.query.sqm.function.SqmFunctionRegistry - Registered SqmFunctionTemplate [NamedSqmFunctionTemplate(abs)] under abs; prior registration was null
2026-01-20 10:54:06.407 [main] DEBUG org.hibernate.query.sqm.function.SqmFunctionRegistry - Registered SqmFunctionTemplate [NamedSqmFunctionTemplate(sign)] under sign; prior registration was null
2026-01-20 10:54:06.407 [main] DEBUG org.hibernate.query.sqm.function.SqmFunctionRegistry - Registered SqmFunctionTemplate [NamedSqmFunctionTemplate(sqrt)] under sqrt; prior registration was null
2026-01-20 10:54:06.407 [main] DEBUG org.hibernate.query.sqm.function.SqmFunctionRegistry - Registered SqmFunctionTemplate [NamedSqmFunctionTemplate(ln)] under ln; prior registration was null
2026-01-20 10:54:06.407 [main] DEBUG org.hibernate.query.sqm.function.SqmFunctionRegistry - Registered SqmFunctionTemplate [NamedSqmFunctionTemplate(exp)] under exp; prior registration was null
2026-01-20 10:54:06.407 [main] DEBUG org.hibernate.query.sqm.function.SqmFunctionRegistry - Registered SqmFunctionTemplate [NamedSqmFunctionTemplate(power)] under power; prior registration was null
2026-01-20 10:54:06.407 [main] DEBUG org.hibernate.query.sqm.function.SqmFunctionRegistry - Registered SqmFunctionTemplate [NamedSqmFunctionTemplate(round)] under round; prior registration was null
2026-01-20 10:54:06.407 [main] DEBUG org.hibernate.query.sqm.function.SqmFunctionRegistry - Registered SqmFunctionTemplate [NamedSqmFunctionTemplate(sin)] under sin; prior registration was null
2026-01-20 10:54:06.407 [main] DEBUG org.hibernate.query.sqm.function.SqmFunctionRegistry - Registered SqmFunctionTemplate [NamedSqmFunctionTemplate(cos)] under cos; prior registration was null
2026-01-20 10:54:06.408 [main] DEBUG org.hibernate.query.sqm.function.SqmFunctionRegistry - Registered SqmFunctionTemplate [NamedSqmFunctionTemplate(tan)] under tan; prior registration was null
2026-01-20 10:54:06.408 [main] DEBUG org.hibernate.query.sqm.function.SqmFunctionRegistry - Registered SqmFunctionTemplate [NamedSqmFunctionTemplate(asin)] under asin; prior registration was null
2026-01-20 10:54:06.408 [main] DEBUG org.hibernate.query.sqm.function.SqmFunctionRegistry - Registered SqmFunctionTemplate [NamedSqmFunctionTemplate(acos)] under acos; prior registration was null
2026-01-20 10:54:06.408 [main] DEBUG org.hibernate.query.sqm.function.SqmFunctionRegistry - Registered SqmFunctionTemplate [NamedSqmFunctionTemplate(atan)] under atan; prior registration was null
2026-01-20 10:54:06.408 [main] DEBUG org.hibernate.query.sqm.function.SqmFunctionRegistry - Registered SqmFunctionTemplate [NamedSqmFunctionTemplate(atan2)] under atan2; prior registration was null
2026-01-20 10:54:06.410 [main] DEBUG org.hibernate.query.sqm.function.SqmFunctionRegistry - Registered SqmFunctionTemplate [org.hibernate.query.sqm.function.PatternBasedSqmFunctionDescriptor@d08edc5] under sinh; prior registration was null
2026-01-20 10:54:06.410 [main] DEBUG org.hibernate.query.sqm.function.SqmFunctionRegistry - Registered SqmFunctionTemplate [org.hibernate.query.sqm.function.PatternBasedSqmFunctionDescriptor@49fa1d74] under cosh; prior registration was null
2026-01-20 10:54:06.410 [main] DEBUG org.hibernate.query.sqm.function.SqmFunctionRegistry - Registered SqmFunctionTemplate [org.hibernate.query.sqm.function.PatternBasedSqmFunctionDescriptor@3f362135] under tanh; prior registration was null
2026-01-20 10:54:06.410 [main] DEBUG org.hibernate.query.sqm.function.SqmFunctionRegistry - Registered SqmFunctionTemplate [org.hibernate.query.sqm.function.PatternBasedSqmFunctionDescriptor@21eee94f] under pi; prior registration was null
2026-01-20 10:54:06.410 [main] DEBUG org.hibernate.query.sqm.function.SqmFunctionRegistry - Registered SqmFunctionTemplate [org.hibernate.query.sqm.function.PatternBasedSqmFunctionDescriptor@6bc24e72] under log; prior registration was null
2026-01-20 10:54:06.410 [main] DEBUG org.hibernate.query.sqm.function.SqmFunctionRegistry - Registered SqmFunctionTemplate [NamedSqmFunctionTemplate(coalesce)] under coalesce; prior registration was null
2026-01-20 10:54:06.410 [main] DEBUG org.hibernate.query.sqm.function.SqmFunctionRegistry - Registered SqmFunctionTemplate [NamedSqmFunctionTemplate(nullif)] under nullif; prior registration was null
2026-01-20 10:54:06.410 [main] DEBUG org.hibernate.query.sqm.function.SqmFunctionRegistry - Registered SqmFunctionTemplate [NamedSqmFunctionTemplate(left)] under left; prior registration was null
2026-01-20 10:54:06.410 [main] DEBUG org.hibernate.query.sqm.function.SqmFunctionRegistry - Registered SqmFunctionTemplate [NamedSqmFunctionTemplate(right)] under right; prior registration was null
2026-01-20 10:54:06.410 [main] DEBUG org.hibernate.query.sqm.function.SqmFunctionRegistry - Registered SqmFunctionTemplate [NamedSqmFunctionTemplate(replace)] under replace; prior registration was null
2026-01-20 10:54:06.411 [main] DEBUG org.hibernate.query.sqm.function.SqmFunctionRegistry - Registered SqmFunctionTemplate [NamedSqmFunctionTemplate(concat)] under concat; prior registration was null
2026-01-20 10:54:06.411 [main] DEBUG org.hibernate.query.sqm.function.SqmFunctionRegistry - Registered SqmFunctionTemplate [NamedSqmFunctionTemplate(lower)] under lower; prior registration was null
2026-01-20 10:54:06.411 [main] DEBUG org.hibernate.query.sqm.function.SqmFunctionRegistry - Registered SqmFunctionTemplate [NamedSqmFunctionTemplate(upper)] under upper; prior registration was null
2026-01-20 10:54:06.411 [main] DEBUG org.hibernate.query.sqm.function.SqmFunctionRegistry - Registered SqmFunctionTemplate [NamedSqmFunctionTemplate(substring)] under substring; prior registration was null
2026-01-20 10:54:06.411 [main] DEBUG org.hibernate.query.sqm.function.SqmFunctionRegistry - Registered SqmFunctionTemplate [NamedSqmFunctionTemplate(locate)] under locate; prior registration was null
2026-01-20 10:54:06.411 [main] DEBUG org.hibernate.query.sqm.function.SqmFunctionRegistry - Registered SqmFunctionTemplate [NamedSqmFunctionTemplate(character_length)] under character_length; prior registration was null
2026-01-20 10:54:06.411 [main] DEBUG org.hibernate.query.sqm.function.SqmFunctionRegistry - Registering alternate key : length -> character_length
2026-01-20 10:54:06.411 [main] DEBUG org.hibernate.query.sqm.function.SqmFunctionRegistry - Registered SqmFunctionTemplate [org.hibernate.dialect.function.LocatePositionEmulation@6d2a2560] under position; prior registration was null
2026-01-20 10:54:06.412 [main] DEBUG org.hibernate.query.sqm.function.SqmFunctionRegistry - Registered SqmFunctionTemplate [org.hibernate.dialect.function.InsertSubstringOverlayEmulation@346f41a9] under overlay; prior registration was null
2026-01-20 10:54:06.412 [main] DEBUG org.hibernate.query.sqm.function.SqmFunctionRegistry - Registered SqmFunctionTemplate [org.hibernate.dialect.function.TrimFunction@40d60f2] under trim; prior registration was null
2026-01-20 10:54:06.413 [main] DEBUG org.hibernate.query.sqm.function.SqmFunctionRegistry - Registered SqmFunctionTemplate [org.hibernate.dialect.function.CastFunction@7d21852b] under cast; prior registration was null
2026-01-20 10:54:06.413 [main] DEBUG org.hibernate.query.sqm.function.SqmFunctionRegistry - Registered SqmFunctionTemplate [org.hibernate.query.sqm.function.PatternBasedSqmFunctionDescriptor@6cd98a05] under collate; prior registration was null
2026-01-20 10:54:06.415 [main] DEBUG org.hibernate.query.sqm.function.SqmFunctionRegistry - Registered SqmFunctionTemplate [org.hibernate.dialect.function.ExtractFunction@4fc5563d] under extract; prior registration was null
2026-01-20 10:54:06.415 [main] DEBUG org.hibernate.query.sqm.function.SqmFunctionRegistry - Registered SqmFunctionTemplate [NamedSqmFunctionTemplate(least)] under least; prior registration was null
2026-01-20 10:54:06.415 [main] DEBUG org.hibernate.query.sqm.function.SqmFunctionRegistry - Registered SqmFunctionTemplate [NamedSqmFunctionTemplate(greatest)] under greatest; prior registration was null
2026-01-20 10:54:06.415 [main] DEBUG org.hibernate.query.sqm.function.SqmFunctionRegistry - Registered SqmFunctionTemplate [org.hibernate.dialect.function.CoalesceIfnullEmulation@58606c91] under ifnull; prior registration was null
2026-01-20 10:54:06.415 [main] DEBUG org.hibernate.query.sqm.function.SqmFunctionRegistry - Registered SqmFunctionTemplate [NamedSqmFunctionTemplate(lpad)] under lpad; prior registration was null
2026-01-20 10:54:06.415 [main] DEBUG org.hibernate.query.sqm.function.SqmFunctionRegistry - Registered SqmFunctionTemplate [NamedSqmFunctionTemplate(rpad)] under rpad; prior registration was null
2026-01-20 10:54:06.415 [main] DEBUG org.hibernate.query.sqm.function.SqmFunctionRegistry - Registered SqmFunctionTemplate [org.hibernate.dialect.function.LpadRpadPadEmulation@203d1d93] under pad; prior registration was null
2026-01-20 10:54:06.416 [main] DEBUG org.hibernate.query.sqm.function.SqmFunctionRegistry - Registered SqmFunctionTemplate [org.hibernate.dialect.function.CastStrEmulation@350ec690] under str; prior registration was null
2026-01-20 10:54:06.416 [main] DEBUG org.hibernate.query.sqm.function.SqmFunctionRegistry - Registered SqmFunctionTemplate [org.hibernate.dialect.function.FormatFunction@3458eca5] under format; prior registration was null
2026-01-20 10:54:06.417 [main] DEBUG org.hibernate.query.sqm.function.SqmFunctionRegistry - Registered SqmFunctionTemplate [org.hibernate.dialect.function.TimestampaddFunction@47768e74] under timestampadd; prior registration was null
2026-01-20 10:54:06.417 [main] DEBUG org.hibernate.query.sqm.function.SqmFunctionRegistry - Registered SqmFunctionTemplate [org.hibernate.dialect.function.TimestampdiffFunction@124d02b2] under timestampdiff; prior registration was null
2026-01-20 10:54:06.417 [main] DEBUG org.hibernate.query.sqm.function.SqmFunctionRegistry - Registering alternate key : dateadd -> timestampadd
2026-01-20 10:54:06.417 [main] DEBUG org.hibernate.query.sqm.function.SqmFunctionRegistry - Registering alternate key : datediff -> timestampdiff
2026-01-20 10:54:06.417 [main] DEBUG org.hibernate.query.sqm.function.SqmFunctionRegistry - Registered SqmFunctionTemplate [org.hibernate.dialect.function.CurrentFunction@66deec87] under current_date; prior registration was null
2026-01-20 10:54:06.417 [main] DEBUG org.hibernate.query.sqm.function.SqmFunctionRegistry - Registered SqmFunctionTemplate [org.hibernate.dialect.function.CurrentFunction@5d342959] under current_time; prior registration was null
2026-01-20 10:54:06.418 [main] DEBUG org.hibernate.query.sqm.function.SqmFunctionRegistry - Registered SqmFunctionTemplate [org.hibernate.dialect.function.CurrentFunction@2ecf5915] under current_timestamp; prior registration was null
2026-01-20 10:54:06.418 [main] DEBUG org.hibernate.query.sqm.function.SqmFunctionRegistry - Registering alternate key : current date -> current_date
2026-01-20 10:54:06.418 [main] DEBUG org.hibernate.query.sqm.function.SqmFunctionRegistry - Registering alternate key : current time -> current_time
2026-01-20 10:54:06.418 [main] DEBUG org.hibernate.query.sqm.function.SqmFunctionRegistry - Registering alternate key : current timestamp -> current_timestamp
2026-01-20 10:54:06.418 [main] DEBUG org.hibernate.query.sqm.function.SqmFunctionRegistry - Registered SqmFunctionTemplate [org.hibernate.dialect.function.CurrentFunction@53e76c11] under local_date; prior registration was null
2026-01-20 10:54:06.418 [main] DEBUG org.hibernate.query.sqm.function.SqmFunctionRegistry - Registered SqmFunctionTemplate [org.hibernate.dialect.function.CurrentFunction@42cc183e] under local_time; prior registration was null
2026-01-20 10:54:06.418 [main] DEBUG org.hibernate.query.sqm.function.SqmFunctionRegistry - Registered SqmFunctionTemplate [org.hibernate.dialect.function.CurrentFunction@3e4e8fdf] under local_datetime; prior registration was null
2026-01-20 10:54:06.418 [main] DEBUG org.hibernate.query.sqm.function.SqmFunctionRegistry - Registered SqmFunctionTemplate [org.hibernate.dialect.function.CurrentFunction@6a1d6ef2] under offset_datetime; prior registration was null
2026-01-20 10:54:06.418 [main] DEBUG org.hibernate.query.sqm.function.SqmFunctionRegistry - Registering alternate key : local date -> local_date
2026-01-20 10:54:06.418 [main] DEBUG org.hibernate.query.sqm.function.SqmFunctionRegistry - Registering alternate key : local time -> local_time
2026-01-20 10:54:06.418 [main] DEBUG org.hibernate.query.sqm.function.SqmFunctionRegistry - Registering alternate key : local datetime -> local_datetime
2026-01-20 10:54:06.418 [main] DEBUG org.hibernate.query.sqm.function.SqmFunctionRegistry - Registering alternate key : offset datetime -> offset_datetime
2026-01-20 10:54:06.418 [main] DEBUG org.hibernate.query.sqm.function.SqmFunctionRegistry - Registered SqmFunctionTemplate [org.hibernate.dialect.function.CurrentFunction@2721044] under instant; prior registration was null
2026-01-20 10:54:06.418 [main] DEBUG org.hibernate.query.sqm.function.SqmFunctionRegistry - Registering alternate key : current_instant -> instant
2026-01-20 10:54:06.418 [main] DEBUG org.hibernate.query.sqm.function.SqmFunctionRegistry - Registered SqmFunctionTemplate [org.hibernate.dialect.function.SqlFunction@79aee22a] under sql; prior registration was null
2026-01-20 10:54:06.418 [main] DEBUG org.hibernate.query.sqm.function.SqmFunctionRegistry - Registered SqmFunctionTemplate [NamedSqmFunctionTemplate(soundex)] under soundex; prior registration was null
2026-01-20 10:54:06.418 [main] DEBUG org.hibernate.query.sqm.function.SqmFunctionRegistry - Registered SqmFunctionTemplate [NamedSqmFunctionTemplate(radians)] under radians; prior registration was null
2026-01-20 10:54:06.418 [main] DEBUG org.hibernate.query.sqm.function.SqmFunctionRegistry - Registered SqmFunctionTemplate [NamedSqmFunctionTemplate(degrees)] under degrees; prior registration was null
2026-01-20 10:54:06.418 [main] DEBUG org.hibernate.query.sqm.function.SqmFunctionRegistry - Registered SqmFunctionTemplate [NamedSqmFunctionTemplate(cot)] under cot; prior registration was null
2026-01-20 10:54:06.418 [main] DEBUG org.hibernate.query.sqm.function.SqmFunctionRegistry - Registered SqmFunctionTemplate [NamedSqmFunctionTemplate(log)] under log; prior registration was org.hibernate.query.sqm.function.PatternBasedSqmFunctionDescriptor@6bc24e72
2026-01-20 10:54:06.418 [main] DEBUG org.hibernate.query.sqm.function.SqmFunctionRegistry - Registered SqmFunctionTemplate [NamedSqmFunctionTemplate(log2)] under log2; prior registration was null
2026-01-20 10:54:06.419 [main] DEBUG org.hibernate.query.sqm.function.SqmFunctionRegistry - Registered SqmFunctionTemplate [NamedSqmFunctionTemplate(log10)] under log10; prior registration was null
2026-01-20 10:54:06.419 [main] DEBUG org.hibernate.query.sqm.function.SqmFunctionRegistry - Registered SqmFunctionTemplate [NamedSqmFunctionTemplate(ltrim)] under ltrim; prior registration was null
2026-01-20 10:54:06.419 [main] DEBUG org.hibernate.query.sqm.function.SqmFunctionRegistry - Registered SqmFunctionTemplate [NamedSqmFunctionTemplate(rtrim)] under rtrim; prior registration was null
2026-01-20 10:54:06.419 [main] DEBUG org.hibernate.query.sqm.function.SqmFunctionRegistry - Registered SqmFunctionTemplate [NamedSqmFunctionTemplate(octet_length)] under octet_length; prior registration was null
2026-01-20 10:54:06.419 [main] DEBUG org.hibernate.query.sqm.function.SqmFunctionRegistry - Registered SqmFunctionTemplate [NamedSqmFunctionTemplate(reverse)] under reverse; prior registration was null
2026-01-20 10:54:06.419 [main] DEBUG org.hibernate.query.sqm.function.SqmFunctionRegistry - Registered SqmFunctionTemplate [NamedSqmFunctionTemplate(space)] under space; prior registration was null
2026-01-20 10:54:06.419 [main] DEBUG org.hibernate.query.sqm.function.SqmFunctionRegistry - Registered SqmFunctionTemplate [NamedSqmFunctionTemplate(repeat)] under repeat; prior registration was null
2026-01-20 10:54:06.419 [main] DEBUG org.hibernate.query.sqm.function.SqmFunctionRegistry - Registered SqmFunctionTemplate [org.hibernate.query.sqm.function.MultipatternSqmFunctionDescriptor@655f69da] under lpad; prior registration was NamedSqmFunctionTemplate(lpad)
2026-01-20 10:54:06.419 [main] DEBUG org.hibernate.query.sqm.function.SqmFunctionRegistry - Registered SqmFunctionTemplate [org.hibernate.query.sqm.function.MultipatternSqmFunctionDescriptor@43b5021c] under rpad; prior registration was NamedSqmFunctionTemplate(rpad)
2026-01-20 10:54:06.420 [main] DEBUG org.hibernate.query.sqm.function.SqmFunctionRegistry - Registered SqmFunctionTemplate [NamedSqmFunctionTemplate(md5)] under md5; prior registration was null
2026-01-20 10:54:06.420 [main] DEBUG org.hibernate.query.sqm.function.SqmFunctionRegistry - Registered SqmFunctionTemplate [NamedSqmFunctionTemplate(day)] under day; prior registration was null
2026-01-20 10:54:06.420 [main] DEBUG org.hibernate.query.sqm.function.SqmFunctionRegistry - Registered SqmFunctionTemplate [NamedSqmFunctionTemplate(month)] under month; prior registration was null
2026-01-20 10:54:06.420 [main] DEBUG org.hibernate.query.sqm.function.SqmFunctionRegistry - Registered SqmFunctionTemplate [NamedSqmFunctionTemplate(year)] under year; prior registration was null
2026-01-20 10:54:06.420 [main] DEBUG org.hibernate.query.sqm.function.SqmFunctionRegistry - Registered SqmFunctionTemplate [NamedSqmFunctionTemplate(hour)] under hour; prior registration was null
2026-01-20 10:54:06.420 [main] DEBUG org.hibernate.query.sqm.function.SqmFunctionRegistry - Registered SqmFunctionTemplate [NamedSqmFunctionTemplate(minute)] under minute; prior registration was null
2026-01-20 10:54:06.420 [main] DEBUG org.hibernate.query.sqm.function.SqmFunctionRegistry - Registered SqmFunctionTemplate [NamedSqmFunctionTemplate(second)] under second; prior registration was null
2026-01-20 10:54:06.420 [main] DEBUG org.hibernate.query.sqm.function.SqmFunctionRegistry - Registered SqmFunctionTemplate [NamedSqmFunctionTemplate(microsecond)] under microsecond; prior registration was null
2026-01-20 10:54:06.420 [main] DEBUG org.hibernate.query.sqm.function.SqmFunctionRegistry - Registered SqmFunctionTemplate [NamedSqmFunctionTemplate(dayofweek)] under dayofweek; prior registration was null
2026-01-20 10:54:06.420 [main] DEBUG org.hibernate.query.sqm.function.SqmFunctionRegistry - Registered SqmFunctionTemplate [NamedSqmFunctionTemplate(dayofmonth)] under dayofmonth; prior registration was null
2026-01-20 10:54:06.420 [main] DEBUG org.hibernate.query.sqm.function.SqmFunctionRegistry - Registering alternate key : day -> dayofmonth
2026-01-20 10:54:06.420 [main] DEBUG org.hibernate.query.sqm.function.SqmFunctionRegistry - Registered SqmFunctionTemplate [NamedSqmFunctionTemplate(dayofyear)] under dayofyear; prior registration was null
2026-01-20 10:54:06.420 [main] DEBUG org.hibernate.query.sqm.function.SqmFunctionRegistry - Registered SqmFunctionTemplate [NamedSqmFunctionTemplate(week)] under week; prior registration was null
2026-01-20 10:54:06.420 [main] DEBUG org.hibernate.query.sqm.function.SqmFunctionRegistry - Registered SqmFunctionTemplate [NamedSqmFunctionTemplate(quarter)] under quarter; prior registration was null
2026-01-20 10:54:06.420 [main] DEBUG org.hibernate.query.sqm.function.SqmFunctionRegistry - Registered SqmFunctionTemplate [NamedSqmFunctionTemplate(monthname)] under monthname; prior registration was null
2026-01-20 10:54:06.420 [main] DEBUG org.hibernate.query.sqm.function.SqmFunctionRegistry - Registered SqmFunctionTemplate [NamedSqmFunctionTemplate(dayname)] under dayname; prior registration was null
2026-01-20 10:54:06.420 [main] DEBUG org.hibernate.query.sqm.function.SqmFunctionRegistry - Registered SqmFunctionTemplate [NamedSqmFunctionTemplate(last_day)] under last_day; prior registration was null
2026-01-20 10:54:06.421 [main] DEBUG org.hibernate.query.sqm.function.SqmFunctionRegistry - Registered SqmFunctionTemplate [NamedSqmFunctionTemplate(date)] under date; prior registration was null
2026-01-20 10:54:06.421 [main] DEBUG org.hibernate.query.sqm.function.SqmFunctionRegistry - Registered SqmFunctionTemplate [NamedSqmFunctionTemplate(timestamp)] under timestamp; prior registration was null
2026-01-20 10:54:06.421 [main] DEBUG org.hibernate.query.sqm.function.SqmFunctionRegistry - Registered SqmFunctionTemplate [NamedSqmFunctionTemplate(time)] under time; prior registration was null
2026-01-20 10:54:06.421 [main] DEBUG org.hibernate.query.sqm.function.SqmFunctionRegistry - Registered SqmFunctionTemplate [NamedSqmFunctionTemplate(utc_date)] under utc_date; prior registration was null
2026-01-20 10:54:06.421 [main] DEBUG org.hibernate.query.sqm.function.SqmFunctionRegistry - Registered SqmFunctionTemplate [NamedSqmFunctionTemplate(utc_time)] under utc_time; prior registration was null
2026-01-20 10:54:06.421 [main] DEBUG org.hibernate.query.sqm.function.SqmFunctionRegistry - Registered SqmFunctionTemplate [NamedSqmFunctionTemplate(utc_timestamp)] under utc_timestamp; prior registration was null
2026-01-20 10:54:06.421 [main] DEBUG org.hibernate.query.sqm.function.SqmFunctionRegistry - Registered SqmFunctionTemplate [NamedSqmFunctionTemplate(rand)] under rand; prior registration was null
2026-01-20 10:54:06.421 [main] DEBUG org.hibernate.query.sqm.function.SqmFunctionRegistry - Registered SqmFunctionTemplate [NamedSqmFunctionTemplate(crc32)] under crc32; prior registration was null
2026-01-20 10:54:06.421 [main] DEBUG org.hibernate.query.sqm.function.SqmFunctionRegistry - Registered SqmFunctionTemplate [NamedSqmFunctionTemplate(sha1)] under sha1; prior registration was null
2026-01-20 10:54:06.421 [main] DEBUG org.hibernate.query.sqm.function.SqmFunctionRegistry - Registered SqmFunctionTemplate [NamedSqmFunctionTemplate(sha2)] under sha2; prior registration was null
2026-01-20 10:54:06.421 [main] DEBUG org.hibernate.query.sqm.function.SqmFunctionRegistry - Registered SqmFunctionTemplate [NamedSqmFunctionTemplate(sha)] under sha; prior registration was null
2026-01-20 10:54:06.421 [main] DEBUG org.hibernate.query.sqm.function.SqmFunctionRegistry - Registered SqmFunctionTemplate [NamedSqmFunctionTemplate(bit_length)] under bit_length; prior registration was null
2026-01-20 10:54:06.421 [main] DEBUG org.hibernate.query.sqm.function.SqmFunctionRegistry - Registered SqmFunctionTemplate [NamedSqmFunctionTemplate(octet_length)] under octet_length; prior registration was NamedSqmFunctionTemplate(octet_length)
2026-01-20 10:54:06.421 [main] DEBUG org.hibernate.query.sqm.function.SqmFunctionRegistry - Registered SqmFunctionTemplate [NamedSqmFunctionTemplate(ascii)] under ascii; prior registration was null
2026-01-20 10:54:06.421 [main] DEBUG org.hibernate.query.sqm.function.SqmFunctionRegistry - Registered SqmFunctionTemplate [NamedSqmFunctionTemplate(instr)] under instr; prior registration was null
2026-01-20 10:54:06.421 [main] DEBUG org.hibernate.query.sqm.function.SqmFunctionRegistry - Registered SqmFunctionTemplate [NamedSqmFunctionTemplate(substr)] under substr; prior registration was null
2026-01-20 10:54:06.421 [main] DEBUG org.hibernate.query.sqm.function.SqmFunctionRegistry - Registered SqmFunctionTemplate [org.hibernate.query.sqm.function.PatternBasedSqmFunctionDescriptor@28369db0] under position; prior registration was org.hibernate.dialect.function.LocatePositionEmulation@6d2a2560
2026-01-20 10:54:06.421 [main] DEBUG org.hibernate.query.sqm.function.SqmFunctionRegistry - Registered SqmFunctionTemplate [NamedSqmFunctionTemplate(curtime)] under curtime; prior registration was null
2026-01-20 10:54:06.421 [main] DEBUG org.hibernate.query.sqm.function.SqmFunctionRegistry - Registered SqmFunctionTemplate [NamedSqmFunctionTemplate(curdate)] under curdate; prior registration was null
2026-01-20 10:54:06.421 [main] DEBUG org.hibernate.query.sqm.function.SqmFunctionRegistry - Registered SqmFunctionTemplate [NamedSqmFunctionTemplate(now)] under now; prior registration was null
2026-01-20 10:54:06.426 [main] DEBUG org.hibernate.query.sqm.function.SqmFunctionRegistry - Registered SqmFunctionTemplate [org.hibernate.dialect.function.TruncFunction@5b9499fe] under trunc; prior registration was null
2026-01-20 10:54:06.427 [main] DEBUG org.hibernate.query.sqm.function.SqmFunctionRegistry - Registering alternate key : truncate -> trunc
2026-01-20 10:54:06.427 [main] DEBUG org.hibernate.query.sqm.function.SqmFunctionRegistry - Registered SqmFunctionTemplate [NamedSqmFunctionTemplate(insert)] under insert; prior registration was null
2026-01-20 10:54:06.427 [main] DEBUG org.hibernate.query.sqm.function.SqmFunctionRegistry - Registered SqmFunctionTemplate [org.hibernate.query.sqm.function.PatternBasedSqmFunctionDescriptor@74d6736] under bitand; prior registration was null
2026-01-20 10:54:06.427 [main] DEBUG org.hibernate.query.sqm.function.SqmFunctionRegistry - Registered SqmFunctionTemplate [org.hibernate.query.sqm.function.PatternBasedSqmFunctionDescriptor@52a33c3f] under bitor; prior registration was null
2026-01-20 10:54:06.427 [main] DEBUG org.hibernate.query.sqm.function.SqmFunctionRegistry - Registered SqmFunctionTemplate [org.hibernate.query.sqm.function.PatternBasedSqmFunctionDescriptor@668625f5] under bitxor; prior registration was null
2026-01-20 10:54:06.427 [main] DEBUG org.hibernate.query.sqm.function.SqmFunctionRegistry - Registered SqmFunctionTemplate [org.hibernate.query.sqm.function.PatternBasedSqmFunctionDescriptor@19a20bb2] under bitnot; prior registration was null
2026-01-20 10:54:06.427 [main] DEBUG org.hibernate.query.sqm.function.SqmFunctionRegistry - Registered SqmFunctionTemplate [NamedSqmFunctionTemplate(bit_and)] under bit_and; prior registration was null
2026-01-20 10:54:06.427 [main] DEBUG org.hibernate.query.sqm.function.SqmFunctionRegistry - Registered SqmFunctionTemplate [NamedSqmFunctionTemplate(bit_or)] under bit_or; prior registration was null
2026-01-20 10:54:06.427 [main] DEBUG org.hibernate.query.sqm.function.SqmFunctionRegistry - Registered SqmFunctionTemplate [NamedSqmFunctionTemplate(stddev)] under stddev; prior registration was null
2026-01-20 10:54:06.427 [main] DEBUG org.hibernate.query.sqm.function.SqmFunctionRegistry - Registered SqmFunctionTemplate [NamedSqmFunctionTemplate(stddev_pop)] under stddev_pop; prior registration was null
2026-01-20 10:54:06.427 [main] DEBUG org.hibernate.query.sqm.function.SqmFunctionRegistry - Registered SqmFunctionTemplate [NamedSqmFunctionTemplate(stddev_samp)] under stddev_samp; prior registration was null
2026-01-20 10:54:06.427 [main] DEBUG org.hibernate.query.sqm.function.SqmFunctionRegistry - Registered SqmFunctionTemplate [NamedSqmFunctionTemplate(variance)] under variance; prior registration was null
2026-01-20 10:54:06.427 [main] DEBUG org.hibernate.query.sqm.function.SqmFunctionRegistry - Registered SqmFunctionTemplate [NamedSqmFunctionTemplate(var_pop)] under var_pop; prior registration was null
2026-01-20 10:54:06.427 [main] DEBUG org.hibernate.query.sqm.function.SqmFunctionRegistry - Registered SqmFunctionTemplate [NamedSqmFunctionTemplate(var_samp)] under var_samp; prior registration was null
2026-01-20 10:54:06.427 [main] DEBUG org.hibernate.query.sqm.function.SqmFunctionRegistry - Registered SqmFunctionTemplate [NamedSqmFunctionTemplate(datediff)] under datediff; prior registration was null
2026-01-20 10:54:06.427 [main] DEBUG org.hibernate.query.sqm.function.SqmFunctionRegistry - Registered SqmFunctionTemplate [NamedSqmFunctionTemplate(adddate)] under adddate; prior registration was null
2026-01-20 10:54:06.427 [main] DEBUG org.hibernate.query.sqm.function.SqmFunctionRegistry - Registered SqmFunctionTemplate [NamedSqmFunctionTemplate(subdate)] under subdate; prior registration was null
2026-01-20 10:54:06.427 [main] DEBUG org.hibernate.query.sqm.function.SqmFunctionRegistry - Registered SqmFunctionTemplate [NamedSqmFunctionTemplate(addtime)] under addtime; prior registration was null
2026-01-20 10:54:06.427 [main] DEBUG org.hibernate.query.sqm.function.SqmFunctionRegistry - Registered SqmFunctionTemplate [NamedSqmFunctionTemplate(subtime)] under subtime; prior registration was null
2026-01-20 10:54:06.427 [main] DEBUG org.hibernate.query.sqm.function.SqmFunctionRegistry - Registered SqmFunctionTemplate [org.hibernate.dialect.function.FormatFunction@75babb67] under format; prior registration was org.hibernate.dialect.function.FormatFunction@3458eca5
2026-01-20 10:54:06.427 [main] DEBUG org.hibernate.query.sqm.function.SqmFunctionRegistry - Registered SqmFunctionTemplate [NamedSqmFunctionTemplate(makedate)] under makedate; prior registration was null
2026-01-20 10:54:06.427 [main] DEBUG org.hibernate.query.sqm.function.SqmFunctionRegistry - Registered SqmFunctionTemplate [NamedSqmFunctionTemplate(maketime)] under maketime; prior registration was null
2026-01-20 10:54:06.427 [main] DEBUG org.hibernate.query.sqm.function.SqmFunctionRegistry - Registered SqmFunctionTemplate [NamedSqmFunctionTemplate(localtime)] under localtime; prior registration was null
2026-01-20 10:54:06.427 [main] DEBUG org.hibernate.query.sqm.function.SqmFunctionRegistry - Registered SqmFunctionTemplate [NamedSqmFunctionTemplate(localtimestamp)] under localtimestamp; prior registration was null
2026-01-20 10:54:06.427 [main] DEBUG org.hibernate.query.sqm.function.SqmFunctionRegistry - Registered SqmFunctionTemplate [NamedSqmFunctionTemplate(localtime)] under local_time; prior registration was org.hibernate.dialect.function.CurrentFunction@42cc183e
2026-01-20 10:54:06.427 [main] DEBUG org.hibernate.query.sqm.function.SqmFunctionRegistry - Registered SqmFunctionTemplate [NamedSqmFunctionTemplate(localtimestamp)] under local_datetime; prior registration was org.hibernate.dialect.function.CurrentFunction@3e4e8fdf
2026-01-20 10:54:06.427 [main] DEBUG org.hibernate.query.sqm.function.SqmFunctionRegistry - Registered SqmFunctionTemplate [NamedSqmFunctionTemplate(localtime)] under localtime; prior registration was NamedSqmFunctionTemplate(localtime)
2026-01-20 10:54:06.427 [main] DEBUG org.hibernate.query.sqm.function.SqmFunctionRegistry - Registered SqmFunctionTemplate [org.hibernate.query.sqm.function.PatternBasedSqmFunctionDescriptor@3eb3232b] under pi; prior registration was org.hibernate.query.sqm.function.PatternBasedSqmFunctionDescriptor@21eee94f
2026-01-20 10:54:06.427 [main] DEBUG org.hibernate.query.sqm.function.SqmFunctionRegistry - Registered SqmFunctionTemplate [org.hibernate.query.sqm.function.PatternBasedSqmFunctionDescriptor@69cd1085] under chr; prior registration was null
2026-01-20 10:54:06.427 [main] DEBUG org.hibernate.query.sqm.function.SqmFunctionRegistry - Registering alternate key : char -> chr
2026-01-20 10:54:06.428 [main] DEBUG org.hibernate.query.sqm.function.SqmFunctionRegistry - Registered SqmFunctionTemplate [org.hibernate.query.sqm.function.PatternBasedSqmFunctionDescriptor@60bb7995] under sysdate; prior registration was null
2026-01-20 10:54:06.428 [main] DEBUG org.hibernate.query.sqm.function.SqmFunctionRegistry - Registered SqmFunctionTemplate [NamedSqmFunctionTemplate(row_number)] under row_number; prior registration was null
2026-01-20 10:54:06.428 [main] DEBUG org.hibernate.query.sqm.function.SqmFunctionRegistry - Registered SqmFunctionTemplate [NamedSqmFunctionTemplate(lag)] under lag; prior registration was null
2026-01-20 10:54:06.428 [main] DEBUG org.hibernate.query.sqm.function.SqmFunctionRegistry - Registered SqmFunctionTemplate [NamedSqmFunctionTemplate(lead)] under lead; prior registration was null
2026-01-20 10:54:06.428 [main] DEBUG org.hibernate.query.sqm.function.SqmFunctionRegistry - Registered SqmFunctionTemplate [NamedSqmFunctionTemplate(first_value)] under first_value; prior registration was null
2026-01-20 10:54:06.428 [main] DEBUG org.hibernate.query.sqm.function.SqmFunctionRegistry - Registered SqmFunctionTemplate [NamedSqmFunctionTemplate(last_value)] under last_value; prior registration was null
2026-01-20 10:54:06.428 [main] DEBUG org.hibernate.query.sqm.function.SqmFunctionRegistry - Registered SqmFunctionTemplate [NamedSqmFunctionTemplate(nth_value)] under nth_value; prior registration was null
2026-01-20 10:54:06.429 [main] DEBUG org.hibernate.query.sqm.function.SqmFunctionRegistry - Registered SqmFunctionTemplate [org.hibernate.dialect.function.HypotheticalSetWindowEmulation@4f2d995e] under rank; prior registration was null
2026-01-20 10:54:06.429 [main] DEBUG org.hibernate.query.sqm.function.SqmFunctionRegistry - Registered SqmFunctionTemplate [org.hibernate.dialect.function.HypotheticalSetWindowEmulation@75156240] under dense_rank; prior registration was null
2026-01-20 10:54:06.429 [main] DEBUG org.hibernate.query.sqm.function.SqmFunctionRegistry - Registered SqmFunctionTemplate [org.hibernate.dialect.function.HypotheticalSetWindowEmulation@6198e9b5] under percent_rank; prior registration was null
2026-01-20 10:54:06.429 [main] DEBUG org.hibernate.query.sqm.function.SqmFunctionRegistry - Registered SqmFunctionTemplate [org.hibernate.dialect.function.HypotheticalSetWindowEmulation@6d099323] under cume_dist; prior registration was null
2026-01-20 10:54:06.429 [main] DEBUG org.hibernate.query.sqm.function.SqmFunctionRegistry - Registered SqmFunctionTemplate [org.hibernate.dialect.function.ListaggGroupConcatEmulation@1756f7cc] under listagg; prior registration was null
2026-01-20 10:54:06.431 [main] DEBUG org.hibernate.HQL_FUNCTIONS - abs(NUMERIC arg)
2026-01-20 10:54:06.431 [main] DEBUG org.hibernate.HQL_FUNCTIONS - Double acos(NUMERIC arg)
2026-01-20 10:54:06.431 [main] DEBUG org.hibernate.HQL_FUNCTIONS - adddate(DATE datetime, INTEGER days)
2026-01-20 10:54:06.431 [main] DEBUG org.hibernate.HQL_FUNCTIONS - addtime(TIME datetime, TIME time)
2026-01-20 10:54:06.431 [main] DEBUG org.hibernate.HQL_FUNCTIONS - Boolean any(BOOLEAN arg)
2026-01-20 10:54:06.431 [main] DEBUG org.hibernate.HQL_FUNCTIONS - Integer ascii(STRING arg)
2026-01-20 10:54:06.431 [main] DEBUG org.hibernate.HQL_FUNCTIONS - Double asin(NUMERIC arg)
2026-01-20 10:54:06.431 [main] DEBUG org.hibernate.HQL_FUNCTIONS - Double atan(NUMERIC arg)
2026-01-20 10:54:06.431 [main] DEBUG org.hibernate.HQL_FUNCTIONS - Double atan2(NUMERIC arg0, NUMERIC arg1)
2026-01-20 10:54:06.431 [main] DEBUG org.hibernate.HQL_FUNCTIONS - avg(arg)
2026-01-20 10:54:06.431 [main] DEBUG org.hibernate.HQL_FUNCTIONS - bit_and(arg)
2026-01-20 10:54:06.431 [main] DEBUG org.hibernate.HQL_FUNCTIONS - Integer bit_length(STRING_OR_CLOB arg)
2026-01-20 10:54:06.431 [main] DEBUG org.hibernate.HQL_FUNCTIONS - bit_or(arg)
2026-01-20 10:54:06.431 [main] DEBUG org.hibernate.HQL_FUNCTIONS - bitand(arg0, arg1)
2026-01-20 10:54:06.431 [main] DEBUG org.hibernate.HQL_FUNCTIONS - bitnot(arg)
2026-01-20 10:54:06.431 [main] DEBUG org.hibernate.HQL_FUNCTIONS - bitor(arg0, arg1)
2026-01-20 10:54:06.431 [main] DEBUG org.hibernate.HQL_FUNCTIONS - bitxor(arg0, arg1)
2026-01-20 10:54:06.431 [main] DEBUG org.hibernate.HQL_FUNCTIONS - cast(arg as Type)
2026-01-20 10:54:06.431 [main] DEBUG org.hibernate.HQL_FUNCTIONS - ceiling(NUMERIC arg)
2026-01-20 10:54:06.431 [main] DEBUG org.hibernate.HQL_FUNCTIONS - Character char(INTEGER arg)
2026-01-20 10:54:06.431 [main] DEBUG org.hibernate.HQL_FUNCTIONS - Integer character_length(STRING_OR_CLOB arg)
2026-01-20 10:54:06.431 [main] DEBUG org.hibernate.HQL_FUNCTIONS - Character chr(INTEGER arg)
2026-01-20 10:54:06.431 [main] DEBUG org.hibernate.HQL_FUNCTIONS - coalesce(arg0[, arg1[, ...]])
2026-01-20 10:54:06.431 [main] DEBUG org.hibernate.HQL_FUNCTIONS - String collate(STRING string as COLLATION collation)
2026-01-20 10:54:06.431 [main] DEBUG org.hibernate.HQL_FUNCTIONS - String concat(STRING string0[, STRING string1[, ...]])
2026-01-20 10:54:06.431 [main] DEBUG org.hibernate.HQL_FUNCTIONS - Double cos(NUMERIC arg)
2026-01-20 10:54:06.431 [main] DEBUG org.hibernate.HQL_FUNCTIONS - Double cosh(NUMERIC arg)
2026-01-20 10:54:06.431 [main] DEBUG org.hibernate.HQL_FUNCTIONS - Double cot(NUMERIC arg)
2026-01-20 10:54:06.431 [main] DEBUG org.hibernate.HQL_FUNCTIONS - Long count([distinct ]{arg|*})
2026-01-20 10:54:06.432 [main] DEBUG org.hibernate.HQL_FUNCTIONS - Integer crc32(arg)
2026-01-20 10:54:06.432 [main] DEBUG org.hibernate.HQL_FUNCTIONS - Double cume_dist([arg0[, ...]])
2026-01-20 10:54:06.432 [main] DEBUG org.hibernate.HQL_FUNCTIONS - Date curdate()
2026-01-20 10:54:06.432 [main] DEBUG org.hibernate.HQL_FUNCTIONS - Date current date
2026-01-20 10:54:06.432 [main] DEBUG org.hibernate.HQL_FUNCTIONS - Time current time
2026-01-20 10:54:06.432 [main] DEBUG org.hibernate.HQL_FUNCTIONS - Timestamp current timestamp
2026-01-20 10:54:06.432 [main] DEBUG org.hibernate.HQL_FUNCTIONS - Date current_date
2026-01-20 10:54:06.432 [main] DEBUG org.hibernate.HQL_FUNCTIONS - Instant current_instant
2026-01-20 10:54:06.432 [main] DEBUG org.hibernate.HQL_FUNCTIONS - Time current_time
2026-01-20 10:54:06.432 [main] DEBUG org.hibernate.HQL_FUNCTIONS - Timestamp current_timestamp
2026-01-20 10:54:06.432 [main] DEBUG org.hibernate.HQL_FUNCTIONS - Time curtime()
2026-01-20 10:54:06.432 [main] DEBUG org.hibernate.HQL_FUNCTIONS - Date date(arg)
2026-01-20 10:54:06.432 [main] DEBUG org.hibernate.HQL_FUNCTIONS - dateadd(TEMPORAL_UNIT field, INTEGER magnitude, TEMPORAL datetime)
2026-01-20 10:54:06.432 [main] DEBUG org.hibernate.HQL_FUNCTIONS - Integer datediff(DATE end, DATE start)
2026-01-20 10:54:06.432 [main] DEBUG org.hibernate.HQL_FUNCTIONS - Integer day(DATE arg)
2026-01-20 10:54:06.432 [main] DEBUG org.hibernate.HQL_FUNCTIONS - String dayname(DATE arg)
2026-01-20 10:54:06.432 [main] DEBUG org.hibernate.HQL_FUNCTIONS - Integer dayofmonth(DATE arg)
2026-01-20 10:54:06.432 [main] DEBUG org.hibernate.HQL_FUNCTIONS - Integer dayofweek(DATE arg)
2026-01-20 10:54:06.432 [main] DEBUG org.hibernate.HQL_FUNCTIONS - Integer dayofyear(DATE arg)
2026-01-20 10:54:06.432 [main] DEBUG org.hibernate.HQL_FUNCTIONS - Double degrees(NUMERIC arg)
2026-01-20 10:54:06.432 [main] DEBUG org.hibernate.HQL_FUNCTIONS - Long dense_rank([arg0[, ...]])
2026-01-20 10:54:06.432 [main] DEBUG org.hibernate.HQL_FUNCTIONS - Boolean every(BOOLEAN arg)
2026-01-20 10:54:06.432 [main] DEBUG org.hibernate.HQL_FUNCTIONS - Double exp(NUMERIC arg)
2026-01-20 10:54:06.432 [main] DEBUG org.hibernate.HQL_FUNCTIONS - extract(TEMPORAL_UNIT field from TEMPORAL arg)
2026-01-20 10:54:06.432 [main] DEBUG org.hibernate.HQL_FUNCTIONS - first_valueANY value
2026-01-20 10:54:06.432 [main] DEBUG org.hibernate.HQL_FUNCTIONS - floor(NUMERIC arg)
2026-01-20 10:54:06.432 [main] DEBUG org.hibernate.HQL_FUNCTIONS - String format(TEMPORAL datetime as STRING pattern)
2026-01-20 10:54:06.432 [main] DEBUG org.hibernate.HQL_FUNCTIONS - greatest(COMPARABLE arg0, COMPARABLE arg1[, arg2[, ...]])
2026-01-20 10:54:06.432 [main] DEBUG org.hibernate.HQL_FUNCTIONS - Integer hour(TIME arg)
2026-01-20 10:54:06.432 [main] DEBUG org.hibernate.HQL_FUNCTIONS - ifnull(arg0, arg1)
2026-01-20 10:54:06.432 [main] DEBUG org.hibernate.HQL_FUNCTIONS - String insert(STRING string, INTEGER start, INTEGER length, STRING replacement)
2026-01-20 10:54:06.432 [main] DEBUG org.hibernate.HQL_FUNCTIONS - Instant instant
2026-01-20 10:54:06.432 [main] DEBUG org.hibernate.HQL_FUNCTIONS - Integer instr(STRING string, STRING pattern[, INTEGER start[, INTEGER occurrence]])
2026-01-20 10:54:06.432 [main] DEBUG org.hibernate.HQL_FUNCTIONS - lagANY value[, INTEGER offset[, ANY default]]
2026-01-20 10:54:06.432 [main] DEBUG org.hibernate.HQL_FUNCTIONS - Date last_day(DATE arg)
2026-01-20 10:54:06.433 [main] DEBUG org.hibernate.HQL_FUNCTIONS - last_valueANY value
2026-01-20 10:54:06.433 [main] DEBUG org.hibernate.HQL_FUNCTIONS - leadANY value[, INTEGER offset[, ANY default]]
2026-01-20 10:54:06.433 [main] DEBUG org.hibernate.HQL_FUNCTIONS - least(COMPARABLE arg0, COMPARABLE arg1[, arg2[, ...]])
2026-01-20 10:54:06.433 [main] DEBUG org.hibernate.HQL_FUNCTIONS - String left(STRING string, INTEGER length)
2026-01-20 10:54:06.433 [main] DEBUG org.hibernate.HQL_FUNCTIONS - Integer length(STRING_OR_CLOB arg)
2026-01-20 10:54:06.433 [main] DEBUG org.hibernate.HQL_FUNCTIONS - String listagg(STRING arg0, STRING arg1)
2026-01-20 10:54:06.433 [main] DEBUG org.hibernate.HQL_FUNCTIONS - Double ln(NUMERIC arg)
2026-01-20 10:54:06.433 [main] DEBUG org.hibernate.HQL_FUNCTIONS - LocalDate local date
2026-01-20 10:54:06.433 [main] DEBUG org.hibernate.HQL_FUNCTIONS - LocalDateTime local datetime
2026-01-20 10:54:06.433 [main] DEBUG org.hibernate.HQL_FUNCTIONS - LocalTime local time
2026-01-20 10:54:06.433 [main] DEBUG org.hibernate.HQL_FUNCTIONS - LocalDate local_date
2026-01-20 10:54:06.433 [main] DEBUG org.hibernate.HQL_FUNCTIONS - LocalDateTime local_datetime
2026-01-20 10:54:06.433 [main] DEBUG org.hibernate.HQL_FUNCTIONS - LocalTime local_time
2026-01-20 10:54:06.433 [main] DEBUG org.hibernate.HQL_FUNCTIONS - Timestamp localtime
2026-01-20 10:54:06.433 [main] DEBUG org.hibernate.HQL_FUNCTIONS - Timestamp localtimestamp
2026-01-20 10:54:06.433 [main] DEBUG org.hibernate.HQL_FUNCTIONS - Integer locate(STRING pattern, STRING string[, INTEGER start])
2026-01-20 10:54:06.433 [main] DEBUG org.hibernate.HQL_FUNCTIONS - Double log(NUMERIC arg0[, NUMERIC arg1])
2026-01-20 10:54:06.433 [main] DEBUG org.hibernate.HQL_FUNCTIONS - Double log10(NUMERIC arg)
2026-01-20 10:54:06.433 [main] DEBUG org.hibernate.HQL_FUNCTIONS - Double log2(NUMERIC arg)
2026-01-20 10:54:06.433 [main] DEBUG org.hibernate.HQL_FUNCTIONS - String lower(STRING string)
2026-01-20 10:54:06.433 [main] DEBUG org.hibernate.HQL_FUNCTIONS - String lpad(string, length[, padding])
2026-01-20 10:54:06.433 [main] DEBUG org.hibernate.HQL_FUNCTIONS - String ltrim(STRING string[, STRING characters])
2026-01-20 10:54:06.433 [main] DEBUG org.hibernate.HQL_FUNCTIONS - Date makedate(INTEGER year, INTEGER dayofyear)
2026-01-20 10:54:06.433 [main] DEBUG org.hibernate.HQL_FUNCTIONS - Time maketime(INTEGER hour, INTEGER min, INTEGER sec)
2026-01-20 10:54:06.433 [main] DEBUG org.hibernate.HQL_FUNCTIONS - max(COMPARABLE arg)
2026-01-20 10:54:06.433 [main] DEBUG org.hibernate.HQL_FUNCTIONS - String md5(arg)
2026-01-20 10:54:06.433 [main] DEBUG org.hibernate.HQL_FUNCTIONS - Integer microsecond(TIME arg)
2026-01-20 10:54:06.433 [main] DEBUG org.hibernate.HQL_FUNCTIONS - min(COMPARABLE arg)
2026-01-20 10:54:06.433 [main] DEBUG org.hibernate.HQL_FUNCTIONS - Integer minute(TIME arg)
2026-01-20 10:54:06.433 [main] DEBUG org.hibernate.HQL_FUNCTIONS - Integer mod(INTEGER arg0, INTEGER arg1)
2026-01-20 10:54:06.433 [main] DEBUG org.hibernate.HQL_FUNCTIONS - Integer month(DATE arg)
2026-01-20 10:54:06.433 [main] DEBUG org.hibernate.HQL_FUNCTIONS - String monthname(DATE arg)
2026-01-20 10:54:06.433 [main] DEBUG org.hibernate.HQL_FUNCTIONS - Timestamp now()
2026-01-20 10:54:06.433 [main] DEBUG org.hibernate.HQL_FUNCTIONS - nth_valueANY value, INTEGER nth
2026-01-20 10:54:06.433 [main] DEBUG org.hibernate.HQL_FUNCTIONS - nullif(arg0, arg1)
2026-01-20 10:54:06.433 [main] DEBUG org.hibernate.HQL_FUNCTIONS - Integer octet_length(STRING_OR_CLOB arg)
2026-01-20 10:54:06.433 [main] DEBUG org.hibernate.HQL_FUNCTIONS - OffsetDateTime offset datetime
2026-01-20 10:54:06.433 [main] DEBUG org.hibernate.HQL_FUNCTIONS - OffsetDateTime offset_datetime
2026-01-20 10:54:06.433 [main] DEBUG org.hibernate.HQL_FUNCTIONS - String overlay(STRING string placing STRING replacement from INTEGER start[ for INTEGER length])
2026-01-20 10:54:06.433 [main] DEBUG org.hibernate.HQL_FUNCTIONS - String pad(STRING string with INTEGER length {leading|trailing}[ STRING character])
2026-01-20 10:54:06.433 [main] DEBUG org.hibernate.HQL_FUNCTIONS - Double percent_rank([arg0[, ...]])
2026-01-20 10:54:06.433 [main] DEBUG org.hibernate.HQL_FUNCTIONS - Double pi
2026-01-20 10:54:06.433 [main] DEBUG org.hibernate.HQL_FUNCTIONS - Integer position(STRING pattern in STRING string)
2026-01-20 10:54:06.435 [main] DEBUG org.hibernate.HQL_FUNCTIONS - Double power(NUMERIC arg0, NUMERIC arg1)
2026-01-20 10:54:06.435 [main] DEBUG org.hibernate.HQL_FUNCTIONS - Integer quarter(DATE arg)
2026-01-20 10:54:06.435 [main] DEBUG org.hibernate.HQL_FUNCTIONS - Double radians(NUMERIC arg)
2026-01-20 10:54:06.435 [main] DEBUG org.hibernate.HQL_FUNCTIONS - Double rand([INTEGER seed])
2026-01-20 10:54:06.435 [main] DEBUG org.hibernate.HQL_FUNCTIONS - Long rank([arg0[, ...]])
2026-01-20 10:54:06.435 [main] DEBUG org.hibernate.HQL_FUNCTIONS - String repeat(STRING string, INTEGER times)
2026-01-20 10:54:06.435 [main] DEBUG org.hibernate.HQL_FUNCTIONS - String replace(STRING string, STRING pattern, STRING replacement)
2026-01-20 10:54:06.435 [main] DEBUG org.hibernate.HQL_FUNCTIONS - String reverse(STRING arg)
2026-01-20 10:54:06.435 [main] DEBUG org.hibernate.HQL_FUNCTIONS - String right(STRING string, INTEGER length)
2026-01-20 10:54:06.435 [main] DEBUG org.hibernate.HQL_FUNCTIONS - round(NUMERIC number[, INTEGER places])
2026-01-20 10:54:06.435 [main] DEBUG org.hibernate.HQL_FUNCTIONS - Long row_number()
2026-01-20 10:54:06.435 [main] DEBUG org.hibernate.HQL_FUNCTIONS - String rpad(string, length[, padding])
2026-01-20 10:54:06.435 [main] DEBUG org.hibernate.HQL_FUNCTIONS - String rtrim(STRING string[, STRING characters])
2026-01-20 10:54:06.435 [main] DEBUG org.hibernate.HQL_FUNCTIONS - Integer second(TIME arg)
2026-01-20 10:54:06.435 [main] DEBUG org.hibernate.HQL_FUNCTIONS - String sha(arg)
2026-01-20 10:54:06.435 [main] DEBUG org.hibernate.HQL_FUNCTIONS - String sha1(arg)
2026-01-20 10:54:06.435 [main] DEBUG org.hibernate.HQL_FUNCTIONS - String sha2(arg0, arg1)
2026-01-20 10:54:06.435 [main] DEBUG org.hibernate.HQL_FUNCTIONS - Integer sign(NUMERIC arg)
2026-01-20 10:54:06.435 [main] DEBUG org.hibernate.HQL_FUNCTIONS - Double sin(NUMERIC arg)
2026-01-20 10:54:06.435 [main] DEBUG org.hibernate.HQL_FUNCTIONS - Double sinh(NUMERIC arg)
2026-01-20 10:54:06.435 [main] DEBUG org.hibernate.HQL_FUNCTIONS - String soundex(arg)
2026-01-20 10:54:06.435 [main] DEBUG org.hibernate.HQL_FUNCTIONS - String space(INTEGER arg)
2026-01-20 10:54:06.435 [main] DEBUG org.hibernate.HQL_FUNCTIONS - Object sql
2026-01-20 10:54:06.435 [main] DEBUG org.hibernate.HQL_FUNCTIONS - Double sqrt(NUMERIC arg)
2026-01-20 10:54:06.435 [main] DEBUG org.hibernate.HQL_FUNCTIONS - Double stddev(NUMERIC arg)
2026-01-20 10:54:06.435 [main] DEBUG org.hibernate.HQL_FUNCTIONS - Double stddev_pop(NUMERIC arg)
2026-01-20 10:54:06.435 [main] DEBUG org.hibernate.HQL_FUNCTIONS - Double stddev_samp(NUMERIC arg)
2026-01-20 10:54:06.435 [main] DEBUG org.hibernate.HQL_FUNCTIONS - String str(arg)
2026-01-20 10:54:06.435 [main] DEBUG org.hibernate.HQL_FUNCTIONS - subdate(DATE datetime, INTEGER days)
2026-01-20 10:54:06.435 [main] DEBUG org.hibernate.HQL_FUNCTIONS - String substr(STRING string, INTEGER start[, INTEGER length])
2026-01-20 10:54:06.435 [main] DEBUG org.hibernate.HQL_FUNCTIONS - String substring(STRING string{ from|,} INTEGER start[{ for|,} INTEGER length])
2026-01-20 10:54:06.435 [main] DEBUG org.hibernate.HQL_FUNCTIONS - subtime(TIME datetime, TIME time)
2026-01-20 10:54:06.435 [main] DEBUG org.hibernate.HQL_FUNCTIONS - sum(arg)
2026-01-20 10:54:06.435 [main] DEBUG org.hibernate.HQL_FUNCTIONS - Timestamp sysdate()
2026-01-20 10:54:06.435 [main] DEBUG org.hibernate.HQL_FUNCTIONS - Double tan(NUMERIC arg)
2026-01-20 10:54:06.435 [main] DEBUG org.hibernate.HQL_FUNCTIONS - Double tanh(NUMERIC arg)
2026-01-20 10:54:06.435 [main] DEBUG org.hibernate.HQL_FUNCTIONS - String time(arg)
2026-01-20 10:54:06.435 [main] DEBUG org.hibernate.HQL_FUNCTIONS - Timestamp timestamp(arg0[, arg1])
2026-01-20 10:54:06.435 [main] DEBUG org.hibernate.HQL_FUNCTIONS - timestampadd(TEMPORAL_UNIT field, INTEGER magnitude, TEMPORAL datetime)
2026-01-20 10:54:06.436 [main] DEBUG org.hibernate.HQL_FUNCTIONS - basicType@9(java.lang.Long,-5)|basicType@17(java.lang.Double,8) timestampdiff(TEMPORAL_UNIT field, TEMPORAL start, TEMPORAL end)
2026-01-20 10:54:06.436 [main] DEBUG org.hibernate.HQL_FUNCTIONS - String trim([[{leading|trailing|both} ][STRING arg0 ]from] STRING arg1)
2026-01-20 10:54:06.436 [main] DEBUG org.hibernate.HQL_FUNCTIONS - trunc( ... )
2026-01-20 10:54:06.436 [main] DEBUG org.hibernate.HQL_FUNCTIONS - truncate( ... )
2026-01-20 10:54:06.436 [main] DEBUG org.hibernate.HQL_FUNCTIONS - String upper(STRING string)
2026-01-20 10:54:06.436 [main] DEBUG org.hibernate.HQL_FUNCTIONS - Date utc_date
2026-01-20 10:54:06.436 [main] DEBUG org.hibernate.HQL_FUNCTIONS - Time utc_time
2026-01-20 10:54:06.436 [main] DEBUG org.hibernate.HQL_FUNCTIONS - Timestamp utc_timestamp
2026-01-20 10:54:06.436 [main] DEBUG org.hibernate.HQL_FUNCTIONS - Double var_pop(NUMERIC arg)
2026-01-20 10:54:06.436 [main] DEBUG org.hibernate.HQL_FUNCTIONS - Double var_samp(NUMERIC arg)
2026-01-20 10:54:06.436 [main] DEBUG org.hibernate.HQL_FUNCTIONS - Double variance(NUMERIC arg)
2026-01-20 10:54:06.436 [main] DEBUG org.hibernate.HQL_FUNCTIONS - Integer week(DATE arg)
2026-01-20 10:54:06.436 [main] DEBUG org.hibernate.HQL_FUNCTIONS - Integer year(DATE arg)
2026-01-20 10:54:06.441 [main] DEBUG org.hibernate.orm.query.plan.cache - Starting QueryInterpretationCache(2048)
2026-01-20 10:54:06.498 [main] DEBUG org.hibernate.service.internal.SessionFactoryServiceRegistryImpl - EventListenerRegistry access via ServiceRegistry is deprecated.  Use `sessionFactory.getEventEngine().getListenerRegistry()` instead
2026-01-20 10:54:06.498 [main] DEBUG org.hibernate.event.internal.EntityCopyObserverFactoryInitiator - Configured EntityCopyObserver strategy: disallow
2026-01-20 10:54:06.595 [main] DEBUG org.hibernate.boot.internal.ClassLoaderAccessImpl - Not known whether passed class name [modelo.Persona] is safe
2026-01-20 10:54:06.595 [main] DEBUG org.hibernate.boot.internal.ClassLoaderAccessImpl - No temp ClassLoader provided; using live ClassLoader for loading potentially unsafe class : modelo.Persona
2026-01-20 10:54:06.736 [main] DEBUG org.hibernate.bytecode.internal.bytebuddy.BytecodeProviderImpl - HHH000513: Unable to create the ReflectionOptimizer for [modelo.Persona]: private accessor [edad]
2026-01-20 10:54:06.826 [main] DEBUG org.hibernate.boot.internal.ClassLoaderAccessImpl - Not known whether passed class name [modelo.Reunion] is safe
2026-01-20 10:54:06.826 [main] DEBUG org.hibernate.boot.internal.ClassLoaderAccessImpl - No temp ClassLoader provided; using live ClassLoader for loading potentially unsafe class : modelo.Reunion
2026-01-20 10:54:06.839 [main] DEBUG org.hibernate.bytecode.internal.bytebuddy.BytecodeProviderImpl - HHH000513: Unable to create the ReflectionOptimizer for [modelo.Reunion]: private accessor [asunto]
2026-01-20 10:54:06.893 [main] DEBUG org.hibernate.orm.model.mapping.creation - Starting post-init callbacks
2026-01-20 10:54:06.893 [main] DEBUG org.hibernate.orm.model.mapping.creation - Starting PostInitCallbackEntry : Entity(modelo.Persona) `staticFetchableList` generator
2026-01-20 10:54:06.893 [main] DEBUG org.hibernate.orm.model.mapping.creation - Starting PostInitCallbackEntry : Entity(modelo.Persona) `sqmMultiTableInsertStrategy` interpretation
2026-01-20 10:54:06.903 [main] DEBUG org.hibernate.orm.model.mapping.creation - Starting PostInitCallbackEntry : Entity(modelo.Reunion) `staticFetchableList` generator
2026-01-20 10:54:06.903 [main] DEBUG org.hibernate.orm.model.mapping.creation - Starting PostInitCallbackEntry : Entity(modelo.Reunion) `sqmMultiTableInsertStrategy` interpretation
2026-01-20 10:54:06.964 [main] DEBUG org.hibernate.orm.sql.ast.create - Created new SQL alias : p1_0
2026-01-20 10:54:06.965 [main] DEBUG org.hibernate.orm.sql.ast.create - Registration of TableGroup [StandardTableGroup(modelo.Persona)] with identifierForTableGroup [modelo.Persona] for NavigablePath [modelo.Persona] 
2026-01-20 10:54:06.979 [main] DEBUG org.hibernate.orm.results.graph.AST - DomainResult Graph:
 \-EntityResultImpl [modelo.Persona]
 |  +-BasicFetch [modelo.Persona.edad]
 |  +-BasicFetch [modelo.Persona.email]
 |  +-BasicFetch [modelo.Persona.fechaNacimiento]
 |  +-BasicFetch [modelo.Persona.nombreApellido]
 |  \-BasicFetch [modelo.Persona.telefono]

2026-01-20 10:54:06.980 [main] DEBUG org.hibernate.orm.sql.ast.tree - SQL AST Tree:
    SelectStatement {
      FromClause {
        StandardTableGroup (p1 : modelo.Persona) {
          primaryTableReference : persona as p1_0
        }
      }
    }

2026-01-20 10:54:06.988 [main] DEBUG org.hibernate.persister.entity.AbstractEntityPersister - Static SQL for entity: modelo.Persona
2026-01-20 10:54:06.988 [main] DEBUG org.hibernate.persister.entity.AbstractEntityPersister -  Version select: select dni from persona where dni=?
2026-01-20 10:54:06.988 [main] DEBUG org.hibernate.persister.entity.AbstractEntityPersister -  Insert (0): insert into persona (edad,email,fechaNacimiento,nombreApellido,telefono,dni) values (?,?,?,?,?,?)
2026-01-20 10:54:06.988 [main] DEBUG org.hibernate.persister.entity.AbstractEntityPersister -  Update (0): update persona set edad=?,email=?,fechaNacimiento=?,nombreApellido=?,telefono=? where dni=?
2026-01-20 10:54:06.988 [main] DEBUG org.hibernate.persister.entity.AbstractEntityPersister -  Delete (0): delete from persona where dni=?
2026-01-20 10:54:06.988 [main] DEBUG org.hibernate.orm.sql.ast.create - Created new SQL alias : r1_0
2026-01-20 10:54:06.988 [main] DEBUG org.hibernate.orm.sql.ast.create - Registration of TableGroup [StandardTableGroup(modelo.Reunion)] with identifierForTableGroup [modelo.Reunion] for NavigablePath [modelo.Reunion] 
2026-01-20 10:54:06.990 [main] DEBUG org.hibernate.orm.results.graph.AST - DomainResult Graph:
 \-EntityResultImpl [modelo.Reunion]
 |  +-BasicFetch [modelo.Reunion.asunto]
 |  \-BasicFetch [modelo.Reunion.fecha]

2026-01-20 10:54:06.990 [main] DEBUG org.hibernate.orm.sql.ast.tree - SQL AST Tree:
    SelectStatement {
      FromClause {
        StandardTableGroup (r1 : modelo.Reunion) {
          primaryTableReference : reunion as r1_0
        }
      }
    }

2026-01-20 10:54:06.990 [main] DEBUG org.hibernate.persister.entity.AbstractEntityPersister - Static SQL for entity: modelo.Reunion
2026-01-20 10:54:06.990 [main] DEBUG org.hibernate.persister.entity.AbstractEntityPersister -  Version select: select idReunion from reunion where idReunion=?
2026-01-20 10:54:06.990 [main] DEBUG org.hibernate.persister.entity.AbstractEntityPersister -  Insert (0): insert into reunion (asunto,fecha,idReunion) values (?,?,?)
2026-01-20 10:54:06.990 [main] DEBUG org.hibernate.persister.entity.AbstractEntityPersister -  Update (0): update reunion set asunto=?,fecha=? where idReunion=?
2026-01-20 10:54:06.990 [main] DEBUG org.hibernate.persister.entity.AbstractEntityPersister -  Delete (0): delete from reunion where idReunion=?
2026-01-20 10:54:07.009 [main] DEBUG org.hibernate.engine.transaction.jta.platform.internal.JtaPlatformInitiator - No JtaPlatform was specified, checking resolver
2026-01-20 10:54:07.009 [main] DEBUG org.hibernate.engine.transaction.jta.platform.internal.JtaPlatformResolverInitiator - No JtaPlatformResolver was specified, using default [org.hibernate.engine.transaction.jta.platform.internal.StandardJtaPlatformResolver]
2026-01-20 10:54:07.011 [main] DEBUG org.hibernate.engine.transaction.jta.platform.internal.StandardJtaPlatformResolver - Could not resolve JtaPlatform, using default [org.hibernate.engine.transaction.jta.platform.internal.NoJtaPlatform]
2026-01-20 10:54:07.012 [main] INFO  org.hibernate.engine.transaction.jta.platform.internal.JtaPlatformInitiator - HHH000489: No JTA platform available (set 'hibernate.transaction.jta.platform' to enable JTA platform integration)
2026-01-20 10:54:07.012 [main] DEBUG org.hibernate.type.spi.TypeConfiguration$Scope - Scoping TypeConfiguration [org.hibernate.type.spi.TypeConfiguration@5cdf39b2] to SessionFactoryImplementor [org.hibernate.internal.SessionFactoryImpl@5f5297e3]
2026-01-20 10:54:07.013 [main] DEBUG org.hibernate.query.named.NamedObjectRepository - Checking 0 named HQL queries
2026-01-20 10:54:07.013 [main] DEBUG org.hibernate.query.named.NamedObjectRepository - Checking 0 named SQL queries
2026-01-20 10:54:07.039 [main] INFO  org.hibernate.orm.connections.access - HHH10001501: Connection obtained from JdbcConnectionAccess [org.hibernate.engine.jdbc.env.internal.JdbcEnvironmentInitiator$ConnectionProviderJdbcConnectionAccess@5463f035] for (non-JTA) DDL execution was not in auto-commit mode; the Connection 'local transaction' will be committed and the Connection will be set into auto-commit mode.
2026-01-20 10:54:07.059 [main] DEBUG org.hibernate.mapping.Table - No alter strings for table : persona
2026-01-20 10:54:07.059 [main] DEBUG org.hibernate.mapping.Table - No alter strings for table : persona_SEQ
2026-01-20 10:54:07.059 [main] DEBUG org.hibernate.mapping.Table - No alter strings for table : reunion
2026-01-20 10:54:07.059 [main] DEBUG org.hibernate.mapping.Table - No alter strings for table : reunion_SEQ
2026-01-20 10:54:07.063 [main] DEBUG org.hibernate.internal.SessionFactoryRegistry - Initializing SessionFactoryRegistry : org.hibernate.internal.SessionFactoryRegistry@3915e7c3
2026-01-20 10:54:07.064 [main] DEBUG org.hibernate.internal.SessionFactoryRegistry - Registering SessionFactory: e94ce87b-9fbc-4641-8756-4d8becd49568 (<unnamed>)
2026-01-20 10:54:07.064 [main] DEBUG org.hibernate.internal.SessionFactoryRegistry - Not binding SessionFactory to JNDI, no JNDI name configured
2026-01-20 10:54:07.064 [main] DEBUG org.hibernate.internal.SessionFactoryImpl - Instantiated SessionFactory
2026-01-20 10:54:07.090 [main] DEBUG org.hibernate.stat.internal.StatisticsInitiator - Statistics initialized [enabled=false]
2026-01-20 10:54:07.094 [main] DEBUG org.hibernate.engine.transaction.internal.TransactionImpl - On TransactionImpl creation, JpaCompliance#isJpaTransactionComplianceEnabled == false
2026-01-20 10:54:07.094 [main] DEBUG org.hibernate.engine.transaction.internal.TransactionImpl - begin
2026-01-20 10:54:07.109 [main] DEBUG org.hibernate.SQL - 
    select
        next_val as id_val 
    from
        reunion_SEQ for update
2026-01-20 10:54:07.120 [main] DEBUG org.hibernate.SQL - 
    update
        reunion_SEQ 
    set
        next_val= ? 
    where
        next_val=?
2026-01-20 10:54:07.128 [main] DEBUG org.hibernate.event.internal.AbstractSaveEventListener - Generated identifier: 1, using strategy: org.hibernate.id.enhanced.SequenceStyleGenerator
2026-01-20 10:54:07.171 [main] DEBUG org.hibernate.engine.transaction.internal.TransactionImpl - committing
2026-01-20 10:54:07.172 [main] DEBUG org.hibernate.event.internal.AbstractFlushingEventListener - Processing flush-time cascades
2026-01-20 10:54:07.172 [main] DEBUG org.hibernate.event.internal.AbstractFlushingEventListener - Dirty checking collections
2026-01-20 10:54:07.176 [main] DEBUG org.hibernate.event.internal.AbstractFlushingEventListener - Flushed: 1 insertions, 0 updates, 0 deletions to 1 objects
2026-01-20 10:54:07.176 [main] DEBUG org.hibernate.event.internal.AbstractFlushingEventListener - Flushed: 0 (re)creations, 0 updates, 0 removals to 0 collections
2026-01-20 10:54:07.177 [main] DEBUG org.hibernate.internal.util.EntityPrinter - Listing entities:
2026-01-20 10:54:07.177 [main] DEBUG org.hibernate.internal.util.EntityPrinter - modelo.Reunion{fecha=2026-01-23T10:54:05.273538800, idReunion=1, asunto=Reunion futura}
2026-01-20 10:54:07.181 [main] DEBUG org.hibernate.SQL - 
    insert 
    into
        reunion
        (asunto, fecha, idReunion) 
    values
        (?, ?, ?)
2026-01-20 10:54:07.200 [main] DEBUG org.hibernate.resource.jdbc.internal.LogicalConnectionManagedImpl - Initiating JDBC connection release from afterTransaction
2026-01-20 10:54:07.202 [main] DEBUG org.hibernate.resource.jdbc.internal.LogicalConnectionManagedImpl - Initiating JDBC connection release from afterTransaction
2026-01-20 10:54:07.204 [main] DEBUG org.hibernate.orm.query.hql - HQL : FROM modelo.Reunion
2026-01-20 10:54:07.379 [main] DEBUG org.hibernate.orm.query.sqm.ast - SqmStatement Tree :
    -> [select]
      -> [query-spec]
        -> [select]
          -> [selection]
            -> [root] - `modelo.Reunion(3076065320100)`
            <- [root] - `modelo.Reunion(3076065320100)`
          <- [selection]
        <- [select]
        -> [from]
          -> [root] - `modelo.Reunion(3076065320100)`
          <- [root] - `modelo.Reunion(3076065320100)`
        <- [from]
      <- [query-spec]
    <- [select]

2026-01-20 10:54:07.415 [main] DEBUG org.hibernate.orm.sql.ast.create - Created new SQL alias : r1_0
2026-01-20 10:54:07.415 [main] DEBUG org.hibernate.orm.sql.ast.create - Registration of TableGroup [StandardTableGroup(modelo.Reunion(3076065320100))] with identifierForTableGroup [modelo.Reunion] for NavigablePath [modelo.Reunion] 
2026-01-20 10:54:07.435 [main] DEBUG org.hibernate.orm.results.graph.AST - DomainResult Graph:
 \-EntityResultImpl [modelo.Reunion(3076065320100)]
 |  +-BasicFetch [modelo.Reunion(3076065320100).asunto]
 |  \-BasicFetch [modelo.Reunion(3076065320100).fecha]

2026-01-20 10:54:07.435 [main] DEBUG org.hibernate.orm.sql.ast.tree - SQL AST Tree:
    SelectStatement {
      FromClause {
        StandardTableGroup (r1 : modelo.Reunion(3076065320100)) {
          primaryTableReference : reunion as r1_0
        }
      }
    }

2026-01-20 10:54:07.444 [main] DEBUG org.hibernate.orm.sql.exec - Skipping reading Query result cache data: cache-enabled = false, cache-mode = NORMAL
2026-01-20 10:54:07.456 [main] DEBUG org.hibernate.orm.results - Initializer list:
	  modelo.Reunion(3076065320100) -> EntityResultInitializer(modelo.Reunion(3076065320100))@124018276 (SingleTableEntityPersister(modelo.Reunion))

2026-01-20 10:54:07.459 [main] DEBUG org.hibernate.SQL - 
    select
        r1_0.idReunion,
        r1_0.asunto,
        r1_0.fecha 
    from
        reunion r1_0
2026-01-20 10:54:07.465 [main] DEBUG org.hibernate.orm.results - Extracted JDBC value [0] - [1]
2026-01-20 10:54:07.465 [main] DEBUG org.hibernate.orm.results.loading.entity - (EntityResultInitializer) Hydrated EntityKey (modelo.Reunion(3076065320100)): 1
2026-01-20 10:54:07.465 [main] DEBUG org.hibernate.orm.results.loading.entity - (EntityResultInitializer) Created new entity instance [modelo.Reunion(3076065320100)#1] : 854077600
2026-01-20 10:54:07.466 [main] DEBUG org.hibernate.orm.results - Extracted JDBC value [1] - [Reunion futura]
2026-01-20 10:54:07.466 [main] DEBUG org.hibernate.orm.results - Extracted JDBC value [2] - [2026-01-23T10:54:05.273539]
2026-01-20 10:54:07.467 [main] DEBUG org.hibernate.orm.results.loading.entity - (EntityResultInitializer) Done materializing entityInstance : modelo.Reunion(3076065320100)#1
2026-01-20 10:54:07.467 [main] DEBUG org.hibernate.orm.results.loading - Calling top-level assembler (0 / 1) : org.hibernate.sql.results.graph.entity.internal.EntityAssembler@41167ded
2026-01-20 10:54:07.468 [main] DEBUG org.hibernate.resource.jdbc.internal.LogicalConnectionManagedImpl - Initiating JDBC connection release from afterTransaction
2026-01-20 10:54:07.469 [main] DEBUG org.hibernate.resource.jdbc.internal.LogicalConnectionManagedImpl - Initiating JDBC connection release from afterTransaction
2026-01-20 10:54:07.470 [main] DEBUG controlador.GestionaReuniones - modelo.Reunion@32e830a0
2026-01-20 11:47:29.153 [main] DEBUG org.jboss.logging - Logging Provider: org.jboss.logging.Log4j2LoggerProvider
2026-01-20 11:47:29.164 [main] DEBUG org.hibernate.integrator.internal.IntegratorServiceImpl - Adding Integrator [org.hibernate.boot.beanvalidation.BeanValidationIntegrator].
2026-01-20 11:47:29.167 [main] DEBUG org.hibernate.integrator.internal.IntegratorServiceImpl - Adding Integrator [org.hibernate.cache.internal.CollectionCacheInvalidator].
2026-01-20 11:47:29.184 [main] INFO  org.hibernate.Version - HHH000412: Hibernate ORM core version 6.4.4.Final
2026-01-20 11:47:29.186 [main] DEBUG org.hibernate.cfg.Environment - HHH000206: 'hibernate.properties' not found
2026-01-20 11:47:29.209 [main] DEBUG org.hibernate.boot.jaxb.internal.stax.LocalXmlResourceResolver - Checking public/system identifiers `-//Hibernate/Hibernate Configuration DTD 3.0//EN`/`https://hibernate.org/dtd/hibernate-configuration-3.0.dtd` as DTD references
2026-01-20 11:47:29.216 [main] DEBUG org.hibernate.boot.cfgxml.internal.JaxbCfgProcessor - cfg.xml document did not define namespaces; wrapping in custom event reader to introduce namespace information
2026-01-20 11:47:29.358 [main] DEBUG org.hibernate.orm.idgen.factory - Ignoring CDI for resolving IdentifierGenerator instances as extended or delayed CDI support was enabled
2026-01-20 11:47:29.362 [main] DEBUG org.hibernate.orm.idgen.factory - Registering IdentifierGenerator strategy [uuid2] -> [org.hibernate.id.UUIDGenerator]
2026-01-20 11:47:29.363 [main] DEBUG org.hibernate.orm.idgen.factory - Registering IdentifierGenerator strategy [guid] -> [org.hibernate.id.GUIDGenerator]
2026-01-20 11:47:29.363 [main] DEBUG org.hibernate.orm.idgen.factory - Registering IdentifierGenerator strategy [uuid] -> [org.hibernate.id.UUIDHexGenerator]
2026-01-20 11:47:29.363 [main] DEBUG org.hibernate.orm.idgen.factory - Registering IdentifierGenerator strategy [uuid.hex] -> [org.hibernate.id.UUIDHexGenerator]
2026-01-20 11:47:29.363 [main] DEBUG org.hibernate.orm.idgen.factory - Registering IdentifierGenerator strategy [assigned] -> [org.hibernate.id.Assigned]
2026-01-20 11:47:29.364 [main] DEBUG org.hibernate.orm.idgen.factory - Registering IdentifierGenerator strategy [identity] -> [org.hibernate.id.IdentityGenerator]
2026-01-20 11:47:29.364 [main] DEBUG org.hibernate.orm.idgen.factory - Registering IdentifierGenerator strategy [select] -> [org.hibernate.id.SelectGenerator]
2026-01-20 11:47:29.365 [main] DEBUG org.hibernate.orm.idgen.factory - Registering IdentifierGenerator strategy [sequence] -> [org.hibernate.id.enhanced.SequenceStyleGenerator]
2026-01-20 11:47:29.365 [main] DEBUG org.hibernate.orm.idgen.factory - Registering IdentifierGenerator strategy [increment] -> [org.hibernate.id.IncrementGenerator]
2026-01-20 11:47:29.366 [main] DEBUG org.hibernate.orm.idgen.factory - Registering IdentifierGenerator strategy [foreign] -> [org.hibernate.id.ForeignGenerator]
2026-01-20 11:47:29.366 [main] DEBUG org.hibernate.orm.idgen.factory - Registering IdentifierGenerator strategy [enhanced-sequence] -> [org.hibernate.id.enhanced.SequenceStyleGenerator]
2026-01-20 11:47:29.366 [main] DEBUG org.hibernate.orm.idgen.factory - Registering IdentifierGenerator strategy [enhanced-table] -> [org.hibernate.id.enhanced.TableGenerator]
2026-01-20 11:47:29.372 [main] DEBUG org.hibernate.cache.internal.RegionFactoryInitiator - Cannot default RegionFactory based on registered strategies as `[]` RegionFactory strategies were registered
2026-01-20 11:47:29.373 [main] INFO  org.hibernate.cache.internal.RegionFactoryInitiator - HHH000026: Second-level cache disabled
2026-01-20 11:47:29.430 [main] DEBUG org.hibernate.type.BasicTypeRegistry - Adding type registration boolean -> org.hibernate.type.BasicTypeReference@5489c777
2026-01-20 11:47:29.430 [main] DEBUG org.hibernate.type.BasicTypeRegistry - Adding type registration boolean -> org.hibernate.type.BasicTypeReference@5489c777
2026-01-20 11:47:29.430 [main] DEBUG org.hibernate.type.BasicTypeRegistry - Adding type registration java.lang.Boolean -> org.hibernate.type.BasicTypeReference@5489c777
2026-01-20 11:47:29.430 [main] DEBUG org.hibernate.type.BasicTypeRegistry - Adding type registration numeric_boolean -> org.hibernate.type.BasicTypeReference@3676ac27
2026-01-20 11:47:29.430 [main] DEBUG org.hibernate.type.BasicTypeRegistry - Adding type registration org.hibernate.type.NumericBooleanConverter -> org.hibernate.type.BasicTypeReference@3676ac27
2026-01-20 11:47:29.430 [main] DEBUG org.hibernate.type.BasicTypeRegistry - Adding type registration true_false -> org.hibernate.type.BasicTypeReference@62f87c44
2026-01-20 11:47:29.431 [main] DEBUG org.hibernate.type.BasicTypeRegistry - Adding type registration org.hibernate.type.TrueFalseConverter -> org.hibernate.type.BasicTypeReference@62f87c44
2026-01-20 11:47:29.431 [main] DEBUG org.hibernate.type.BasicTypeRegistry - Adding type registration yes_no -> org.hibernate.type.BasicTypeReference@48f5bde6
2026-01-20 11:47:29.431 [main] DEBUG org.hibernate.type.BasicTypeRegistry - Adding type registration org.hibernate.type.YesNoConverter -> org.hibernate.type.BasicTypeReference@48f5bde6
2026-01-20 11:47:29.431 [main] DEBUG org.hibernate.type.BasicTypeRegistry - Adding type registration byte -> org.hibernate.type.BasicTypeReference@525d79f0
2026-01-20 11:47:29.431 [main] DEBUG org.hibernate.type.BasicTypeRegistry - Adding type registration byte -> org.hibernate.type.BasicTypeReference@525d79f0
2026-01-20 11:47:29.431 [main] DEBUG org.hibernate.type.BasicTypeRegistry - Adding type registration java.lang.Byte -> org.hibernate.type.BasicTypeReference@525d79f0
2026-01-20 11:47:29.431 [main] DEBUG org.hibernate.type.BasicTypeRegistry - Adding type registration binary -> org.hibernate.type.BasicTypeReference@5149f008
2026-01-20 11:47:29.432 [main] DEBUG org.hibernate.type.BasicTypeRegistry - Adding type registration byte[] -> org.hibernate.type.BasicTypeReference@5149f008
2026-01-20 11:47:29.432 [main] DEBUG org.hibernate.type.BasicTypeRegistry - Adding type registration [B -> org.hibernate.type.BasicTypeReference@5149f008
2026-01-20 11:47:29.432 [main] DEBUG org.hibernate.type.BasicTypeRegistry - Adding type registration binary_wrapper -> org.hibernate.type.BasicTypeReference@7072bc39
2026-01-20 11:47:29.432 [main] DEBUG org.hibernate.type.BasicTypeRegistry - Adding type registration wrapper-binary -> org.hibernate.type.BasicTypeReference@7072bc39
2026-01-20 11:47:29.432 [main] DEBUG org.hibernate.type.BasicTypeRegistry - Adding type registration image -> org.hibernate.type.BasicTypeReference@158d255c
2026-01-20 11:47:29.432 [main] DEBUG org.hibernate.type.BasicTypeRegistry - Adding type registration blob -> org.hibernate.type.BasicTypeReference@2ca65ce4
2026-01-20 11:47:29.432 [main] DEBUG org.hibernate.type.BasicTypeRegistry - Adding type registration java.sql.Blob -> org.hibernate.type.BasicTypeReference@2ca65ce4
2026-01-20 11:47:29.432 [main] DEBUG org.hibernate.type.BasicTypeRegistry - Adding type registration materialized_blob -> org.hibernate.type.BasicTypeReference@327120c8
2026-01-20 11:47:29.433 [main] DEBUG org.hibernate.type.BasicTypeRegistry - Adding type registration materialized_blob_wrapper -> org.hibernate.type.BasicTypeReference@5707c1cb
2026-01-20 11:47:29.433 [main] DEBUG org.hibernate.type.BasicTypeRegistry - Adding type registration short -> org.hibernate.type.BasicTypeReference@2b5cb9b2
2026-01-20 11:47:29.433 [main] DEBUG org.hibernate.type.BasicTypeRegistry - Adding type registration short -> org.hibernate.type.BasicTypeReference@2b5cb9b2
2026-01-20 11:47:29.433 [main] DEBUG org.hibernate.type.BasicTypeRegistry - Adding type registration java.lang.Short -> org.hibernate.type.BasicTypeReference@2b5cb9b2
2026-01-20 11:47:29.433 [main] DEBUG org.hibernate.type.BasicTypeRegistry - Adding type registration integer -> org.hibernate.type.BasicTypeReference@35038141
2026-01-20 11:47:29.433 [main] DEBUG org.hibernate.type.BasicTypeRegistry - Adding type registration int -> org.hibernate.type.BasicTypeReference@35038141
2026-01-20 11:47:29.433 [main] DEBUG org.hibernate.type.BasicTypeRegistry - Adding type registration java.lang.Integer -> org.hibernate.type.BasicTypeReference@35038141
2026-01-20 11:47:29.434 [main] DEBUG org.hibernate.type.BasicTypeRegistry - Adding type registration long -> org.hibernate.type.BasicTypeReference@ecf9049
2026-01-20 11:47:29.434 [main] DEBUG org.hibernate.type.BasicTypeRegistry - Adding type registration long -> org.hibernate.type.BasicTypeReference@ecf9049
2026-01-20 11:47:29.434 [main] DEBUG org.hibernate.type.BasicTypeRegistry - Adding type registration java.lang.Long -> org.hibernate.type.BasicTypeReference@ecf9049
2026-01-20 11:47:29.434 [main] DEBUG org.hibernate.type.BasicTypeRegistry - Adding type registration float -> org.hibernate.type.BasicTypeReference@672f11c2
2026-01-20 11:47:29.434 [main] DEBUG org.hibernate.type.BasicTypeRegistry - Adding type registration float -> org.hibernate.type.BasicTypeReference@672f11c2
2026-01-20 11:47:29.434 [main] DEBUG org.hibernate.type.BasicTypeRegistry - Adding type registration java.lang.Float -> org.hibernate.type.BasicTypeReference@672f11c2
2026-01-20 11:47:29.434 [main] DEBUG org.hibernate.type.BasicTypeRegistry - Adding type registration double -> org.hibernate.type.BasicTypeReference@2970a5bc
2026-01-20 11:47:29.434 [main] DEBUG org.hibernate.type.BasicTypeRegistry - Adding type registration double -> org.hibernate.type.BasicTypeReference@2970a5bc
2026-01-20 11:47:29.434 [main] DEBUG org.hibernate.type.BasicTypeRegistry - Adding type registration java.lang.Double -> org.hibernate.type.BasicTypeReference@2970a5bc
2026-01-20 11:47:29.434 [main] DEBUG org.hibernate.type.BasicTypeRegistry - Adding type registration big_integer -> org.hibernate.type.BasicTypeReference@50305a
2026-01-20 11:47:29.434 [main] DEBUG org.hibernate.type.BasicTypeRegistry - Adding type registration java.math.BigInteger -> org.hibernate.type.BasicTypeReference@50305a
2026-01-20 11:47:29.434 [main] DEBUG org.hibernate.type.BasicTypeRegistry - Adding type registration big_decimal -> org.hibernate.type.BasicTypeReference@72efb5c1
2026-01-20 11:47:29.434 [main] DEBUG org.hibernate.type.BasicTypeRegistry - Adding type registration java.math.BigDecimal -> org.hibernate.type.BasicTypeReference@72efb5c1
2026-01-20 11:47:29.434 [main] DEBUG org.hibernate.type.BasicTypeRegistry - Adding type registration character -> org.hibernate.type.BasicTypeReference@6d511b5f
2026-01-20 11:47:29.436 [main] DEBUG org.hibernate.type.BasicTypeRegistry - Adding type registration char -> org.hibernate.type.BasicTypeReference@6d511b5f
2026-01-20 11:47:29.436 [main] DEBUG org.hibernate.type.BasicTypeRegistry - Adding type registration java.lang.Character -> org.hibernate.type.BasicTypeReference@6d511b5f
2026-01-20 11:47:29.436 [main] DEBUG org.hibernate.type.BasicTypeRegistry - Adding type registration character_nchar -> org.hibernate.type.BasicTypeReference@41200e0c
2026-01-20 11:47:29.436 [main] DEBUG org.hibernate.type.BasicTypeRegistry - Adding type registration string -> org.hibernate.type.BasicTypeReference@40f33492
2026-01-20 11:47:29.436 [main] DEBUG org.hibernate.type.BasicTypeRegistry - Adding type registration java.lang.String -> org.hibernate.type.BasicTypeReference@40f33492
2026-01-20 11:47:29.436 [main] DEBUG org.hibernate.type.BasicTypeRegistry - Adding type registration nstring -> org.hibernate.type.BasicTypeReference@4fbdc0f0
2026-01-20 11:47:29.436 [main] DEBUG org.hibernate.type.BasicTypeRegistry - Adding type registration characters -> org.hibernate.type.BasicTypeReference@2ad3a1bb
2026-01-20 11:47:29.436 [main] DEBUG org.hibernate.type.BasicTypeRegistry - Adding type registration char[] -> org.hibernate.type.BasicTypeReference@2ad3a1bb
2026-01-20 11:47:29.437 [main] DEBUG org.hibernate.type.BasicTypeRegistry - Adding type registration [C -> org.hibernate.type.BasicTypeReference@2ad3a1bb
2026-01-20 11:47:29.437 [main] DEBUG org.hibernate.type.BasicTypeRegistry - Adding type registration wrapper-characters -> org.hibernate.type.BasicTypeReference@6bc28a83
2026-01-20 11:47:29.437 [main] DEBUG org.hibernate.type.BasicTypeRegistry - Adding type registration text -> org.hibernate.type.BasicTypeReference@324c64cd
2026-01-20 11:47:29.437 [main] DEBUG org.hibernate.type.BasicTypeRegistry - Adding type registration ntext -> org.hibernate.type.BasicTypeReference@13579834
2026-01-20 11:47:29.437 [main] DEBUG org.hibernate.type.BasicTypeRegistry - Adding type registration clob -> org.hibernate.type.BasicTypeReference@24be2d9c
2026-01-20 11:47:29.437 [main] DEBUG org.hibernate.type.BasicTypeRegistry - Adding type registration java.sql.Clob -> org.hibernate.type.BasicTypeReference@24be2d9c
2026-01-20 11:47:29.437 [main] DEBUG org.hibernate.type.BasicTypeRegistry - Adding type registration nclob -> org.hibernate.type.BasicTypeReference@5bd73d1a
2026-01-20 11:47:29.437 [main] DEBUG org.hibernate.type.BasicTypeRegistry - Adding type registration java.sql.NClob -> org.hibernate.type.BasicTypeReference@5bd73d1a
2026-01-20 11:47:29.437 [main] DEBUG org.hibernate.type.BasicTypeRegistry - Adding type registration materialized_clob -> org.hibernate.type.BasicTypeReference@aec50a1
2026-01-20 11:47:29.437 [main] DEBUG org.hibernate.type.BasicTypeRegistry - Adding type registration materialized_clob_char_array -> org.hibernate.type.BasicTypeReference@2555fff0
2026-01-20 11:47:29.438 [main] DEBUG org.hibernate.type.BasicTypeRegistry - Adding type registration materialized_clob_character_array -> org.hibernate.type.BasicTypeReference@70d2e40b
2026-01-20 11:47:29.438 [main] DEBUG org.hibernate.type.BasicTypeRegistry - Adding type registration materialized_nclob -> org.hibernate.type.BasicTypeReference@120f38e6
2026-01-20 11:47:29.438 [main] DEBUG org.hibernate.type.BasicTypeRegistry - Adding type registration materialized_nclob_character_array -> org.hibernate.type.BasicTypeReference@7a0e1b5e
2026-01-20 11:47:29.438 [main] DEBUG org.hibernate.type.BasicTypeRegistry - Adding type registration materialized_nclob_char_array -> org.hibernate.type.BasicTypeReference@702ed190
2026-01-20 11:47:29.438 [main] DEBUG org.hibernate.type.BasicTypeRegistry - Adding type registration Duration -> org.hibernate.type.BasicTypeReference@173b9122
2026-01-20 11:47:29.438 [main] DEBUG org.hibernate.type.BasicTypeRegistry - Adding type registration java.time.Duration -> org.hibernate.type.BasicTypeReference@173b9122
2026-01-20 11:47:29.438 [main] DEBUG org.hibernate.type.BasicTypeRegistry - Adding type registration LocalDateTime -> org.hibernate.type.BasicTypeReference@7c18432b
2026-01-20 11:47:29.439 [main] DEBUG org.hibernate.type.BasicTypeRegistry - Adding type registration java.time.LocalDateTime -> org.hibernate.type.BasicTypeReference@7c18432b
2026-01-20 11:47:29.439 [main] DEBUG org.hibernate.type.BasicTypeRegistry - Adding type registration LocalDate -> org.hibernate.type.BasicTypeReference@7646731d
2026-01-20 11:47:29.439 [main] DEBUG org.hibernate.type.BasicTypeRegistry - Adding type registration java.time.LocalDate -> org.hibernate.type.BasicTypeReference@7646731d
2026-01-20 11:47:29.439 [main] DEBUG org.hibernate.type.BasicTypeRegistry - Adding type registration LocalTime -> org.hibernate.type.BasicTypeReference@70e29e14
2026-01-20 11:47:29.439 [main] DEBUG org.hibernate.type.BasicTypeRegistry - Adding type registration java.time.LocalTime -> org.hibernate.type.BasicTypeReference@70e29e14
2026-01-20 11:47:29.439 [main] DEBUG org.hibernate.type.BasicTypeRegistry - Adding type registration OffsetDateTime -> org.hibernate.type.BasicTypeReference@3b1bb3ab
2026-01-20 11:47:29.439 [main] DEBUG org.hibernate.type.BasicTypeRegistry - Adding type registration java.time.OffsetDateTime -> org.hibernate.type.BasicTypeReference@3b1bb3ab
2026-01-20 11:47:29.439 [main] DEBUG org.hibernate.type.BasicTypeRegistry - Adding type registration OffsetDateTimeWithTimezone -> org.hibernate.type.BasicTypeReference@5a4bef8
2026-01-20 11:47:29.439 [main] DEBUG org.hibernate.type.BasicTypeRegistry - Adding type registration OffsetDateTimeWithoutTimezone -> org.hibernate.type.BasicTypeReference@40bffbca
2026-01-20 11:47:29.439 [main] DEBUG org.hibernate.type.BasicTypeRegistry - Adding type registration OffsetTime -> org.hibernate.type.BasicTypeReference@2449cff7
2026-01-20 11:47:29.440 [main] DEBUG org.hibernate.type.BasicTypeRegistry - Adding type registration java.time.OffsetTime -> org.hibernate.type.BasicTypeReference@2449cff7
2026-01-20 11:47:29.440 [main] DEBUG org.hibernate.type.BasicTypeRegistry - Adding type registration OffsetTimeUtc -> org.hibernate.type.BasicTypeReference@42a9a63e
2026-01-20 11:47:29.440 [main] DEBUG org.hibernate.type.BasicTypeRegistry - Adding type registration OffsetTimeWithTimezone -> org.hibernate.type.BasicTypeReference@62da83ed
2026-01-20 11:47:29.440 [main] DEBUG org.hibernate.type.BasicTypeRegistry - Adding type registration OffsetTimeWithoutTimezone -> org.hibernate.type.BasicTypeReference@5d8445d7
2026-01-20 11:47:29.440 [main] DEBUG org.hibernate.type.BasicTypeRegistry - Adding type registration ZonedDateTime -> org.hibernate.type.BasicTypeReference@37d80fe7
2026-01-20 11:47:29.440 [main] DEBUG org.hibernate.type.BasicTypeRegistry - Adding type registration java.time.ZonedDateTime -> org.hibernate.type.BasicTypeReference@37d80fe7
2026-01-20 11:47:29.441 [main] DEBUG org.hibernate.type.BasicTypeRegistry - Adding type registration ZonedDateTimeWithTimezone -> org.hibernate.type.BasicTypeReference@384fc774
2026-01-20 11:47:29.441 [main] DEBUG org.hibernate.type.BasicTypeRegistry - Adding type registration ZonedDateTimeWithoutTimezone -> org.hibernate.type.BasicTypeReference@e3cee7b
2026-01-20 11:47:29.441 [main] DEBUG org.hibernate.type.BasicTypeRegistry - Adding type registration date -> org.hibernate.type.BasicTypeReference@71e9a896
2026-01-20 11:47:29.441 [main] DEBUG org.hibernate.type.BasicTypeRegistry - Adding type registration java.sql.Date -> org.hibernate.type.BasicTypeReference@71e9a896
2026-01-20 11:47:29.441 [main] DEBUG org.hibernate.type.BasicTypeRegistry - Adding type registration time -> org.hibernate.type.BasicTypeReference@6b9267b
2026-01-20 11:47:29.441 [main] DEBUG org.hibernate.type.BasicTypeRegistry - Adding type registration java.sql.Time -> org.hibernate.type.BasicTypeReference@6b9267b
2026-01-20 11:47:29.441 [main] DEBUG org.hibernate.type.BasicTypeRegistry - Adding type registration timestamp -> org.hibernate.type.BasicTypeReference@408b35bf
2026-01-20 11:47:29.441 [main] DEBUG org.hibernate.type.BasicTypeRegistry - Adding type registration java.sql.Timestamp -> org.hibernate.type.BasicTypeReference@408b35bf
2026-01-20 11:47:29.441 [main] DEBUG org.hibernate.type.BasicTypeRegistry - Adding type registration java.util.Date -> org.hibernate.type.BasicTypeReference@408b35bf
2026-01-20 11:47:29.441 [main] DEBUG org.hibernate.type.BasicTypeRegistry - Adding type registration calendar -> org.hibernate.type.BasicTypeReference@29ad44e3
2026-01-20 11:47:29.441 [main] DEBUG org.hibernate.type.BasicTypeRegistry - Adding type registration java.util.Calendar -> org.hibernate.type.BasicTypeReference@29ad44e3
2026-01-20 11:47:29.441 [main] DEBUG org.hibernate.type.BasicTypeRegistry - Adding type registration java.util.GregorianCalendar -> org.hibernate.type.BasicTypeReference@29ad44e3
2026-01-20 11:47:29.441 [main] DEBUG org.hibernate.type.BasicTypeRegistry - Adding type registration calendar_date -> org.hibernate.type.BasicTypeReference@15bcf458
2026-01-20 11:47:29.441 [main] DEBUG org.hibernate.type.BasicTypeRegistry - Adding type registration calendar_time -> org.hibernate.type.BasicTypeReference@5af9926a
2026-01-20 11:47:29.441 [main] DEBUG org.hibernate.type.BasicTypeRegistry - Adding type registration instant -> org.hibernate.type.BasicTypeReference@43c67247
2026-01-20 11:47:29.441 [main] DEBUG org.hibernate.type.BasicTypeRegistry - Adding type registration java.time.Instant -> org.hibernate.type.BasicTypeReference@43c67247
2026-01-20 11:47:29.441 [main] DEBUG org.hibernate.type.BasicTypeRegistry - Adding type registration uuid -> org.hibernate.type.BasicTypeReference@fac80
2026-01-20 11:47:29.441 [main] DEBUG org.hibernate.type.BasicTypeRegistry - Adding type registration java.util.UUID -> org.hibernate.type.BasicTypeReference@fac80
2026-01-20 11:47:29.441 [main] DEBUG org.hibernate.type.BasicTypeRegistry - Adding type registration pg-uuid -> org.hibernate.type.BasicTypeReference@fac80
2026-01-20 11:47:29.442 [main] DEBUG org.hibernate.type.BasicTypeRegistry - Adding type registration uuid-binary -> org.hibernate.type.BasicTypeReference@726386ed
2026-01-20 11:47:29.442 [main] DEBUG org.hibernate.type.BasicTypeRegistry - Adding type registration uuid-char -> org.hibernate.type.BasicTypeReference@649f2009
2026-01-20 11:47:29.442 [main] DEBUG org.hibernate.type.BasicTypeRegistry - Adding type registration class -> org.hibernate.type.BasicTypeReference@14bb2297
2026-01-20 11:47:29.442 [main] DEBUG org.hibernate.type.BasicTypeRegistry - Adding type registration java.lang.Class -> org.hibernate.type.BasicTypeReference@14bb2297
2026-01-20 11:47:29.442 [main] DEBUG org.hibernate.type.BasicTypeRegistry - Adding type registration currency -> org.hibernate.type.BasicTypeReference@69adf72c
2026-01-20 11:47:29.442 [main] DEBUG org.hibernate.type.BasicTypeRegistry - Adding type registration Currency -> org.hibernate.type.BasicTypeReference@69adf72c
2026-01-20 11:47:29.442 [main] DEBUG org.hibernate.type.BasicTypeRegistry - Adding type registration java.util.Currency -> org.hibernate.type.BasicTypeReference@69adf72c
2026-01-20 11:47:29.442 [main] DEBUG org.hibernate.type.BasicTypeRegistry - Adding type registration locale -> org.hibernate.type.BasicTypeReference@797501a
2026-01-20 11:47:29.443 [main] DEBUG org.hibernate.type.BasicTypeRegistry - Adding type registration java.util.Locale -> org.hibernate.type.BasicTypeReference@797501a
2026-01-20 11:47:29.443 [main] DEBUG org.hibernate.type.BasicTypeRegistry - Adding type registration serializable -> org.hibernate.type.BasicTypeReference@1a15b789
2026-01-20 11:47:29.443 [main] DEBUG org.hibernate.type.BasicTypeRegistry - Adding type registration java.io.Serializable -> org.hibernate.type.BasicTypeReference@1a15b789
2026-01-20 11:47:29.443 [main] DEBUG org.hibernate.type.BasicTypeRegistry - Adding type registration timezone -> org.hibernate.type.BasicTypeReference@57f791c6
2026-01-20 11:47:29.443 [main] DEBUG org.hibernate.type.BasicTypeRegistry - Adding type registration java.util.TimeZone -> org.hibernate.type.BasicTypeReference@57f791c6
2026-01-20 11:47:29.443 [main] DEBUG org.hibernate.type.BasicTypeRegistry - Adding type registration ZoneOffset -> org.hibernate.type.BasicTypeReference@51650883
2026-01-20 11:47:29.443 [main] DEBUG org.hibernate.type.BasicTypeRegistry - Adding type registration java.time.ZoneOffset -> org.hibernate.type.BasicTypeReference@51650883
2026-01-20 11:47:29.443 [main] DEBUG org.hibernate.type.BasicTypeRegistry - Adding type registration url -> org.hibernate.type.BasicTypeReference@6c4f9535
2026-01-20 11:47:29.443 [main] DEBUG org.hibernate.type.BasicTypeRegistry - Adding type registration java.net.URL -> org.hibernate.type.BasicTypeReference@6c4f9535
2026-01-20 11:47:29.443 [main] DEBUG org.hibernate.type.BasicTypeRegistry - Adding type registration vector -> org.hibernate.type.BasicTypeReference@5bd1ceca
2026-01-20 11:47:29.443 [main] DEBUG org.hibernate.type.BasicTypeRegistry - Adding type registration row_version -> org.hibernate.type.BasicTypeReference@30c31dd7
2026-01-20 11:47:29.447 [main] DEBUG org.hibernate.type.BasicTypeRegistry - Adding type registration object -> org.hibernate.type.JavaObjectType@4e9658b5
2026-01-20 11:47:29.447 [main] DEBUG org.hibernate.type.BasicTypeRegistry - Adding type registration java.lang.Object -> org.hibernate.type.JavaObjectType@4e9658b5
2026-01-20 11:47:29.448 [main] DEBUG org.hibernate.type.BasicTypeRegistry - Adding type registration null -> org.hibernate.type.NullType@1edb61b1
2026-01-20 11:47:29.448 [main] DEBUG org.hibernate.type.BasicTypeRegistry - Adding type registration imm_date -> org.hibernate.type.BasicTypeReference@ec2bf82
2026-01-20 11:47:29.448 [main] DEBUG org.hibernate.type.BasicTypeRegistry - Adding type registration imm_time -> org.hibernate.type.BasicTypeReference@cc62a3b
2026-01-20 11:47:29.448 [main] DEBUG org.hibernate.type.BasicTypeRegistry - Adding type registration imm_timestamp -> org.hibernate.type.BasicTypeReference@6cc0bcf6
2026-01-20 11:47:29.448 [main] DEBUG org.hibernate.type.BasicTypeRegistry - Adding type registration imm_calendar -> org.hibernate.type.BasicTypeReference@29539e36
2026-01-20 11:47:29.448 [main] DEBUG org.hibernate.type.BasicTypeRegistry - Adding type registration imm_calendar_date -> org.hibernate.type.BasicTypeReference@32f61a31
2026-01-20 11:47:29.449 [main] DEBUG org.hibernate.type.BasicTypeRegistry - Adding type registration imm_calendar_time -> org.hibernate.type.BasicTypeReference@f5c79a6
2026-01-20 11:47:29.449 [main] DEBUG org.hibernate.type.BasicTypeRegistry - Adding type registration imm_binary -> org.hibernate.type.BasicTypeReference@669253b7
2026-01-20 11:47:29.449 [main] DEBUG org.hibernate.type.BasicTypeRegistry - Adding type registration imm_serializable -> org.hibernate.type.BasicTypeReference@5305c37d
2026-01-20 11:47:29.468 [main] WARN  org.hibernate.orm.connections.pooling - HHH10001002: Using built-in connection pool (not intended for production use)
2026-01-20 11:47:29.471 [main] INFO  org.hibernate.orm.connections.pooling - HHH10001005: Loaded JDBC driver class: com.mysql.cj.jdbc.Driver
2026-01-20 11:47:29.472 [main] INFO  org.hibernate.orm.connections.pooling - HHH10001012: Connecting with JDBC URL [jdbc:mysql://localhost:3307/accesoDatosDAM?useSSL=false&serverTimezone=UTC]
2026-01-20 11:47:29.472 [main] INFO  org.hibernate.orm.connections.pooling - HHH10001001: Connection properties: {password=usuario, user=usuario2}
2026-01-20 11:47:29.472 [main] INFO  org.hibernate.orm.connections.pooling - HHH10001003: Autocommit mode: false
2026-01-20 11:47:29.473 [main] DEBUG org.hibernate.orm.connections.pooling - Initializing Connection pool with 1 Connections
2026-01-20 11:47:29.473 [main] INFO  org.hibernate.orm.connections.pooling - HHH10001115: Connection pool size: 20 (min=1)
2026-01-20 11:47:29.617 [main] DEBUG org.hibernate.engine.jdbc.env.internal.JdbcEnvironmentInitiator - Database ->
       name : MySQL
    version : 8.4.7
      major : 8
      minor : 4
2026-01-20 11:47:29.618 [main] DEBUG org.hibernate.engine.jdbc.env.internal.JdbcEnvironmentInitiator - Driver ->
       name : MySQL Connector/J
    version : mysql-connector-j-8.4.0 (Revision: 1c3f5c149e0bfe31c7fbeb24e2d260cd890972c4)
      major : 8
      minor : 4
2026-01-20 11:47:29.618 [main] DEBUG org.hibernate.engine.jdbc.env.internal.JdbcEnvironmentInitiator - JDBC version : 4.2
2026-01-20 11:47:29.655 [main] WARN  org.hibernate.orm.deprecation - HHH90000025: MySQLDialect does not need to be specified explicitly using 'hibernate.dialect' (remove the property setting and it will be selected by default)
2026-01-20 11:47:29.657 [main] DEBUG org.hibernate.orm.dialect - HHH035001: Using dialect: org.hibernate.dialect.MySQLDialect, version: 8.4.7
2026-01-20 11:47:29.663 [main] DEBUG org.hibernate.engine.jdbc.env.spi.IdentifierHelperBuilder - JDBC driver metadata reported database stores quoted identifiers in more than one case
2026-01-20 11:47:29.663 [main] DEBUG org.hibernate.engine.jdbc.env.spi.IdentifierHelperBuilder - IdentifierCaseStrategy for both quoted and unquoted identifiers was set to the same strategy [MIXED]; that will likely lead to problems in schema update and validation if using quoted identifiers
2026-01-20 11:47:29.677 [main] DEBUG org.hibernate.type.descriptor.sql.spi.DdlTypeRegistry - addDescriptor(12, org.hibernate.type.descriptor.sql.internal.CapacityDependentDdlType@64bfd6fd) replaced previous registration(org.hibernate.type.descriptor.sql.internal.CapacityDependentDdlType@2ab2710)
2026-01-20 11:47:29.677 [main] DEBUG org.hibernate.type.descriptor.sql.spi.DdlTypeRegistry - addDescriptor(-9, org.hibernate.type.descriptor.sql.internal.CapacityDependentDdlType@253b380a) replaced previous registration(org.hibernate.type.descriptor.sql.internal.CapacityDependentDdlType@29c2c826)
2026-01-20 11:47:29.677 [main] DEBUG org.hibernate.type.descriptor.sql.spi.DdlTypeRegistry - addDescriptor(-3, org.hibernate.type.descriptor.sql.internal.CapacityDependentDdlType@3350ebdd) replaced previous registration(org.hibernate.type.descriptor.sql.internal.CapacityDependentDdlType@6818d900)
2026-01-20 11:47:29.677 [main] DEBUG org.hibernate.type.descriptor.sql.spi.DdlTypeRegistry - addDescriptor(4003, org.hibernate.type.descriptor.sql.internal.DdlTypeImpl@149f5761) replaced previous registration(org.hibernate.type.descriptor.sql.internal.DdlTypeImpl@2ba33e2c)
2026-01-20 11:47:29.677 [main] DEBUG org.hibernate.type.descriptor.sql.spi.DdlTypeRegistry - addDescriptor(4001, org.hibernate.type.descriptor.sql.internal.DdlTypeImpl@1f193686) replaced previous registration(org.hibernate.type.descriptor.sql.internal.DdlTypeImpl@31e72cbc)
2026-01-20 11:47:29.677 [main] DEBUG org.hibernate.type.descriptor.sql.spi.DdlTypeRegistry - addDescriptor(4002, org.hibernate.type.descriptor.sql.internal.DdlTypeImpl@5fad41be) replaced previous registration(org.hibernate.type.descriptor.sql.internal.DdlTypeImpl@6dcd5639)
2026-01-20 11:47:29.677 [main] DEBUG org.hibernate.type.descriptor.sql.spi.DdlTypeRegistry - addDescriptor(2004, org.hibernate.type.descriptor.sql.internal.CapacityDependentDdlType@3b36e000) replaced previous registration(org.hibernate.type.descriptor.sql.internal.DdlTypeImpl@333cb916)
2026-01-20 11:47:29.677 [main] DEBUG org.hibernate.type.descriptor.sql.spi.DdlTypeRegistry - addDescriptor(2005, org.hibernate.type.descriptor.sql.internal.CapacityDependentDdlType@629ae7e) replaced previous registration(org.hibernate.type.descriptor.sql.internal.DdlTypeImpl@1d25c1c)
2026-01-20 11:47:29.678 [main] DEBUG org.hibernate.type.descriptor.sql.spi.DdlTypeRegistry - addDescriptor(2011, org.hibernate.type.descriptor.sql.internal.CapacityDependentDdlType@de88ac6) replaced previous registration(org.hibernate.type.descriptor.sql.internal.DdlTypeImpl@5bca7664)
2026-01-20 11:47:29.679 [main] DEBUG org.hibernate.type.descriptor.jdbc.spi.JdbcTypeRegistry - addDescriptor(NCharTypeDescriptor) replaced previous registration(CharTypeDescriptor)
2026-01-20 11:47:29.679 [main] DEBUG org.hibernate.type.descriptor.jdbc.spi.JdbcTypeRegistry - addDescriptor(NVarcharTypeDescriptor) replaced previous registration(VarcharTypeDescriptor)
2026-01-20 11:47:29.680 [main] DEBUG org.hibernate.type.descriptor.jdbc.spi.JdbcTypeRegistry - addDescriptor(LongNVarcharTypeDescriptor) replaced previous registration(LongVarcharTypeDescriptor)
2026-01-20 11:47:29.682 [main] DEBUG org.hibernate.type.descriptor.jdbc.spi.JdbcTypeRegistry - addDescriptor(NClobTypeDescriptor(DEFAULT)) replaced previous registration(ClobTypeDescriptor(DEFAULT))
2026-01-20 11:47:29.682 [main] DEBUG org.hibernate.type.descriptor.jdbc.spi.JdbcTypeRegistry - addDescriptor(2005, ClobTypeDescriptor(STREAM_BINDING)) replaced previous registration(ClobTypeDescriptor(DEFAULT))
2026-01-20 11:47:29.685 [main] DEBUG org.hibernate.type.BasicTypeRegistry - Adding type registration null -> org.hibernate.type.NullType@6a0659ac
2026-01-20 11:47:29.686 [main] DEBUG org.hibernate.type.BasicTypeRegistry - Type registration key [null] overrode previous entry : `org.hibernate.type.NullType@1edb61b1`
2026-01-20 11:47:29.689 [main] DEBUG org.hibernate.type.BasicTypeRegistry - Adding type registration org.hibernate.type.DurationType -> basicType@1(java.time.Duration,3015)
2026-01-20 11:47:29.689 [main] DEBUG org.hibernate.type.BasicTypeRegistry - Adding type registration Duration -> basicType@1(java.time.Duration,3015)
2026-01-20 11:47:29.689 [main] DEBUG org.hibernate.type.BasicTypeRegistry - Adding type registration java.time.Duration -> basicType@1(java.time.Duration,3015)
2026-01-20 11:47:29.693 [main] DEBUG org.hibernate.type.BasicTypeRegistry - Adding type registration org.hibernate.type.OffsetDateTimeType -> basicType@2(java.time.OffsetDateTime,3003)
2026-01-20 11:47:29.693 [main] DEBUG org.hibernate.type.BasicTypeRegistry - Adding type registration OffsetDateTime -> basicType@2(java.time.OffsetDateTime,3003)
2026-01-20 11:47:29.693 [main] DEBUG org.hibernate.type.BasicTypeRegistry - Adding type registration java.time.OffsetDateTime -> basicType@2(java.time.OffsetDateTime,3003)
2026-01-20 11:47:29.693 [main] DEBUG org.hibernate.type.BasicTypeRegistry - Adding type registration org.hibernate.type.ZonedDateTimeType -> basicType@3(java.time.ZonedDateTime,3003)
2026-01-20 11:47:29.693 [main] DEBUG org.hibernate.type.BasicTypeRegistry - Adding type registration ZonedDateTime -> basicType@3(java.time.ZonedDateTime,3003)
2026-01-20 11:47:29.693 [main] DEBUG org.hibernate.type.BasicTypeRegistry - Adding type registration java.time.ZonedDateTime -> basicType@3(java.time.ZonedDateTime,3003)
2026-01-20 11:47:29.694 [main] DEBUG org.hibernate.type.BasicTypeRegistry - Adding type registration org.hibernate.type.OffsetTimeType -> basicType@4(java.time.OffsetTime,3007)
2026-01-20 11:47:29.695 [main] DEBUG org.hibernate.type.BasicTypeRegistry - Adding type registration OffsetTime -> basicType@4(java.time.OffsetTime,3007)
2026-01-20 11:47:29.695 [main] DEBUG org.hibernate.type.BasicTypeRegistry - Adding type registration java.time.OffsetTime -> basicType@4(java.time.OffsetTime,3007)
2026-01-20 11:47:29.696 [main] DEBUG org.hibernate.type.spi.TypeConfiguration$Scope - Scoping TypeConfiguration [org.hibernate.type.spi.TypeConfiguration@47ec7422] to MetadataBuildingContext [org.hibernate.boot.internal.MetadataBuildingContextRootImpl@48535004]
2026-01-20 11:47:29.724 [main] DEBUG org.hibernate.boot.model.relational.Namespace - Created database namespace [logicalName=Name{catalog=null, schema=null}, physicalName=Name{catalog=null, schema=null}]
2026-01-20 11:47:29.742 [main] DEBUG org.hibernate.boot.model.internal.EntityBinder - Binding entity from annotated class: modelo.Reunion
2026-01-20 11:47:29.748 [main] DEBUG org.hibernate.boot.model.internal.EntityBinder - Import with entity name Reunion
2026-01-20 11:47:29.753 [main] DEBUG org.hibernate.boot.model.internal.EntityBinder - Bind entity modelo.Reunion on table reunion
2026-01-20 11:47:29.759 [main] DEBUG org.hibernate.boot.model.internal.AnnotatedColumn - Binding column: AnnotatedDiscriminatorColumn(column='DTYPE')
2026-01-20 11:47:29.772 [main] DEBUG org.hibernate.boot.model.internal.AnnotatedColumn - Binding column: AnnotatedColumn()
2026-01-20 11:47:29.772 [main] DEBUG org.hibernate.boot.internal.ClassLoaderAccessImpl - Not known whether passed class name [modelo.Reunion] is safe
2026-01-20 11:47:29.772 [main] DEBUG org.hibernate.boot.internal.ClassLoaderAccessImpl - No temp ClassLoader provided; using live ClassLoader for loading potentially unsafe class : modelo.Reunion
2026-01-20 11:47:29.775 [main] DEBUG org.hibernate.boot.model.internal.PropertyBinder - MetadataSourceProcessor property idReunion with lazy=false
2026-01-20 11:47:29.779 [main] DEBUG org.hibernate.boot.model.internal.AbstractPropertyHolder - Attempting to locate auto-apply AttributeConverter for property [modelo.Reunion:idReunion]
2026-01-20 11:47:29.784 [main] DEBUG org.hibernate.boot.model.internal.BasicValueBinder - building BasicValue for idReunion
2026-01-20 11:47:29.786 [main] DEBUG org.hibernate.mapping.BasicValue - Skipping column re-registration: reunion.idReunion
2026-01-20 11:47:29.787 [main] DEBUG org.hibernate.boot.model.internal.PropertyBinder - Building property idReunion
2026-01-20 11:47:29.790 [main] DEBUG org.hibernate.boot.model.internal.BinderHelper - #makeIdGenerator(BasicValue([Column(idReunion)]), idReunion, org.hibernate.id.enhanced.SequenceStyleGenerator, , ...)
2026-01-20 11:47:29.790 [main] DEBUG org.hibernate.boot.model.internal.AnnotatedColumn - Binding column: AnnotatedColumn()
2026-01-20 11:47:29.790 [main] DEBUG org.hibernate.boot.model.internal.PropertyBinder - MetadataSourceProcessor property asunto with lazy=false
2026-01-20 11:47:29.790 [main] DEBUG org.hibernate.boot.model.internal.AbstractPropertyHolder - Attempting to locate auto-apply AttributeConverter for property [modelo.Reunion:asunto]
2026-01-20 11:47:29.790 [main] DEBUG org.hibernate.boot.model.internal.BasicValueBinder - building BasicValue for asunto
2026-01-20 11:47:29.790 [main] DEBUG org.hibernate.mapping.BasicValue - Skipping column re-registration: reunion.asunto
2026-01-20 11:47:29.790 [main] DEBUG org.hibernate.boot.model.internal.PropertyBinder - Building property asunto
2026-01-20 11:47:29.791 [main] DEBUG org.hibernate.boot.model.internal.AnnotatedColumn - Binding column: AnnotatedColumn()
2026-01-20 11:47:29.791 [main] DEBUG org.hibernate.boot.model.internal.PropertyBinder - MetadataSourceProcessor property fecha with lazy=false
2026-01-20 11:47:29.791 [main] DEBUG org.hibernate.boot.model.internal.AbstractPropertyHolder - Attempting to locate auto-apply AttributeConverter for property [modelo.Reunion:fecha]
2026-01-20 11:47:29.793 [main] DEBUG org.hibernate.boot.model.internal.BasicValueBinder - building BasicValue for fecha
2026-01-20 11:47:29.793 [main] DEBUG org.hibernate.mapping.BasicValue - Skipping column re-registration: reunion.fecha
2026-01-20 11:47:29.793 [main] DEBUG org.hibernate.boot.model.internal.PropertyBinder - Building property fecha
2026-01-20 11:47:29.793 [main] DEBUG org.hibernate.boot.registry.classloading.internal.ClassLoaderServiceImpl - HHH000194: Package not found or wo package-info.java: modelo
2026-01-20 11:47:29.797 [main] DEBUG org.hibernate.boot.model.internal.EntityBinder - Binding entity from annotated class: modelo.Persona
2026-01-20 11:47:29.798 [main] DEBUG org.hibernate.boot.model.internal.EntityBinder - Import with entity name Persona
2026-01-20 11:47:29.798 [main] DEBUG org.hibernate.boot.model.internal.EntityBinder - Bind entity modelo.Persona on table persona
2026-01-20 11:47:29.798 [main] DEBUG org.hibernate.boot.model.internal.AnnotatedColumn - Binding column: AnnotatedDiscriminatorColumn(column='DTYPE')
2026-01-20 11:47:29.800 [main] DEBUG org.hibernate.boot.model.internal.AnnotatedColumn - Binding column: AnnotatedColumn()
2026-01-20 11:47:29.800 [main] DEBUG org.hibernate.boot.internal.ClassLoaderAccessImpl - Not known whether passed class name [modelo.Persona] is safe
2026-01-20 11:47:29.800 [main] DEBUG org.hibernate.boot.internal.ClassLoaderAccessImpl - No temp ClassLoader provided; using live ClassLoader for loading potentially unsafe class : modelo.Persona
2026-01-20 11:47:29.800 [main] DEBUG org.hibernate.boot.model.internal.PropertyBinder - MetadataSourceProcessor property dni with lazy=false
2026-01-20 11:47:29.800 [main] DEBUG org.hibernate.boot.model.internal.AbstractPropertyHolder - Attempting to locate auto-apply AttributeConverter for property [modelo.Persona:dni]
2026-01-20 11:47:29.800 [main] DEBUG org.hibernate.boot.model.internal.BasicValueBinder - building BasicValue for dni
2026-01-20 11:47:29.800 [main] DEBUG org.hibernate.mapping.BasicValue - Skipping column re-registration: persona.dni
2026-01-20 11:47:29.800 [main] DEBUG org.hibernate.boot.model.internal.PropertyBinder - Building property dni
2026-01-20 11:47:29.800 [main] DEBUG org.hibernate.boot.model.internal.BinderHelper - #makeIdGenerator(BasicValue([Column(dni)]), dni, org.hibernate.id.enhanced.SequenceStyleGenerator, , ...)
2026-01-20 11:47:29.801 [main] DEBUG org.hibernate.boot.model.internal.AnnotatedColumn - Binding column: AnnotatedColumn()
2026-01-20 11:47:29.801 [main] DEBUG org.hibernate.boot.model.internal.PropertyBinder - MetadataSourceProcessor property edad with lazy=false
2026-01-20 11:47:29.801 [main] DEBUG org.hibernate.boot.model.internal.AbstractPropertyHolder - Attempting to locate auto-apply AttributeConverter for property [modelo.Persona:edad]
2026-01-20 11:47:29.801 [main] DEBUG org.hibernate.boot.model.internal.BasicValueBinder - building BasicValue for edad
2026-01-20 11:47:29.801 [main] DEBUG org.hibernate.mapping.BasicValue - Skipping column re-registration: persona.edad
2026-01-20 11:47:29.801 [main] DEBUG org.hibernate.boot.model.internal.PropertyBinder - Building property edad
2026-01-20 11:47:29.801 [main] DEBUG org.hibernate.boot.model.internal.AnnotatedColumn - Binding column: AnnotatedColumn()
2026-01-20 11:47:29.802 [main] DEBUG org.hibernate.boot.model.internal.PropertyBinder - MetadataSourceProcessor property email with lazy=false
2026-01-20 11:47:29.802 [main] DEBUG org.hibernate.boot.model.internal.AbstractPropertyHolder - Attempting to locate auto-apply AttributeConverter for property [modelo.Persona:email]
2026-01-20 11:47:29.802 [main] DEBUG org.hibernate.boot.model.internal.BasicValueBinder - building BasicValue for email
2026-01-20 11:47:29.802 [main] DEBUG org.hibernate.mapping.BasicValue - Skipping column re-registration: persona.email
2026-01-20 11:47:29.802 [main] DEBUG org.hibernate.boot.model.internal.PropertyBinder - Building property email
2026-01-20 11:47:29.802 [main] DEBUG org.hibernate.boot.model.internal.AnnotatedColumn - Binding column: AnnotatedColumn()
2026-01-20 11:47:29.802 [main] DEBUG org.hibernate.boot.model.internal.PropertyBinder - MetadataSourceProcessor property fechaNacimiento with lazy=false
2026-01-20 11:47:29.802 [main] DEBUG org.hibernate.boot.model.internal.AbstractPropertyHolder - Attempting to locate auto-apply AttributeConverter for property [modelo.Persona:fechaNacimiento]
2026-01-20 11:47:29.802 [main] DEBUG org.hibernate.boot.model.internal.BasicValueBinder - building BasicValue for fechaNacimiento
2026-01-20 11:47:29.802 [main] DEBUG org.hibernate.mapping.BasicValue - Skipping column re-registration: persona.fechaNacimiento
2026-01-20 11:47:29.803 [main] DEBUG org.hibernate.boot.model.internal.PropertyBinder - Building property fechaNacimiento
2026-01-20 11:47:29.803 [main] DEBUG org.hibernate.boot.model.internal.AnnotatedColumn - Binding column: AnnotatedColumn()
2026-01-20 11:47:29.803 [main] DEBUG org.hibernate.boot.model.internal.PropertyBinder - MetadataSourceProcessor property nombreApellido with lazy=false
2026-01-20 11:47:29.803 [main] DEBUG org.hibernate.boot.model.internal.AbstractPropertyHolder - Attempting to locate auto-apply AttributeConverter for property [modelo.Persona:nombreApellido]
2026-01-20 11:47:29.803 [main] DEBUG org.hibernate.boot.model.internal.BasicValueBinder - building BasicValue for nombreApellido
2026-01-20 11:47:29.803 [main] DEBUG org.hibernate.mapping.BasicValue - Skipping column re-registration: persona.nombreApellido
2026-01-20 11:47:29.803 [main] DEBUG org.hibernate.boot.model.internal.PropertyBinder - Building property nombreApellido
2026-01-20 11:47:29.803 [main] DEBUG org.hibernate.boot.model.internal.AnnotatedColumn - Binding column: AnnotatedColumn()
2026-01-20 11:47:29.803 [main] DEBUG org.hibernate.boot.model.internal.PropertyBinder - MetadataSourceProcessor property telefono with lazy=false
2026-01-20 11:47:29.803 [main] DEBUG org.hibernate.boot.model.internal.AbstractPropertyHolder - Attempting to locate auto-apply AttributeConverter for property [modelo.Persona:telefono]
2026-01-20 11:47:29.803 [main] DEBUG org.hibernate.boot.model.internal.BasicValueBinder - building BasicValue for telefono
2026-01-20 11:47:29.803 [main] DEBUG org.hibernate.mapping.BasicValue - Skipping column re-registration: persona.telefono
2026-01-20 11:47:29.803 [main] DEBUG org.hibernate.boot.model.internal.PropertyBinder - Building property telefono
2026-01-20 11:47:29.804 [main] DEBUG org.hibernate.boot.registry.classloading.internal.ClassLoaderServiceImpl - HHH000194: Package not found or wo package-info.java: modelo
2026-01-20 11:47:29.804 [main] DEBUG org.hibernate.boot.model.internal.EntityBinder - Binding entity from annotated class: modelo.Sala
2026-01-20 11:47:29.804 [main] DEBUG org.hibernate.boot.model.internal.EntityBinder - Import with entity name Sala
2026-01-20 11:47:29.804 [main] DEBUG org.hibernate.boot.model.internal.EntityBinder - Bind entity modelo.Sala on table sala
2026-01-20 11:47:29.804 [main] DEBUG org.hibernate.boot.model.internal.AnnotatedColumn - Binding column: AnnotatedDiscriminatorColumn(column='DTYPE')
2026-01-20 11:47:29.806 [main] DEBUG org.hibernate.boot.model.internal.AnnotatedColumn - Binding column: AnnotatedColumn()
2026-01-20 11:47:29.806 [main] DEBUG org.hibernate.boot.internal.ClassLoaderAccessImpl - Not known whether passed class name [modelo.Sala] is safe
2026-01-20 11:47:29.806 [main] DEBUG org.hibernate.boot.internal.ClassLoaderAccessImpl - No temp ClassLoader provided; using live ClassLoader for loading potentially unsafe class : modelo.Sala
2026-01-20 11:47:29.806 [main] DEBUG org.hibernate.boot.model.internal.PropertyBinder - MetadataSourceProcessor property idSala with lazy=false
2026-01-20 11:47:29.806 [main] DEBUG org.hibernate.boot.model.internal.AbstractPropertyHolder - Attempting to locate auto-apply AttributeConverter for property [modelo.Sala:idSala]
2026-01-20 11:47:29.806 [main] DEBUG org.hibernate.boot.model.internal.BasicValueBinder - building BasicValue for idSala
2026-01-20 11:47:29.806 [main] DEBUG org.hibernate.mapping.BasicValue - Skipping column re-registration: sala.idSala
2026-01-20 11:47:29.807 [main] DEBUG org.hibernate.boot.model.internal.PropertyBinder - Building property idSala
2026-01-20 11:47:29.807 [main] DEBUG org.hibernate.boot.model.internal.BinderHelper - #makeIdGenerator(BasicValue([Column(idSala)]), idSala, org.hibernate.id.enhanced.SequenceStyleGenerator, , ...)
2026-01-20 11:47:29.807 [main] DEBUG org.hibernate.boot.model.internal.AnnotatedColumn - Binding column: AnnotatedColumn()
2026-01-20 11:47:29.807 [main] DEBUG org.hibernate.boot.model.internal.PropertyBinder - MetadataSourceProcessor property capacidad with lazy=false
2026-01-20 11:47:29.807 [main] DEBUG org.hibernate.boot.model.internal.AbstractPropertyHolder - Attempting to locate auto-apply AttributeConverter for property [modelo.Sala:capacidad]
2026-01-20 11:47:29.807 [main] DEBUG org.hibernate.boot.model.internal.BasicValueBinder - building BasicValue for capacidad
2026-01-20 11:47:29.807 [main] DEBUG org.hibernate.mapping.BasicValue - Skipping column re-registration: sala.capacidad
2026-01-20 11:47:29.807 [main] DEBUG org.hibernate.boot.model.internal.PropertyBinder - Building property capacidad
2026-01-20 11:47:29.807 [main] DEBUG org.hibernate.boot.model.internal.AnnotatedColumn - Binding column: AnnotatedColumn()
2026-01-20 11:47:29.807 [main] DEBUG org.hibernate.boot.model.internal.PropertyBinder - MetadataSourceProcessor property nombre with lazy=false
2026-01-20 11:47:29.807 [main] DEBUG org.hibernate.boot.model.internal.AbstractPropertyHolder - Attempting to locate auto-apply AttributeConverter for property [modelo.Sala:nombre]
2026-01-20 11:47:29.807 [main] DEBUG org.hibernate.boot.model.internal.BasicValueBinder - building BasicValue for nombre
2026-01-20 11:47:29.808 [main] DEBUG org.hibernate.mapping.BasicValue - Skipping column re-registration: sala.nombre
2026-01-20 11:47:29.808 [main] DEBUG org.hibernate.boot.model.internal.PropertyBinder - Building property nombre
2026-01-20 11:47:29.808 [main] DEBUG org.hibernate.boot.registry.classloading.internal.ClassLoaderServiceImpl - HHH000194: Package not found or wo package-info.java: modelo
2026-01-20 11:47:29.809 [main] DEBUG org.hibernate.boot.model.internal.BasicValueBinder - Starting `BasicValueBinder#fillSimpleValue` for idReunion
2026-01-20 11:47:29.810 [main] DEBUG org.hibernate.boot.model.internal.BasicValueBinder - Starting `BasicValueBinder#fillSimpleValue` for asunto
2026-01-20 11:47:29.811 [main] DEBUG org.hibernate.boot.model.internal.BasicValueBinder - Starting `BasicValueBinder#fillSimpleValue` for fecha
2026-01-20 11:47:29.811 [main] DEBUG org.hibernate.boot.model.internal.BasicValueBinder - Starting `BasicValueBinder#fillSimpleValue` for dni
2026-01-20 11:47:29.811 [main] DEBUG org.hibernate.boot.model.internal.BasicValueBinder - Starting `BasicValueBinder#fillSimpleValue` for edad
2026-01-20 11:47:29.811 [main] DEBUG org.hibernate.boot.model.internal.BasicValueBinder - Starting `BasicValueBinder#fillSimpleValue` for email
2026-01-20 11:47:29.811 [main] DEBUG org.hibernate.boot.model.internal.BasicValueBinder - Starting `BasicValueBinder#fillSimpleValue` for fechaNacimiento
2026-01-20 11:47:29.811 [main] DEBUG org.hibernate.boot.model.internal.BasicValueBinder - Starting `BasicValueBinder#fillSimpleValue` for nombreApellido
2026-01-20 11:47:29.811 [main] DEBUG org.hibernate.boot.model.internal.BasicValueBinder - Starting `BasicValueBinder#fillSimpleValue` for telefono
2026-01-20 11:47:29.811 [main] DEBUG org.hibernate.boot.model.internal.BasicValueBinder - Starting `BasicValueBinder#fillSimpleValue` for idSala
2026-01-20 11:47:29.811 [main] DEBUG org.hibernate.boot.model.internal.BasicValueBinder - Starting `BasicValueBinder#fillSimpleValue` for capacidad
2026-01-20 11:47:29.811 [main] DEBUG org.hibernate.boot.model.internal.BasicValueBinder - Starting `BasicValueBinder#fillSimpleValue` for nombre
2026-01-20 11:47:29.813 [main] DEBUG org.hibernate.mapping.PrimaryKey - Forcing column [idreunion] to be non-null as it is part of the primary key for table [reunion]
2026-01-20 11:47:29.813 [main] DEBUG org.hibernate.mapping.PrimaryKey - Forcing column [dni] to be non-null as it is part of the primary key for table [persona]
2026-01-20 11:47:29.813 [main] DEBUG org.hibernate.mapping.PrimaryKey - Forcing column [idsala] to be non-null as it is part of the primary key for table [sala]
2026-01-20 11:47:29.954 [main] DEBUG org.hibernate.internal.SessionFactoryImpl - Building session factory
2026-01-20 11:47:29.984 [main] DEBUG org.hibernate.service.internal.SessionFactoryServiceRegistryImpl - EventListenerRegistry access via ServiceRegistry is deprecated.  Use `sessionFactory.getEventEngine().getListenerRegistry()` instead
2026-01-20 11:47:29.984 [main] DEBUG org.hibernate.internal.SessionFactoryImpl - Instantiating SessionFactory with settings: {hibernate.format_sql=true, java.specification.version=21, sun.cpu.isalist=amd64, sun.jnu.encoding=Cp1252, hibernate.dialect=org.hibernate.dialect.MySQLDialect, java.class.path=C:\Users\alumno\Desktop\SegundoDAM\Acceso a Datos\Hibernate\target\classes;C:\Users\alumno\Desktop\sts-4.31.0.RELEASE\plugins\junit-jupiter-api_5.12.2.jar;C:\Users\alumno\Desktop\sts-4.31.0.RELEASE\plugins\junit-jupiter-engine_5.12.2.jar;C:\Users\alumno\Desktop\sts-4.31.0.RELEASE\plugins\junit-jupiter-migrationsupport_5.12.2.jar;C:\Users\alumno\Desktop\sts-4.31.0.RELEASE\plugins\junit-jupiter-params_5.12.2.jar;C:\Users\alumno\Desktop\sts-4.31.0.RELEASE\plugins\junit-platform-commons_1.12.2.jar;C:\Users\alumno\Desktop\sts-4.31.0.RELEASE\plugins\junit-platform-engine_1.12.2.jar;C:\Users\alumno\Desktop\sts-4.31.0.RELEASE\plugins\junit-platform-launcher_1.12.2.jar;C:\Users\alumno\Desktop\sts-4.31.0.RELEASE\plugins\junit-platform-runner_1.12.2.jar;C:\Users\alumno\Desktop\sts-4.31.0.RELEASE\plugins\junit-platform-suite-api_1.12.2.jar;C:\Users\alumno\Desktop\sts-4.31.0.RELEASE\plugins\junit-platform-suite-engine_1.12.2.jar;C:\Users\alumno\Desktop\sts-4.31.0.RELEASE\plugins\junit-platform-suite-commons_1.12.2.jar;C:\Users\alumno\Desktop\sts-4.31.0.RELEASE\plugins\junit-vintage-engine_5.12.2.jar;C:\Users\alumno\Desktop\sts-4.31.0.RELEASE\plugins\org.opentest4j_1.3.0.jar;C:\Users\alumno\Desktop\sts-4.31.0.RELEASE\plugins\org.apiguardian.api_1.1.2.jar;C:\Users\alumno\Desktop\sts-4.31.0.RELEASE\plugins\org.junit_4.13.2.v20240929-1000.jar;C:\Users\alumno\Desktop\sts-4.31.0.RELEASE\plugins\org.hamcrest_3.0.0.jar;C:\Users\alumno\.m2\repository\org\hibernate\orm\hibernate-core\6.4.4.Final\hibernate-core-6.4.4.Final.jar;C:\Users\alumno\.m2\repository\jakarta\transaction\jakarta.transaction-api\2.0.1\jakarta.transaction-api-2.0.1.jar;C:\Users\alumno\.m2\repository\org\jboss\logging\jboss-logging\3.5.0.Final\jboss-logging-3.5.0.Final.jar;C:\Users\alumno\.m2\repository\org\hibernate\common\hibernate-commons-annotations\6.0.6.Final\hibernate-commons-annotations-6.0.6.Final.jar;C:\Users\alumno\.m2\repository\io\smallrye\jandex\3.1.2\jandex-3.1.2.jar;C:\Users\alumno\.m2\repository\com\fasterxml\classmate\1.5.1\classmate-1.5.1.jar;C:\Users\alumno\.m2\repository\net\bytebuddy\byte-buddy\1.14.11\byte-buddy-1.14.11.jar;C:\Users\alumno\.m2\repository\jakarta\xml\bind\jakarta.xml.bind-api\4.0.0\jakarta.xml.bind-api-4.0.0.jar;C:\Users\alumno\.m2\repository\jakarta\activation\jakarta.activation-api\2.1.0\jakarta.activation-api-2.1.0.jar;C:\Users\alumno\.m2\repository\org\glassfish\jaxb\jaxb-runtime\4.0.2\jaxb-runtime-4.0.2.jar;C:\Users\alumno\.m2\repository\org\glassfish\jaxb\jaxb-core\4.0.2\jaxb-core-4.0.2.jar;C:\Users\alumno\.m2\repository\org\eclipse\angus\angus-activation\2.0.0\angus-activation-2.0.0.jar;C:\Users\alumno\.m2\repository\org\glassfish\jaxb\txw2\4.0.2\txw2-4.0.2.jar;C:\Users\alumno\.m2\repository\com\sun\istack\istack-commons-runtime\4.1.1\istack-commons-runtime-4.1.1.jar;C:\Users\alumno\.m2\repository\jakarta\inject\jakarta.inject-api\2.0.1\jakarta.inject-api-2.0.1.jar;C:\Users\alumno\.m2\repository\org\antlr\antlr4-runtime\4.13.0\antlr4-runtime-4.13.0.jar;C:\Users\alumno\.m2\repository\com\mysql\mysql-connector-j\8.4.0\mysql-connector-j-8.4.0.jar;C:\Users\alumno\.m2\repository\com\google\protobuf\protobuf-java\3.25.1\protobuf-java-3.25.1.jar;C:\Users\alumno\.m2\repository\jakarta\persistence\jakarta.persistence-api\3.1.0\jakarta.persistence-api-3.1.0.jar;C:\Users\alumno\.m2\repository\org\apache\logging\log4j\log4j-api\2.13.0\log4j-api-2.13.0.jar;C:\Users\alumno\.m2\repository\org\apache\logging\log4j\log4j-core\2.13.0\log4j-core-2.13.0.jar;C:\Users\alumno\.m2\repository\com\google\code\gson\gson\2.10.1\gson-2.10.1.jar, java.vm.vendor=Oracle Corporation, sun.arch.data.model=64, user.variant=, java.vendor.url=https://java.oracle.com/, user.timezone=Europe/Madrid, org.apache.logging.log4j.assignedSequences=11686, java.vm.specification.version=21, os.name=Windows 11, sun.java.launcher=SUN_STANDARD, user.country=ES, sun.boot.library.path=C:\Program Files\Java\jdk-21\bin, sun.java.command=controlador.GestionaSalas, jdk.debug=release, sun.cpu.endian=little, user.home=C:\Users\alumno, user.language=es, java.specification.vendor=Oracle Corporation, java.version.date=2025-07-15, java.home=C:\Program Files\Java\jdk-21, file.separator=\, java.vm.compressedOopsMode=Zero based, line.separator=
, java.vm.specification.vendor=Oracle Corporation, java.specification.name=Java Platform API Specification, hibernate.hbm2ddl.auto=update, user.script=, sun.management.compiler=HotSpot 64-Bit Tiered Compilers, java.runtime.version=21.0.8+12-LTS-250, user.name=alumno, stdout.encoding=UTF-8, path.separator=;, hibernate.connection.username=****, os.version=10.0, java.runtime.name=Java(TM) SE Runtime Environment, hibernate.connection.url=jdbc:mysql://localhost:3307/accesoDatosDAM?useSSL=false&serverTimezone=UTC, file.encoding=UTF-8, java.vm.name=Java HotSpot(TM) 64-Bit Server VM, hibernate.show_sql=true, hibernate.connection.driver_class=com.mysql.cj.jdbc.Driver, java.vendor.url.bug=https://bugreport.java.com/bugreport/, java.io.tmpdir=C:\Users\alumno\AppData\Local\Temp\, java.version=21.0.8, user.dir=C:\Users\alumno\Desktop\SegundoDAM\Acceso a Datos\Hibernate, os.arch=amd64, java.vm.specification.name=Java Virtual Machine Specification, hibernate.connection.password=****, sun.os.patch.level=, hibernate.boot.CfgXmlAccessService.key=org.hibernate.boot.cfgxml.spi.LoadedConfig@38830ea, native.encoding=Cp1252, java.library.path=C:\Program Files\Java\jdk-21\bin;C:\WINDOWS\Sun\Java\bin;C:\WINDOWS\system32;C:\WINDOWS;C:/Users/alumno/Desktop/sts-4.31.0.RELEASE//plugins/org.eclipse.justj.openjdk.hotspot.jre.full.win32.x86_64_21.0.7.v20250502-0916/jre/bin/server;C:/Users/alumno/Desktop/sts-4.31.0.RELEASE//plugins/org.eclipse.justj.openjdk.hotspot.jre.full.win32.x86_64_21.0.7.v20250502-0916/jre/bin;C:\Program Files\Common Files\Oracle\Java\javapath;C:\WINDOWS\system32;C:\WINDOWS;C:\WINDOWS\System32\Wbem;C:\WINDOWS\System32\WindowsPowerShell\v1.0\;C:\WINDOWS\System32\OpenSSH\;C:\Program Files\nodejs\;C:\Program Files\Docker\Docker\resources\bin;C:\Users\alumno\AppData\Local\Programs\Python\Python311\Scripts\;C:\Users\alumno\AppData\Local\Programs\Python\Python311\;C:\Users\alumno\AppData\Local\Programs\Python\Python313\Scripts\;C:\Users\alumno\AppData\Local\Programs\Python\Python313\;C:\Users\alumno\AppData\Local\Programs\Python\Launcher\;C:\Users\alumno\AppData\Local\Programs\Python\Python314\Scripts\;C:\Users\alumno\AppData\Local\Programs\Python\Python314\;C:\Users\alumno\AppData\Local\Microsoft\WindowsApps;C:\Users\alumno\AppData\Local\GitHubDesktop\bin;C:\Users\alumno\AppData\Local\Programs\Git\cmd;C:\Users\alumno\AppData\Local\Programs\Microsoft VS Code\bin;C:\Users\alumno\AppData\Local\Python\bin;C:\Users\alumno\AppData\Roaming\npm;C:\Users\alumno\Desktop\sts-4.31.0.RELEASE;;., stderr.encoding=UTF-8, java.vendor=Oracle Corporation, java.vm.info=mixed mode, sharing, java.vm.version=21.0.8+12-LTS-250, sun.io.unicode.encoding=UnicodeLittle, java.class.version=65.0}
2026-01-20 11:47:29.988 [main] DEBUG org.hibernate.internal.SessionFactoryImpl - Session factory constructed with filter configurations : {}
2026-01-20 11:47:30.020 [main] DEBUG org.hibernate.query.sqm.function.SqmFunctionRegistry - Registered SqmFunctionTemplate [NamedSqmFunctionTemplate(max)] under max; prior registration was null
2026-01-20 11:47:30.020 [main] DEBUG org.hibernate.query.sqm.function.SqmFunctionRegistry - Registered SqmFunctionTemplate [NamedSqmFunctionTemplate(min)] under min; prior registration was null
2026-01-20 11:47:30.020 [main] DEBUG org.hibernate.query.sqm.function.SqmFunctionRegistry - Registered SqmFunctionTemplate [NamedSqmFunctionTemplate(sum)] under sum; prior registration was null
2026-01-20 11:47:30.021 [main] DEBUG org.hibernate.query.sqm.function.SqmFunctionRegistry - Registered SqmFunctionTemplate [NamedSqmFunctionTemplate(avg)] under avg; prior registration was null
2026-01-20 11:47:30.022 [main] DEBUG org.hibernate.query.sqm.function.SqmFunctionRegistry - Registered SqmFunctionTemplate [org.hibernate.dialect.function.CountFunction@1697f2b3] under count; prior registration was null
2026-01-20 11:47:30.022 [main] DEBUG org.hibernate.query.sqm.function.SqmFunctionRegistry - Registered SqmFunctionTemplate [org.hibernate.dialect.function.EveryAnyEmulation@463561c5] under every; prior registration was null
2026-01-20 11:47:30.023 [main] DEBUG org.hibernate.query.sqm.function.SqmFunctionRegistry - Registered SqmFunctionTemplate [org.hibernate.dialect.function.EveryAnyEmulation@659feb22] under any; prior registration was null
2026-01-20 11:47:30.023 [main] DEBUG org.hibernate.query.sqm.function.SqmFunctionRegistry - Registered SqmFunctionTemplate [NamedSqmFunctionTemplate(floor)] under floor; prior registration was null
2026-01-20 11:47:30.023 [main] DEBUG org.hibernate.query.sqm.function.SqmFunctionRegistry - Registered SqmFunctionTemplate [NamedSqmFunctionTemplate(ceiling)] under ceiling; prior registration was null
2026-01-20 11:47:30.023 [main] DEBUG org.hibernate.query.sqm.function.SqmFunctionRegistry - Registered SqmFunctionTemplate [NamedSqmFunctionTemplate(mod)] under mod; prior registration was null
2026-01-20 11:47:30.023 [main] DEBUG org.hibernate.query.sqm.function.SqmFunctionRegistry - Registered SqmFunctionTemplate [NamedSqmFunctionTemplate(abs)] under abs; prior registration was null
2026-01-20 11:47:30.023 [main] DEBUG org.hibernate.query.sqm.function.SqmFunctionRegistry - Registered SqmFunctionTemplate [NamedSqmFunctionTemplate(sign)] under sign; prior registration was null
2026-01-20 11:47:30.023 [main] DEBUG org.hibernate.query.sqm.function.SqmFunctionRegistry - Registered SqmFunctionTemplate [NamedSqmFunctionTemplate(sqrt)] under sqrt; prior registration was null
2026-01-20 11:47:30.023 [main] DEBUG org.hibernate.query.sqm.function.SqmFunctionRegistry - Registered SqmFunctionTemplate [NamedSqmFunctionTemplate(ln)] under ln; prior registration was null
2026-01-20 11:47:30.023 [main] DEBUG org.hibernate.query.sqm.function.SqmFunctionRegistry - Registered SqmFunctionTemplate [NamedSqmFunctionTemplate(exp)] under exp; prior registration was null
2026-01-20 11:47:30.023 [main] DEBUG org.hibernate.query.sqm.function.SqmFunctionRegistry - Registered SqmFunctionTemplate [NamedSqmFunctionTemplate(power)] under power; prior registration was null
2026-01-20 11:47:30.024 [main] DEBUG org.hibernate.query.sqm.function.SqmFunctionRegistry - Registered SqmFunctionTemplate [NamedSqmFunctionTemplate(round)] under round; prior registration was null
2026-01-20 11:47:30.024 [main] DEBUG org.hibernate.query.sqm.function.SqmFunctionRegistry - Registered SqmFunctionTemplate [NamedSqmFunctionTemplate(sin)] under sin; prior registration was null
2026-01-20 11:47:30.024 [main] DEBUG org.hibernate.query.sqm.function.SqmFunctionRegistry - Registered SqmFunctionTemplate [NamedSqmFunctionTemplate(cos)] under cos; prior registration was null
2026-01-20 11:47:30.024 [main] DEBUG org.hibernate.query.sqm.function.SqmFunctionRegistry - Registered SqmFunctionTemplate [NamedSqmFunctionTemplate(tan)] under tan; prior registration was null
2026-01-20 11:47:30.024 [main] DEBUG org.hibernate.query.sqm.function.SqmFunctionRegistry - Registered SqmFunctionTemplate [NamedSqmFunctionTemplate(asin)] under asin; prior registration was null
2026-01-20 11:47:30.024 [main] DEBUG org.hibernate.query.sqm.function.SqmFunctionRegistry - Registered SqmFunctionTemplate [NamedSqmFunctionTemplate(acos)] under acos; prior registration was null
2026-01-20 11:47:30.024 [main] DEBUG org.hibernate.query.sqm.function.SqmFunctionRegistry - Registered SqmFunctionTemplate [NamedSqmFunctionTemplate(atan)] under atan; prior registration was null
2026-01-20 11:47:30.024 [main] DEBUG org.hibernate.query.sqm.function.SqmFunctionRegistry - Registered SqmFunctionTemplate [NamedSqmFunctionTemplate(atan2)] under atan2; prior registration was null
2026-01-20 11:47:30.027 [main] DEBUG org.hibernate.query.sqm.function.SqmFunctionRegistry - Registered SqmFunctionTemplate [org.hibernate.query.sqm.function.PatternBasedSqmFunctionDescriptor@7377781e] under sinh; prior registration was null
2026-01-20 11:47:30.027 [main] DEBUG org.hibernate.query.sqm.function.SqmFunctionRegistry - Registered SqmFunctionTemplate [org.hibernate.query.sqm.function.PatternBasedSqmFunctionDescriptor@31db34da] under cosh; prior registration was null
2026-01-20 11:47:30.027 [main] DEBUG org.hibernate.query.sqm.function.SqmFunctionRegistry - Registered SqmFunctionTemplate [org.hibernate.query.sqm.function.PatternBasedSqmFunctionDescriptor@109f8c7e] under tanh; prior registration was null
2026-01-20 11:47:30.027 [main] DEBUG org.hibernate.query.sqm.function.SqmFunctionRegistry - Registered SqmFunctionTemplate [org.hibernate.query.sqm.function.PatternBasedSqmFunctionDescriptor@5edacf20] under pi; prior registration was null
2026-01-20 11:47:30.027 [main] DEBUG org.hibernate.query.sqm.function.SqmFunctionRegistry - Registered SqmFunctionTemplate [org.hibernate.query.sqm.function.PatternBasedSqmFunctionDescriptor@16a5eb6d] under log; prior registration was null
2026-01-20 11:47:30.028 [main] DEBUG org.hibernate.query.sqm.function.SqmFunctionRegistry - Registered SqmFunctionTemplate [NamedSqmFunctionTemplate(coalesce)] under coalesce; prior registration was null
2026-01-20 11:47:30.028 [main] DEBUG org.hibernate.query.sqm.function.SqmFunctionRegistry - Registered SqmFunctionTemplate [NamedSqmFunctionTemplate(nullif)] under nullif; prior registration was null
2026-01-20 11:47:30.028 [main] DEBUG org.hibernate.query.sqm.function.SqmFunctionRegistry - Registered SqmFunctionTemplate [NamedSqmFunctionTemplate(left)] under left; prior registration was null
2026-01-20 11:47:30.028 [main] DEBUG org.hibernate.query.sqm.function.SqmFunctionRegistry - Registered SqmFunctionTemplate [NamedSqmFunctionTemplate(right)] under right; prior registration was null
2026-01-20 11:47:30.028 [main] DEBUG org.hibernate.query.sqm.function.SqmFunctionRegistry - Registered SqmFunctionTemplate [NamedSqmFunctionTemplate(replace)] under replace; prior registration was null
2026-01-20 11:47:30.028 [main] DEBUG org.hibernate.query.sqm.function.SqmFunctionRegistry - Registered SqmFunctionTemplate [NamedSqmFunctionTemplate(concat)] under concat; prior registration was null
2026-01-20 11:47:30.028 [main] DEBUG org.hibernate.query.sqm.function.SqmFunctionRegistry - Registered SqmFunctionTemplate [NamedSqmFunctionTemplate(lower)] under lower; prior registration was null
2026-01-20 11:47:30.028 [main] DEBUG org.hibernate.query.sqm.function.SqmFunctionRegistry - Registered SqmFunctionTemplate [NamedSqmFunctionTemplate(upper)] under upper; prior registration was null
2026-01-20 11:47:30.028 [main] DEBUG org.hibernate.query.sqm.function.SqmFunctionRegistry - Registered SqmFunctionTemplate [NamedSqmFunctionTemplate(substring)] under substring; prior registration was null
2026-01-20 11:47:30.028 [main] DEBUG org.hibernate.query.sqm.function.SqmFunctionRegistry - Registered SqmFunctionTemplate [NamedSqmFunctionTemplate(locate)] under locate; prior registration was null
2026-01-20 11:47:30.028 [main] DEBUG org.hibernate.query.sqm.function.SqmFunctionRegistry - Registered SqmFunctionTemplate [NamedSqmFunctionTemplate(character_length)] under character_length; prior registration was null
2026-01-20 11:47:30.028 [main] DEBUG org.hibernate.query.sqm.function.SqmFunctionRegistry - Registering alternate key : length -> character_length
2026-01-20 11:47:30.029 [main] DEBUG org.hibernate.query.sqm.function.SqmFunctionRegistry - Registered SqmFunctionTemplate [org.hibernate.dialect.function.LocatePositionEmulation@21eee94f] under position; prior registration was null
2026-01-20 11:47:30.030 [main] DEBUG org.hibernate.query.sqm.function.SqmFunctionRegistry - Registered SqmFunctionTemplate [org.hibernate.dialect.function.InsertSubstringOverlayEmulation@1a47a1e8] under overlay; prior registration was null
2026-01-20 11:47:30.030 [main] DEBUG org.hibernate.query.sqm.function.SqmFunctionRegistry - Registered SqmFunctionTemplate [org.hibernate.dialect.function.TrimFunction@24eeac69] under trim; prior registration was null
2026-01-20 11:47:30.031 [main] DEBUG org.hibernate.query.sqm.function.SqmFunctionRegistry - Registered SqmFunctionTemplate [org.hibernate.dialect.function.CastFunction@346f41a9] under cast; prior registration was null
2026-01-20 11:47:30.031 [main] DEBUG org.hibernate.query.sqm.function.SqmFunctionRegistry - Registered SqmFunctionTemplate [org.hibernate.query.sqm.function.PatternBasedSqmFunctionDescriptor@1084f78c] under collate; prior registration was null
2026-01-20 11:47:30.031 [main] DEBUG org.hibernate.query.sqm.function.SqmFunctionRegistry - Registered SqmFunctionTemplate [org.hibernate.dialect.function.ExtractFunction@3382cf68] under extract; prior registration was null
2026-01-20 11:47:30.031 [main] DEBUG org.hibernate.query.sqm.function.SqmFunctionRegistry - Registered SqmFunctionTemplate [NamedSqmFunctionTemplate(least)] under least; prior registration was null
2026-01-20 11:47:30.031 [main] DEBUG org.hibernate.query.sqm.function.SqmFunctionRegistry - Registered SqmFunctionTemplate [NamedSqmFunctionTemplate(greatest)] under greatest; prior registration was null
2026-01-20 11:47:30.032 [main] DEBUG org.hibernate.query.sqm.function.SqmFunctionRegistry - Registered SqmFunctionTemplate [org.hibernate.dialect.function.CoalesceIfnullEmulation@27be17c8] under ifnull; prior registration was null
2026-01-20 11:47:30.032 [main] DEBUG org.hibernate.query.sqm.function.SqmFunctionRegistry - Registered SqmFunctionTemplate [NamedSqmFunctionTemplate(lpad)] under lpad; prior registration was null
2026-01-20 11:47:30.032 [main] DEBUG org.hibernate.query.sqm.function.SqmFunctionRegistry - Registered SqmFunctionTemplate [NamedSqmFunctionTemplate(rpad)] under rpad; prior registration was null
2026-01-20 11:47:30.032 [main] DEBUG org.hibernate.query.sqm.function.SqmFunctionRegistry - Registered SqmFunctionTemplate [org.hibernate.dialect.function.LpadRpadPadEmulation@3b8ec001] under pad; prior registration was null
2026-01-20 11:47:30.032 [main] DEBUG org.hibernate.query.sqm.function.SqmFunctionRegistry - Registered SqmFunctionTemplate [org.hibernate.dialect.function.CastStrEmulation@286090c] under str; prior registration was null
2026-01-20 11:47:30.033 [main] DEBUG org.hibernate.query.sqm.function.SqmFunctionRegistry - Registered SqmFunctionTemplate [org.hibernate.dialect.function.FormatFunction@7be2f29a] under format; prior registration was null
2026-01-20 11:47:30.033 [main] DEBUG org.hibernate.query.sqm.function.SqmFunctionRegistry - Registered SqmFunctionTemplate [org.hibernate.dialect.function.TimestampaddFunction@7d979d34] under timestampadd; prior registration was null
2026-01-20 11:47:30.034 [main] DEBUG org.hibernate.query.sqm.function.SqmFunctionRegistry - Registered SqmFunctionTemplate [org.hibernate.dialect.function.TimestampdiffFunction@3458eca5] under timestampdiff; prior registration was null
2026-01-20 11:47:30.034 [main] DEBUG org.hibernate.query.sqm.function.SqmFunctionRegistry - Registering alternate key : dateadd -> timestampadd
2026-01-20 11:47:30.034 [main] DEBUG org.hibernate.query.sqm.function.SqmFunctionRegistry - Registering alternate key : datediff -> timestampdiff
2026-01-20 11:47:30.035 [main] DEBUG org.hibernate.query.sqm.function.SqmFunctionRegistry - Registered SqmFunctionTemplate [org.hibernate.dialect.function.CurrentFunction@47768e74] under current_date; prior registration was null
2026-01-20 11:47:30.035 [main] DEBUG org.hibernate.query.sqm.function.SqmFunctionRegistry - Registered SqmFunctionTemplate [org.hibernate.dialect.function.CurrentFunction@2740e316] under current_time; prior registration was null
2026-01-20 11:47:30.035 [main] DEBUG org.hibernate.query.sqm.function.SqmFunctionRegistry - Registered SqmFunctionTemplate [org.hibernate.dialect.function.CurrentFunction@5b5a4aed] under current_timestamp; prior registration was null
2026-01-20 11:47:30.035 [main] DEBUG org.hibernate.query.sqm.function.SqmFunctionRegistry - Registering alternate key : current date -> current_date
2026-01-20 11:47:30.035 [main] DEBUG org.hibernate.query.sqm.function.SqmFunctionRegistry - Registering alternate key : current time -> current_time
2026-01-20 11:47:30.035 [main] DEBUG org.hibernate.query.sqm.function.SqmFunctionRegistry - Registering alternate key : current timestamp -> current_timestamp
2026-01-20 11:47:30.035 [main] DEBUG org.hibernate.query.sqm.function.SqmFunctionRegistry - Registered SqmFunctionTemplate [org.hibernate.dialect.function.CurrentFunction@2c991465] under local_date; prior registration was null
2026-01-20 11:47:30.035 [main] DEBUG org.hibernate.query.sqm.function.SqmFunctionRegistry - Registered SqmFunctionTemplate [org.hibernate.dialect.function.CurrentFunction@5fef2aac] under local_time; prior registration was null
2026-01-20 11:47:30.035 [main] DEBUG org.hibernate.query.sqm.function.SqmFunctionRegistry - Registered SqmFunctionTemplate [org.hibernate.dialect.function.CurrentFunction@7f973a14] under local_datetime; prior registration was null
2026-01-20 11:47:30.035 [main] DEBUG org.hibernate.query.sqm.function.SqmFunctionRegistry - Registered SqmFunctionTemplate [org.hibernate.dialect.function.CurrentFunction@76130a29] under offset_datetime; prior registration was null
2026-01-20 11:47:30.036 [main] DEBUG org.hibernate.query.sqm.function.SqmFunctionRegistry - Registering alternate key : local date -> local_date
2026-01-20 11:47:30.036 [main] DEBUG org.hibernate.query.sqm.function.SqmFunctionRegistry - Registering alternate key : local time -> local_time
2026-01-20 11:47:30.036 [main] DEBUG org.hibernate.query.sqm.function.SqmFunctionRegistry - Registering alternate key : local datetime -> local_datetime
2026-01-20 11:47:30.036 [main] DEBUG org.hibernate.query.sqm.function.SqmFunctionRegistry - Registering alternate key : offset datetime -> offset_datetime
2026-01-20 11:47:30.036 [main] DEBUG org.hibernate.query.sqm.function.SqmFunctionRegistry - Registered SqmFunctionTemplate [org.hibernate.dialect.function.CurrentFunction@124d02b2] under instant; prior registration was null
2026-01-20 11:47:30.036 [main] DEBUG org.hibernate.query.sqm.function.SqmFunctionRegistry - Registering alternate key : current_instant -> instant
2026-01-20 11:47:30.037 [main] DEBUG org.hibernate.query.sqm.function.SqmFunctionRegistry - Registered SqmFunctionTemplate [org.hibernate.dialect.function.SqlFunction@66deec87] under sql; prior registration was null
2026-01-20 11:47:30.037 [main] DEBUG org.hibernate.query.sqm.function.SqmFunctionRegistry - Registered SqmFunctionTemplate [NamedSqmFunctionTemplate(soundex)] under soundex; prior registration was null
2026-01-20 11:47:30.037 [main] DEBUG org.hibernate.query.sqm.function.SqmFunctionRegistry - Registered SqmFunctionTemplate [NamedSqmFunctionTemplate(radians)] under radians; prior registration was null
2026-01-20 11:47:30.037 [main] DEBUG org.hibernate.query.sqm.function.SqmFunctionRegistry - Registered SqmFunctionTemplate [NamedSqmFunctionTemplate(degrees)] under degrees; prior registration was null
2026-01-20 11:47:30.037 [main] DEBUG org.hibernate.query.sqm.function.SqmFunctionRegistry - Registered SqmFunctionTemplate [NamedSqmFunctionTemplate(cot)] under cot; prior registration was null
2026-01-20 11:47:30.037 [main] DEBUG org.hibernate.query.sqm.function.SqmFunctionRegistry - Registered SqmFunctionTemplate [NamedSqmFunctionTemplate(log)] under log; prior registration was org.hibernate.query.sqm.function.PatternBasedSqmFunctionDescriptor@16a5eb6d
2026-01-20 11:47:30.037 [main] DEBUG org.hibernate.query.sqm.function.SqmFunctionRegistry - Registered SqmFunctionTemplate [NamedSqmFunctionTemplate(log2)] under log2; prior registration was null
2026-01-20 11:47:30.037 [main] DEBUG org.hibernate.query.sqm.function.SqmFunctionRegistry - Registered SqmFunctionTemplate [NamedSqmFunctionTemplate(log10)] under log10; prior registration was null
2026-01-20 11:47:30.037 [main] DEBUG org.hibernate.query.sqm.function.SqmFunctionRegistry - Registered SqmFunctionTemplate [NamedSqmFunctionTemplate(ltrim)] under ltrim; prior registration was null
2026-01-20 11:47:30.037 [main] DEBUG org.hibernate.query.sqm.function.SqmFunctionRegistry - Registered SqmFunctionTemplate [NamedSqmFunctionTemplate(rtrim)] under rtrim; prior registration was null
2026-01-20 11:47:30.037 [main] DEBUG org.hibernate.query.sqm.function.SqmFunctionRegistry - Registered SqmFunctionTemplate [NamedSqmFunctionTemplate(octet_length)] under octet_length; prior registration was null
2026-01-20 11:47:30.037 [main] DEBUG org.hibernate.query.sqm.function.SqmFunctionRegistry - Registered SqmFunctionTemplate [NamedSqmFunctionTemplate(reverse)] under reverse; prior registration was null
2026-01-20 11:47:30.037 [main] DEBUG org.hibernate.query.sqm.function.SqmFunctionRegistry - Registered SqmFunctionTemplate [NamedSqmFunctionTemplate(space)] under space; prior registration was null
2026-01-20 11:47:30.037 [main] DEBUG org.hibernate.query.sqm.function.SqmFunctionRegistry - Registered SqmFunctionTemplate [NamedSqmFunctionTemplate(repeat)] under repeat; prior registration was null
2026-01-20 11:47:30.039 [main] DEBUG org.hibernate.query.sqm.function.SqmFunctionRegistry - Registered SqmFunctionTemplate [org.hibernate.query.sqm.function.MultipatternSqmFunctionDescriptor@42cc183e] under lpad; prior registration was NamedSqmFunctionTemplate(lpad)
2026-01-20 11:47:30.040 [main] DEBUG org.hibernate.query.sqm.function.SqmFunctionRegistry - Registered SqmFunctionTemplate [org.hibernate.query.sqm.function.MultipatternSqmFunctionDescriptor@3e4e8fdf] under rpad; prior registration was NamedSqmFunctionTemplate(rpad)
2026-01-20 11:47:30.040 [main] DEBUG org.hibernate.query.sqm.function.SqmFunctionRegistry - Registered SqmFunctionTemplate [NamedSqmFunctionTemplate(md5)] under md5; prior registration was null
2026-01-20 11:47:30.040 [main] DEBUG org.hibernate.query.sqm.function.SqmFunctionRegistry - Registered SqmFunctionTemplate [NamedSqmFunctionTemplate(day)] under day; prior registration was null
2026-01-20 11:47:30.040 [main] DEBUG org.hibernate.query.sqm.function.SqmFunctionRegistry - Registered SqmFunctionTemplate [NamedSqmFunctionTemplate(month)] under month; prior registration was null
2026-01-20 11:47:30.040 [main] DEBUG org.hibernate.query.sqm.function.SqmFunctionRegistry - Registered SqmFunctionTemplate [NamedSqmFunctionTemplate(year)] under year; prior registration was null
2026-01-20 11:47:30.040 [main] DEBUG org.hibernate.query.sqm.function.SqmFunctionRegistry - Registered SqmFunctionTemplate [NamedSqmFunctionTemplate(hour)] under hour; prior registration was null
2026-01-20 11:47:30.040 [main] DEBUG org.hibernate.query.sqm.function.SqmFunctionRegistry - Registered SqmFunctionTemplate [NamedSqmFunctionTemplate(minute)] under minute; prior registration was null
2026-01-20 11:47:30.040 [main] DEBUG org.hibernate.query.sqm.function.SqmFunctionRegistry - Registered SqmFunctionTemplate [NamedSqmFunctionTemplate(second)] under second; prior registration was null
2026-01-20 11:47:30.040 [main] DEBUG org.hibernate.query.sqm.function.SqmFunctionRegistry - Registered SqmFunctionTemplate [NamedSqmFunctionTemplate(microsecond)] under microsecond; prior registration was null
2026-01-20 11:47:30.040 [main] DEBUG org.hibernate.query.sqm.function.SqmFunctionRegistry - Registered SqmFunctionTemplate [NamedSqmFunctionTemplate(dayofweek)] under dayofweek; prior registration was null
2026-01-20 11:47:30.040 [main] DEBUG org.hibernate.query.sqm.function.SqmFunctionRegistry - Registered SqmFunctionTemplate [NamedSqmFunctionTemplate(dayofmonth)] under dayofmonth; prior registration was null
2026-01-20 11:47:30.040 [main] DEBUG org.hibernate.query.sqm.function.SqmFunctionRegistry - Registering alternate key : day -> dayofmonth
2026-01-20 11:47:30.040 [main] DEBUG org.hibernate.query.sqm.function.SqmFunctionRegistry - Registered SqmFunctionTemplate [NamedSqmFunctionTemplate(dayofyear)] under dayofyear; prior registration was null
2026-01-20 11:47:30.040 [main] DEBUG org.hibernate.query.sqm.function.SqmFunctionRegistry - Registered SqmFunctionTemplate [NamedSqmFunctionTemplate(week)] under week; prior registration was null
2026-01-20 11:47:30.040 [main] DEBUG org.hibernate.query.sqm.function.SqmFunctionRegistry - Registered SqmFunctionTemplate [NamedSqmFunctionTemplate(quarter)] under quarter; prior registration was null
2026-01-20 11:47:30.040 [main] DEBUG org.hibernate.query.sqm.function.SqmFunctionRegistry - Registered SqmFunctionTemplate [NamedSqmFunctionTemplate(monthname)] under monthname; prior registration was null
2026-01-20 11:47:30.040 [main] DEBUG org.hibernate.query.sqm.function.SqmFunctionRegistry - Registered SqmFunctionTemplate [NamedSqmFunctionTemplate(dayname)] under dayname; prior registration was null
2026-01-20 11:47:30.040 [main] DEBUG org.hibernate.query.sqm.function.SqmFunctionRegistry - Registered SqmFunctionTemplate [NamedSqmFunctionTemplate(last_day)] under last_day; prior registration was null
2026-01-20 11:47:30.040 [main] DEBUG org.hibernate.query.sqm.function.SqmFunctionRegistry - Registered SqmFunctionTemplate [NamedSqmFunctionTemplate(date)] under date; prior registration was null
2026-01-20 11:47:30.040 [main] DEBUG org.hibernate.query.sqm.function.SqmFunctionRegistry - Registered SqmFunctionTemplate [NamedSqmFunctionTemplate(timestamp)] under timestamp; prior registration was null
2026-01-20 11:47:30.040 [main] DEBUG org.hibernate.query.sqm.function.SqmFunctionRegistry - Registered SqmFunctionTemplate [NamedSqmFunctionTemplate(time)] under time; prior registration was null
2026-01-20 11:47:30.040 [main] DEBUG org.hibernate.query.sqm.function.SqmFunctionRegistry - Registered SqmFunctionTemplate [NamedSqmFunctionTemplate(utc_date)] under utc_date; prior registration was null
2026-01-20 11:47:30.040 [main] DEBUG org.hibernate.query.sqm.function.SqmFunctionRegistry - Registered SqmFunctionTemplate [NamedSqmFunctionTemplate(utc_time)] under utc_time; prior registration was null
2026-01-20 11:47:30.040 [main] DEBUG org.hibernate.query.sqm.function.SqmFunctionRegistry - Registered SqmFunctionTemplate [NamedSqmFunctionTemplate(utc_timestamp)] under utc_timestamp; prior registration was null
2026-01-20 11:47:30.040 [main] DEBUG org.hibernate.query.sqm.function.SqmFunctionRegistry - Registered SqmFunctionTemplate [NamedSqmFunctionTemplate(rand)] under rand; prior registration was null
2026-01-20 11:47:30.040 [main] DEBUG org.hibernate.query.sqm.function.SqmFunctionRegistry - Registered SqmFunctionTemplate [NamedSqmFunctionTemplate(crc32)] under crc32; prior registration was null
2026-01-20 11:47:30.040 [main] DEBUG org.hibernate.query.sqm.function.SqmFunctionRegistry - Registered SqmFunctionTemplate [NamedSqmFunctionTemplate(sha1)] under sha1; prior registration was null
2026-01-20 11:47:30.040 [main] DEBUG org.hibernate.query.sqm.function.SqmFunctionRegistry - Registered SqmFunctionTemplate [NamedSqmFunctionTemplate(sha2)] under sha2; prior registration was null
2026-01-20 11:47:30.040 [main] DEBUG org.hibernate.query.sqm.function.SqmFunctionRegistry - Registered SqmFunctionTemplate [NamedSqmFunctionTemplate(sha)] under sha; prior registration was null
2026-01-20 11:47:30.040 [main] DEBUG org.hibernate.query.sqm.function.SqmFunctionRegistry - Registered SqmFunctionTemplate [NamedSqmFunctionTemplate(bit_length)] under bit_length; prior registration was null
2026-01-20 11:47:30.040 [main] DEBUG org.hibernate.query.sqm.function.SqmFunctionRegistry - Registered SqmFunctionTemplate [NamedSqmFunctionTemplate(octet_length)] under octet_length; prior registration was NamedSqmFunctionTemplate(octet_length)
2026-01-20 11:47:30.041 [main] DEBUG org.hibernate.query.sqm.function.SqmFunctionRegistry - Registered SqmFunctionTemplate [NamedSqmFunctionTemplate(ascii)] under ascii; prior registration was null
2026-01-20 11:47:30.041 [main] DEBUG org.hibernate.query.sqm.function.SqmFunctionRegistry - Registered SqmFunctionTemplate [NamedSqmFunctionTemplate(instr)] under instr; prior registration was null
2026-01-20 11:47:30.041 [main] DEBUG org.hibernate.query.sqm.function.SqmFunctionRegistry - Registered SqmFunctionTemplate [NamedSqmFunctionTemplate(substr)] under substr; prior registration was null
2026-01-20 11:47:30.041 [main] DEBUG org.hibernate.query.sqm.function.SqmFunctionRegistry - Registered SqmFunctionTemplate [org.hibernate.query.sqm.function.PatternBasedSqmFunctionDescriptor@6a1d6ef2] under position; prior registration was org.hibernate.dialect.function.LocatePositionEmulation@21eee94f
2026-01-20 11:47:30.041 [main] DEBUG org.hibernate.query.sqm.function.SqmFunctionRegistry - Registered SqmFunctionTemplate [NamedSqmFunctionTemplate(curtime)] under curtime; prior registration was null
2026-01-20 11:47:30.041 [main] DEBUG org.hibernate.query.sqm.function.SqmFunctionRegistry - Registered SqmFunctionTemplate [NamedSqmFunctionTemplate(curdate)] under curdate; prior registration was null
2026-01-20 11:47:30.041 [main] DEBUG org.hibernate.query.sqm.function.SqmFunctionRegistry - Registered SqmFunctionTemplate [NamedSqmFunctionTemplate(now)] under now; prior registration was null
2026-01-20 11:47:30.043 [main] DEBUG org.hibernate.query.sqm.function.SqmFunctionRegistry - Registered SqmFunctionTemplate [org.hibernate.dialect.function.TruncFunction@5de5e95] under trunc; prior registration was null
2026-01-20 11:47:30.043 [main] DEBUG org.hibernate.query.sqm.function.SqmFunctionRegistry - Registering alternate key : truncate -> trunc
2026-01-20 11:47:30.043 [main] DEBUG org.hibernate.query.sqm.function.SqmFunctionRegistry - Registered SqmFunctionTemplate [NamedSqmFunctionTemplate(insert)] under insert; prior registration was null
2026-01-20 11:47:30.043 [main] DEBUG org.hibernate.query.sqm.function.SqmFunctionRegistry - Registered SqmFunctionTemplate [org.hibernate.query.sqm.function.PatternBasedSqmFunctionDescriptor@365cdacf] under bitand; prior registration was null
2026-01-20 11:47:30.043 [main] DEBUG org.hibernate.query.sqm.function.SqmFunctionRegistry - Registered SqmFunctionTemplate [org.hibernate.query.sqm.function.PatternBasedSqmFunctionDescriptor@303c55fa] under bitor; prior registration was null
2026-01-20 11:47:30.043 [main] DEBUG org.hibernate.query.sqm.function.SqmFunctionRegistry - Registered SqmFunctionTemplate [org.hibernate.query.sqm.function.PatternBasedSqmFunctionDescriptor@9efcd90] under bitxor; prior registration was null
2026-01-20 11:47:30.044 [main] DEBUG org.hibernate.query.sqm.function.SqmFunctionRegistry - Registered SqmFunctionTemplate [org.hibernate.query.sqm.function.PatternBasedSqmFunctionDescriptor@7eb200ce] under bitnot; prior registration was null
2026-01-20 11:47:30.044 [main] DEBUG org.hibernate.query.sqm.function.SqmFunctionRegistry - Registered SqmFunctionTemplate [NamedSqmFunctionTemplate(bit_and)] under bit_and; prior registration was null
2026-01-20 11:47:30.044 [main] DEBUG org.hibernate.query.sqm.function.SqmFunctionRegistry - Registered SqmFunctionTemplate [NamedSqmFunctionTemplate(bit_or)] under bit_or; prior registration was null
2026-01-20 11:47:30.044 [main] DEBUG org.hibernate.query.sqm.function.SqmFunctionRegistry - Registered SqmFunctionTemplate [NamedSqmFunctionTemplate(stddev)] under stddev; prior registration was null
2026-01-20 11:47:30.044 [main] DEBUG org.hibernate.query.sqm.function.SqmFunctionRegistry - Registered SqmFunctionTemplate [NamedSqmFunctionTemplate(stddev_pop)] under stddev_pop; prior registration was null
2026-01-20 11:47:30.044 [main] DEBUG org.hibernate.query.sqm.function.SqmFunctionRegistry - Registered SqmFunctionTemplate [NamedSqmFunctionTemplate(stddev_samp)] under stddev_samp; prior registration was null
2026-01-20 11:47:30.044 [main] DEBUG org.hibernate.query.sqm.function.SqmFunctionRegistry - Registered SqmFunctionTemplate [NamedSqmFunctionTemplate(variance)] under variance; prior registration was null
2026-01-20 11:47:30.044 [main] DEBUG org.hibernate.query.sqm.function.SqmFunctionRegistry - Registered SqmFunctionTemplate [NamedSqmFunctionTemplate(var_pop)] under var_pop; prior registration was null
2026-01-20 11:47:30.044 [main] DEBUG org.hibernate.query.sqm.function.SqmFunctionRegistry - Registered SqmFunctionTemplate [NamedSqmFunctionTemplate(var_samp)] under var_samp; prior registration was null
2026-01-20 11:47:30.044 [main] DEBUG org.hibernate.query.sqm.function.SqmFunctionRegistry - Registered SqmFunctionTemplate [NamedSqmFunctionTemplate(datediff)] under datediff; prior registration was null
2026-01-20 11:47:30.044 [main] DEBUG org.hibernate.query.sqm.function.SqmFunctionRegistry - Registered SqmFunctionTemplate [NamedSqmFunctionTemplate(adddate)] under adddate; prior registration was null
2026-01-20 11:47:30.044 [main] DEBUG org.hibernate.query.sqm.function.SqmFunctionRegistry - Registered SqmFunctionTemplate [NamedSqmFunctionTemplate(subdate)] under subdate; prior registration was null
2026-01-20 11:47:30.044 [main] DEBUG org.hibernate.query.sqm.function.SqmFunctionRegistry - Registered SqmFunctionTemplate [NamedSqmFunctionTemplate(addtime)] under addtime; prior registration was null
2026-01-20 11:47:30.044 [main] DEBUG org.hibernate.query.sqm.function.SqmFunctionRegistry - Registered SqmFunctionTemplate [NamedSqmFunctionTemplate(subtime)] under subtime; prior registration was null
2026-01-20 11:47:30.044 [main] DEBUG org.hibernate.query.sqm.function.SqmFunctionRegistry - Registered SqmFunctionTemplate [org.hibernate.dialect.function.FormatFunction@2ee83775] under format; prior registration was org.hibernate.dialect.function.FormatFunction@7be2f29a
2026-01-20 11:47:30.044 [main] DEBUG org.hibernate.query.sqm.function.SqmFunctionRegistry - Registered SqmFunctionTemplate [NamedSqmFunctionTemplate(makedate)] under makedate; prior registration was null
2026-01-20 11:47:30.044 [main] DEBUG org.hibernate.query.sqm.function.SqmFunctionRegistry - Registered SqmFunctionTemplate [NamedSqmFunctionTemplate(maketime)] under maketime; prior registration was null
2026-01-20 11:47:30.044 [main] DEBUG org.hibernate.query.sqm.function.SqmFunctionRegistry - Registered SqmFunctionTemplate [NamedSqmFunctionTemplate(localtime)] under localtime; prior registration was null
2026-01-20 11:47:30.044 [main] DEBUG org.hibernate.query.sqm.function.SqmFunctionRegistry - Registered SqmFunctionTemplate [NamedSqmFunctionTemplate(localtimestamp)] under localtimestamp; prior registration was null
2026-01-20 11:47:30.044 [main] DEBUG org.hibernate.query.sqm.function.SqmFunctionRegistry - Registered SqmFunctionTemplate [NamedSqmFunctionTemplate(localtime)] under local_time; prior registration was org.hibernate.dialect.function.CurrentFunction@5fef2aac
2026-01-20 11:47:30.044 [main] DEBUG org.hibernate.query.sqm.function.SqmFunctionRegistry - Registered SqmFunctionTemplate [NamedSqmFunctionTemplate(localtimestamp)] under local_datetime; prior registration was org.hibernate.dialect.function.CurrentFunction@7f973a14
2026-01-20 11:47:30.044 [main] DEBUG org.hibernate.query.sqm.function.SqmFunctionRegistry - Registered SqmFunctionTemplate [NamedSqmFunctionTemplate(localtime)] under localtime; prior registration was NamedSqmFunctionTemplate(localtime)
2026-01-20 11:47:30.044 [main] DEBUG org.hibernate.query.sqm.function.SqmFunctionRegistry - Registered SqmFunctionTemplate [org.hibernate.query.sqm.function.PatternBasedSqmFunctionDescriptor@7c2924d7] under pi; prior registration was org.hibernate.query.sqm.function.PatternBasedSqmFunctionDescriptor@5edacf20
2026-01-20 11:47:30.044 [main] DEBUG org.hibernate.query.sqm.function.SqmFunctionRegistry - Registered SqmFunctionTemplate [org.hibernate.query.sqm.function.PatternBasedSqmFunctionDescriptor@b5de58f] under chr; prior registration was null
2026-01-20 11:47:30.044 [main] DEBUG org.hibernate.query.sqm.function.SqmFunctionRegistry - Registering alternate key : char -> chr
2026-01-20 11:47:30.044 [main] DEBUG org.hibernate.query.sqm.function.SqmFunctionRegistry - Registered SqmFunctionTemplate [org.hibernate.query.sqm.function.PatternBasedSqmFunctionDescriptor@6587305a] under sysdate; prior registration was null
2026-01-20 11:47:30.044 [main] DEBUG org.hibernate.query.sqm.function.SqmFunctionRegistry - Registered SqmFunctionTemplate [NamedSqmFunctionTemplate(row_number)] under row_number; prior registration was null
2026-01-20 11:47:30.045 [main] DEBUG org.hibernate.query.sqm.function.SqmFunctionRegistry - Registered SqmFunctionTemplate [NamedSqmFunctionTemplate(lag)] under lag; prior registration was null
2026-01-20 11:47:30.045 [main] DEBUG org.hibernate.query.sqm.function.SqmFunctionRegistry - Registered SqmFunctionTemplate [NamedSqmFunctionTemplate(lead)] under lead; prior registration was null
2026-01-20 11:47:30.045 [main] DEBUG org.hibernate.query.sqm.function.SqmFunctionRegistry - Registered SqmFunctionTemplate [NamedSqmFunctionTemplate(first_value)] under first_value; prior registration was null
2026-01-20 11:47:30.045 [main] DEBUG org.hibernate.query.sqm.function.SqmFunctionRegistry - Registered SqmFunctionTemplate [NamedSqmFunctionTemplate(last_value)] under last_value; prior registration was null
2026-01-20 11:47:30.045 [main] DEBUG org.hibernate.query.sqm.function.SqmFunctionRegistry - Registered SqmFunctionTemplate [NamedSqmFunctionTemplate(nth_value)] under nth_value; prior registration was null
2026-01-20 11:47:30.045 [main] DEBUG org.hibernate.query.sqm.function.SqmFunctionRegistry - Registered SqmFunctionTemplate [org.hibernate.dialect.function.HypotheticalSetWindowEmulation@69cd1085] under rank; prior registration was null
2026-01-20 11:47:30.046 [main] DEBUG org.hibernate.query.sqm.function.SqmFunctionRegistry - Registered SqmFunctionTemplate [org.hibernate.dialect.function.HypotheticalSetWindowEmulation@60bb7995] under dense_rank; prior registration was null
2026-01-20 11:47:30.046 [main] DEBUG org.hibernate.query.sqm.function.SqmFunctionRegistry - Registered SqmFunctionTemplate [org.hibernate.dialect.function.HypotheticalSetWindowEmulation@40fa8766] under percent_rank; prior registration was null
2026-01-20 11:47:30.046 [main] DEBUG org.hibernate.query.sqm.function.SqmFunctionRegistry - Registered SqmFunctionTemplate [org.hibernate.dialect.function.HypotheticalSetWindowEmulation@67774e29] under cume_dist; prior registration was null
2026-01-20 11:47:30.046 [main] DEBUG org.hibernate.query.sqm.function.SqmFunctionRegistry - Registered SqmFunctionTemplate [org.hibernate.dialect.function.ListaggGroupConcatEmulation@14fded9d] under listagg; prior registration was null
2026-01-20 11:47:30.047 [main] DEBUG org.hibernate.HQL_FUNCTIONS - abs(NUMERIC arg)
2026-01-20 11:47:30.047 [main] DEBUG org.hibernate.HQL_FUNCTIONS - Double acos(NUMERIC arg)
2026-01-20 11:47:30.047 [main] DEBUG org.hibernate.HQL_FUNCTIONS - adddate(DATE datetime, INTEGER days)
2026-01-20 11:47:30.047 [main] DEBUG org.hibernate.HQL_FUNCTIONS - addtime(TIME datetime, TIME time)
2026-01-20 11:47:30.047 [main] DEBUG org.hibernate.HQL_FUNCTIONS - Boolean any(BOOLEAN arg)
2026-01-20 11:47:30.047 [main] DEBUG org.hibernate.HQL_FUNCTIONS - Integer ascii(STRING arg)
2026-01-20 11:47:30.047 [main] DEBUG org.hibernate.HQL_FUNCTIONS - Double asin(NUMERIC arg)
2026-01-20 11:47:30.047 [main] DEBUG org.hibernate.HQL_FUNCTIONS - Double atan(NUMERIC arg)
2026-01-20 11:47:30.047 [main] DEBUG org.hibernate.HQL_FUNCTIONS - Double atan2(NUMERIC arg0, NUMERIC arg1)
2026-01-20 11:47:30.047 [main] DEBUG org.hibernate.HQL_FUNCTIONS - avg(arg)
2026-01-20 11:47:30.047 [main] DEBUG org.hibernate.HQL_FUNCTIONS - bit_and(arg)
2026-01-20 11:47:30.047 [main] DEBUG org.hibernate.HQL_FUNCTIONS - Integer bit_length(STRING_OR_CLOB arg)
2026-01-20 11:47:30.047 [main] DEBUG org.hibernate.HQL_FUNCTIONS - bit_or(arg)
2026-01-20 11:47:30.047 [main] DEBUG org.hibernate.HQL_FUNCTIONS - bitand(arg0, arg1)
2026-01-20 11:47:30.047 [main] DEBUG org.hibernate.HQL_FUNCTIONS - bitnot(arg)
2026-01-20 11:47:30.047 [main] DEBUG org.hibernate.HQL_FUNCTIONS - bitor(arg0, arg1)
2026-01-20 11:47:30.047 [main] DEBUG org.hibernate.HQL_FUNCTIONS - bitxor(arg0, arg1)
2026-01-20 11:47:30.048 [main] DEBUG org.hibernate.HQL_FUNCTIONS - cast(arg as Type)
2026-01-20 11:47:30.048 [main] DEBUG org.hibernate.HQL_FUNCTIONS - ceiling(NUMERIC arg)
2026-01-20 11:47:30.048 [main] DEBUG org.hibernate.HQL_FUNCTIONS - Character char(INTEGER arg)
2026-01-20 11:47:30.048 [main] DEBUG org.hibernate.HQL_FUNCTIONS - Integer character_length(STRING_OR_CLOB arg)
2026-01-20 11:47:30.048 [main] DEBUG org.hibernate.HQL_FUNCTIONS - Character chr(INTEGER arg)
2026-01-20 11:47:30.048 [main] DEBUG org.hibernate.HQL_FUNCTIONS - coalesce(arg0[, arg1[, ...]])
2026-01-20 11:47:30.048 [main] DEBUG org.hibernate.HQL_FUNCTIONS - String collate(STRING string as COLLATION collation)
2026-01-20 11:47:30.048 [main] DEBUG org.hibernate.HQL_FUNCTIONS - String concat(STRING string0[, STRING string1[, ...]])
2026-01-20 11:47:30.048 [main] DEBUG org.hibernate.HQL_FUNCTIONS - Double cos(NUMERIC arg)
2026-01-20 11:47:30.048 [main] DEBUG org.hibernate.HQL_FUNCTIONS - Double cosh(NUMERIC arg)
2026-01-20 11:47:30.048 [main] DEBUG org.hibernate.HQL_FUNCTIONS - Double cot(NUMERIC arg)
2026-01-20 11:47:30.048 [main] DEBUG org.hibernate.HQL_FUNCTIONS - Long count([distinct ]{arg|*})
2026-01-20 11:47:30.048 [main] DEBUG org.hibernate.HQL_FUNCTIONS - Integer crc32(arg)
2026-01-20 11:47:30.048 [main] DEBUG org.hibernate.HQL_FUNCTIONS - Double cume_dist([arg0[, ...]])
2026-01-20 11:47:30.048 [main] DEBUG org.hibernate.HQL_FUNCTIONS - Date curdate()
2026-01-20 11:47:30.048 [main] DEBUG org.hibernate.HQL_FUNCTIONS - Date current date
2026-01-20 11:47:30.048 [main] DEBUG org.hibernate.HQL_FUNCTIONS - Time current time
2026-01-20 11:47:30.048 [main] DEBUG org.hibernate.HQL_FUNCTIONS - Timestamp current timestamp
2026-01-20 11:47:30.048 [main] DEBUG org.hibernate.HQL_FUNCTIONS - Date current_date
2026-01-20 11:47:30.048 [main] DEBUG org.hibernate.HQL_FUNCTIONS - Instant current_instant
2026-01-20 11:47:30.048 [main] DEBUG org.hibernate.HQL_FUNCTIONS - Time current_time
2026-01-20 11:47:30.048 [main] DEBUG org.hibernate.HQL_FUNCTIONS - Timestamp current_timestamp
2026-01-20 11:47:30.048 [main] DEBUG org.hibernate.HQL_FUNCTIONS - Time curtime()
2026-01-20 11:47:30.048 [main] DEBUG org.hibernate.HQL_FUNCTIONS - Date date(arg)
2026-01-20 11:47:30.048 [main] DEBUG org.hibernate.HQL_FUNCTIONS - dateadd(TEMPORAL_UNIT field, INTEGER magnitude, TEMPORAL datetime)
2026-01-20 11:47:30.048 [main] DEBUG org.hibernate.HQL_FUNCTIONS - Integer datediff(DATE end, DATE start)
2026-01-20 11:47:30.048 [main] DEBUG org.hibernate.HQL_FUNCTIONS - Integer day(DATE arg)
2026-01-20 11:47:30.048 [main] DEBUG org.hibernate.HQL_FUNCTIONS - String dayname(DATE arg)
2026-01-20 11:47:30.048 [main] DEBUG org.hibernate.HQL_FUNCTIONS - Integer dayofmonth(DATE arg)
2026-01-20 11:47:30.048 [main] DEBUG org.hibernate.HQL_FUNCTIONS - Integer dayofweek(DATE arg)
2026-01-20 11:47:30.048 [main] DEBUG org.hibernate.HQL_FUNCTIONS - Integer dayofyear(DATE arg)
2026-01-20 11:47:30.049 [main] DEBUG org.hibernate.HQL_FUNCTIONS - Double degrees(NUMERIC arg)
2026-01-20 11:47:30.049 [main] DEBUG org.hibernate.HQL_FUNCTIONS - Long dense_rank([arg0[, ...]])
2026-01-20 11:47:30.049 [main] DEBUG org.hibernate.HQL_FUNCTIONS - Boolean every(BOOLEAN arg)
2026-01-20 11:47:30.049 [main] DEBUG org.hibernate.HQL_FUNCTIONS - Double exp(NUMERIC arg)
2026-01-20 11:47:30.049 [main] DEBUG org.hibernate.HQL_FUNCTIONS - extract(TEMPORAL_UNIT field from TEMPORAL arg)
2026-01-20 11:47:30.049 [main] DEBUG org.hibernate.HQL_FUNCTIONS - first_valueANY value
2026-01-20 11:47:30.049 [main] DEBUG org.hibernate.HQL_FUNCTIONS - floor(NUMERIC arg)
2026-01-20 11:47:30.049 [main] DEBUG org.hibernate.HQL_FUNCTIONS - String format(TEMPORAL datetime as STRING pattern)
2026-01-20 11:47:30.049 [main] DEBUG org.hibernate.HQL_FUNCTIONS - greatest(COMPARABLE arg0, COMPARABLE arg1[, arg2[, ...]])
2026-01-20 11:47:30.049 [main] DEBUG org.hibernate.HQL_FUNCTIONS - Integer hour(TIME arg)
2026-01-20 11:47:30.049 [main] DEBUG org.hibernate.HQL_FUNCTIONS - ifnull(arg0, arg1)
2026-01-20 11:47:30.049 [main] DEBUG org.hibernate.HQL_FUNCTIONS - String insert(STRING string, INTEGER start, INTEGER length, STRING replacement)
2026-01-20 11:47:30.050 [main] DEBUG org.hibernate.HQL_FUNCTIONS - Instant instant
2026-01-20 11:47:30.050 [main] DEBUG org.hibernate.HQL_FUNCTIONS - Integer instr(STRING string, STRING pattern[, INTEGER start[, INTEGER occurrence]])
2026-01-20 11:47:30.050 [main] DEBUG org.hibernate.HQL_FUNCTIONS - lagANY value[, INTEGER offset[, ANY default]]
2026-01-20 11:47:30.050 [main] DEBUG org.hibernate.HQL_FUNCTIONS - Date last_day(DATE arg)
2026-01-20 11:47:30.050 [main] DEBUG org.hibernate.HQL_FUNCTIONS - last_valueANY value
2026-01-20 11:47:30.050 [main] DEBUG org.hibernate.HQL_FUNCTIONS - leadANY value[, INTEGER offset[, ANY default]]
2026-01-20 11:47:30.050 [main] DEBUG org.hibernate.HQL_FUNCTIONS - least(COMPARABLE arg0, COMPARABLE arg1[, arg2[, ...]])
2026-01-20 11:47:30.050 [main] DEBUG org.hibernate.HQL_FUNCTIONS - String left(STRING string, INTEGER length)
2026-01-20 11:47:30.050 [main] DEBUG org.hibernate.HQL_FUNCTIONS - Integer length(STRING_OR_CLOB arg)
2026-01-20 11:47:30.050 [main] DEBUG org.hibernate.HQL_FUNCTIONS - String listagg(STRING arg0, STRING arg1)
2026-01-20 11:47:30.050 [main] DEBUG org.hibernate.HQL_FUNCTIONS - Double ln(NUMERIC arg)
2026-01-20 11:47:30.050 [main] DEBUG org.hibernate.HQL_FUNCTIONS - LocalDate local date
2026-01-20 11:47:30.050 [main] DEBUG org.hibernate.HQL_FUNCTIONS - LocalDateTime local datetime
2026-01-20 11:47:30.050 [main] DEBUG org.hibernate.HQL_FUNCTIONS - LocalTime local time
2026-01-20 11:47:30.050 [main] DEBUG org.hibernate.HQL_FUNCTIONS - LocalDate local_date
2026-01-20 11:47:30.050 [main] DEBUG org.hibernate.HQL_FUNCTIONS - LocalDateTime local_datetime
2026-01-20 11:47:30.050 [main] DEBUG org.hibernate.HQL_FUNCTIONS - LocalTime local_time
2026-01-20 11:47:30.050 [main] DEBUG org.hibernate.HQL_FUNCTIONS - Timestamp localtime
2026-01-20 11:47:30.050 [main] DEBUG org.hibernate.HQL_FUNCTIONS - Timestamp localtimestamp
2026-01-20 11:47:30.050 [main] DEBUG org.hibernate.HQL_FUNCTIONS - Integer locate(STRING pattern, STRING string[, INTEGER start])
2026-01-20 11:47:30.050 [main] DEBUG org.hibernate.HQL_FUNCTIONS - Double log(NUMERIC arg0[, NUMERIC arg1])
2026-01-20 11:47:30.050 [main] DEBUG org.hibernate.HQL_FUNCTIONS - Double log10(NUMERIC arg)
2026-01-20 11:47:30.050 [main] DEBUG org.hibernate.HQL_FUNCTIONS - Double log2(NUMERIC arg)
2026-01-20 11:47:30.050 [main] DEBUG org.hibernate.HQL_FUNCTIONS - String lower(STRING string)
2026-01-20 11:47:30.050 [main] DEBUG org.hibernate.HQL_FUNCTIONS - String lpad(string, length[, padding])
2026-01-20 11:47:30.050 [main] DEBUG org.hibernate.HQL_FUNCTIONS - String ltrim(STRING string[, STRING characters])
2026-01-20 11:47:30.050 [main] DEBUG org.hibernate.HQL_FUNCTIONS - Date makedate(INTEGER year, INTEGER dayofyear)
2026-01-20 11:47:30.050 [main] DEBUG org.hibernate.HQL_FUNCTIONS - Time maketime(INTEGER hour, INTEGER min, INTEGER sec)
2026-01-20 11:47:30.050 [main] DEBUG org.hibernate.HQL_FUNCTIONS - max(COMPARABLE arg)
2026-01-20 11:47:30.050 [main] DEBUG org.hibernate.HQL_FUNCTIONS - String md5(arg)
2026-01-20 11:47:30.050 [main] DEBUG org.hibernate.HQL_FUNCTIONS - Integer microsecond(TIME arg)
2026-01-20 11:47:30.050 [main] DEBUG org.hibernate.HQL_FUNCTIONS - min(COMPARABLE arg)
2026-01-20 11:47:30.050 [main] DEBUG org.hibernate.HQL_FUNCTIONS - Integer minute(TIME arg)
2026-01-20 11:47:30.051 [main] DEBUG org.hibernate.HQL_FUNCTIONS - Integer mod(INTEGER arg0, INTEGER arg1)
2026-01-20 11:47:30.051 [main] DEBUG org.hibernate.HQL_FUNCTIONS - Integer month(DATE arg)
2026-01-20 11:47:30.051 [main] DEBUG org.hibernate.HQL_FUNCTIONS - String monthname(DATE arg)
2026-01-20 11:47:30.051 [main] DEBUG org.hibernate.HQL_FUNCTIONS - Timestamp now()
2026-01-20 11:47:30.051 [main] DEBUG org.hibernate.HQL_FUNCTIONS - nth_valueANY value, INTEGER nth
2026-01-20 11:47:30.051 [main] DEBUG org.hibernate.HQL_FUNCTIONS - nullif(arg0, arg1)
2026-01-20 11:47:30.051 [main] DEBUG org.hibernate.HQL_FUNCTIONS - Integer octet_length(STRING_OR_CLOB arg)
2026-01-20 11:47:30.051 [main] DEBUG org.hibernate.HQL_FUNCTIONS - OffsetDateTime offset datetime
2026-01-20 11:47:30.051 [main] DEBUG org.hibernate.HQL_FUNCTIONS - OffsetDateTime offset_datetime
2026-01-20 11:47:30.051 [main] DEBUG org.hibernate.HQL_FUNCTIONS - String overlay(STRING string placing STRING replacement from INTEGER start[ for INTEGER length])
2026-01-20 11:47:30.051 [main] DEBUG org.hibernate.HQL_FUNCTIONS - String pad(STRING string with INTEGER length {leading|trailing}[ STRING character])
2026-01-20 11:47:30.051 [main] DEBUG org.hibernate.HQL_FUNCTIONS - Double percent_rank([arg0[, ...]])
2026-01-20 11:47:30.051 [main] DEBUG org.hibernate.HQL_FUNCTIONS - Double pi
2026-01-20 11:47:30.051 [main] DEBUG org.hibernate.HQL_FUNCTIONS - Integer position(STRING pattern in STRING string)
2026-01-20 11:47:30.051 [main] DEBUG org.hibernate.HQL_FUNCTIONS - Double power(NUMERIC arg0, NUMERIC arg1)
2026-01-20 11:47:30.051 [main] DEBUG org.hibernate.HQL_FUNCTIONS - Integer quarter(DATE arg)
2026-01-20 11:47:30.051 [main] DEBUG org.hibernate.HQL_FUNCTIONS - Double radians(NUMERIC arg)
2026-01-20 11:47:30.051 [main] DEBUG org.hibernate.HQL_FUNCTIONS - Double rand([INTEGER seed])
2026-01-20 11:47:30.051 [main] DEBUG org.hibernate.HQL_FUNCTIONS - Long rank([arg0[, ...]])
2026-01-20 11:47:30.051 [main] DEBUG org.hibernate.HQL_FUNCTIONS - String repeat(STRING string, INTEGER times)
2026-01-20 11:47:30.051 [main] DEBUG org.hibernate.HQL_FUNCTIONS - String replace(STRING string, STRING pattern, STRING replacement)
2026-01-20 11:47:30.051 [main] DEBUG org.hibernate.HQL_FUNCTIONS - String reverse(STRING arg)
2026-01-20 11:47:30.051 [main] DEBUG org.hibernate.HQL_FUNCTIONS - String right(STRING string, INTEGER length)
2026-01-20 11:47:30.051 [main] DEBUG org.hibernate.HQL_FUNCTIONS - round(NUMERIC number[, INTEGER places])
2026-01-20 11:47:30.051 [main] DEBUG org.hibernate.HQL_FUNCTIONS - Long row_number()
2026-01-20 11:47:30.051 [main] DEBUG org.hibernate.HQL_FUNCTIONS - String rpad(string, length[, padding])
2026-01-20 11:47:30.051 [main] DEBUG org.hibernate.HQL_FUNCTIONS - String rtrim(STRING string[, STRING characters])
2026-01-20 11:47:30.051 [main] DEBUG org.hibernate.HQL_FUNCTIONS - Integer second(TIME arg)
2026-01-20 11:47:30.051 [main] DEBUG org.hibernate.HQL_FUNCTIONS - String sha(arg)
2026-01-20 11:47:30.051 [main] DEBUG org.hibernate.HQL_FUNCTIONS - String sha1(arg)
2026-01-20 11:47:30.051 [main] DEBUG org.hibernate.HQL_FUNCTIONS - String sha2(arg0, arg1)
2026-01-20 11:47:30.051 [main] DEBUG org.hibernate.HQL_FUNCTIONS - Integer sign(NUMERIC arg)
2026-01-20 11:47:30.051 [main] DEBUG org.hibernate.HQL_FUNCTIONS - Double sin(NUMERIC arg)
2026-01-20 11:47:30.051 [main] DEBUG org.hibernate.HQL_FUNCTIONS - Double sinh(NUMERIC arg)
2026-01-20 11:47:30.051 [main] DEBUG org.hibernate.HQL_FUNCTIONS - String soundex(arg)
2026-01-20 11:47:30.051 [main] DEBUG org.hibernate.HQL_FUNCTIONS - String space(INTEGER arg)
2026-01-20 11:47:30.051 [main] DEBUG org.hibernate.HQL_FUNCTIONS - Object sql
2026-01-20 11:47:30.051 [main] DEBUG org.hibernate.HQL_FUNCTIONS - Double sqrt(NUMERIC arg)
2026-01-20 11:47:30.052 [main] DEBUG org.hibernate.HQL_FUNCTIONS - Double stddev(NUMERIC arg)
2026-01-20 11:47:30.052 [main] DEBUG org.hibernate.HQL_FUNCTIONS - Double stddev_pop(NUMERIC arg)
2026-01-20 11:47:30.052 [main] DEBUG org.hibernate.HQL_FUNCTIONS - Double stddev_samp(NUMERIC arg)
2026-01-20 11:47:30.052 [main] DEBUG org.hibernate.HQL_FUNCTIONS - String str(arg)
2026-01-20 11:47:30.052 [main] DEBUG org.hibernate.HQL_FUNCTIONS - subdate(DATE datetime, INTEGER days)
2026-01-20 11:47:30.052 [main] DEBUG org.hibernate.HQL_FUNCTIONS - String substr(STRING string, INTEGER start[, INTEGER length])
2026-01-20 11:47:30.052 [main] DEBUG org.hibernate.HQL_FUNCTIONS - String substring(STRING string{ from|,} INTEGER start[{ for|,} INTEGER length])
2026-01-20 11:47:30.052 [main] DEBUG org.hibernate.HQL_FUNCTIONS - subtime(TIME datetime, TIME time)
2026-01-20 11:47:30.052 [main] DEBUG org.hibernate.HQL_FUNCTIONS - sum(arg)
2026-01-20 11:47:30.052 [main] DEBUG org.hibernate.HQL_FUNCTIONS - Timestamp sysdate()
2026-01-20 11:47:30.052 [main] DEBUG org.hibernate.HQL_FUNCTIONS - Double tan(NUMERIC arg)
2026-01-20 11:47:30.052 [main] DEBUG org.hibernate.HQL_FUNCTIONS - Double tanh(NUMERIC arg)
2026-01-20 11:47:30.052 [main] DEBUG org.hibernate.HQL_FUNCTIONS - String time(arg)
2026-01-20 11:47:30.052 [main] DEBUG org.hibernate.HQL_FUNCTIONS - Timestamp timestamp(arg0[, arg1])
2026-01-20 11:47:30.052 [main] DEBUG org.hibernate.HQL_FUNCTIONS - timestampadd(TEMPORAL_UNIT field, INTEGER magnitude, TEMPORAL datetime)
2026-01-20 11:47:30.052 [main] DEBUG org.hibernate.HQL_FUNCTIONS - basicType@9(java.lang.Long,-5)|basicType@17(java.lang.Double,8) timestampdiff(TEMPORAL_UNIT field, TEMPORAL start, TEMPORAL end)
2026-01-20 11:47:30.052 [main] DEBUG org.hibernate.HQL_FUNCTIONS - String trim([[{leading|trailing|both} ][STRING arg0 ]from] STRING arg1)
2026-01-20 11:47:30.052 [main] DEBUG org.hibernate.HQL_FUNCTIONS - trunc( ... )
2026-01-20 11:47:30.052 [main] DEBUG org.hibernate.HQL_FUNCTIONS - truncate( ... )
2026-01-20 11:47:30.052 [main] DEBUG org.hibernate.HQL_FUNCTIONS - String upper(STRING string)
2026-01-20 11:47:30.052 [main] DEBUG org.hibernate.HQL_FUNCTIONS - Date utc_date
2026-01-20 11:47:30.052 [main] DEBUG org.hibernate.HQL_FUNCTIONS - Time utc_time
2026-01-20 11:47:30.052 [main] DEBUG org.hibernate.HQL_FUNCTIONS - Timestamp utc_timestamp
2026-01-20 11:47:30.052 [main] DEBUG org.hibernate.HQL_FUNCTIONS - Double var_pop(NUMERIC arg)
2026-01-20 11:47:30.052 [main] DEBUG org.hibernate.HQL_FUNCTIONS - Double var_samp(NUMERIC arg)
2026-01-20 11:47:30.052 [main] DEBUG org.hibernate.HQL_FUNCTIONS - Double variance(NUMERIC arg)
2026-01-20 11:47:30.052 [main] DEBUG org.hibernate.HQL_FUNCTIONS - Integer week(DATE arg)
2026-01-20 11:47:30.052 [main] DEBUG org.hibernate.HQL_FUNCTIONS - Integer year(DATE arg)
2026-01-20 11:47:30.054 [main] DEBUG org.hibernate.orm.query.plan.cache - Starting QueryInterpretationCache(2048)
2026-01-20 11:47:30.104 [main] DEBUG org.hibernate.service.internal.SessionFactoryServiceRegistryImpl - EventListenerRegistry access via ServiceRegistry is deprecated.  Use `sessionFactory.getEventEngine().getListenerRegistry()` instead
2026-01-20 11:47:30.105 [main] DEBUG org.hibernate.event.internal.EntityCopyObserverFactoryInitiator - Configured EntityCopyObserver strategy: disallow
2026-01-20 11:47:30.154 [main] DEBUG org.hibernate.boot.internal.ClassLoaderAccessImpl - Not known whether passed class name [modelo.Persona] is safe
2026-01-20 11:47:30.154 [main] DEBUG org.hibernate.boot.internal.ClassLoaderAccessImpl - No temp ClassLoader provided; using live ClassLoader for loading potentially unsafe class : modelo.Persona
2026-01-20 11:47:30.279 [main] DEBUG org.hibernate.bytecode.internal.bytebuddy.BytecodeProviderImpl - HHH000513: Unable to create the ReflectionOptimizer for [modelo.Persona]: private accessor [edad]
2026-01-20 11:47:30.295 [main] DEBUG org.hibernate.boot.internal.ClassLoaderAccessImpl - Not known whether passed class name [modelo.Reunion] is safe
2026-01-20 11:47:30.295 [main] DEBUG org.hibernate.boot.internal.ClassLoaderAccessImpl - No temp ClassLoader provided; using live ClassLoader for loading potentially unsafe class : modelo.Reunion
2026-01-20 11:47:30.320 [main] DEBUG org.hibernate.bytecode.internal.bytebuddy.BytecodeProviderImpl - HHH000513: Unable to create the ReflectionOptimizer for [modelo.Reunion]: private accessor [asunto]
2026-01-20 11:47:30.321 [main] DEBUG org.hibernate.boot.internal.ClassLoaderAccessImpl - Not known whether passed class name [modelo.Sala] is safe
2026-01-20 11:47:30.321 [main] DEBUG org.hibernate.boot.internal.ClassLoaderAccessImpl - No temp ClassLoader provided; using live ClassLoader for loading potentially unsafe class : modelo.Sala
2026-01-20 11:47:30.337 [main] DEBUG org.hibernate.bytecode.internal.bytebuddy.BytecodeProviderImpl - HHH000513: Unable to create the ReflectionOptimizer for [modelo.Sala]: private accessor [capacidad]
2026-01-20 11:47:30.361 [main] DEBUG org.hibernate.orm.model.mapping.creation - Starting post-init callbacks
2026-01-20 11:47:30.361 [main] DEBUG org.hibernate.orm.model.mapping.creation - Starting PostInitCallbackEntry : Entity(modelo.Persona) `staticFetchableList` generator
2026-01-20 11:47:30.362 [main] DEBUG org.hibernate.orm.model.mapping.creation - Starting PostInitCallbackEntry : Entity(modelo.Persona) `sqmMultiTableInsertStrategy` interpretation
2026-01-20 11:47:30.377 [main] DEBUG org.hibernate.orm.model.mapping.creation - Starting PostInitCallbackEntry : Entity(modelo.Reunion) `staticFetchableList` generator
2026-01-20 11:47:30.377 [main] DEBUG org.hibernate.orm.model.mapping.creation - Starting PostInitCallbackEntry : Entity(modelo.Reunion) `sqmMultiTableInsertStrategy` interpretation
2026-01-20 11:47:30.377 [main] DEBUG org.hibernate.orm.model.mapping.creation - Starting PostInitCallbackEntry : Entity(modelo.Sala) `staticFetchableList` generator
2026-01-20 11:47:30.377 [main] DEBUG org.hibernate.orm.model.mapping.creation - Starting PostInitCallbackEntry : Entity(modelo.Sala) `sqmMultiTableInsertStrategy` interpretation
2026-01-20 11:47:30.423 [main] DEBUG org.hibernate.orm.sql.ast.create - Created new SQL alias : p1_0
2026-01-20 11:47:30.425 [main] DEBUG org.hibernate.orm.sql.ast.create - Registration of TableGroup [StandardTableGroup(modelo.Persona)] with identifierForTableGroup [modelo.Persona] for NavigablePath [modelo.Persona] 
2026-01-20 11:47:30.435 [main] DEBUG org.hibernate.orm.results.graph.AST - DomainResult Graph:
 \-EntityResultImpl [modelo.Persona]
 |  +-BasicFetch [modelo.Persona.edad]
 |  +-BasicFetch [modelo.Persona.email]
 |  +-BasicFetch [modelo.Persona.fechaNacimiento]
 |  +-BasicFetch [modelo.Persona.nombreApellido]
 |  \-BasicFetch [modelo.Persona.telefono]

2026-01-20 11:47:30.438 [main] DEBUG org.hibernate.orm.sql.ast.tree - SQL AST Tree:
    SelectStatement {
      FromClause {
        StandardTableGroup (p1 : modelo.Persona) {
          primaryTableReference : persona as p1_0
        }
      }
    }

2026-01-20 11:47:30.446 [main] DEBUG org.hibernate.persister.entity.AbstractEntityPersister - Static SQL for entity: modelo.Persona
2026-01-20 11:47:30.446 [main] DEBUG org.hibernate.persister.entity.AbstractEntityPersister -  Version select: select dni from persona where dni=?
2026-01-20 11:47:30.446 [main] DEBUG org.hibernate.persister.entity.AbstractEntityPersister -  Insert (0): insert into persona (edad,email,fechaNacimiento,nombreApellido,telefono,dni) values (?,?,?,?,?,?)
2026-01-20 11:47:30.446 [main] DEBUG org.hibernate.persister.entity.AbstractEntityPersister -  Update (0): update persona set edad=?,email=?,fechaNacimiento=?,nombreApellido=?,telefono=? where dni=?
2026-01-20 11:47:30.446 [main] DEBUG org.hibernate.persister.entity.AbstractEntityPersister -  Delete (0): delete from persona where dni=?
2026-01-20 11:47:30.446 [main] DEBUG org.hibernate.orm.sql.ast.create - Created new SQL alias : r1_0
2026-01-20 11:47:30.446 [main] DEBUG org.hibernate.orm.sql.ast.create - Registration of TableGroup [StandardTableGroup(modelo.Reunion)] with identifierForTableGroup [modelo.Reunion] for NavigablePath [modelo.Reunion] 
2026-01-20 11:47:30.446 [main] DEBUG org.hibernate.orm.results.graph.AST - DomainResult Graph:
 \-EntityResultImpl [modelo.Reunion]
 |  +-BasicFetch [modelo.Reunion.asunto]
 |  \-BasicFetch [modelo.Reunion.fecha]

2026-01-20 11:47:30.446 [main] DEBUG org.hibernate.orm.sql.ast.tree - SQL AST Tree:
    SelectStatement {
      FromClause {
        StandardTableGroup (r1 : modelo.Reunion) {
          primaryTableReference : reunion as r1_0
        }
      }
    }

2026-01-20 11:47:30.446 [main] DEBUG org.hibernate.persister.entity.AbstractEntityPersister - Static SQL for entity: modelo.Reunion
2026-01-20 11:47:30.446 [main] DEBUG org.hibernate.persister.entity.AbstractEntityPersister -  Version select: select idReunion from reunion where idReunion=?
2026-01-20 11:47:30.446 [main] DEBUG org.hibernate.persister.entity.AbstractEntityPersister -  Insert (0): insert into reunion (asunto,fecha,idReunion) values (?,?,?)
2026-01-20 11:47:30.446 [main] DEBUG org.hibernate.persister.entity.AbstractEntityPersister -  Update (0): update reunion set asunto=?,fecha=? where idReunion=?
2026-01-20 11:47:30.446 [main] DEBUG org.hibernate.persister.entity.AbstractEntityPersister -  Delete (0): delete from reunion where idReunion=?
2026-01-20 11:47:30.446 [main] DEBUG org.hibernate.orm.sql.ast.create - Created new SQL alias : s1_0
2026-01-20 11:47:30.446 [main] DEBUG org.hibernate.orm.sql.ast.create - Registration of TableGroup [StandardTableGroup(modelo.Sala)] with identifierForTableGroup [modelo.Sala] for NavigablePath [modelo.Sala] 
2026-01-20 11:47:30.446 [main] DEBUG org.hibernate.orm.results.graph.AST - DomainResult Graph:
 \-EntityResultImpl [modelo.Sala]
 |  +-BasicFetch [modelo.Sala.capacidad]
 |  \-BasicFetch [modelo.Sala.nombre]

2026-01-20 11:47:30.447 [main] DEBUG org.hibernate.orm.sql.ast.tree - SQL AST Tree:
    SelectStatement {
      FromClause {
        StandardTableGroup (s1 : modelo.Sala) {
          primaryTableReference : sala as s1_0
        }
      }
    }

2026-01-20 11:47:30.447 [main] DEBUG org.hibernate.persister.entity.AbstractEntityPersister - Static SQL for entity: modelo.Sala
2026-01-20 11:47:30.447 [main] DEBUG org.hibernate.persister.entity.AbstractEntityPersister -  Version select: select idSala from sala where idSala=?
2026-01-20 11:47:30.447 [main] DEBUG org.hibernate.persister.entity.AbstractEntityPersister -  Insert (0): insert into sala (capacidad,nombre,idSala) values (?,?,?)
2026-01-20 11:47:30.447 [main] DEBUG org.hibernate.persister.entity.AbstractEntityPersister -  Update (0): update sala set capacidad=?,nombre=? where idSala=?
2026-01-20 11:47:30.447 [main] DEBUG org.hibernate.persister.entity.AbstractEntityPersister -  Delete (0): delete from sala where idSala=?
2026-01-20 11:47:30.464 [main] DEBUG org.hibernate.engine.transaction.jta.platform.internal.JtaPlatformInitiator - No JtaPlatform was specified, checking resolver
2026-01-20 11:47:30.464 [main] DEBUG org.hibernate.engine.transaction.jta.platform.internal.JtaPlatformResolverInitiator - No JtaPlatformResolver was specified, using default [org.hibernate.engine.transaction.jta.platform.internal.StandardJtaPlatformResolver]
2026-01-20 11:47:30.466 [main] DEBUG org.hibernate.engine.transaction.jta.platform.internal.StandardJtaPlatformResolver - Could not resolve JtaPlatform, using default [org.hibernate.engine.transaction.jta.platform.internal.NoJtaPlatform]
2026-01-20 11:47:30.466 [main] INFO  org.hibernate.engine.transaction.jta.platform.internal.JtaPlatformInitiator - HHH000489: No JTA platform available (set 'hibernate.transaction.jta.platform' to enable JTA platform integration)
2026-01-20 11:47:30.467 [main] DEBUG org.hibernate.type.spi.TypeConfiguration$Scope - Scoping TypeConfiguration [org.hibernate.type.spi.TypeConfiguration@47ec7422] to SessionFactoryImplementor [org.hibernate.internal.SessionFactoryImpl@4b93dd6a]
2026-01-20 11:47:30.468 [main] DEBUG org.hibernate.query.named.NamedObjectRepository - Checking 0 named HQL queries
2026-01-20 11:47:30.468 [main] DEBUG org.hibernate.query.named.NamedObjectRepository - Checking 0 named SQL queries
2026-01-20 11:47:30.486 [main] INFO  org.hibernate.orm.connections.access - HHH10001501: Connection obtained from JdbcConnectionAccess [org.hibernate.engine.jdbc.env.internal.JdbcEnvironmentInitiator$ConnectionProviderJdbcConnectionAccess@5ac044ef] for (non-JTA) DDL execution was not in auto-commit mode; the Connection 'local transaction' will be committed and the Connection will be set into auto-commit mode.
2026-01-20 11:47:30.502 [main] DEBUG org.hibernate.mapping.Table - No alter strings for table : persona
2026-01-20 11:47:30.503 [main] DEBUG org.hibernate.mapping.Table - No alter strings for table : persona_SEQ
2026-01-20 11:47:30.503 [main] DEBUG org.hibernate.mapping.Table - No alter strings for table : reunion
2026-01-20 11:47:30.503 [main] DEBUG org.hibernate.mapping.Table - No alter strings for table : reunion_SEQ
2026-01-20 11:47:30.524 [main] DEBUG org.hibernate.SQL - 
    create table sala (
        idSala integer not null,
        capacidad integer not null,
        nombre varchar(255),
        primary key (idSala)
    ) engine=InnoDB
2026-01-20 11:47:30.623 [main] DEBUG org.hibernate.SQL - 
    create table sala_SEQ (
        next_val bigint
    ) engine=InnoDB
2026-01-20 11:47:30.648 [main] DEBUG org.hibernate.SQL - 
    insert into sala_SEQ values ( 1 )
2026-01-20 11:47:30.669 [main] DEBUG org.hibernate.internal.SessionFactoryRegistry - Initializing SessionFactoryRegistry : org.hibernate.internal.SessionFactoryRegistry@5d9d2119
2026-01-20 11:47:30.669 [main] DEBUG org.hibernate.internal.SessionFactoryRegistry - Registering SessionFactory: 9a293cd2-94ac-4918-8c2f-70a3f1e398f2 (<unnamed>)
2026-01-20 11:47:30.669 [main] DEBUG org.hibernate.internal.SessionFactoryRegistry - Not binding SessionFactory to JNDI, no JNDI name configured
2026-01-20 11:47:30.669 [main] DEBUG org.hibernate.internal.SessionFactoryImpl - Instantiated SessionFactory
2026-01-20 11:47:30.692 [main] DEBUG org.hibernate.stat.internal.StatisticsInitiator - Statistics initialized [enabled=false]
2026-01-20 11:47:30.696 [main] DEBUG org.hibernate.engine.transaction.internal.TransactionImpl - On TransactionImpl creation, JpaCompliance#isJpaTransactionComplianceEnabled == false
2026-01-20 11:47:30.696 [main] DEBUG org.hibernate.engine.transaction.internal.TransactionImpl - begin
2026-01-20 11:47:30.711 [main] DEBUG org.hibernate.SQL - 
    select
        next_val as id_val 
    from
        sala_SEQ for update
2026-01-20 11:47:30.712 [main] DEBUG org.hibernate.SQL - 
    update
        sala_SEQ 
    set
        next_val= ? 
    where
        next_val=?
2026-01-20 11:47:30.736 [main] DEBUG org.hibernate.event.internal.AbstractSaveEventListener - Generated identifier: 1, using strategy: org.hibernate.id.enhanced.SequenceStyleGenerator
2026-01-20 11:47:30.742 [main] DEBUG org.hibernate.engine.transaction.internal.TransactionImpl - committing
2026-01-20 11:47:30.743 [main] DEBUG org.hibernate.event.internal.AbstractFlushingEventListener - Processing flush-time cascades
2026-01-20 11:47:30.743 [main] DEBUG org.hibernate.event.internal.AbstractFlushingEventListener - Dirty checking collections
2026-01-20 11:47:30.746 [main] DEBUG org.hibernate.event.internal.AbstractFlushingEventListener - Flushed: 1 insertions, 0 updates, 0 deletions to 1 objects
2026-01-20 11:47:30.746 [main] DEBUG org.hibernate.event.internal.AbstractFlushingEventListener - Flushed: 0 (re)creations, 0 updates, 0 removals to 0 collections
2026-01-20 11:47:30.746 [main] DEBUG org.hibernate.internal.util.EntityPrinter - Listing entities:
2026-01-20 11:47:30.746 [main] DEBUG org.hibernate.internal.util.EntityPrinter - modelo.Sala{idSala=1, nombre=Sala De Ventas, capacidad=5}
2026-01-20 11:47:30.753 [main] DEBUG org.hibernate.SQL - 
    insert 
    into
        sala
        (capacidad, nombre, idSala) 
    values
        (?, ?, ?)
2026-01-20 11:47:30.763 [main] DEBUG org.hibernate.resource.jdbc.internal.LogicalConnectionManagedImpl - Initiating JDBC connection release from afterTransaction
2026-01-20 11:47:30.764 [main] DEBUG org.hibernate.resource.jdbc.internal.LogicalConnectionManagedImpl - Initiating JDBC connection release from afterTransaction
2026-01-20 11:47:30.766 [main] DEBUG org.hibernate.orm.query.hql - HQL : FROM modelo.Sala
2026-01-20 11:47:30.925 [main] DEBUG org.hibernate.orm.query.sqm.ast - SqmStatement Tree :
    -> [select]
      -> [query-spec]
        -> [select]
          -> [selection]
            -> [root] - `modelo.Sala(6279611134600)`
            <- [root] - `modelo.Sala(6279611134600)`
          <- [selection]
        <- [select]
        -> [from]
          -> [root] - `modelo.Sala(6279611134600)`
          <- [root] - `modelo.Sala(6279611134600)`
        <- [from]
      <- [query-spec]
    <- [select]

2026-01-20 11:47:30.962 [main] DEBUG org.hibernate.orm.sql.ast.create - Created new SQL alias : s1_0
2026-01-20 11:47:30.962 [main] DEBUG org.hibernate.orm.sql.ast.create - Registration of TableGroup [StandardTableGroup(modelo.Sala(6279611134600))] with identifierForTableGroup [modelo.Sala] for NavigablePath [modelo.Sala] 
2026-01-20 11:47:30.968 [main] DEBUG org.hibernate.orm.results.graph.AST - DomainResult Graph:
 \-EntityResultImpl [modelo.Sala(6279611134600)]
 |  +-BasicFetch [modelo.Sala(6279611134600).capacidad]
 |  \-BasicFetch [modelo.Sala(6279611134600).nombre]

2026-01-20 11:47:30.968 [main] DEBUG org.hibernate.orm.sql.ast.tree - SQL AST Tree:
    SelectStatement {
      FromClause {
        StandardTableGroup (s1 : modelo.Sala(6279611134600)) {
          primaryTableReference : sala as s1_0
        }
      }
    }

2026-01-20 11:47:30.980 [main] DEBUG org.hibernate.orm.sql.exec - Skipping reading Query result cache data: cache-enabled = false, cache-mode = NORMAL
2026-01-20 11:47:30.994 [main] DEBUG org.hibernate.orm.results - Initializer list:
	  modelo.Sala(6279611134600) -> EntityResultInitializer(modelo.Sala(6279611134600))@1381730594 (SingleTableEntityPersister(modelo.Sala))

2026-01-20 11:47:30.998 [main] DEBUG org.hibernate.SQL - 
    select
        s1_0.idSala,
        s1_0.capacidad,
        s1_0.nombre 
    from
        sala s1_0
2026-01-20 11:47:31.002 [main] DEBUG org.hibernate.orm.results - Extracted JDBC value [0] - [1]
2026-01-20 11:47:31.002 [main] DEBUG org.hibernate.orm.results.loading.entity - (EntityResultInitializer) Hydrated EntityKey (modelo.Sala(6279611134600)): 1
2026-01-20 11:47:31.003 [main] DEBUG org.hibernate.orm.results.loading.entity - (EntityResultInitializer) Created new entity instance [modelo.Sala(6279611134600)#1] : 89750691
2026-01-20 11:47:31.003 [main] DEBUG org.hibernate.orm.results - Extracted JDBC value [1] - [5]
2026-01-20 11:47:31.003 [main] DEBUG org.hibernate.orm.results - Extracted JDBC value [2] - [Sala De Ventas]
2026-01-20 11:47:31.004 [main] DEBUG org.hibernate.orm.results.loading.entity - (EntityResultInitializer) Done materializing entityInstance : modelo.Sala(6279611134600)#1
2026-01-20 11:47:31.004 [main] DEBUG org.hibernate.orm.results.loading - Calling top-level assembler (0 / 1) : org.hibernate.sql.results.graph.entity.internal.EntityAssembler@6d3163a6
2026-01-20 11:47:31.005 [main] DEBUG org.hibernate.resource.jdbc.internal.LogicalConnectionManagedImpl - Initiating JDBC connection release from afterTransaction
2026-01-20 11:47:31.006 [main] DEBUG org.hibernate.resource.jdbc.internal.LogicalConnectionManagedImpl - Initiating JDBC connection release from afterTransaction
2026-01-20 11:47:31.010 [main] DEBUG controlador.GestionaReuniones - Sala [idSala=1, nombre=Sala De Ventas, capacidad=5]
2026-01-20 11:50:01.115 [main] DEBUG org.jboss.logging - Logging Provider: org.jboss.logging.Log4j2LoggerProvider
2026-01-20 11:50:01.128 [main] DEBUG org.hibernate.integrator.internal.IntegratorServiceImpl - Adding Integrator [org.hibernate.boot.beanvalidation.BeanValidationIntegrator].
2026-01-20 11:50:01.130 [main] DEBUG org.hibernate.integrator.internal.IntegratorServiceImpl - Adding Integrator [org.hibernate.cache.internal.CollectionCacheInvalidator].
2026-01-20 11:50:01.147 [main] INFO  org.hibernate.Version - HHH000412: Hibernate ORM core version 6.4.4.Final
2026-01-20 11:50:01.148 [main] DEBUG org.hibernate.cfg.Environment - HHH000206: 'hibernate.properties' not found
2026-01-20 11:50:01.171 [main] DEBUG org.hibernate.boot.jaxb.internal.stax.LocalXmlResourceResolver - Checking public/system identifiers `-//Hibernate/Hibernate Configuration DTD 3.0//EN`/`https://hibernate.org/dtd/hibernate-configuration-3.0.dtd` as DTD references
2026-01-20 11:50:01.176 [main] DEBUG org.hibernate.boot.cfgxml.internal.JaxbCfgProcessor - cfg.xml document did not define namespaces; wrapping in custom event reader to introduce namespace information
2026-01-20 11:50:01.316 [main] DEBUG org.hibernate.orm.idgen.factory - Ignoring CDI for resolving IdentifierGenerator instances as extended or delayed CDI support was enabled
2026-01-20 11:50:01.319 [main] DEBUG org.hibernate.orm.idgen.factory - Registering IdentifierGenerator strategy [uuid2] -> [org.hibernate.id.UUIDGenerator]
2026-01-20 11:50:01.319 [main] DEBUG org.hibernate.orm.idgen.factory - Registering IdentifierGenerator strategy [guid] -> [org.hibernate.id.GUIDGenerator]
2026-01-20 11:50:01.320 [main] DEBUG org.hibernate.orm.idgen.factory - Registering IdentifierGenerator strategy [uuid] -> [org.hibernate.id.UUIDHexGenerator]
2026-01-20 11:50:01.320 [main] DEBUG org.hibernate.orm.idgen.factory - Registering IdentifierGenerator strategy [uuid.hex] -> [org.hibernate.id.UUIDHexGenerator]
2026-01-20 11:50:01.320 [main] DEBUG org.hibernate.orm.idgen.factory - Registering IdentifierGenerator strategy [assigned] -> [org.hibernate.id.Assigned]
2026-01-20 11:50:01.321 [main] DEBUG org.hibernate.orm.idgen.factory - Registering IdentifierGenerator strategy [identity] -> [org.hibernate.id.IdentityGenerator]
2026-01-20 11:50:01.321 [main] DEBUG org.hibernate.orm.idgen.factory - Registering IdentifierGenerator strategy [select] -> [org.hibernate.id.SelectGenerator]
2026-01-20 11:50:01.322 [main] DEBUG org.hibernate.orm.idgen.factory - Registering IdentifierGenerator strategy [sequence] -> [org.hibernate.id.enhanced.SequenceStyleGenerator]
2026-01-20 11:50:01.322 [main] DEBUG org.hibernate.orm.idgen.factory - Registering IdentifierGenerator strategy [increment] -> [org.hibernate.id.IncrementGenerator]
2026-01-20 11:50:01.322 [main] DEBUG org.hibernate.orm.idgen.factory - Registering IdentifierGenerator strategy [foreign] -> [org.hibernate.id.ForeignGenerator]
2026-01-20 11:50:01.323 [main] DEBUG org.hibernate.orm.idgen.factory - Registering IdentifierGenerator strategy [enhanced-sequence] -> [org.hibernate.id.enhanced.SequenceStyleGenerator]
2026-01-20 11:50:01.323 [main] DEBUG org.hibernate.orm.idgen.factory - Registering IdentifierGenerator strategy [enhanced-table] -> [org.hibernate.id.enhanced.TableGenerator]
2026-01-20 11:50:01.329 [main] DEBUG org.hibernate.cache.internal.RegionFactoryInitiator - Cannot default RegionFactory based on registered strategies as `[]` RegionFactory strategies were registered
2026-01-20 11:50:01.329 [main] INFO  org.hibernate.cache.internal.RegionFactoryInitiator - HHH000026: Second-level cache disabled
2026-01-20 11:50:01.385 [main] DEBUG org.hibernate.type.BasicTypeRegistry - Adding type registration boolean -> org.hibernate.type.BasicTypeReference@30b34287
2026-01-20 11:50:01.385 [main] DEBUG org.hibernate.type.BasicTypeRegistry - Adding type registration boolean -> org.hibernate.type.BasicTypeReference@30b34287
2026-01-20 11:50:01.385 [main] DEBUG org.hibernate.type.BasicTypeRegistry - Adding type registration java.lang.Boolean -> org.hibernate.type.BasicTypeReference@30b34287
2026-01-20 11:50:01.386 [main] DEBUG org.hibernate.type.BasicTypeRegistry - Adding type registration numeric_boolean -> org.hibernate.type.BasicTypeReference@5489c777
2026-01-20 11:50:01.386 [main] DEBUG org.hibernate.type.BasicTypeRegistry - Adding type registration org.hibernate.type.NumericBooleanConverter -> org.hibernate.type.BasicTypeReference@5489c777
2026-01-20 11:50:01.386 [main] DEBUG org.hibernate.type.BasicTypeRegistry - Adding type registration true_false -> org.hibernate.type.BasicTypeReference@3676ac27
2026-01-20 11:50:01.386 [main] DEBUG org.hibernate.type.BasicTypeRegistry - Adding type registration org.hibernate.type.TrueFalseConverter -> org.hibernate.type.BasicTypeReference@3676ac27
2026-01-20 11:50:01.386 [main] DEBUG org.hibernate.type.BasicTypeRegistry - Adding type registration yes_no -> org.hibernate.type.BasicTypeReference@62f87c44
2026-01-20 11:50:01.386 [main] DEBUG org.hibernate.type.BasicTypeRegistry - Adding type registration org.hibernate.type.YesNoConverter -> org.hibernate.type.BasicTypeReference@62f87c44
2026-01-20 11:50:01.386 [main] DEBUG org.hibernate.type.BasicTypeRegistry - Adding type registration byte -> org.hibernate.type.BasicTypeReference@48f5bde6
2026-01-20 11:50:01.386 [main] DEBUG org.hibernate.type.BasicTypeRegistry - Adding type registration byte -> org.hibernate.type.BasicTypeReference@48f5bde6
2026-01-20 11:50:01.386 [main] DEBUG org.hibernate.type.BasicTypeRegistry - Adding type registration java.lang.Byte -> org.hibernate.type.BasicTypeReference@48f5bde6
2026-01-20 11:50:01.387 [main] DEBUG org.hibernate.type.BasicTypeRegistry - Adding type registration binary -> org.hibernate.type.BasicTypeReference@525d79f0
2026-01-20 11:50:01.387 [main] DEBUG org.hibernate.type.BasicTypeRegistry - Adding type registration byte[] -> org.hibernate.type.BasicTypeReference@525d79f0
2026-01-20 11:50:01.387 [main] DEBUG org.hibernate.type.BasicTypeRegistry - Adding type registration [B -> org.hibernate.type.BasicTypeReference@525d79f0
2026-01-20 11:50:01.387 [main] DEBUG org.hibernate.type.BasicTypeRegistry - Adding type registration binary_wrapper -> org.hibernate.type.BasicTypeReference@5149f008
2026-01-20 11:50:01.387 [main] DEBUG org.hibernate.type.BasicTypeRegistry - Adding type registration wrapper-binary -> org.hibernate.type.BasicTypeReference@5149f008
2026-01-20 11:50:01.387 [main] DEBUG org.hibernate.type.BasicTypeRegistry - Adding type registration image -> org.hibernate.type.BasicTypeReference@7072bc39
2026-01-20 11:50:01.387 [main] DEBUG org.hibernate.type.BasicTypeRegistry - Adding type registration blob -> org.hibernate.type.BasicTypeReference@158d255c
2026-01-20 11:50:01.387 [main] DEBUG org.hibernate.type.BasicTypeRegistry - Adding type registration java.sql.Blob -> org.hibernate.type.BasicTypeReference@158d255c
2026-01-20 11:50:01.387 [main] DEBUG org.hibernate.type.BasicTypeRegistry - Adding type registration materialized_blob -> org.hibernate.type.BasicTypeReference@2ca65ce4
2026-01-20 11:50:01.388 [main] DEBUG org.hibernate.type.BasicTypeRegistry - Adding type registration materialized_blob_wrapper -> org.hibernate.type.BasicTypeReference@327120c8
2026-01-20 11:50:01.388 [main] DEBUG org.hibernate.type.BasicTypeRegistry - Adding type registration short -> org.hibernate.type.BasicTypeReference@5707c1cb
2026-01-20 11:50:01.388 [main] DEBUG org.hibernate.type.BasicTypeRegistry - Adding type registration short -> org.hibernate.type.BasicTypeReference@5707c1cb
2026-01-20 11:50:01.388 [main] DEBUG org.hibernate.type.BasicTypeRegistry - Adding type registration java.lang.Short -> org.hibernate.type.BasicTypeReference@5707c1cb
2026-01-20 11:50:01.388 [main] DEBUG org.hibernate.type.BasicTypeRegistry - Adding type registration integer -> org.hibernate.type.BasicTypeReference@2b5cb9b2
2026-01-20 11:50:01.389 [main] DEBUG org.hibernate.type.BasicTypeRegistry - Adding type registration int -> org.hibernate.type.BasicTypeReference@2b5cb9b2
2026-01-20 11:50:01.389 [main] DEBUG org.hibernate.type.BasicTypeRegistry - Adding type registration java.lang.Integer -> org.hibernate.type.BasicTypeReference@2b5cb9b2
2026-01-20 11:50:01.389 [main] DEBUG org.hibernate.type.BasicTypeRegistry - Adding type registration long -> org.hibernate.type.BasicTypeReference@35038141
2026-01-20 11:50:01.389 [main] DEBUG org.hibernate.type.BasicTypeRegistry - Adding type registration long -> org.hibernate.type.BasicTypeReference@35038141
2026-01-20 11:50:01.389 [main] DEBUG org.hibernate.type.BasicTypeRegistry - Adding type registration java.lang.Long -> org.hibernate.type.BasicTypeReference@35038141
2026-01-20 11:50:01.389 [main] DEBUG org.hibernate.type.BasicTypeRegistry - Adding type registration float -> org.hibernate.type.BasicTypeReference@ecf9049
2026-01-20 11:50:01.389 [main] DEBUG org.hibernate.type.BasicTypeRegistry - Adding type registration float -> org.hibernate.type.BasicTypeReference@ecf9049
2026-01-20 11:50:01.389 [main] DEBUG org.hibernate.type.BasicTypeRegistry - Adding type registration java.lang.Float -> org.hibernate.type.BasicTypeReference@ecf9049
2026-01-20 11:50:01.389 [main] DEBUG org.hibernate.type.BasicTypeRegistry - Adding type registration double -> org.hibernate.type.BasicTypeReference@672f11c2
2026-01-20 11:50:01.389 [main] DEBUG org.hibernate.type.BasicTypeRegistry - Adding type registration double -> org.hibernate.type.BasicTypeReference@672f11c2
2026-01-20 11:50:01.389 [main] DEBUG org.hibernate.type.BasicTypeRegistry - Adding type registration java.lang.Double -> org.hibernate.type.BasicTypeReference@672f11c2
2026-01-20 11:50:01.389 [main] DEBUG org.hibernate.type.BasicTypeRegistry - Adding type registration big_integer -> org.hibernate.type.BasicTypeReference@2970a5bc
2026-01-20 11:50:01.389 [main] DEBUG org.hibernate.type.BasicTypeRegistry - Adding type registration java.math.BigInteger -> org.hibernate.type.BasicTypeReference@2970a5bc
2026-01-20 11:50:01.389 [main] DEBUG org.hibernate.type.BasicTypeRegistry - Adding type registration big_decimal -> org.hibernate.type.BasicTypeReference@50305a
2026-01-20 11:50:01.389 [main] DEBUG org.hibernate.type.BasicTypeRegistry - Adding type registration java.math.BigDecimal -> org.hibernate.type.BasicTypeReference@50305a
2026-01-20 11:50:01.390 [main] DEBUG org.hibernate.type.BasicTypeRegistry - Adding type registration character -> org.hibernate.type.BasicTypeReference@72efb5c1
2026-01-20 11:50:01.390 [main] DEBUG org.hibernate.type.BasicTypeRegistry - Adding type registration char -> org.hibernate.type.BasicTypeReference@72efb5c1
2026-01-20 11:50:01.390 [main] DEBUG org.hibernate.type.BasicTypeRegistry - Adding type registration java.lang.Character -> org.hibernate.type.BasicTypeReference@72efb5c1
2026-01-20 11:50:01.390 [main] DEBUG org.hibernate.type.BasicTypeRegistry - Adding type registration character_nchar -> org.hibernate.type.BasicTypeReference@6d511b5f
2026-01-20 11:50:01.390 [main] DEBUG org.hibernate.type.BasicTypeRegistry - Adding type registration string -> org.hibernate.type.BasicTypeReference@41200e0c
2026-01-20 11:50:01.390 [main] DEBUG org.hibernate.type.BasicTypeRegistry - Adding type registration java.lang.String -> org.hibernate.type.BasicTypeReference@41200e0c
2026-01-20 11:50:01.390 [main] DEBUG org.hibernate.type.BasicTypeRegistry - Adding type registration nstring -> org.hibernate.type.BasicTypeReference@40f33492
2026-01-20 11:50:01.390 [main] DEBUG org.hibernate.type.BasicTypeRegistry - Adding type registration characters -> org.hibernate.type.BasicTypeReference@4fbdc0f0
2026-01-20 11:50:01.390 [main] DEBUG org.hibernate.type.BasicTypeRegistry - Adding type registration char[] -> org.hibernate.type.BasicTypeReference@4fbdc0f0
2026-01-20 11:50:01.390 [main] DEBUG org.hibernate.type.BasicTypeRegistry - Adding type registration [C -> org.hibernate.type.BasicTypeReference@4fbdc0f0
2026-01-20 11:50:01.391 [main] DEBUG org.hibernate.type.BasicTypeRegistry - Adding type registration wrapper-characters -> org.hibernate.type.BasicTypeReference@2ad3a1bb
2026-01-20 11:50:01.391 [main] DEBUG org.hibernate.type.BasicTypeRegistry - Adding type registration text -> org.hibernate.type.BasicTypeReference@6bc28a83
2026-01-20 11:50:01.391 [main] DEBUG org.hibernate.type.BasicTypeRegistry - Adding type registration ntext -> org.hibernate.type.BasicTypeReference@324c64cd
2026-01-20 11:50:01.391 [main] DEBUG org.hibernate.type.BasicTypeRegistry - Adding type registration clob -> org.hibernate.type.BasicTypeReference@13579834
2026-01-20 11:50:01.391 [main] DEBUG org.hibernate.type.BasicTypeRegistry - Adding type registration java.sql.Clob -> org.hibernate.type.BasicTypeReference@13579834
2026-01-20 11:50:01.391 [main] DEBUG org.hibernate.type.BasicTypeRegistry - Adding type registration nclob -> org.hibernate.type.BasicTypeReference@24be2d9c
2026-01-20 11:50:01.391 [main] DEBUG org.hibernate.type.BasicTypeRegistry - Adding type registration java.sql.NClob -> org.hibernate.type.BasicTypeReference@24be2d9c
2026-01-20 11:50:01.391 [main] DEBUG org.hibernate.type.BasicTypeRegistry - Adding type registration materialized_clob -> org.hibernate.type.BasicTypeReference@5bd73d1a
2026-01-20 11:50:01.391 [main] DEBUG org.hibernate.type.BasicTypeRegistry - Adding type registration materialized_clob_char_array -> org.hibernate.type.BasicTypeReference@aec50a1
2026-01-20 11:50:01.391 [main] DEBUG org.hibernate.type.BasicTypeRegistry - Adding type registration materialized_clob_character_array -> org.hibernate.type.BasicTypeReference@2555fff0
2026-01-20 11:50:01.391 [main] DEBUG org.hibernate.type.BasicTypeRegistry - Adding type registration materialized_nclob -> org.hibernate.type.BasicTypeReference@70d2e40b
2026-01-20 11:50:01.391 [main] DEBUG org.hibernate.type.BasicTypeRegistry - Adding type registration materialized_nclob_character_array -> org.hibernate.type.BasicTypeReference@120f38e6
2026-01-20 11:50:01.391 [main] DEBUG org.hibernate.type.BasicTypeRegistry - Adding type registration materialized_nclob_char_array -> org.hibernate.type.BasicTypeReference@7a0e1b5e
2026-01-20 11:50:01.392 [main] DEBUG org.hibernate.type.BasicTypeRegistry - Adding type registration Duration -> org.hibernate.type.BasicTypeReference@702ed190
2026-01-20 11:50:01.392 [main] DEBUG org.hibernate.type.BasicTypeRegistry - Adding type registration java.time.Duration -> org.hibernate.type.BasicTypeReference@702ed190
2026-01-20 11:50:01.392 [main] DEBUG org.hibernate.type.BasicTypeRegistry - Adding type registration LocalDateTime -> org.hibernate.type.BasicTypeReference@173b9122
2026-01-20 11:50:01.393 [main] DEBUG org.hibernate.type.BasicTypeRegistry - Adding type registration java.time.LocalDateTime -> org.hibernate.type.BasicTypeReference@173b9122
2026-01-20 11:50:01.393 [main] DEBUG org.hibernate.type.BasicTypeRegistry - Adding type registration LocalDate -> org.hibernate.type.BasicTypeReference@7c18432b
2026-01-20 11:50:01.393 [main] DEBUG org.hibernate.type.BasicTypeRegistry - Adding type registration java.time.LocalDate -> org.hibernate.type.BasicTypeReference@7c18432b
2026-01-20 11:50:01.393 [main] DEBUG org.hibernate.type.BasicTypeRegistry - Adding type registration LocalTime -> org.hibernate.type.BasicTypeReference@7646731d
2026-01-20 11:50:01.393 [main] DEBUG org.hibernate.type.BasicTypeRegistry - Adding type registration java.time.LocalTime -> org.hibernate.type.BasicTypeReference@7646731d
2026-01-20 11:50:01.393 [main] DEBUG org.hibernate.type.BasicTypeRegistry - Adding type registration OffsetDateTime -> org.hibernate.type.BasicTypeReference@70e29e14
2026-01-20 11:50:01.393 [main] DEBUG org.hibernate.type.BasicTypeRegistry - Adding type registration java.time.OffsetDateTime -> org.hibernate.type.BasicTypeReference@70e29e14
2026-01-20 11:50:01.393 [main] DEBUG org.hibernate.type.BasicTypeRegistry - Adding type registration OffsetDateTimeWithTimezone -> org.hibernate.type.BasicTypeReference@3b1bb3ab
2026-01-20 11:50:01.393 [main] DEBUG org.hibernate.type.BasicTypeRegistry - Adding type registration OffsetDateTimeWithoutTimezone -> org.hibernate.type.BasicTypeReference@5a4bef8
2026-01-20 11:50:01.393 [main] DEBUG org.hibernate.type.BasicTypeRegistry - Adding type registration OffsetTime -> org.hibernate.type.BasicTypeReference@40bffbca
2026-01-20 11:50:01.394 [main] DEBUG org.hibernate.type.BasicTypeRegistry - Adding type registration java.time.OffsetTime -> org.hibernate.type.BasicTypeReference@40bffbca
2026-01-20 11:50:01.394 [main] DEBUG org.hibernate.type.BasicTypeRegistry - Adding type registration OffsetTimeUtc -> org.hibernate.type.BasicTypeReference@2449cff7
2026-01-20 11:50:01.394 [main] DEBUG org.hibernate.type.BasicTypeRegistry - Adding type registration OffsetTimeWithTimezone -> org.hibernate.type.BasicTypeReference@42a9a63e
2026-01-20 11:50:01.394 [main] DEBUG org.hibernate.type.BasicTypeRegistry - Adding type registration OffsetTimeWithoutTimezone -> org.hibernate.type.BasicTypeReference@62da83ed
2026-01-20 11:50:01.394 [main] DEBUG org.hibernate.type.BasicTypeRegistry - Adding type registration ZonedDateTime -> org.hibernate.type.BasicTypeReference@5d8445d7
2026-01-20 11:50:01.394 [main] DEBUG org.hibernate.type.BasicTypeRegistry - Adding type registration java.time.ZonedDateTime -> org.hibernate.type.BasicTypeReference@5d8445d7
2026-01-20 11:50:01.394 [main] DEBUG org.hibernate.type.BasicTypeRegistry - Adding type registration ZonedDateTimeWithTimezone -> org.hibernate.type.BasicTypeReference@37d80fe7
2026-01-20 11:50:01.394 [main] DEBUG org.hibernate.type.BasicTypeRegistry - Adding type registration ZonedDateTimeWithoutTimezone -> org.hibernate.type.BasicTypeReference@384fc774
2026-01-20 11:50:01.394 [main] DEBUG org.hibernate.type.BasicTypeRegistry - Adding type registration date -> org.hibernate.type.BasicTypeReference@e3cee7b
2026-01-20 11:50:01.394 [main] DEBUG org.hibernate.type.BasicTypeRegistry - Adding type registration java.sql.Date -> org.hibernate.type.BasicTypeReference@e3cee7b
2026-01-20 11:50:01.394 [main] DEBUG org.hibernate.type.BasicTypeRegistry - Adding type registration time -> org.hibernate.type.BasicTypeReference@71e9a896
2026-01-20 11:50:01.394 [main] DEBUG org.hibernate.type.BasicTypeRegistry - Adding type registration java.sql.Time -> org.hibernate.type.BasicTypeReference@71e9a896
2026-01-20 11:50:01.395 [main] DEBUG org.hibernate.type.BasicTypeRegistry - Adding type registration timestamp -> org.hibernate.type.BasicTypeReference@6b9267b
2026-01-20 11:50:01.395 [main] DEBUG org.hibernate.type.BasicTypeRegistry - Adding type registration java.sql.Timestamp -> org.hibernate.type.BasicTypeReference@6b9267b
2026-01-20 11:50:01.395 [main] DEBUG org.hibernate.type.BasicTypeRegistry - Adding type registration java.util.Date -> org.hibernate.type.BasicTypeReference@6b9267b
2026-01-20 11:50:01.395 [main] DEBUG org.hibernate.type.BasicTypeRegistry - Adding type registration calendar -> org.hibernate.type.BasicTypeReference@408b35bf
2026-01-20 11:50:01.395 [main] DEBUG org.hibernate.type.BasicTypeRegistry - Adding type registration java.util.Calendar -> org.hibernate.type.BasicTypeReference@408b35bf
2026-01-20 11:50:01.395 [main] DEBUG org.hibernate.type.BasicTypeRegistry - Adding type registration java.util.GregorianCalendar -> org.hibernate.type.BasicTypeReference@408b35bf
2026-01-20 11:50:01.395 [main] DEBUG org.hibernate.type.BasicTypeRegistry - Adding type registration calendar_date -> org.hibernate.type.BasicTypeReference@29ad44e3
2026-01-20 11:50:01.395 [main] DEBUG org.hibernate.type.BasicTypeRegistry - Adding type registration calendar_time -> org.hibernate.type.BasicTypeReference@15bcf458
2026-01-20 11:50:01.395 [main] DEBUG org.hibernate.type.BasicTypeRegistry - Adding type registration instant -> org.hibernate.type.BasicTypeReference@5af9926a
2026-01-20 11:50:01.395 [main] DEBUG org.hibernate.type.BasicTypeRegistry - Adding type registration java.time.Instant -> org.hibernate.type.BasicTypeReference@5af9926a
2026-01-20 11:50:01.395 [main] DEBUG org.hibernate.type.BasicTypeRegistry - Adding type registration uuid -> org.hibernate.type.BasicTypeReference@43c67247
2026-01-20 11:50:01.396 [main] DEBUG org.hibernate.type.BasicTypeRegistry - Adding type registration java.util.UUID -> org.hibernate.type.BasicTypeReference@43c67247
2026-01-20 11:50:01.396 [main] DEBUG org.hibernate.type.BasicTypeRegistry - Adding type registration pg-uuid -> org.hibernate.type.BasicTypeReference@43c67247
2026-01-20 11:50:01.396 [main] DEBUG org.hibernate.type.BasicTypeRegistry - Adding type registration uuid-binary -> org.hibernate.type.BasicTypeReference@fac80
2026-01-20 11:50:01.396 [main] DEBUG org.hibernate.type.BasicTypeRegistry - Adding type registration uuid-char -> org.hibernate.type.BasicTypeReference@726386ed
2026-01-20 11:50:01.396 [main] DEBUG org.hibernate.type.BasicTypeRegistry - Adding type registration class -> org.hibernate.type.BasicTypeReference@649f2009
2026-01-20 11:50:01.396 [main] DEBUG org.hibernate.type.BasicTypeRegistry - Adding type registration java.lang.Class -> org.hibernate.type.BasicTypeReference@649f2009
2026-01-20 11:50:01.396 [main] DEBUG org.hibernate.type.BasicTypeRegistry - Adding type registration currency -> org.hibernate.type.BasicTypeReference@14bb2297
2026-01-20 11:50:01.396 [main] DEBUG org.hibernate.type.BasicTypeRegistry - Adding type registration Currency -> org.hibernate.type.BasicTypeReference@14bb2297
2026-01-20 11:50:01.396 [main] DEBUG org.hibernate.type.BasicTypeRegistry - Adding type registration java.util.Currency -> org.hibernate.type.BasicTypeReference@14bb2297
2026-01-20 11:50:01.396 [main] DEBUG org.hibernate.type.BasicTypeRegistry - Adding type registration locale -> org.hibernate.type.BasicTypeReference@69adf72c
2026-01-20 11:50:01.396 [main] DEBUG org.hibernate.type.BasicTypeRegistry - Adding type registration java.util.Locale -> org.hibernate.type.BasicTypeReference@69adf72c
2026-01-20 11:50:01.397 [main] DEBUG org.hibernate.type.BasicTypeRegistry - Adding type registration serializable -> org.hibernate.type.BasicTypeReference@797501a
2026-01-20 11:50:01.397 [main] DEBUG org.hibernate.type.BasicTypeRegistry - Adding type registration java.io.Serializable -> org.hibernate.type.BasicTypeReference@797501a
2026-01-20 11:50:01.397 [main] DEBUG org.hibernate.type.BasicTypeRegistry - Adding type registration timezone -> org.hibernate.type.BasicTypeReference@1a15b789
2026-01-20 11:50:01.397 [main] DEBUG org.hibernate.type.BasicTypeRegistry - Adding type registration java.util.TimeZone -> org.hibernate.type.BasicTypeReference@1a15b789
2026-01-20 11:50:01.397 [main] DEBUG org.hibernate.type.BasicTypeRegistry - Adding type registration ZoneOffset -> org.hibernate.type.BasicTypeReference@57f791c6
2026-01-20 11:50:01.397 [main] DEBUG org.hibernate.type.BasicTypeRegistry - Adding type registration java.time.ZoneOffset -> org.hibernate.type.BasicTypeReference@57f791c6
2026-01-20 11:50:01.397 [main] DEBUG org.hibernate.type.BasicTypeRegistry - Adding type registration url -> org.hibernate.type.BasicTypeReference@51650883
2026-01-20 11:50:01.397 [main] DEBUG org.hibernate.type.BasicTypeRegistry - Adding type registration java.net.URL -> org.hibernate.type.BasicTypeReference@51650883
2026-01-20 11:50:01.397 [main] DEBUG org.hibernate.type.BasicTypeRegistry - Adding type registration vector -> org.hibernate.type.BasicTypeReference@6c4f9535
2026-01-20 11:50:01.397 [main] DEBUG org.hibernate.type.BasicTypeRegistry - Adding type registration row_version -> org.hibernate.type.BasicTypeReference@5bd1ceca
2026-01-20 11:50:01.400 [main] DEBUG org.hibernate.type.BasicTypeRegistry - Adding type registration object -> org.hibernate.type.JavaObjectType@213e3629
2026-01-20 11:50:01.400 [main] DEBUG org.hibernate.type.BasicTypeRegistry - Adding type registration java.lang.Object -> org.hibernate.type.JavaObjectType@213e3629
2026-01-20 11:50:01.401 [main] DEBUG org.hibernate.type.BasicTypeRegistry - Adding type registration null -> org.hibernate.type.NullType@1a6f5124
2026-01-20 11:50:01.401 [main] DEBUG org.hibernate.type.BasicTypeRegistry - Adding type registration imm_date -> org.hibernate.type.BasicTypeReference@1edb61b1
2026-01-20 11:50:01.401 [main] DEBUG org.hibernate.type.BasicTypeRegistry - Adding type registration imm_time -> org.hibernate.type.BasicTypeReference@ec2bf82
2026-01-20 11:50:01.401 [main] DEBUG org.hibernate.type.BasicTypeRegistry - Adding type registration imm_timestamp -> org.hibernate.type.BasicTypeReference@cc62a3b
2026-01-20 11:50:01.402 [main] DEBUG org.hibernate.type.BasicTypeRegistry - Adding type registration imm_calendar -> org.hibernate.type.BasicTypeReference@6cc0bcf6
2026-01-20 11:50:01.402 [main] DEBUG org.hibernate.type.BasicTypeRegistry - Adding type registration imm_calendar_date -> org.hibernate.type.BasicTypeReference@29539e36
2026-01-20 11:50:01.402 [main] DEBUG org.hibernate.type.BasicTypeRegistry - Adding type registration imm_calendar_time -> org.hibernate.type.BasicTypeReference@32f61a31
2026-01-20 11:50:01.402 [main] DEBUG org.hibernate.type.BasicTypeRegistry - Adding type registration imm_binary -> org.hibernate.type.BasicTypeReference@f5c79a6
2026-01-20 11:50:01.402 [main] DEBUG org.hibernate.type.BasicTypeRegistry - Adding type registration imm_serializable -> org.hibernate.type.BasicTypeReference@669253b7
2026-01-20 11:50:01.421 [main] WARN  org.hibernate.orm.connections.pooling - HHH10001002: Using built-in connection pool (not intended for production use)
2026-01-20 11:50:01.425 [main] INFO  org.hibernate.orm.connections.pooling - HHH10001005: Loaded JDBC driver class: com.mysql.cj.jdbc.Driver
2026-01-20 11:50:01.425 [main] INFO  org.hibernate.orm.connections.pooling - HHH10001012: Connecting with JDBC URL [jdbc:mysql://localhost:3307/accesoDatosDAM?useSSL=false&serverTimezone=UTC]
2026-01-20 11:50:01.425 [main] INFO  org.hibernate.orm.connections.pooling - HHH10001001: Connection properties: {password=usuario, user=usuario2}
2026-01-20 11:50:01.425 [main] INFO  org.hibernate.orm.connections.pooling - HHH10001003: Autocommit mode: false
2026-01-20 11:50:01.427 [main] DEBUG org.hibernate.orm.connections.pooling - Initializing Connection pool with 1 Connections
2026-01-20 11:50:01.427 [main] INFO  org.hibernate.orm.connections.pooling - HHH10001115: Connection pool size: 20 (min=1)
2026-01-20 11:50:01.572 [main] DEBUG org.hibernate.engine.jdbc.env.internal.JdbcEnvironmentInitiator - Database ->
       name : MySQL
    version : 8.4.7
      major : 8
      minor : 4
2026-01-20 11:50:01.572 [main] DEBUG org.hibernate.engine.jdbc.env.internal.JdbcEnvironmentInitiator - Driver ->
       name : MySQL Connector/J
    version : mysql-connector-j-8.4.0 (Revision: 1c3f5c149e0bfe31c7fbeb24e2d260cd890972c4)
      major : 8
      minor : 4
2026-01-20 11:50:01.572 [main] DEBUG org.hibernate.engine.jdbc.env.internal.JdbcEnvironmentInitiator - JDBC version : 4.2
2026-01-20 11:50:01.609 [main] WARN  org.hibernate.orm.deprecation - HHH90000025: MySQLDialect does not need to be specified explicitly using 'hibernate.dialect' (remove the property setting and it will be selected by default)
2026-01-20 11:50:01.611 [main] DEBUG org.hibernate.orm.dialect - HHH035001: Using dialect: org.hibernate.dialect.MySQLDialect, version: 8.4.7
2026-01-20 11:50:01.617 [main] DEBUG org.hibernate.engine.jdbc.env.spi.IdentifierHelperBuilder - JDBC driver metadata reported database stores quoted identifiers in more than one case
2026-01-20 11:50:01.617 [main] DEBUG org.hibernate.engine.jdbc.env.spi.IdentifierHelperBuilder - IdentifierCaseStrategy for both quoted and unquoted identifiers was set to the same strategy [MIXED]; that will likely lead to problems in schema update and validation if using quoted identifiers
2026-01-20 11:50:01.630 [main] DEBUG org.hibernate.type.descriptor.sql.spi.DdlTypeRegistry - addDescriptor(12, org.hibernate.type.descriptor.sql.internal.CapacityDependentDdlType@42f9c19a) replaced previous registration(org.hibernate.type.descriptor.sql.internal.CapacityDependentDdlType@64bfd6fd)
2026-01-20 11:50:01.630 [main] DEBUG org.hibernate.type.descriptor.sql.spi.DdlTypeRegistry - addDescriptor(-9, org.hibernate.type.descriptor.sql.internal.CapacityDependentDdlType@2ab2710) replaced previous registration(org.hibernate.type.descriptor.sql.internal.CapacityDependentDdlType@253b380a)
2026-01-20 11:50:01.630 [main] DEBUG org.hibernate.type.descriptor.sql.spi.DdlTypeRegistry - addDescriptor(-3, org.hibernate.type.descriptor.sql.internal.CapacityDependentDdlType@29c2c826) replaced previous registration(org.hibernate.type.descriptor.sql.internal.CapacityDependentDdlType@3350ebdd)
2026-01-20 11:50:01.630 [main] DEBUG org.hibernate.type.descriptor.sql.spi.DdlTypeRegistry - addDescriptor(4003, org.hibernate.type.descriptor.sql.internal.DdlTypeImpl@6818d900) replaced previous registration(org.hibernate.type.descriptor.sql.internal.DdlTypeImpl@149f5761)
2026-01-20 11:50:01.631 [main] DEBUG org.hibernate.type.descriptor.sql.spi.DdlTypeRegistry - addDescriptor(4001, org.hibernate.type.descriptor.sql.internal.DdlTypeImpl@2ba33e2c) replaced previous registration(org.hibernate.type.descriptor.sql.internal.DdlTypeImpl@1f193686)
2026-01-20 11:50:01.631 [main] DEBUG org.hibernate.type.descriptor.sql.spi.DdlTypeRegistry - addDescriptor(4002, org.hibernate.type.descriptor.sql.internal.DdlTypeImpl@31e72cbc) replaced previous registration(org.hibernate.type.descriptor.sql.internal.DdlTypeImpl@5fad41be)
2026-01-20 11:50:01.631 [main] DEBUG org.hibernate.type.descriptor.sql.spi.DdlTypeRegistry - addDescriptor(2004, org.hibernate.type.descriptor.sql.internal.CapacityDependentDdlType@6dcd5639) replaced previous registration(org.hibernate.type.descriptor.sql.internal.DdlTypeImpl@3b36e000)
2026-01-20 11:50:01.631 [main] DEBUG org.hibernate.type.descriptor.sql.spi.DdlTypeRegistry - addDescriptor(2005, org.hibernate.type.descriptor.sql.internal.CapacityDependentDdlType@333cb916) replaced previous registration(org.hibernate.type.descriptor.sql.internal.DdlTypeImpl@629ae7e)
2026-01-20 11:50:01.631 [main] DEBUG org.hibernate.type.descriptor.sql.spi.DdlTypeRegistry - addDescriptor(2011, org.hibernate.type.descriptor.sql.internal.CapacityDependentDdlType@1d25c1c) replaced previous registration(org.hibernate.type.descriptor.sql.internal.DdlTypeImpl@de88ac6)
2026-01-20 11:50:01.632 [main] DEBUG org.hibernate.type.descriptor.jdbc.spi.JdbcTypeRegistry - addDescriptor(NCharTypeDescriptor) replaced previous registration(CharTypeDescriptor)
2026-01-20 11:50:01.632 [main] DEBUG org.hibernate.type.descriptor.jdbc.spi.JdbcTypeRegistry - addDescriptor(NVarcharTypeDescriptor) replaced previous registration(VarcharTypeDescriptor)
2026-01-20 11:50:01.632 [main] DEBUG org.hibernate.type.descriptor.jdbc.spi.JdbcTypeRegistry - addDescriptor(LongNVarcharTypeDescriptor) replaced previous registration(LongVarcharTypeDescriptor)
2026-01-20 11:50:01.634 [main] DEBUG org.hibernate.type.descriptor.jdbc.spi.JdbcTypeRegistry - addDescriptor(NClobTypeDescriptor(DEFAULT)) replaced previous registration(ClobTypeDescriptor(DEFAULT))
2026-01-20 11:50:01.635 [main] DEBUG org.hibernate.type.descriptor.jdbc.spi.JdbcTypeRegistry - addDescriptor(2005, ClobTypeDescriptor(STREAM_BINDING)) replaced previous registration(ClobTypeDescriptor(DEFAULT))
2026-01-20 11:50:01.638 [main] DEBUG org.hibernate.type.BasicTypeRegistry - Adding type registration null -> org.hibernate.type.NullType@1dc2de84
2026-01-20 11:50:01.638 [main] DEBUG org.hibernate.type.BasicTypeRegistry - Type registration key [null] overrode previous entry : `org.hibernate.type.NullType@1a6f5124`
2026-01-20 11:50:01.642 [main] DEBUG org.hibernate.type.BasicTypeRegistry - Adding type registration org.hibernate.type.DurationType -> basicType@1(java.time.Duration,3015)
2026-01-20 11:50:01.642 [main] DEBUG org.hibernate.type.BasicTypeRegistry - Adding type registration Duration -> basicType@1(java.time.Duration,3015)
2026-01-20 11:50:01.642 [main] DEBUG org.hibernate.type.BasicTypeRegistry - Adding type registration java.time.Duration -> basicType@1(java.time.Duration,3015)
2026-01-20 11:50:01.645 [main] DEBUG org.hibernate.type.BasicTypeRegistry - Adding type registration org.hibernate.type.OffsetDateTimeType -> basicType@2(java.time.OffsetDateTime,3003)
2026-01-20 11:50:01.645 [main] DEBUG org.hibernate.type.BasicTypeRegistry - Adding type registration OffsetDateTime -> basicType@2(java.time.OffsetDateTime,3003)
2026-01-20 11:50:01.645 [main] DEBUG org.hibernate.type.BasicTypeRegistry - Adding type registration java.time.OffsetDateTime -> basicType@2(java.time.OffsetDateTime,3003)
2026-01-20 11:50:01.646 [main] DEBUG org.hibernate.type.BasicTypeRegistry - Adding type registration org.hibernate.type.ZonedDateTimeType -> basicType@3(java.time.ZonedDateTime,3003)
2026-01-20 11:50:01.646 [main] DEBUG org.hibernate.type.BasicTypeRegistry - Adding type registration ZonedDateTime -> basicType@3(java.time.ZonedDateTime,3003)
2026-01-20 11:50:01.646 [main] DEBUG org.hibernate.type.BasicTypeRegistry - Adding type registration java.time.ZonedDateTime -> basicType@3(java.time.ZonedDateTime,3003)
2026-01-20 11:50:01.647 [main] DEBUG org.hibernate.type.BasicTypeRegistry - Adding type registration org.hibernate.type.OffsetTimeType -> basicType@4(java.time.OffsetTime,3007)
2026-01-20 11:50:01.647 [main] DEBUG org.hibernate.type.BasicTypeRegistry - Adding type registration OffsetTime -> basicType@4(java.time.OffsetTime,3007)
2026-01-20 11:50:01.647 [main] DEBUG org.hibernate.type.BasicTypeRegistry - Adding type registration java.time.OffsetTime -> basicType@4(java.time.OffsetTime,3007)
2026-01-20 11:50:01.649 [main] DEBUG org.hibernate.type.spi.TypeConfiguration$Scope - Scoping TypeConfiguration [org.hibernate.type.spi.TypeConfiguration@dcc6211] to MetadataBuildingContext [org.hibernate.boot.internal.MetadataBuildingContextRootImpl@47ec7422]
2026-01-20 11:50:01.678 [main] DEBUG org.hibernate.boot.model.relational.Namespace - Created database namespace [logicalName=Name{catalog=null, schema=null}, physicalName=Name{catalog=null, schema=null}]
2026-01-20 11:50:01.696 [main] DEBUG org.hibernate.boot.model.internal.EntityBinder - Binding entity from annotated class: modelo.Reunion
2026-01-20 11:50:01.702 [main] DEBUG org.hibernate.boot.model.internal.EntityBinder - Import with entity name Reunion
2026-01-20 11:50:01.708 [main] DEBUG org.hibernate.boot.model.internal.EntityBinder - Bind entity modelo.Reunion on table reunion
2026-01-20 11:50:01.715 [main] DEBUG org.hibernate.boot.model.internal.AnnotatedColumn - Binding column: AnnotatedDiscriminatorColumn(column='DTYPE')
2026-01-20 11:50:01.727 [main] DEBUG org.hibernate.boot.model.internal.AnnotatedColumn - Binding column: AnnotatedColumn()
2026-01-20 11:50:01.727 [main] DEBUG org.hibernate.boot.internal.ClassLoaderAccessImpl - Not known whether passed class name [modelo.Reunion] is safe
2026-01-20 11:50:01.728 [main] DEBUG org.hibernate.boot.internal.ClassLoaderAccessImpl - No temp ClassLoader provided; using live ClassLoader for loading potentially unsafe class : modelo.Reunion
2026-01-20 11:50:01.730 [main] DEBUG org.hibernate.boot.model.internal.PropertyBinder - MetadataSourceProcessor property idReunion with lazy=false
2026-01-20 11:50:01.735 [main] DEBUG org.hibernate.boot.model.internal.AbstractPropertyHolder - Attempting to locate auto-apply AttributeConverter for property [modelo.Reunion:idReunion]
2026-01-20 11:50:01.740 [main] DEBUG org.hibernate.boot.model.internal.BasicValueBinder - building BasicValue for idReunion
2026-01-20 11:50:01.742 [main] DEBUG org.hibernate.mapping.BasicValue - Skipping column re-registration: reunion.idReunion
2026-01-20 11:50:01.743 [main] DEBUG org.hibernate.boot.model.internal.PropertyBinder - Building property idReunion
2026-01-20 11:50:01.745 [main] DEBUG org.hibernate.boot.model.internal.BinderHelper - #makeIdGenerator(BasicValue([Column(idReunion)]), idReunion, org.hibernate.id.enhanced.SequenceStyleGenerator, , ...)
2026-01-20 11:50:01.746 [main] DEBUG org.hibernate.boot.model.internal.AnnotatedColumn - Binding column: AnnotatedColumn()
2026-01-20 11:50:01.746 [main] DEBUG org.hibernate.boot.model.internal.PropertyBinder - MetadataSourceProcessor property asunto with lazy=false
2026-01-20 11:50:01.746 [main] DEBUG org.hibernate.boot.model.internal.AbstractPropertyHolder - Attempting to locate auto-apply AttributeConverter for property [modelo.Reunion:asunto]
2026-01-20 11:50:01.746 [main] DEBUG org.hibernate.boot.model.internal.BasicValueBinder - building BasicValue for asunto
2026-01-20 11:50:01.746 [main] DEBUG org.hibernate.mapping.BasicValue - Skipping column re-registration: reunion.asunto
2026-01-20 11:50:01.746 [main] DEBUG org.hibernate.boot.model.internal.PropertyBinder - Building property asunto
2026-01-20 11:50:01.747 [main] DEBUG org.hibernate.boot.model.internal.AnnotatedColumn - Binding column: AnnotatedColumn()
2026-01-20 11:50:01.747 [main] DEBUG org.hibernate.boot.model.internal.PropertyBinder - MetadataSourceProcessor property fecha with lazy=false
2026-01-20 11:50:01.747 [main] DEBUG org.hibernate.boot.model.internal.AbstractPropertyHolder - Attempting to locate auto-apply AttributeConverter for property [modelo.Reunion:fecha]
2026-01-20 11:50:01.749 [main] DEBUG org.hibernate.boot.model.internal.BasicValueBinder - building BasicValue for fecha
2026-01-20 11:50:01.749 [main] DEBUG org.hibernate.mapping.BasicValue - Skipping column re-registration: reunion.fecha
2026-01-20 11:50:01.749 [main] DEBUG org.hibernate.boot.model.internal.PropertyBinder - Building property fecha
2026-01-20 11:50:01.749 [main] DEBUG org.hibernate.boot.registry.classloading.internal.ClassLoaderServiceImpl - HHH000194: Package not found or wo package-info.java: modelo
2026-01-20 11:50:01.753 [main] DEBUG org.hibernate.boot.model.internal.EntityBinder - Binding entity from annotated class: modelo.Persona
2026-01-20 11:50:01.753 [main] DEBUG org.hibernate.boot.model.internal.EntityBinder - Import with entity name Persona
2026-01-20 11:50:01.753 [main] DEBUG org.hibernate.boot.model.internal.EntityBinder - Bind entity modelo.Persona on table persona
2026-01-20 11:50:01.754 [main] DEBUG org.hibernate.boot.model.internal.AnnotatedColumn - Binding column: AnnotatedDiscriminatorColumn(column='DTYPE')
2026-01-20 11:50:01.754 [main] DEBUG org.hibernate.boot.model.internal.AnnotatedColumn - Binding column: AnnotatedColumn()
2026-01-20 11:50:01.755 [main] DEBUG org.hibernate.boot.internal.ClassLoaderAccessImpl - Not known whether passed class name [modelo.Persona] is safe
2026-01-20 11:50:01.755 [main] DEBUG org.hibernate.boot.internal.ClassLoaderAccessImpl - No temp ClassLoader provided; using live ClassLoader for loading potentially unsafe class : modelo.Persona
2026-01-20 11:50:01.755 [main] DEBUG org.hibernate.boot.model.internal.PropertyBinder - MetadataSourceProcessor property dni with lazy=false
2026-01-20 11:50:01.755 [main] DEBUG org.hibernate.boot.model.internal.AbstractPropertyHolder - Attempting to locate auto-apply AttributeConverter for property [modelo.Persona:dni]
2026-01-20 11:50:01.755 [main] DEBUG org.hibernate.boot.model.internal.BasicValueBinder - building BasicValue for dni
2026-01-20 11:50:01.755 [main] DEBUG org.hibernate.mapping.BasicValue - Skipping column re-registration: persona.dni
2026-01-20 11:50:01.755 [main] DEBUG org.hibernate.boot.model.internal.PropertyBinder - Building property dni
2026-01-20 11:50:01.755 [main] DEBUG org.hibernate.boot.model.internal.BinderHelper - #makeIdGenerator(BasicValue([Column(dni)]), dni, org.hibernate.id.enhanced.SequenceStyleGenerator, , ...)
2026-01-20 11:50:01.755 [main] DEBUG org.hibernate.boot.model.internal.AnnotatedColumn - Binding column: AnnotatedColumn()
2026-01-20 11:50:01.756 [main] DEBUG org.hibernate.boot.model.internal.PropertyBinder - MetadataSourceProcessor property edad with lazy=false
2026-01-20 11:50:01.756 [main] DEBUG org.hibernate.boot.model.internal.AbstractPropertyHolder - Attempting to locate auto-apply AttributeConverter for property [modelo.Persona:edad]
2026-01-20 11:50:01.756 [main] DEBUG org.hibernate.boot.model.internal.BasicValueBinder - building BasicValue for edad
2026-01-20 11:50:01.756 [main] DEBUG org.hibernate.mapping.BasicValue - Skipping column re-registration: persona.edad
2026-01-20 11:50:01.756 [main] DEBUG org.hibernate.boot.model.internal.PropertyBinder - Building property edad
2026-01-20 11:50:01.756 [main] DEBUG org.hibernate.boot.model.internal.AnnotatedColumn - Binding column: AnnotatedColumn()
2026-01-20 11:50:01.756 [main] DEBUG org.hibernate.boot.model.internal.PropertyBinder - MetadataSourceProcessor property email with lazy=false
2026-01-20 11:50:01.756 [main] DEBUG org.hibernate.boot.model.internal.AbstractPropertyHolder - Attempting to locate auto-apply AttributeConverter for property [modelo.Persona:email]
2026-01-20 11:50:01.756 [main] DEBUG org.hibernate.boot.model.internal.BasicValueBinder - building BasicValue for email
2026-01-20 11:50:01.756 [main] DEBUG org.hibernate.mapping.BasicValue - Skipping column re-registration: persona.email
2026-01-20 11:50:01.756 [main] DEBUG org.hibernate.boot.model.internal.PropertyBinder - Building property email
2026-01-20 11:50:01.757 [main] DEBUG org.hibernate.boot.model.internal.AnnotatedColumn - Binding column: AnnotatedColumn()
2026-01-20 11:50:01.757 [main] DEBUG org.hibernate.boot.model.internal.PropertyBinder - MetadataSourceProcessor property fechaNacimiento with lazy=false
2026-01-20 11:50:01.757 [main] DEBUG org.hibernate.boot.model.internal.AbstractPropertyHolder - Attempting to locate auto-apply AttributeConverter for property [modelo.Persona:fechaNacimiento]
2026-01-20 11:50:01.757 [main] DEBUG org.hibernate.boot.model.internal.BasicValueBinder - building BasicValue for fechaNacimiento
2026-01-20 11:50:01.757 [main] DEBUG org.hibernate.mapping.BasicValue - Skipping column re-registration: persona.fechaNacimiento
2026-01-20 11:50:01.757 [main] DEBUG org.hibernate.boot.model.internal.PropertyBinder - Building property fechaNacimiento
2026-01-20 11:50:01.757 [main] DEBUG org.hibernate.boot.model.internal.AnnotatedColumn - Binding column: AnnotatedColumn()
2026-01-20 11:50:01.758 [main] DEBUG org.hibernate.boot.model.internal.PropertyBinder - MetadataSourceProcessor property nombreApellido with lazy=false
2026-01-20 11:50:01.758 [main] DEBUG org.hibernate.boot.model.internal.AbstractPropertyHolder - Attempting to locate auto-apply AttributeConverter for property [modelo.Persona:nombreApellido]
2026-01-20 11:50:01.758 [main] DEBUG org.hibernate.boot.model.internal.BasicValueBinder - building BasicValue for nombreApellido
2026-01-20 11:50:01.758 [main] DEBUG org.hibernate.mapping.BasicValue - Skipping column re-registration: persona.nombreApellido
2026-01-20 11:50:01.758 [main] DEBUG org.hibernate.boot.model.internal.PropertyBinder - Building property nombreApellido
2026-01-20 11:50:01.758 [main] DEBUG org.hibernate.boot.model.internal.AnnotatedColumn - Binding column: AnnotatedColumn()
2026-01-20 11:50:01.758 [main] DEBUG org.hibernate.boot.model.internal.PropertyBinder - MetadataSourceProcessor property telefono with lazy=false
2026-01-20 11:50:01.758 [main] DEBUG org.hibernate.boot.model.internal.AbstractPropertyHolder - Attempting to locate auto-apply AttributeConverter for property [modelo.Persona:telefono]
2026-01-20 11:50:01.758 [main] DEBUG org.hibernate.boot.model.internal.BasicValueBinder - building BasicValue for telefono
2026-01-20 11:50:01.758 [main] DEBUG org.hibernate.mapping.BasicValue - Skipping column re-registration: persona.telefono
2026-01-20 11:50:01.758 [main] DEBUG org.hibernate.boot.model.internal.PropertyBinder - Building property telefono
2026-01-20 11:50:01.759 [main] DEBUG org.hibernate.boot.registry.classloading.internal.ClassLoaderServiceImpl - HHH000194: Package not found or wo package-info.java: modelo
2026-01-20 11:50:01.759 [main] DEBUG org.hibernate.boot.model.internal.EntityBinder - Binding entity from annotated class: modelo.Sala
2026-01-20 11:50:01.759 [main] DEBUG org.hibernate.boot.model.internal.EntityBinder - Import with entity name Sala
2026-01-20 11:50:01.759 [main] DEBUG org.hibernate.boot.model.internal.EntityBinder - Bind entity modelo.Sala on table sala
2026-01-20 11:50:01.759 [main] DEBUG org.hibernate.boot.model.internal.AnnotatedColumn - Binding column: AnnotatedDiscriminatorColumn(column='DTYPE')
2026-01-20 11:50:01.760 [main] DEBUG org.hibernate.boot.model.internal.AnnotatedColumn - Binding column: AnnotatedColumn()
2026-01-20 11:50:01.760 [main] DEBUG org.hibernate.boot.internal.ClassLoaderAccessImpl - Not known whether passed class name [modelo.Sala] is safe
2026-01-20 11:50:01.760 [main] DEBUG org.hibernate.boot.internal.ClassLoaderAccessImpl - No temp ClassLoader provided; using live ClassLoader for loading potentially unsafe class : modelo.Sala
2026-01-20 11:50:01.760 [main] DEBUG org.hibernate.boot.model.internal.PropertyBinder - MetadataSourceProcessor property idSala with lazy=false
2026-01-20 11:50:01.760 [main] DEBUG org.hibernate.boot.model.internal.AbstractPropertyHolder - Attempting to locate auto-apply AttributeConverter for property [modelo.Sala:idSala]
2026-01-20 11:50:01.760 [main] DEBUG org.hibernate.boot.model.internal.BasicValueBinder - building BasicValue for idSala
2026-01-20 11:50:01.760 [main] DEBUG org.hibernate.mapping.BasicValue - Skipping column re-registration: sala.idSala
2026-01-20 11:50:01.760 [main] DEBUG org.hibernate.boot.model.internal.PropertyBinder - Building property idSala
2026-01-20 11:50:01.761 [main] DEBUG org.hibernate.boot.model.internal.BinderHelper - #makeIdGenerator(BasicValue([Column(idSala)]), idSala, org.hibernate.id.enhanced.SequenceStyleGenerator, , ...)
2026-01-20 11:50:01.761 [main] DEBUG org.hibernate.boot.model.internal.AnnotatedColumn - Binding column: AnnotatedColumn()
2026-01-20 11:50:01.761 [main] DEBUG org.hibernate.boot.model.internal.PropertyBinder - MetadataSourceProcessor property capacidad with lazy=false
2026-01-20 11:50:01.761 [main] DEBUG org.hibernate.boot.model.internal.AbstractPropertyHolder - Attempting to locate auto-apply AttributeConverter for property [modelo.Sala:capacidad]
2026-01-20 11:50:01.761 [main] DEBUG org.hibernate.boot.model.internal.BasicValueBinder - building BasicValue for capacidad
2026-01-20 11:50:01.761 [main] DEBUG org.hibernate.mapping.BasicValue - Skipping column re-registration: sala.capacidad
2026-01-20 11:50:01.761 [main] DEBUG org.hibernate.boot.model.internal.PropertyBinder - Building property capacidad
2026-01-20 11:50:01.761 [main] DEBUG org.hibernate.boot.model.internal.AnnotatedColumn - Binding column: AnnotatedColumn()
2026-01-20 11:50:01.761 [main] DEBUG org.hibernate.boot.model.internal.PropertyBinder - MetadataSourceProcessor property nombre with lazy=false
2026-01-20 11:50:01.761 [main] DEBUG org.hibernate.boot.model.internal.AbstractPropertyHolder - Attempting to locate auto-apply AttributeConverter for property [modelo.Sala:nombre]
2026-01-20 11:50:01.761 [main] DEBUG org.hibernate.boot.model.internal.BasicValueBinder - building BasicValue for nombre
2026-01-20 11:50:01.761 [main] DEBUG org.hibernate.mapping.BasicValue - Skipping column re-registration: sala.nombre
2026-01-20 11:50:01.761 [main] DEBUG org.hibernate.boot.model.internal.PropertyBinder - Building property nombre
2026-01-20 11:50:01.762 [main] DEBUG org.hibernate.boot.registry.classloading.internal.ClassLoaderServiceImpl - HHH000194: Package not found or wo package-info.java: modelo
2026-01-20 11:50:01.763 [main] DEBUG org.hibernate.boot.model.internal.BasicValueBinder - Starting `BasicValueBinder#fillSimpleValue` for idReunion
2026-01-20 11:50:01.763 [main] DEBUG org.hibernate.boot.model.internal.BasicValueBinder - Starting `BasicValueBinder#fillSimpleValue` for asunto
2026-01-20 11:50:01.764 [main] DEBUG org.hibernate.boot.model.internal.BasicValueBinder - Starting `BasicValueBinder#fillSimpleValue` for fecha
2026-01-20 11:50:01.764 [main] DEBUG org.hibernate.boot.model.internal.BasicValueBinder - Starting `BasicValueBinder#fillSimpleValue` for dni
2026-01-20 11:50:01.764 [main] DEBUG org.hibernate.boot.model.internal.BasicValueBinder - Starting `BasicValueBinder#fillSimpleValue` for edad
2026-01-20 11:50:01.764 [main] DEBUG org.hibernate.boot.model.internal.BasicValueBinder - Starting `BasicValueBinder#fillSimpleValue` for email
2026-01-20 11:50:01.764 [main] DEBUG org.hibernate.boot.model.internal.BasicValueBinder - Starting `BasicValueBinder#fillSimpleValue` for fechaNacimiento
2026-01-20 11:50:01.764 [main] DEBUG org.hibernate.boot.model.internal.BasicValueBinder - Starting `BasicValueBinder#fillSimpleValue` for nombreApellido
2026-01-20 11:50:01.764 [main] DEBUG org.hibernate.boot.model.internal.BasicValueBinder - Starting `BasicValueBinder#fillSimpleValue` for telefono
2026-01-20 11:50:01.765 [main] DEBUG org.hibernate.boot.model.internal.BasicValueBinder - Starting `BasicValueBinder#fillSimpleValue` for idSala
2026-01-20 11:50:01.765 [main] DEBUG org.hibernate.boot.model.internal.BasicValueBinder - Starting `BasicValueBinder#fillSimpleValue` for capacidad
2026-01-20 11:50:01.765 [main] DEBUG org.hibernate.boot.model.internal.BasicValueBinder - Starting `BasicValueBinder#fillSimpleValue` for nombre
2026-01-20 11:50:01.767 [main] DEBUG org.hibernate.mapping.PrimaryKey - Forcing column [idreunion] to be non-null as it is part of the primary key for table [reunion]
2026-01-20 11:50:01.767 [main] DEBUG org.hibernate.mapping.PrimaryKey - Forcing column [dni] to be non-null as it is part of the primary key for table [persona]
2026-01-20 11:50:01.767 [main] DEBUG org.hibernate.mapping.PrimaryKey - Forcing column [idsala] to be non-null as it is part of the primary key for table [sala]
2026-01-20 11:50:01.911 [main] DEBUG org.hibernate.internal.SessionFactoryImpl - Building session factory
2026-01-20 11:50:01.940 [main] DEBUG org.hibernate.service.internal.SessionFactoryServiceRegistryImpl - EventListenerRegistry access via ServiceRegistry is deprecated.  Use `sessionFactory.getEventEngine().getListenerRegistry()` instead
2026-01-20 11:50:01.940 [main] DEBUG org.hibernate.internal.SessionFactoryImpl - Instantiating SessionFactory with settings: {hibernate.format_sql=true, java.specification.version=21, sun.cpu.isalist=amd64, sun.jnu.encoding=Cp1252, hibernate.dialect=org.hibernate.dialect.MySQLDialect, java.class.path=C:\Users\alumno\Desktop\SegundoDAM\Acceso a Datos\Hibernate\target\classes;C:\Users\alumno\Desktop\sts-4.31.0.RELEASE\plugins\junit-jupiter-api_5.12.2.jar;C:\Users\alumno\Desktop\sts-4.31.0.RELEASE\plugins\junit-jupiter-engine_5.12.2.jar;C:\Users\alumno\Desktop\sts-4.31.0.RELEASE\plugins\junit-jupiter-migrationsupport_5.12.2.jar;C:\Users\alumno\Desktop\sts-4.31.0.RELEASE\plugins\junit-jupiter-params_5.12.2.jar;C:\Users\alumno\Desktop\sts-4.31.0.RELEASE\plugins\junit-platform-commons_1.12.2.jar;C:\Users\alumno\Desktop\sts-4.31.0.RELEASE\plugins\junit-platform-engine_1.12.2.jar;C:\Users\alumno\Desktop\sts-4.31.0.RELEASE\plugins\junit-platform-launcher_1.12.2.jar;C:\Users\alumno\Desktop\sts-4.31.0.RELEASE\plugins\junit-platform-runner_1.12.2.jar;C:\Users\alumno\Desktop\sts-4.31.0.RELEASE\plugins\junit-platform-suite-api_1.12.2.jar;C:\Users\alumno\Desktop\sts-4.31.0.RELEASE\plugins\junit-platform-suite-engine_1.12.2.jar;C:\Users\alumno\Desktop\sts-4.31.0.RELEASE\plugins\junit-platform-suite-commons_1.12.2.jar;C:\Users\alumno\Desktop\sts-4.31.0.RELEASE\plugins\junit-vintage-engine_5.12.2.jar;C:\Users\alumno\Desktop\sts-4.31.0.RELEASE\plugins\org.opentest4j_1.3.0.jar;C:\Users\alumno\Desktop\sts-4.31.0.RELEASE\plugins\org.apiguardian.api_1.1.2.jar;C:\Users\alumno\Desktop\sts-4.31.0.RELEASE\plugins\org.junit_4.13.2.v20240929-1000.jar;C:\Users\alumno\Desktop\sts-4.31.0.RELEASE\plugins\org.hamcrest_3.0.0.jar;C:\Users\alumno\.m2\repository\org\hibernate\orm\hibernate-core\6.4.4.Final\hibernate-core-6.4.4.Final.jar;C:\Users\alumno\.m2\repository\jakarta\transaction\jakarta.transaction-api\2.0.1\jakarta.transaction-api-2.0.1.jar;C:\Users\alumno\.m2\repository\org\jboss\logging\jboss-logging\3.5.0.Final\jboss-logging-3.5.0.Final.jar;C:\Users\alumno\.m2\repository\org\hibernate\common\hibernate-commons-annotations\6.0.6.Final\hibernate-commons-annotations-6.0.6.Final.jar;C:\Users\alumno\.m2\repository\io\smallrye\jandex\3.1.2\jandex-3.1.2.jar;C:\Users\alumno\.m2\repository\com\fasterxml\classmate\1.5.1\classmate-1.5.1.jar;C:\Users\alumno\.m2\repository\net\bytebuddy\byte-buddy\1.14.11\byte-buddy-1.14.11.jar;C:\Users\alumno\.m2\repository\jakarta\xml\bind\jakarta.xml.bind-api\4.0.0\jakarta.xml.bind-api-4.0.0.jar;C:\Users\alumno\.m2\repository\jakarta\activation\jakarta.activation-api\2.1.0\jakarta.activation-api-2.1.0.jar;C:\Users\alumno\.m2\repository\org\glassfish\jaxb\jaxb-runtime\4.0.2\jaxb-runtime-4.0.2.jar;C:\Users\alumno\.m2\repository\org\glassfish\jaxb\jaxb-core\4.0.2\jaxb-core-4.0.2.jar;C:\Users\alumno\.m2\repository\org\eclipse\angus\angus-activation\2.0.0\angus-activation-2.0.0.jar;C:\Users\alumno\.m2\repository\org\glassfish\jaxb\txw2\4.0.2\txw2-4.0.2.jar;C:\Users\alumno\.m2\repository\com\sun\istack\istack-commons-runtime\4.1.1\istack-commons-runtime-4.1.1.jar;C:\Users\alumno\.m2\repository\jakarta\inject\jakarta.inject-api\2.0.1\jakarta.inject-api-2.0.1.jar;C:\Users\alumno\.m2\repository\org\antlr\antlr4-runtime\4.13.0\antlr4-runtime-4.13.0.jar;C:\Users\alumno\.m2\repository\com\mysql\mysql-connector-j\8.4.0\mysql-connector-j-8.4.0.jar;C:\Users\alumno\.m2\repository\com\google\protobuf\protobuf-java\3.25.1\protobuf-java-3.25.1.jar;C:\Users\alumno\.m2\repository\jakarta\persistence\jakarta.persistence-api\3.1.0\jakarta.persistence-api-3.1.0.jar;C:\Users\alumno\.m2\repository\org\apache\logging\log4j\log4j-api\2.13.0\log4j-api-2.13.0.jar;C:\Users\alumno\.m2\repository\org\apache\logging\log4j\log4j-core\2.13.0\log4j-core-2.13.0.jar;C:\Users\alumno\.m2\repository\com\google\code\gson\gson\2.10.1\gson-2.10.1.jar, java.vm.vendor=Oracle Corporation, sun.arch.data.model=64, user.variant=, java.vendor.url=https://java.oracle.com/, user.timezone=Europe/Madrid, org.apache.logging.log4j.assignedSequences=12739, java.vm.specification.version=21, os.name=Windows 11, sun.java.launcher=SUN_STANDARD, user.country=ES, sun.boot.library.path=C:\Program Files\Java\jdk-21\bin, sun.java.command=controlador.GestionaSalas, jdk.debug=release, sun.cpu.endian=little, user.home=C:\Users\alumno, user.language=es, java.specification.vendor=Oracle Corporation, java.version.date=2025-07-15, java.home=C:\Program Files\Java\jdk-21, file.separator=\, java.vm.compressedOopsMode=Zero based, line.separator=
, java.vm.specification.vendor=Oracle Corporation, java.specification.name=Java Platform API Specification, hibernate.hbm2ddl.auto=update, user.script=, sun.management.compiler=HotSpot 64-Bit Tiered Compilers, java.runtime.version=21.0.8+12-LTS-250, user.name=alumno, stdout.encoding=UTF-8, path.separator=;, hibernate.connection.username=****, os.version=10.0, java.runtime.name=Java(TM) SE Runtime Environment, hibernate.connection.url=jdbc:mysql://localhost:3307/accesoDatosDAM?useSSL=false&serverTimezone=UTC, file.encoding=UTF-8, java.vm.name=Java HotSpot(TM) 64-Bit Server VM, hibernate.show_sql=true, hibernate.connection.driver_class=com.mysql.cj.jdbc.Driver, java.vendor.url.bug=https://bugreport.java.com/bugreport/, java.io.tmpdir=C:\Users\alumno\AppData\Local\Temp\, java.version=21.0.8, user.dir=C:\Users\alumno\Desktop\SegundoDAM\Acceso a Datos\Hibernate, os.arch=amd64, java.vm.specification.name=Java Virtual Machine Specification, hibernate.connection.password=****, sun.os.patch.level=, hibernate.boot.CfgXmlAccessService.key=org.hibernate.boot.cfgxml.spi.LoadedConfig@2ff7a73, native.encoding=Cp1252, java.library.path=C:\Program Files\Java\jdk-21\bin;C:\WINDOWS\Sun\Java\bin;C:\WINDOWS\system32;C:\WINDOWS;C:/Users/alumno/Desktop/sts-4.31.0.RELEASE//plugins/org.eclipse.justj.openjdk.hotspot.jre.full.win32.x86_64_21.0.7.v20250502-0916/jre/bin/server;C:/Users/alumno/Desktop/sts-4.31.0.RELEASE//plugins/org.eclipse.justj.openjdk.hotspot.jre.full.win32.x86_64_21.0.7.v20250502-0916/jre/bin;C:\Program Files\Common Files\Oracle\Java\javapath;C:\WINDOWS\system32;C:\WINDOWS;C:\WINDOWS\System32\Wbem;C:\WINDOWS\System32\WindowsPowerShell\v1.0\;C:\WINDOWS\System32\OpenSSH\;C:\Program Files\nodejs\;C:\Program Files\Docker\Docker\resources\bin;C:\Users\alumno\AppData\Local\Programs\Python\Python311\Scripts\;C:\Users\alumno\AppData\Local\Programs\Python\Python311\;C:\Users\alumno\AppData\Local\Programs\Python\Python313\Scripts\;C:\Users\alumno\AppData\Local\Programs\Python\Python313\;C:\Users\alumno\AppData\Local\Programs\Python\Launcher\;C:\Users\alumno\AppData\Local\Programs\Python\Python314\Scripts\;C:\Users\alumno\AppData\Local\Programs\Python\Python314\;C:\Users\alumno\AppData\Local\Microsoft\WindowsApps;C:\Users\alumno\AppData\Local\GitHubDesktop\bin;C:\Users\alumno\AppData\Local\Programs\Git\cmd;C:\Users\alumno\AppData\Local\Programs\Microsoft VS Code\bin;C:\Users\alumno\AppData\Local\Python\bin;C:\Users\alumno\AppData\Roaming\npm;C:\Users\alumno\Desktop\sts-4.31.0.RELEASE;;., stderr.encoding=UTF-8, java.vendor=Oracle Corporation, java.vm.info=mixed mode, sharing, java.vm.version=21.0.8+12-LTS-250, sun.io.unicode.encoding=UnicodeLittle, java.class.version=65.0}
2026-01-20 11:50:01.943 [main] DEBUG org.hibernate.internal.SessionFactoryImpl - Session factory constructed with filter configurations : {}
2026-01-20 11:50:01.975 [main] DEBUG org.hibernate.query.sqm.function.SqmFunctionRegistry - Registered SqmFunctionTemplate [NamedSqmFunctionTemplate(max)] under max; prior registration was null
2026-01-20 11:50:01.976 [main] DEBUG org.hibernate.query.sqm.function.SqmFunctionRegistry - Registered SqmFunctionTemplate [NamedSqmFunctionTemplate(min)] under min; prior registration was null
2026-01-20 11:50:01.976 [main] DEBUG org.hibernate.query.sqm.function.SqmFunctionRegistry - Registered SqmFunctionTemplate [NamedSqmFunctionTemplate(sum)] under sum; prior registration was null
2026-01-20 11:50:01.976 [main] DEBUG org.hibernate.query.sqm.function.SqmFunctionRegistry - Registered SqmFunctionTemplate [NamedSqmFunctionTemplate(avg)] under avg; prior registration was null
2026-01-20 11:50:01.977 [main] DEBUG org.hibernate.query.sqm.function.SqmFunctionRegistry - Registered SqmFunctionTemplate [org.hibernate.dialect.function.CountFunction@5f631ca0] under count; prior registration was null
2026-01-20 11:50:01.978 [main] DEBUG org.hibernate.query.sqm.function.SqmFunctionRegistry - Registered SqmFunctionTemplate [org.hibernate.dialect.function.EveryAnyEmulation@6e3eb0cd] under every; prior registration was null
2026-01-20 11:50:01.978 [main] DEBUG org.hibernate.query.sqm.function.SqmFunctionRegistry - Registered SqmFunctionTemplate [org.hibernate.dialect.function.EveryAnyEmulation@463561c5] under any; prior registration was null
2026-01-20 11:50:01.979 [main] DEBUG org.hibernate.query.sqm.function.SqmFunctionRegistry - Registered SqmFunctionTemplate [NamedSqmFunctionTemplate(floor)] under floor; prior registration was null
2026-01-20 11:50:01.979 [main] DEBUG org.hibernate.query.sqm.function.SqmFunctionRegistry - Registered SqmFunctionTemplate [NamedSqmFunctionTemplate(ceiling)] under ceiling; prior registration was null
2026-01-20 11:50:01.979 [main] DEBUG org.hibernate.query.sqm.function.SqmFunctionRegistry - Registered SqmFunctionTemplate [NamedSqmFunctionTemplate(mod)] under mod; prior registration was null
2026-01-20 11:50:01.979 [main] DEBUG org.hibernate.query.sqm.function.SqmFunctionRegistry - Registered SqmFunctionTemplate [NamedSqmFunctionTemplate(abs)] under abs; prior registration was null
2026-01-20 11:50:01.979 [main] DEBUG org.hibernate.query.sqm.function.SqmFunctionRegistry - Registered SqmFunctionTemplate [NamedSqmFunctionTemplate(sign)] under sign; prior registration was null
2026-01-20 11:50:01.979 [main] DEBUG org.hibernate.query.sqm.function.SqmFunctionRegistry - Registered SqmFunctionTemplate [NamedSqmFunctionTemplate(sqrt)] under sqrt; prior registration was null
2026-01-20 11:50:01.979 [main] DEBUG org.hibernate.query.sqm.function.SqmFunctionRegistry - Registered SqmFunctionTemplate [NamedSqmFunctionTemplate(ln)] under ln; prior registration was null
2026-01-20 11:50:01.979 [main] DEBUG org.hibernate.query.sqm.function.SqmFunctionRegistry - Registered SqmFunctionTemplate [NamedSqmFunctionTemplate(exp)] under exp; prior registration was null
2026-01-20 11:50:01.979 [main] DEBUG org.hibernate.query.sqm.function.SqmFunctionRegistry - Registered SqmFunctionTemplate [NamedSqmFunctionTemplate(power)] under power; prior registration was null
2026-01-20 11:50:01.980 [main] DEBUG org.hibernate.query.sqm.function.SqmFunctionRegistry - Registered SqmFunctionTemplate [NamedSqmFunctionTemplate(round)] under round; prior registration was null
2026-01-20 11:50:01.980 [main] DEBUG org.hibernate.query.sqm.function.SqmFunctionRegistry - Registered SqmFunctionTemplate [NamedSqmFunctionTemplate(sin)] under sin; prior registration was null
2026-01-20 11:50:01.980 [main] DEBUG org.hibernate.query.sqm.function.SqmFunctionRegistry - Registered SqmFunctionTemplate [NamedSqmFunctionTemplate(cos)] under cos; prior registration was null
2026-01-20 11:50:01.980 [main] DEBUG org.hibernate.query.sqm.function.SqmFunctionRegistry - Registered SqmFunctionTemplate [NamedSqmFunctionTemplate(tan)] under tan; prior registration was null
2026-01-20 11:50:01.980 [main] DEBUG org.hibernate.query.sqm.function.SqmFunctionRegistry - Registered SqmFunctionTemplate [NamedSqmFunctionTemplate(asin)] under asin; prior registration was null
2026-01-20 11:50:01.980 [main] DEBUG org.hibernate.query.sqm.function.SqmFunctionRegistry - Registered SqmFunctionTemplate [NamedSqmFunctionTemplate(acos)] under acos; prior registration was null
2026-01-20 11:50:01.980 [main] DEBUG org.hibernate.query.sqm.function.SqmFunctionRegistry - Registered SqmFunctionTemplate [NamedSqmFunctionTemplate(atan)] under atan; prior registration was null
2026-01-20 11:50:01.980 [main] DEBUG org.hibernate.query.sqm.function.SqmFunctionRegistry - Registered SqmFunctionTemplate [NamedSqmFunctionTemplate(atan2)] under atan2; prior registration was null
2026-01-20 11:50:01.982 [main] DEBUG org.hibernate.query.sqm.function.SqmFunctionRegistry - Registered SqmFunctionTemplate [org.hibernate.query.sqm.function.PatternBasedSqmFunctionDescriptor@311ff287] under sinh; prior registration was null
2026-01-20 11:50:01.982 [main] DEBUG org.hibernate.query.sqm.function.SqmFunctionRegistry - Registered SqmFunctionTemplate [org.hibernate.query.sqm.function.PatternBasedSqmFunctionDescriptor@7377781e] under cosh; prior registration was null
2026-01-20 11:50:01.982 [main] DEBUG org.hibernate.query.sqm.function.SqmFunctionRegistry - Registered SqmFunctionTemplate [org.hibernate.query.sqm.function.PatternBasedSqmFunctionDescriptor@31db34da] under tanh; prior registration was null
2026-01-20 11:50:01.982 [main] DEBUG org.hibernate.query.sqm.function.SqmFunctionRegistry - Registered SqmFunctionTemplate [org.hibernate.query.sqm.function.PatternBasedSqmFunctionDescriptor@109f8c7e] under pi; prior registration was null
2026-01-20 11:50:01.982 [main] DEBUG org.hibernate.query.sqm.function.SqmFunctionRegistry - Registered SqmFunctionTemplate [org.hibernate.query.sqm.function.PatternBasedSqmFunctionDescriptor@5edacf20] under log; prior registration was null
2026-01-20 11:50:01.983 [main] DEBUG org.hibernate.query.sqm.function.SqmFunctionRegistry - Registered SqmFunctionTemplate [NamedSqmFunctionTemplate(coalesce)] under coalesce; prior registration was null
2026-01-20 11:50:01.983 [main] DEBUG org.hibernate.query.sqm.function.SqmFunctionRegistry - Registered SqmFunctionTemplate [NamedSqmFunctionTemplate(nullif)] under nullif; prior registration was null
2026-01-20 11:50:01.983 [main] DEBUG org.hibernate.query.sqm.function.SqmFunctionRegistry - Registered SqmFunctionTemplate [NamedSqmFunctionTemplate(left)] under left; prior registration was null
2026-01-20 11:50:01.983 [main] DEBUG org.hibernate.query.sqm.function.SqmFunctionRegistry - Registered SqmFunctionTemplate [NamedSqmFunctionTemplate(right)] under right; prior registration was null
2026-01-20 11:50:01.983 [main] DEBUG org.hibernate.query.sqm.function.SqmFunctionRegistry - Registered SqmFunctionTemplate [NamedSqmFunctionTemplate(replace)] under replace; prior registration was null
2026-01-20 11:50:01.983 [main] DEBUG org.hibernate.query.sqm.function.SqmFunctionRegistry - Registered SqmFunctionTemplate [NamedSqmFunctionTemplate(concat)] under concat; prior registration was null
2026-01-20 11:50:01.983 [main] DEBUG org.hibernate.query.sqm.function.SqmFunctionRegistry - Registered SqmFunctionTemplate [NamedSqmFunctionTemplate(lower)] under lower; prior registration was null
2026-01-20 11:50:01.983 [main] DEBUG org.hibernate.query.sqm.function.SqmFunctionRegistry - Registered SqmFunctionTemplate [NamedSqmFunctionTemplate(upper)] under upper; prior registration was null
2026-01-20 11:50:01.983 [main] DEBUG org.hibernate.query.sqm.function.SqmFunctionRegistry - Registered SqmFunctionTemplate [NamedSqmFunctionTemplate(substring)] under substring; prior registration was null
2026-01-20 11:50:01.983 [main] DEBUG org.hibernate.query.sqm.function.SqmFunctionRegistry - Registered SqmFunctionTemplate [NamedSqmFunctionTemplate(locate)] under locate; prior registration was null
2026-01-20 11:50:01.983 [main] DEBUG org.hibernate.query.sqm.function.SqmFunctionRegistry - Registered SqmFunctionTemplate [NamedSqmFunctionTemplate(character_length)] under character_length; prior registration was null
2026-01-20 11:50:01.983 [main] DEBUG org.hibernate.query.sqm.function.SqmFunctionRegistry - Registering alternate key : length -> character_length
2026-01-20 11:50:01.984 [main] DEBUG org.hibernate.query.sqm.function.SqmFunctionRegistry - Registered SqmFunctionTemplate [org.hibernate.dialect.function.LocatePositionEmulation@3f362135] under position; prior registration was null
2026-01-20 11:50:01.984 [main] DEBUG org.hibernate.query.sqm.function.SqmFunctionRegistry - Registered SqmFunctionTemplate [org.hibernate.dialect.function.InsertSubstringOverlayEmulation@6a916402] under overlay; prior registration was null
2026-01-20 11:50:01.985 [main] DEBUG org.hibernate.query.sqm.function.SqmFunctionRegistry - Registered SqmFunctionTemplate [org.hibernate.dialect.function.TrimFunction@3811510] under trim; prior registration was null
2026-01-20 11:50:01.985 [main] DEBUG org.hibernate.query.sqm.function.SqmFunctionRegistry - Registered SqmFunctionTemplate [org.hibernate.dialect.function.CastFunction@22d9bc14] under cast; prior registration was null
2026-01-20 11:50:01.985 [main] DEBUG org.hibernate.query.sqm.function.SqmFunctionRegistry - Registered SqmFunctionTemplate [org.hibernate.query.sqm.function.PatternBasedSqmFunctionDescriptor@346f41a9] under collate; prior registration was null
2026-01-20 11:50:01.986 [main] DEBUG org.hibernate.query.sqm.function.SqmFunctionRegistry - Registered SqmFunctionTemplate [org.hibernate.dialect.function.ExtractFunction@40d60f2] under extract; prior registration was null
2026-01-20 11:50:01.986 [main] DEBUG org.hibernate.query.sqm.function.SqmFunctionRegistry - Registered SqmFunctionTemplate [NamedSqmFunctionTemplate(least)] under least; prior registration was null
2026-01-20 11:50:01.986 [main] DEBUG org.hibernate.query.sqm.function.SqmFunctionRegistry - Registered SqmFunctionTemplate [NamedSqmFunctionTemplate(greatest)] under greatest; prior registration was null
2026-01-20 11:50:01.986 [main] DEBUG org.hibernate.query.sqm.function.SqmFunctionRegistry - Registered SqmFunctionTemplate [org.hibernate.dialect.function.CoalesceIfnullEmulation@2e26173] under ifnull; prior registration was null
2026-01-20 11:50:01.986 [main] DEBUG org.hibernate.query.sqm.function.SqmFunctionRegistry - Registered SqmFunctionTemplate [NamedSqmFunctionTemplate(lpad)] under lpad; prior registration was null
2026-01-20 11:50:01.986 [main] DEBUG org.hibernate.query.sqm.function.SqmFunctionRegistry - Registered SqmFunctionTemplate [NamedSqmFunctionTemplate(rpad)] under rpad; prior registration was null
2026-01-20 11:50:01.986 [main] DEBUG org.hibernate.query.sqm.function.SqmFunctionRegistry - Registered SqmFunctionTemplate [org.hibernate.dialect.function.LpadRpadPadEmulation@6cd98a05] under pad; prior registration was null
2026-01-20 11:50:01.987 [main] DEBUG org.hibernate.query.sqm.function.SqmFunctionRegistry - Registered SqmFunctionTemplate [org.hibernate.dialect.function.CastStrEmulation@4fc5563d] under str; prior registration was null
2026-01-20 11:50:01.987 [main] DEBUG org.hibernate.query.sqm.function.SqmFunctionRegistry - Registered SqmFunctionTemplate [org.hibernate.dialect.function.FormatFunction@4baed682] under format; prior registration was null
2026-01-20 11:50:01.988 [main] DEBUG org.hibernate.query.sqm.function.SqmFunctionRegistry - Registered SqmFunctionTemplate [org.hibernate.dialect.function.TimestampaddFunction@118dcbbd] under timestampadd; prior registration was null
2026-01-20 11:50:01.988 [main] DEBUG org.hibernate.query.sqm.function.SqmFunctionRegistry - Registered SqmFunctionTemplate [org.hibernate.dialect.function.TimestampdiffFunction@2525a5b8] under timestampdiff; prior registration was null
2026-01-20 11:50:01.988 [main] DEBUG org.hibernate.query.sqm.function.SqmFunctionRegistry - Registering alternate key : dateadd -> timestampadd
2026-01-20 11:50:01.988 [main] DEBUG org.hibernate.query.sqm.function.SqmFunctionRegistry - Registering alternate key : datediff -> timestampdiff
2026-01-20 11:50:01.989 [main] DEBUG org.hibernate.query.sqm.function.SqmFunctionRegistry - Registered SqmFunctionTemplate [org.hibernate.dialect.function.CurrentFunction@34b87182] under current_date; prior registration was null
2026-01-20 11:50:01.989 [main] DEBUG org.hibernate.query.sqm.function.SqmFunctionRegistry - Registered SqmFunctionTemplate [org.hibernate.dialect.function.CurrentFunction@47768e74] under current_time; prior registration was null
2026-01-20 11:50:01.989 [main] DEBUG org.hibernate.query.sqm.function.SqmFunctionRegistry - Registered SqmFunctionTemplate [org.hibernate.dialect.function.CurrentFunction@2740e316] under current_timestamp; prior registration was null
2026-01-20 11:50:01.989 [main] DEBUG org.hibernate.query.sqm.function.SqmFunctionRegistry - Registering alternate key : current date -> current_date
2026-01-20 11:50:01.989 [main] DEBUG org.hibernate.query.sqm.function.SqmFunctionRegistry - Registering alternate key : current time -> current_time
2026-01-20 11:50:01.989 [main] DEBUG org.hibernate.query.sqm.function.SqmFunctionRegistry - Registering alternate key : current timestamp -> current_timestamp
2026-01-20 11:50:01.989 [main] DEBUG org.hibernate.query.sqm.function.SqmFunctionRegistry - Registered SqmFunctionTemplate [org.hibernate.dialect.function.CurrentFunction@5b5a4aed] under local_date; prior registration was null
2026-01-20 11:50:01.989 [main] DEBUG org.hibernate.query.sqm.function.SqmFunctionRegistry - Registered SqmFunctionTemplate [org.hibernate.dialect.function.CurrentFunction@2c991465] under local_time; prior registration was null
2026-01-20 11:50:01.989 [main] DEBUG org.hibernate.query.sqm.function.SqmFunctionRegistry - Registered SqmFunctionTemplate [org.hibernate.dialect.function.CurrentFunction@5fef2aac] under local_datetime; prior registration was null
2026-01-20 11:50:01.989 [main] DEBUG org.hibernate.query.sqm.function.SqmFunctionRegistry - Registered SqmFunctionTemplate [org.hibernate.dialect.function.CurrentFunction@7f973a14] under offset_datetime; prior registration was null
2026-01-20 11:50:01.989 [main] DEBUG org.hibernate.query.sqm.function.SqmFunctionRegistry - Registering alternate key : local date -> local_date
2026-01-20 11:50:01.989 [main] DEBUG org.hibernate.query.sqm.function.SqmFunctionRegistry - Registering alternate key : local time -> local_time
2026-01-20 11:50:01.989 [main] DEBUG org.hibernate.query.sqm.function.SqmFunctionRegistry - Registering alternate key : local datetime -> local_datetime
2026-01-20 11:50:01.989 [main] DEBUG org.hibernate.query.sqm.function.SqmFunctionRegistry - Registering alternate key : offset datetime -> offset_datetime
2026-01-20 11:50:01.989 [main] DEBUG org.hibernate.query.sqm.function.SqmFunctionRegistry - Registered SqmFunctionTemplate [org.hibernate.dialect.function.CurrentFunction@76130a29] under instant; prior registration was null
2026-01-20 11:50:01.989 [main] DEBUG org.hibernate.query.sqm.function.SqmFunctionRegistry - Registering alternate key : current_instant -> instant
2026-01-20 11:50:01.990 [main] DEBUG org.hibernate.query.sqm.function.SqmFunctionRegistry - Registered SqmFunctionTemplate [org.hibernate.dialect.function.SqlFunction@1cfc2538] under sql; prior registration was null
2026-01-20 11:50:01.990 [main] DEBUG org.hibernate.query.sqm.function.SqmFunctionRegistry - Registered SqmFunctionTemplate [NamedSqmFunctionTemplate(soundex)] under soundex; prior registration was null
2026-01-20 11:50:01.990 [main] DEBUG org.hibernate.query.sqm.function.SqmFunctionRegistry - Registered SqmFunctionTemplate [NamedSqmFunctionTemplate(radians)] under radians; prior registration was null
2026-01-20 11:50:01.990 [main] DEBUG org.hibernate.query.sqm.function.SqmFunctionRegistry - Registered SqmFunctionTemplate [NamedSqmFunctionTemplate(degrees)] under degrees; prior registration was null
2026-01-20 11:50:01.990 [main] DEBUG org.hibernate.query.sqm.function.SqmFunctionRegistry - Registered SqmFunctionTemplate [NamedSqmFunctionTemplate(cot)] under cot; prior registration was null
2026-01-20 11:50:01.990 [main] DEBUG org.hibernate.query.sqm.function.SqmFunctionRegistry - Registered SqmFunctionTemplate [NamedSqmFunctionTemplate(log)] under log; prior registration was org.hibernate.query.sqm.function.PatternBasedSqmFunctionDescriptor@5edacf20
2026-01-20 11:50:01.990 [main] DEBUG org.hibernate.query.sqm.function.SqmFunctionRegistry - Registered SqmFunctionTemplate [NamedSqmFunctionTemplate(log2)] under log2; prior registration was null
2026-01-20 11:50:01.992 [main] DEBUG org.hibernate.query.sqm.function.SqmFunctionRegistry - Registered SqmFunctionTemplate [NamedSqmFunctionTemplate(log10)] under log10; prior registration was null
2026-01-20 11:50:01.992 [main] DEBUG org.hibernate.query.sqm.function.SqmFunctionRegistry - Registered SqmFunctionTemplate [NamedSqmFunctionTemplate(ltrim)] under ltrim; prior registration was null
2026-01-20 11:50:01.992 [main] DEBUG org.hibernate.query.sqm.function.SqmFunctionRegistry - Registered SqmFunctionTemplate [NamedSqmFunctionTemplate(rtrim)] under rtrim; prior registration was null
2026-01-20 11:50:01.992 [main] DEBUG org.hibernate.query.sqm.function.SqmFunctionRegistry - Registered SqmFunctionTemplate [NamedSqmFunctionTemplate(octet_length)] under octet_length; prior registration was null
2026-01-20 11:50:01.992 [main] DEBUG org.hibernate.query.sqm.function.SqmFunctionRegistry - Registered SqmFunctionTemplate [NamedSqmFunctionTemplate(reverse)] under reverse; prior registration was null
2026-01-20 11:50:01.992 [main] DEBUG org.hibernate.query.sqm.function.SqmFunctionRegistry - Registered SqmFunctionTemplate [NamedSqmFunctionTemplate(space)] under space; prior registration was null
2026-01-20 11:50:01.992 [main] DEBUG org.hibernate.query.sqm.function.SqmFunctionRegistry - Registered SqmFunctionTemplate [NamedSqmFunctionTemplate(repeat)] under repeat; prior registration was null
2026-01-20 11:50:01.992 [main] DEBUG org.hibernate.query.sqm.function.SqmFunctionRegistry - Registered SqmFunctionTemplate [org.hibernate.query.sqm.function.MultipatternSqmFunctionDescriptor@53e76c11] under lpad; prior registration was NamedSqmFunctionTemplate(lpad)
2026-01-20 11:50:01.992 [main] DEBUG org.hibernate.query.sqm.function.SqmFunctionRegistry - Registered SqmFunctionTemplate [org.hibernate.query.sqm.function.MultipatternSqmFunctionDescriptor@42cc183e] under rpad; prior registration was NamedSqmFunctionTemplate(rpad)
2026-01-20 11:50:01.993 [main] DEBUG org.hibernate.query.sqm.function.SqmFunctionRegistry - Registered SqmFunctionTemplate [NamedSqmFunctionTemplate(md5)] under md5; prior registration was null
2026-01-20 11:50:01.993 [main] DEBUG org.hibernate.query.sqm.function.SqmFunctionRegistry - Registered SqmFunctionTemplate [NamedSqmFunctionTemplate(day)] under day; prior registration was null
2026-01-20 11:50:01.993 [main] DEBUG org.hibernate.query.sqm.function.SqmFunctionRegistry - Registered SqmFunctionTemplate [NamedSqmFunctionTemplate(month)] under month; prior registration was null
2026-01-20 11:50:01.993 [main] DEBUG org.hibernate.query.sqm.function.SqmFunctionRegistry - Registered SqmFunctionTemplate [NamedSqmFunctionTemplate(year)] under year; prior registration was null
2026-01-20 11:50:01.993 [main] DEBUG org.hibernate.query.sqm.function.SqmFunctionRegistry - Registered SqmFunctionTemplate [NamedSqmFunctionTemplate(hour)] under hour; prior registration was null
2026-01-20 11:50:01.993 [main] DEBUG org.hibernate.query.sqm.function.SqmFunctionRegistry - Registered SqmFunctionTemplate [NamedSqmFunctionTemplate(minute)] under minute; prior registration was null
2026-01-20 11:50:01.993 [main] DEBUG org.hibernate.query.sqm.function.SqmFunctionRegistry - Registered SqmFunctionTemplate [NamedSqmFunctionTemplate(second)] under second; prior registration was null
2026-01-20 11:50:01.993 [main] DEBUG org.hibernate.query.sqm.function.SqmFunctionRegistry - Registered SqmFunctionTemplate [NamedSqmFunctionTemplate(microsecond)] under microsecond; prior registration was null
2026-01-20 11:50:01.993 [main] DEBUG org.hibernate.query.sqm.function.SqmFunctionRegistry - Registered SqmFunctionTemplate [NamedSqmFunctionTemplate(dayofweek)] under dayofweek; prior registration was null
2026-01-20 11:50:01.993 [main] DEBUG org.hibernate.query.sqm.function.SqmFunctionRegistry - Registered SqmFunctionTemplate [NamedSqmFunctionTemplate(dayofmonth)] under dayofmonth; prior registration was null
2026-01-20 11:50:01.993 [main] DEBUG org.hibernate.query.sqm.function.SqmFunctionRegistry - Registering alternate key : day -> dayofmonth
2026-01-20 11:50:01.993 [main] DEBUG org.hibernate.query.sqm.function.SqmFunctionRegistry - Registered SqmFunctionTemplate [NamedSqmFunctionTemplate(dayofyear)] under dayofyear; prior registration was null
2026-01-20 11:50:01.993 [main] DEBUG org.hibernate.query.sqm.function.SqmFunctionRegistry - Registered SqmFunctionTemplate [NamedSqmFunctionTemplate(week)] under week; prior registration was null
2026-01-20 11:50:01.993 [main] DEBUG org.hibernate.query.sqm.function.SqmFunctionRegistry - Registered SqmFunctionTemplate [NamedSqmFunctionTemplate(quarter)] under quarter; prior registration was null
2026-01-20 11:50:01.993 [main] DEBUG org.hibernate.query.sqm.function.SqmFunctionRegistry - Registered SqmFunctionTemplate [NamedSqmFunctionTemplate(monthname)] under monthname; prior registration was null
2026-01-20 11:50:01.993 [main] DEBUG org.hibernate.query.sqm.function.SqmFunctionRegistry - Registered SqmFunctionTemplate [NamedSqmFunctionTemplate(dayname)] under dayname; prior registration was null
2026-01-20 11:50:01.993 [main] DEBUG org.hibernate.query.sqm.function.SqmFunctionRegistry - Registered SqmFunctionTemplate [NamedSqmFunctionTemplate(last_day)] under last_day; prior registration was null
2026-01-20 11:50:01.993 [main] DEBUG org.hibernate.query.sqm.function.SqmFunctionRegistry - Registered SqmFunctionTemplate [NamedSqmFunctionTemplate(date)] under date; prior registration was null
2026-01-20 11:50:01.993 [main] DEBUG org.hibernate.query.sqm.function.SqmFunctionRegistry - Registered SqmFunctionTemplate [NamedSqmFunctionTemplate(timestamp)] under timestamp; prior registration was null
2026-01-20 11:50:01.993 [main] DEBUG org.hibernate.query.sqm.function.SqmFunctionRegistry - Registered SqmFunctionTemplate [NamedSqmFunctionTemplate(time)] under time; prior registration was null
2026-01-20 11:50:01.993 [main] DEBUG org.hibernate.query.sqm.function.SqmFunctionRegistry - Registered SqmFunctionTemplate [NamedSqmFunctionTemplate(utc_date)] under utc_date; prior registration was null
2026-01-20 11:50:01.993 [main] DEBUG org.hibernate.query.sqm.function.SqmFunctionRegistry - Registered SqmFunctionTemplate [NamedSqmFunctionTemplate(utc_time)] under utc_time; prior registration was null
2026-01-20 11:50:01.993 [main] DEBUG org.hibernate.query.sqm.function.SqmFunctionRegistry - Registered SqmFunctionTemplate [NamedSqmFunctionTemplate(utc_timestamp)] under utc_timestamp; prior registration was null
2026-01-20 11:50:01.993 [main] DEBUG org.hibernate.query.sqm.function.SqmFunctionRegistry - Registered SqmFunctionTemplate [NamedSqmFunctionTemplate(rand)] under rand; prior registration was null
2026-01-20 11:50:01.993 [main] DEBUG org.hibernate.query.sqm.function.SqmFunctionRegistry - Registered SqmFunctionTemplate [NamedSqmFunctionTemplate(crc32)] under crc32; prior registration was null
2026-01-20 11:50:01.993 [main] DEBUG org.hibernate.query.sqm.function.SqmFunctionRegistry - Registered SqmFunctionTemplate [NamedSqmFunctionTemplate(sha1)] under sha1; prior registration was null
2026-01-20 11:50:01.993 [main] DEBUG org.hibernate.query.sqm.function.SqmFunctionRegistry - Registered SqmFunctionTemplate [NamedSqmFunctionTemplate(sha2)] under sha2; prior registration was null
2026-01-20 11:50:01.993 [main] DEBUG org.hibernate.query.sqm.function.SqmFunctionRegistry - Registered SqmFunctionTemplate [NamedSqmFunctionTemplate(sha)] under sha; prior registration was null
2026-01-20 11:50:01.993 [main] DEBUG org.hibernate.query.sqm.function.SqmFunctionRegistry - Registered SqmFunctionTemplate [NamedSqmFunctionTemplate(bit_length)] under bit_length; prior registration was null
2026-01-20 11:50:01.993 [main] DEBUG org.hibernate.query.sqm.function.SqmFunctionRegistry - Registered SqmFunctionTemplate [NamedSqmFunctionTemplate(octet_length)] under octet_length; prior registration was NamedSqmFunctionTemplate(octet_length)
2026-01-20 11:50:01.993 [main] DEBUG org.hibernate.query.sqm.function.SqmFunctionRegistry - Registered SqmFunctionTemplate [NamedSqmFunctionTemplate(ascii)] under ascii; prior registration was null
2026-01-20 11:50:01.993 [main] DEBUG org.hibernate.query.sqm.function.SqmFunctionRegistry - Registered SqmFunctionTemplate [NamedSqmFunctionTemplate(instr)] under instr; prior registration was null
2026-01-20 11:50:01.994 [main] DEBUG org.hibernate.query.sqm.function.SqmFunctionRegistry - Registered SqmFunctionTemplate [NamedSqmFunctionTemplate(substr)] under substr; prior registration was null
2026-01-20 11:50:01.994 [main] DEBUG org.hibernate.query.sqm.function.SqmFunctionRegistry - Registered SqmFunctionTemplate [org.hibernate.query.sqm.function.PatternBasedSqmFunctionDescriptor@3e4e8fdf] under position; prior registration was org.hibernate.dialect.function.LocatePositionEmulation@3f362135
2026-01-20 11:50:01.994 [main] DEBUG org.hibernate.query.sqm.function.SqmFunctionRegistry - Registered SqmFunctionTemplate [NamedSqmFunctionTemplate(curtime)] under curtime; prior registration was null
2026-01-20 11:50:01.994 [main] DEBUG org.hibernate.query.sqm.function.SqmFunctionRegistry - Registered SqmFunctionTemplate [NamedSqmFunctionTemplate(curdate)] under curdate; prior registration was null
2026-01-20 11:50:01.994 [main] DEBUG org.hibernate.query.sqm.function.SqmFunctionRegistry - Registered SqmFunctionTemplate [NamedSqmFunctionTemplate(now)] under now; prior registration was null
2026-01-20 11:50:01.996 [main] DEBUG org.hibernate.query.sqm.function.SqmFunctionRegistry - Registered SqmFunctionTemplate [org.hibernate.dialect.function.TruncFunction@688a2c09] under trunc; prior registration was null
2026-01-20 11:50:01.997 [main] DEBUG org.hibernate.query.sqm.function.SqmFunctionRegistry - Registering alternate key : truncate -> trunc
2026-01-20 11:50:01.997 [main] DEBUG org.hibernate.query.sqm.function.SqmFunctionRegistry - Registered SqmFunctionTemplate [NamedSqmFunctionTemplate(insert)] under insert; prior registration was null
2026-01-20 11:50:01.997 [main] DEBUG org.hibernate.query.sqm.function.SqmFunctionRegistry - Registered SqmFunctionTemplate [org.hibernate.query.sqm.function.PatternBasedSqmFunctionDescriptor@5de5e95] under bitand; prior registration was null
2026-01-20 11:50:01.997 [main] DEBUG org.hibernate.query.sqm.function.SqmFunctionRegistry - Registered SqmFunctionTemplate [org.hibernate.query.sqm.function.PatternBasedSqmFunctionDescriptor@365cdacf] under bitor; prior registration was null
2026-01-20 11:50:01.997 [main] DEBUG org.hibernate.query.sqm.function.SqmFunctionRegistry - Registered SqmFunctionTemplate [org.hibernate.query.sqm.function.PatternBasedSqmFunctionDescriptor@303c55fa] under bitxor; prior registration was null
2026-01-20 11:50:01.997 [main] DEBUG org.hibernate.query.sqm.function.SqmFunctionRegistry - Registered SqmFunctionTemplate [org.hibernate.query.sqm.function.PatternBasedSqmFunctionDescriptor@9efcd90] under bitnot; prior registration was null
2026-01-20 11:50:01.997 [main] DEBUG org.hibernate.query.sqm.function.SqmFunctionRegistry - Registered SqmFunctionTemplate [NamedSqmFunctionTemplate(bit_and)] under bit_and; prior registration was null
2026-01-20 11:50:01.997 [main] DEBUG org.hibernate.query.sqm.function.SqmFunctionRegistry - Registered SqmFunctionTemplate [NamedSqmFunctionTemplate(bit_or)] under bit_or; prior registration was null
2026-01-20 11:50:01.997 [main] DEBUG org.hibernate.query.sqm.function.SqmFunctionRegistry - Registered SqmFunctionTemplate [NamedSqmFunctionTemplate(stddev)] under stddev; prior registration was null
2026-01-20 11:50:01.997 [main] DEBUG org.hibernate.query.sqm.function.SqmFunctionRegistry - Registered SqmFunctionTemplate [NamedSqmFunctionTemplate(stddev_pop)] under stddev_pop; prior registration was null
2026-01-20 11:50:01.997 [main] DEBUG org.hibernate.query.sqm.function.SqmFunctionRegistry - Registered SqmFunctionTemplate [NamedSqmFunctionTemplate(stddev_samp)] under stddev_samp; prior registration was null
2026-01-20 11:50:01.997 [main] DEBUG org.hibernate.query.sqm.function.SqmFunctionRegistry - Registered SqmFunctionTemplate [NamedSqmFunctionTemplate(variance)] under variance; prior registration was null
2026-01-20 11:50:01.997 [main] DEBUG org.hibernate.query.sqm.function.SqmFunctionRegistry - Registered SqmFunctionTemplate [NamedSqmFunctionTemplate(var_pop)] under var_pop; prior registration was null
2026-01-20 11:50:01.997 [main] DEBUG org.hibernate.query.sqm.function.SqmFunctionRegistry - Registered SqmFunctionTemplate [NamedSqmFunctionTemplate(var_samp)] under var_samp; prior registration was null
2026-01-20 11:50:01.997 [main] DEBUG org.hibernate.query.sqm.function.SqmFunctionRegistry - Registered SqmFunctionTemplate [NamedSqmFunctionTemplate(datediff)] under datediff; prior registration was null
2026-01-20 11:50:01.997 [main] DEBUG org.hibernate.query.sqm.function.SqmFunctionRegistry - Registered SqmFunctionTemplate [NamedSqmFunctionTemplate(adddate)] under adddate; prior registration was null
2026-01-20 11:50:01.997 [main] DEBUG org.hibernate.query.sqm.function.SqmFunctionRegistry - Registered SqmFunctionTemplate [NamedSqmFunctionTemplate(subdate)] under subdate; prior registration was null
2026-01-20 11:50:01.997 [main] DEBUG org.hibernate.query.sqm.function.SqmFunctionRegistry - Registered SqmFunctionTemplate [NamedSqmFunctionTemplate(addtime)] under addtime; prior registration was null
2026-01-20 11:50:01.997 [main] DEBUG org.hibernate.query.sqm.function.SqmFunctionRegistry - Registered SqmFunctionTemplate [NamedSqmFunctionTemplate(subtime)] under subtime; prior registration was null
2026-01-20 11:50:01.997 [main] DEBUG org.hibernate.query.sqm.function.SqmFunctionRegistry - Registered SqmFunctionTemplate [org.hibernate.dialect.function.FormatFunction@7eb200ce] under format; prior registration was org.hibernate.dialect.function.FormatFunction@4baed682
2026-01-20 11:50:01.997 [main] DEBUG org.hibernate.query.sqm.function.SqmFunctionRegistry - Registered SqmFunctionTemplate [NamedSqmFunctionTemplate(makedate)] under makedate; prior registration was null
2026-01-20 11:50:01.997 [main] DEBUG org.hibernate.query.sqm.function.SqmFunctionRegistry - Registered SqmFunctionTemplate [NamedSqmFunctionTemplate(maketime)] under maketime; prior registration was null
2026-01-20 11:50:01.997 [main] DEBUG org.hibernate.query.sqm.function.SqmFunctionRegistry - Registered SqmFunctionTemplate [NamedSqmFunctionTemplate(localtime)] under localtime; prior registration was null
2026-01-20 11:50:01.997 [main] DEBUG org.hibernate.query.sqm.function.SqmFunctionRegistry - Registered SqmFunctionTemplate [NamedSqmFunctionTemplate(localtimestamp)] under localtimestamp; prior registration was null
2026-01-20 11:50:01.997 [main] DEBUG org.hibernate.query.sqm.function.SqmFunctionRegistry - Registered SqmFunctionTemplate [NamedSqmFunctionTemplate(localtime)] under local_time; prior registration was org.hibernate.dialect.function.CurrentFunction@2c991465
2026-01-20 11:50:01.997 [main] DEBUG org.hibernate.query.sqm.function.SqmFunctionRegistry - Registered SqmFunctionTemplate [NamedSqmFunctionTemplate(localtimestamp)] under local_datetime; prior registration was org.hibernate.dialect.function.CurrentFunction@5fef2aac
2026-01-20 11:50:01.997 [main] DEBUG org.hibernate.query.sqm.function.SqmFunctionRegistry - Registered SqmFunctionTemplate [NamedSqmFunctionTemplate(localtime)] under localtime; prior registration was NamedSqmFunctionTemplate(localtime)
2026-01-20 11:50:01.997 [main] DEBUG org.hibernate.query.sqm.function.SqmFunctionRegistry - Registered SqmFunctionTemplate [org.hibernate.query.sqm.function.PatternBasedSqmFunctionDescriptor@2ee83775] under pi; prior registration was org.hibernate.query.sqm.function.PatternBasedSqmFunctionDescriptor@109f8c7e
2026-01-20 11:50:01.997 [main] DEBUG org.hibernate.query.sqm.function.SqmFunctionRegistry - Registered SqmFunctionTemplate [org.hibernate.query.sqm.function.PatternBasedSqmFunctionDescriptor@7c2924d7] under chr; prior registration was null
2026-01-20 11:50:01.997 [main] DEBUG org.hibernate.query.sqm.function.SqmFunctionRegistry - Registering alternate key : char -> chr
2026-01-20 11:50:01.997 [main] DEBUG org.hibernate.query.sqm.function.SqmFunctionRegistry - Registered SqmFunctionTemplate [org.hibernate.query.sqm.function.PatternBasedSqmFunctionDescriptor@b5de58f] under sysdate; prior registration was null
2026-01-20 11:50:01.997 [main] DEBUG org.hibernate.query.sqm.function.SqmFunctionRegistry - Registered SqmFunctionTemplate [NamedSqmFunctionTemplate(row_number)] under row_number; prior registration was null
2026-01-20 11:50:01.998 [main] DEBUG org.hibernate.query.sqm.function.SqmFunctionRegistry - Registered SqmFunctionTemplate [NamedSqmFunctionTemplate(lag)] under lag; prior registration was null
2026-01-20 11:50:01.998 [main] DEBUG org.hibernate.query.sqm.function.SqmFunctionRegistry - Registered SqmFunctionTemplate [NamedSqmFunctionTemplate(lead)] under lead; prior registration was null
2026-01-20 11:50:01.998 [main] DEBUG org.hibernate.query.sqm.function.SqmFunctionRegistry - Registered SqmFunctionTemplate [NamedSqmFunctionTemplate(first_value)] under first_value; prior registration was null
2026-01-20 11:50:01.998 [main] DEBUG org.hibernate.query.sqm.function.SqmFunctionRegistry - Registered SqmFunctionTemplate [NamedSqmFunctionTemplate(last_value)] under last_value; prior registration was null
2026-01-20 11:50:01.998 [main] DEBUG org.hibernate.query.sqm.function.SqmFunctionRegistry - Registered SqmFunctionTemplate [NamedSqmFunctionTemplate(nth_value)] under nth_value; prior registration was null
2026-01-20 11:50:01.998 [main] DEBUG org.hibernate.query.sqm.function.SqmFunctionRegistry - Registered SqmFunctionTemplate [org.hibernate.dialect.function.HypotheticalSetWindowEmulation@3eb3232b] under rank; prior registration was null
2026-01-20 11:50:01.998 [main] DEBUG org.hibernate.query.sqm.function.SqmFunctionRegistry - Registered SqmFunctionTemplate [org.hibernate.dialect.function.HypotheticalSetWindowEmulation@69cd1085] under dense_rank; prior registration was null
2026-01-20 11:50:01.998 [main] DEBUG org.hibernate.query.sqm.function.SqmFunctionRegistry - Registered SqmFunctionTemplate [org.hibernate.dialect.function.HypotheticalSetWindowEmulation@60bb7995] under percent_rank; prior registration was null
2026-01-20 11:50:01.998 [main] DEBUG org.hibernate.query.sqm.function.SqmFunctionRegistry - Registered SqmFunctionTemplate [org.hibernate.dialect.function.HypotheticalSetWindowEmulation@40fa8766] under cume_dist; prior registration was null
2026-01-20 11:50:01.998 [main] DEBUG org.hibernate.query.sqm.function.SqmFunctionRegistry - Registered SqmFunctionTemplate [org.hibernate.dialect.function.ListaggGroupConcatEmulation@49a6f486] under listagg; prior registration was null
2026-01-20 11:50:02.000 [main] DEBUG org.hibernate.HQL_FUNCTIONS - abs(NUMERIC arg)
2026-01-20 11:50:02.000 [main] DEBUG org.hibernate.HQL_FUNCTIONS - Double acos(NUMERIC arg)
2026-01-20 11:50:02.000 [main] DEBUG org.hibernate.HQL_FUNCTIONS - adddate(DATE datetime, INTEGER days)
2026-01-20 11:50:02.000 [main] DEBUG org.hibernate.HQL_FUNCTIONS - addtime(TIME datetime, TIME time)
2026-01-20 11:50:02.000 [main] DEBUG org.hibernate.HQL_FUNCTIONS - Boolean any(BOOLEAN arg)
2026-01-20 11:50:02.000 [main] DEBUG org.hibernate.HQL_FUNCTIONS - Integer ascii(STRING arg)
2026-01-20 11:50:02.000 [main] DEBUG org.hibernate.HQL_FUNCTIONS - Double asin(NUMERIC arg)
2026-01-20 11:50:02.000 [main] DEBUG org.hibernate.HQL_FUNCTIONS - Double atan(NUMERIC arg)
2026-01-20 11:50:02.000 [main] DEBUG org.hibernate.HQL_FUNCTIONS - Double atan2(NUMERIC arg0, NUMERIC arg1)
2026-01-20 11:50:02.000 [main] DEBUG org.hibernate.HQL_FUNCTIONS - avg(arg)
2026-01-20 11:50:02.000 [main] DEBUG org.hibernate.HQL_FUNCTIONS - bit_and(arg)
2026-01-20 11:50:02.001 [main] DEBUG org.hibernate.HQL_FUNCTIONS - Integer bit_length(STRING_OR_CLOB arg)
2026-01-20 11:50:02.001 [main] DEBUG org.hibernate.HQL_FUNCTIONS - bit_or(arg)
2026-01-20 11:50:02.001 [main] DEBUG org.hibernate.HQL_FUNCTIONS - bitand(arg0, arg1)
2026-01-20 11:50:02.001 [main] DEBUG org.hibernate.HQL_FUNCTIONS - bitnot(arg)
2026-01-20 11:50:02.001 [main] DEBUG org.hibernate.HQL_FUNCTIONS - bitor(arg0, arg1)
2026-01-20 11:50:02.001 [main] DEBUG org.hibernate.HQL_FUNCTIONS - bitxor(arg0, arg1)
2026-01-20 11:50:02.001 [main] DEBUG org.hibernate.HQL_FUNCTIONS - cast(arg as Type)
2026-01-20 11:50:02.001 [main] DEBUG org.hibernate.HQL_FUNCTIONS - ceiling(NUMERIC arg)
2026-01-20 11:50:02.001 [main] DEBUG org.hibernate.HQL_FUNCTIONS - Character char(INTEGER arg)
2026-01-20 11:50:02.001 [main] DEBUG org.hibernate.HQL_FUNCTIONS - Integer character_length(STRING_OR_CLOB arg)
2026-01-20 11:50:02.001 [main] DEBUG org.hibernate.HQL_FUNCTIONS - Character chr(INTEGER arg)
2026-01-20 11:50:02.001 [main] DEBUG org.hibernate.HQL_FUNCTIONS - coalesce(arg0[, arg1[, ...]])
2026-01-20 11:50:02.001 [main] DEBUG org.hibernate.HQL_FUNCTIONS - String collate(STRING string as COLLATION collation)
2026-01-20 11:50:02.001 [main] DEBUG org.hibernate.HQL_FUNCTIONS - String concat(STRING string0[, STRING string1[, ...]])
2026-01-20 11:50:02.001 [main] DEBUG org.hibernate.HQL_FUNCTIONS - Double cos(NUMERIC arg)
2026-01-20 11:50:02.001 [main] DEBUG org.hibernate.HQL_FUNCTIONS - Double cosh(NUMERIC arg)
2026-01-20 11:50:02.001 [main] DEBUG org.hibernate.HQL_FUNCTIONS - Double cot(NUMERIC arg)
2026-01-20 11:50:02.001 [main] DEBUG org.hibernate.HQL_FUNCTIONS - Long count([distinct ]{arg|*})
2026-01-20 11:50:02.001 [main] DEBUG org.hibernate.HQL_FUNCTIONS - Integer crc32(arg)
2026-01-20 11:50:02.001 [main] DEBUG org.hibernate.HQL_FUNCTIONS - Double cume_dist([arg0[, ...]])
2026-01-20 11:50:02.001 [main] DEBUG org.hibernate.HQL_FUNCTIONS - Date curdate()
2026-01-20 11:50:02.002 [main] DEBUG org.hibernate.HQL_FUNCTIONS - Date current date
2026-01-20 11:50:02.002 [main] DEBUG org.hibernate.HQL_FUNCTIONS - Time current time
2026-01-20 11:50:02.002 [main] DEBUG org.hibernate.HQL_FUNCTIONS - Timestamp current timestamp
2026-01-20 11:50:02.002 [main] DEBUG org.hibernate.HQL_FUNCTIONS - Date current_date
2026-01-20 11:50:02.002 [main] DEBUG org.hibernate.HQL_FUNCTIONS - Instant current_instant
2026-01-20 11:50:02.002 [main] DEBUG org.hibernate.HQL_FUNCTIONS - Time current_time
2026-01-20 11:50:02.002 [main] DEBUG org.hibernate.HQL_FUNCTIONS - Timestamp current_timestamp
2026-01-20 11:50:02.002 [main] DEBUG org.hibernate.HQL_FUNCTIONS - Time curtime()
2026-01-20 11:50:02.002 [main] DEBUG org.hibernate.HQL_FUNCTIONS - Date date(arg)
2026-01-20 11:50:02.002 [main] DEBUG org.hibernate.HQL_FUNCTIONS - dateadd(TEMPORAL_UNIT field, INTEGER magnitude, TEMPORAL datetime)
2026-01-20 11:50:02.002 [main] DEBUG org.hibernate.HQL_FUNCTIONS - Integer datediff(DATE end, DATE start)
2026-01-20 11:50:02.002 [main] DEBUG org.hibernate.HQL_FUNCTIONS - Integer day(DATE arg)
2026-01-20 11:50:02.002 [main] DEBUG org.hibernate.HQL_FUNCTIONS - String dayname(DATE arg)
2026-01-20 11:50:02.002 [main] DEBUG org.hibernate.HQL_FUNCTIONS - Integer dayofmonth(DATE arg)
2026-01-20 11:50:02.002 [main] DEBUG org.hibernate.HQL_FUNCTIONS - Integer dayofweek(DATE arg)
2026-01-20 11:50:02.002 [main] DEBUG org.hibernate.HQL_FUNCTIONS - Integer dayofyear(DATE arg)
2026-01-20 11:50:02.002 [main] DEBUG org.hibernate.HQL_FUNCTIONS - Double degrees(NUMERIC arg)
2026-01-20 11:50:02.002 [main] DEBUG org.hibernate.HQL_FUNCTIONS - Long dense_rank([arg0[, ...]])
2026-01-20 11:50:02.002 [main] DEBUG org.hibernate.HQL_FUNCTIONS - Boolean every(BOOLEAN arg)
2026-01-20 11:50:02.002 [main] DEBUG org.hibernate.HQL_FUNCTIONS - Double exp(NUMERIC arg)
2026-01-20 11:50:02.002 [main] DEBUG org.hibernate.HQL_FUNCTIONS - extract(TEMPORAL_UNIT field from TEMPORAL arg)
2026-01-20 11:50:02.002 [main] DEBUG org.hibernate.HQL_FUNCTIONS - first_valueANY value
2026-01-20 11:50:02.002 [main] DEBUG org.hibernate.HQL_FUNCTIONS - floor(NUMERIC arg)
2026-01-20 11:50:02.002 [main] DEBUG org.hibernate.HQL_FUNCTIONS - String format(TEMPORAL datetime as STRING pattern)
2026-01-20 11:50:02.003 [main] DEBUG org.hibernate.HQL_FUNCTIONS - greatest(COMPARABLE arg0, COMPARABLE arg1[, arg2[, ...]])
2026-01-20 11:50:02.003 [main] DEBUG org.hibernate.HQL_FUNCTIONS - Integer hour(TIME arg)
2026-01-20 11:50:02.003 [main] DEBUG org.hibernate.HQL_FUNCTIONS - ifnull(arg0, arg1)
2026-01-20 11:50:02.003 [main] DEBUG org.hibernate.HQL_FUNCTIONS - String insert(STRING string, INTEGER start, INTEGER length, STRING replacement)
2026-01-20 11:50:02.003 [main] DEBUG org.hibernate.HQL_FUNCTIONS - Instant instant
2026-01-20 11:50:02.003 [main] DEBUG org.hibernate.HQL_FUNCTIONS - Integer instr(STRING string, STRING pattern[, INTEGER start[, INTEGER occurrence]])
2026-01-20 11:50:02.003 [main] DEBUG org.hibernate.HQL_FUNCTIONS - lagANY value[, INTEGER offset[, ANY default]]
2026-01-20 11:50:02.003 [main] DEBUG org.hibernate.HQL_FUNCTIONS - Date last_day(DATE arg)
2026-01-20 11:50:02.003 [main] DEBUG org.hibernate.HQL_FUNCTIONS - last_valueANY value
2026-01-20 11:50:02.003 [main] DEBUG org.hibernate.HQL_FUNCTIONS - leadANY value[, INTEGER offset[, ANY default]]
2026-01-20 11:50:02.003 [main] DEBUG org.hibernate.HQL_FUNCTIONS - least(COMPARABLE arg0, COMPARABLE arg1[, arg2[, ...]])
2026-01-20 11:50:02.003 [main] DEBUG org.hibernate.HQL_FUNCTIONS - String left(STRING string, INTEGER length)
2026-01-20 11:50:02.003 [main] DEBUG org.hibernate.HQL_FUNCTIONS - Integer length(STRING_OR_CLOB arg)
2026-01-20 11:50:02.003 [main] DEBUG org.hibernate.HQL_FUNCTIONS - String listagg(STRING arg0, STRING arg1)
2026-01-20 11:50:02.003 [main] DEBUG org.hibernate.HQL_FUNCTIONS - Double ln(NUMERIC arg)
2026-01-20 11:50:02.003 [main] DEBUG org.hibernate.HQL_FUNCTIONS - LocalDate local date
2026-01-20 11:50:02.003 [main] DEBUG org.hibernate.HQL_FUNCTIONS - LocalDateTime local datetime
2026-01-20 11:50:02.003 [main] DEBUG org.hibernate.HQL_FUNCTIONS - LocalTime local time
2026-01-20 11:50:02.003 [main] DEBUG org.hibernate.HQL_FUNCTIONS - LocalDate local_date
2026-01-20 11:50:02.003 [main] DEBUG org.hibernate.HQL_FUNCTIONS - LocalDateTime local_datetime
2026-01-20 11:50:02.003 [main] DEBUG org.hibernate.HQL_FUNCTIONS - LocalTime local_time
2026-01-20 11:50:02.003 [main] DEBUG org.hibernate.HQL_FUNCTIONS - Timestamp localtime
2026-01-20 11:50:02.003 [main] DEBUG org.hibernate.HQL_FUNCTIONS - Timestamp localtimestamp
2026-01-20 11:50:02.003 [main] DEBUG org.hibernate.HQL_FUNCTIONS - Integer locate(STRING pattern, STRING string[, INTEGER start])
2026-01-20 11:50:02.003 [main] DEBUG org.hibernate.HQL_FUNCTIONS - Double log(NUMERIC arg0[, NUMERIC arg1])
2026-01-20 11:50:02.003 [main] DEBUG org.hibernate.HQL_FUNCTIONS - Double log10(NUMERIC arg)
2026-01-20 11:50:02.003 [main] DEBUG org.hibernate.HQL_FUNCTIONS - Double log2(NUMERIC arg)
2026-01-20 11:50:02.003 [main] DEBUG org.hibernate.HQL_FUNCTIONS - String lower(STRING string)
2026-01-20 11:50:02.003 [main] DEBUG org.hibernate.HQL_FUNCTIONS - String lpad(string, length[, padding])
2026-01-20 11:50:02.004 [main] DEBUG org.hibernate.HQL_FUNCTIONS - String ltrim(STRING string[, STRING characters])
2026-01-20 11:50:02.004 [main] DEBUG org.hibernate.HQL_FUNCTIONS - Date makedate(INTEGER year, INTEGER dayofyear)
2026-01-20 11:50:02.004 [main] DEBUG org.hibernate.HQL_FUNCTIONS - Time maketime(INTEGER hour, INTEGER min, INTEGER sec)
2026-01-20 11:50:02.004 [main] DEBUG org.hibernate.HQL_FUNCTIONS - max(COMPARABLE arg)
2026-01-20 11:50:02.004 [main] DEBUG org.hibernate.HQL_FUNCTIONS - String md5(arg)
2026-01-20 11:50:02.004 [main] DEBUG org.hibernate.HQL_FUNCTIONS - Integer microsecond(TIME arg)
2026-01-20 11:50:02.004 [main] DEBUG org.hibernate.HQL_FUNCTIONS - min(COMPARABLE arg)
2026-01-20 11:50:02.004 [main] DEBUG org.hibernate.HQL_FUNCTIONS - Integer minute(TIME arg)
2026-01-20 11:50:02.004 [main] DEBUG org.hibernate.HQL_FUNCTIONS - Integer mod(INTEGER arg0, INTEGER arg1)
2026-01-20 11:50:02.004 [main] DEBUG org.hibernate.HQL_FUNCTIONS - Integer month(DATE arg)
2026-01-20 11:50:02.004 [main] DEBUG org.hibernate.HQL_FUNCTIONS - String monthname(DATE arg)
2026-01-20 11:50:02.004 [main] DEBUG org.hibernate.HQL_FUNCTIONS - Timestamp now()
2026-01-20 11:50:02.004 [main] DEBUG org.hibernate.HQL_FUNCTIONS - nth_valueANY value, INTEGER nth
2026-01-20 11:50:02.004 [main] DEBUG org.hibernate.HQL_FUNCTIONS - nullif(arg0, arg1)
2026-01-20 11:50:02.004 [main] DEBUG org.hibernate.HQL_FUNCTIONS - Integer octet_length(STRING_OR_CLOB arg)
2026-01-20 11:50:02.004 [main] DEBUG org.hibernate.HQL_FUNCTIONS - OffsetDateTime offset datetime
2026-01-20 11:50:02.004 [main] DEBUG org.hibernate.HQL_FUNCTIONS - OffsetDateTime offset_datetime
2026-01-20 11:50:02.004 [main] DEBUG org.hibernate.HQL_FUNCTIONS - String overlay(STRING string placing STRING replacement from INTEGER start[ for INTEGER length])
2026-01-20 11:50:02.004 [main] DEBUG org.hibernate.HQL_FUNCTIONS - String pad(STRING string with INTEGER length {leading|trailing}[ STRING character])
2026-01-20 11:50:02.004 [main] DEBUG org.hibernate.HQL_FUNCTIONS - Double percent_rank([arg0[, ...]])
2026-01-20 11:50:02.004 [main] DEBUG org.hibernate.HQL_FUNCTIONS - Double pi
2026-01-20 11:50:02.004 [main] DEBUG org.hibernate.HQL_FUNCTIONS - Integer position(STRING pattern in STRING string)
2026-01-20 11:50:02.004 [main] DEBUG org.hibernate.HQL_FUNCTIONS - Double power(NUMERIC arg0, NUMERIC arg1)
2026-01-20 11:50:02.004 [main] DEBUG org.hibernate.HQL_FUNCTIONS - Integer quarter(DATE arg)
2026-01-20 11:50:02.004 [main] DEBUG org.hibernate.HQL_FUNCTIONS - Double radians(NUMERIC arg)
2026-01-20 11:50:02.004 [main] DEBUG org.hibernate.HQL_FUNCTIONS - Double rand([INTEGER seed])
2026-01-20 11:50:02.004 [main] DEBUG org.hibernate.HQL_FUNCTIONS - Long rank([arg0[, ...]])
2026-01-20 11:50:02.004 [main] DEBUG org.hibernate.HQL_FUNCTIONS - String repeat(STRING string, INTEGER times)
2026-01-20 11:50:02.004 [main] DEBUG org.hibernate.HQL_FUNCTIONS - String replace(STRING string, STRING pattern, STRING replacement)
2026-01-20 11:50:02.004 [main] DEBUG org.hibernate.HQL_FUNCTIONS - String reverse(STRING arg)
2026-01-20 11:50:02.004 [main] DEBUG org.hibernate.HQL_FUNCTIONS - String right(STRING string, INTEGER length)
2026-01-20 11:50:02.004 [main] DEBUG org.hibernate.HQL_FUNCTIONS - round(NUMERIC number[, INTEGER places])
2026-01-20 11:50:02.004 [main] DEBUG org.hibernate.HQL_FUNCTIONS - Long row_number()
2026-01-20 11:50:02.004 [main] DEBUG org.hibernate.HQL_FUNCTIONS - String rpad(string, length[, padding])
2026-01-20 11:50:02.004 [main] DEBUG org.hibernate.HQL_FUNCTIONS - String rtrim(STRING string[, STRING characters])
2026-01-20 11:50:02.004 [main] DEBUG org.hibernate.HQL_FUNCTIONS - Integer second(TIME arg)
2026-01-20 11:50:02.004 [main] DEBUG org.hibernate.HQL_FUNCTIONS - String sha(arg)
2026-01-20 11:50:02.004 [main] DEBUG org.hibernate.HQL_FUNCTIONS - String sha1(arg)
2026-01-20 11:50:02.004 [main] DEBUG org.hibernate.HQL_FUNCTIONS - String sha2(arg0, arg1)
2026-01-20 11:50:02.004 [main] DEBUG org.hibernate.HQL_FUNCTIONS - Integer sign(NUMERIC arg)
2026-01-20 11:50:02.004 [main] DEBUG org.hibernate.HQL_FUNCTIONS - Double sin(NUMERIC arg)
2026-01-20 11:50:02.005 [main] DEBUG org.hibernate.HQL_FUNCTIONS - Double sinh(NUMERIC arg)
2026-01-20 11:50:02.005 [main] DEBUG org.hibernate.HQL_FUNCTIONS - String soundex(arg)
2026-01-20 11:50:02.005 [main] DEBUG org.hibernate.HQL_FUNCTIONS - String space(INTEGER arg)
2026-01-20 11:50:02.005 [main] DEBUG org.hibernate.HQL_FUNCTIONS - Object sql
2026-01-20 11:50:02.005 [main] DEBUG org.hibernate.HQL_FUNCTIONS - Double sqrt(NUMERIC arg)
2026-01-20 11:50:02.005 [main] DEBUG org.hibernate.HQL_FUNCTIONS - Double stddev(NUMERIC arg)
2026-01-20 11:50:02.005 [main] DEBUG org.hibernate.HQL_FUNCTIONS - Double stddev_pop(NUMERIC arg)
2026-01-20 11:50:02.005 [main] DEBUG org.hibernate.HQL_FUNCTIONS - Double stddev_samp(NUMERIC arg)
2026-01-20 11:50:02.005 [main] DEBUG org.hibernate.HQL_FUNCTIONS - String str(arg)
2026-01-20 11:50:02.005 [main] DEBUG org.hibernate.HQL_FUNCTIONS - subdate(DATE datetime, INTEGER days)
2026-01-20 11:50:02.005 [main] DEBUG org.hibernate.HQL_FUNCTIONS - String substr(STRING string, INTEGER start[, INTEGER length])
2026-01-20 11:50:02.005 [main] DEBUG org.hibernate.HQL_FUNCTIONS - String substring(STRING string{ from|,} INTEGER start[{ for|,} INTEGER length])
2026-01-20 11:50:02.005 [main] DEBUG org.hibernate.HQL_FUNCTIONS - subtime(TIME datetime, TIME time)
2026-01-20 11:50:02.005 [main] DEBUG org.hibernate.HQL_FUNCTIONS - sum(arg)
2026-01-20 11:50:02.005 [main] DEBUG org.hibernate.HQL_FUNCTIONS - Timestamp sysdate()
2026-01-20 11:50:02.005 [main] DEBUG org.hibernate.HQL_FUNCTIONS - Double tan(NUMERIC arg)
2026-01-20 11:50:02.005 [main] DEBUG org.hibernate.HQL_FUNCTIONS - Double tanh(NUMERIC arg)
2026-01-20 11:50:02.005 [main] DEBUG org.hibernate.HQL_FUNCTIONS - String time(arg)
2026-01-20 11:50:02.005 [main] DEBUG org.hibernate.HQL_FUNCTIONS - Timestamp timestamp(arg0[, arg1])
2026-01-20 11:50:02.005 [main] DEBUG org.hibernate.HQL_FUNCTIONS - timestampadd(TEMPORAL_UNIT field, INTEGER magnitude, TEMPORAL datetime)
2026-01-20 11:50:02.005 [main] DEBUG org.hibernate.HQL_FUNCTIONS - basicType@9(java.lang.Long,-5)|basicType@17(java.lang.Double,8) timestampdiff(TEMPORAL_UNIT field, TEMPORAL start, TEMPORAL end)
2026-01-20 11:50:02.005 [main] DEBUG org.hibernate.HQL_FUNCTIONS - String trim([[{leading|trailing|both} ][STRING arg0 ]from] STRING arg1)
2026-01-20 11:50:02.005 [main] DEBUG org.hibernate.HQL_FUNCTIONS - trunc( ... )
2026-01-20 11:50:02.005 [main] DEBUG org.hibernate.HQL_FUNCTIONS - truncate( ... )
2026-01-20 11:50:02.005 [main] DEBUG org.hibernate.HQL_FUNCTIONS - String upper(STRING string)
2026-01-20 11:50:02.005 [main] DEBUG org.hibernate.HQL_FUNCTIONS - Date utc_date
2026-01-20 11:50:02.005 [main] DEBUG org.hibernate.HQL_FUNCTIONS - Time utc_time
2026-01-20 11:50:02.005 [main] DEBUG org.hibernate.HQL_FUNCTIONS - Timestamp utc_timestamp
2026-01-20 11:50:02.005 [main] DEBUG org.hibernate.HQL_FUNCTIONS - Double var_pop(NUMERIC arg)
2026-01-20 11:50:02.005 [main] DEBUG org.hibernate.HQL_FUNCTIONS - Double var_samp(NUMERIC arg)
2026-01-20 11:50:02.005 [main] DEBUG org.hibernate.HQL_FUNCTIONS - Double variance(NUMERIC arg)
2026-01-20 11:50:02.005 [main] DEBUG org.hibernate.HQL_FUNCTIONS - Integer week(DATE arg)
2026-01-20 11:50:02.005 [main] DEBUG org.hibernate.HQL_FUNCTIONS - Integer year(DATE arg)
2026-01-20 11:50:02.008 [main] DEBUG org.hibernate.orm.query.plan.cache - Starting QueryInterpretationCache(2048)
2026-01-20 11:50:02.058 [main] DEBUG org.hibernate.service.internal.SessionFactoryServiceRegistryImpl - EventListenerRegistry access via ServiceRegistry is deprecated.  Use `sessionFactory.getEventEngine().getListenerRegistry()` instead
2026-01-20 11:50:02.059 [main] DEBUG org.hibernate.event.internal.EntityCopyObserverFactoryInitiator - Configured EntityCopyObserver strategy: disallow
2026-01-20 11:50:02.104 [main] DEBUG org.hibernate.boot.internal.ClassLoaderAccessImpl - Not known whether passed class name [modelo.Persona] is safe
2026-01-20 11:50:02.104 [main] DEBUG org.hibernate.boot.internal.ClassLoaderAccessImpl - No temp ClassLoader provided; using live ClassLoader for loading potentially unsafe class : modelo.Persona
2026-01-20 11:50:02.230 [main] DEBUG org.hibernate.bytecode.internal.bytebuddy.BytecodeProviderImpl - HHH000513: Unable to create the ReflectionOptimizer for [modelo.Persona]: private accessor [edad]
2026-01-20 11:50:02.245 [main] DEBUG org.hibernate.boot.internal.ClassLoaderAccessImpl - Not known whether passed class name [modelo.Reunion] is safe
2026-01-20 11:50:02.245 [main] DEBUG org.hibernate.boot.internal.ClassLoaderAccessImpl - No temp ClassLoader provided; using live ClassLoader for loading potentially unsafe class : modelo.Reunion
2026-01-20 11:50:02.259 [main] DEBUG org.hibernate.bytecode.internal.bytebuddy.BytecodeProviderImpl - HHH000513: Unable to create the ReflectionOptimizer for [modelo.Reunion]: private accessor [asunto]
2026-01-20 11:50:02.260 [main] DEBUG org.hibernate.boot.internal.ClassLoaderAccessImpl - Not known whether passed class name [modelo.Sala] is safe
2026-01-20 11:50:02.260 [main] DEBUG org.hibernate.boot.internal.ClassLoaderAccessImpl - No temp ClassLoader provided; using live ClassLoader for loading potentially unsafe class : modelo.Sala
2026-01-20 11:50:02.268 [main] DEBUG org.hibernate.bytecode.internal.bytebuddy.BytecodeProviderImpl - HHH000513: Unable to create the ReflectionOptimizer for [modelo.Sala]: private accessor [capacidad]
2026-01-20 11:50:02.285 [main] DEBUG org.hibernate.orm.model.mapping.creation - Starting post-init callbacks
2026-01-20 11:50:02.285 [main] DEBUG org.hibernate.orm.model.mapping.creation - Starting PostInitCallbackEntry : Entity(modelo.Persona) `staticFetchableList` generator
2026-01-20 11:50:02.285 [main] DEBUG org.hibernate.orm.model.mapping.creation - Starting PostInitCallbackEntry : Entity(modelo.Persona) `sqmMultiTableInsertStrategy` interpretation
2026-01-20 11:50:02.294 [main] DEBUG org.hibernate.orm.model.mapping.creation - Starting PostInitCallbackEntry : Entity(modelo.Reunion) `staticFetchableList` generator
2026-01-20 11:50:02.294 [main] DEBUG org.hibernate.orm.model.mapping.creation - Starting PostInitCallbackEntry : Entity(modelo.Reunion) `sqmMultiTableInsertStrategy` interpretation
2026-01-20 11:50:02.295 [main] DEBUG org.hibernate.orm.model.mapping.creation - Starting PostInitCallbackEntry : Entity(modelo.Sala) `staticFetchableList` generator
2026-01-20 11:50:02.295 [main] DEBUG org.hibernate.orm.model.mapping.creation - Starting PostInitCallbackEntry : Entity(modelo.Sala) `sqmMultiTableInsertStrategy` interpretation
2026-01-20 11:50:02.341 [main] DEBUG org.hibernate.orm.sql.ast.create - Created new SQL alias : p1_0
2026-01-20 11:50:02.343 [main] DEBUG org.hibernate.orm.sql.ast.create - Registration of TableGroup [StandardTableGroup(modelo.Persona)] with identifierForTableGroup [modelo.Persona] for NavigablePath [modelo.Persona] 
2026-01-20 11:50:02.353 [main] DEBUG org.hibernate.orm.results.graph.AST - DomainResult Graph:
 \-EntityResultImpl [modelo.Persona]
 |  +-BasicFetch [modelo.Persona.edad]
 |  +-BasicFetch [modelo.Persona.email]
 |  +-BasicFetch [modelo.Persona.fechaNacimiento]
 |  +-BasicFetch [modelo.Persona.nombreApellido]
 |  \-BasicFetch [modelo.Persona.telefono]

2026-01-20 11:50:02.355 [main] DEBUG org.hibernate.orm.sql.ast.tree - SQL AST Tree:
    SelectStatement {
      FromClause {
        StandardTableGroup (p1 : modelo.Persona) {
          primaryTableReference : persona as p1_0
        }
      }
    }

2026-01-20 11:50:02.362 [main] DEBUG org.hibernate.persister.entity.AbstractEntityPersister - Static SQL for entity: modelo.Persona
2026-01-20 11:50:02.362 [main] DEBUG org.hibernate.persister.entity.AbstractEntityPersister -  Version select: select dni from persona where dni=?
2026-01-20 11:50:02.362 [main] DEBUG org.hibernate.persister.entity.AbstractEntityPersister -  Insert (0): insert into persona (edad,email,fechaNacimiento,nombreApellido,telefono,dni) values (?,?,?,?,?,?)
2026-01-20 11:50:02.362 [main] DEBUG org.hibernate.persister.entity.AbstractEntityPersister -  Update (0): update persona set edad=?,email=?,fechaNacimiento=?,nombreApellido=?,telefono=? where dni=?
2026-01-20 11:50:02.362 [main] DEBUG org.hibernate.persister.entity.AbstractEntityPersister -  Delete (0): delete from persona where dni=?
2026-01-20 11:50:02.362 [main] DEBUG org.hibernate.orm.sql.ast.create - Created new SQL alias : r1_0
2026-01-20 11:50:02.362 [main] DEBUG org.hibernate.orm.sql.ast.create - Registration of TableGroup [StandardTableGroup(modelo.Reunion)] with identifierForTableGroup [modelo.Reunion] for NavigablePath [modelo.Reunion] 
2026-01-20 11:50:02.363 [main] DEBUG org.hibernate.orm.results.graph.AST - DomainResult Graph:
 \-EntityResultImpl [modelo.Reunion]
 |  +-BasicFetch [modelo.Reunion.asunto]
 |  \-BasicFetch [modelo.Reunion.fecha]

2026-01-20 11:50:02.363 [main] DEBUG org.hibernate.orm.sql.ast.tree - SQL AST Tree:
    SelectStatement {
      FromClause {
        StandardTableGroup (r1 : modelo.Reunion) {
          primaryTableReference : reunion as r1_0
        }
      }
    }

2026-01-20 11:50:02.363 [main] DEBUG org.hibernate.persister.entity.AbstractEntityPersister - Static SQL for entity: modelo.Reunion
2026-01-20 11:50:02.363 [main] DEBUG org.hibernate.persister.entity.AbstractEntityPersister -  Version select: select idReunion from reunion where idReunion=?
2026-01-20 11:50:02.363 [main] DEBUG org.hibernate.persister.entity.AbstractEntityPersister -  Insert (0): insert into reunion (asunto,fecha,idReunion) values (?,?,?)
2026-01-20 11:50:02.363 [main] DEBUG org.hibernate.persister.entity.AbstractEntityPersister -  Update (0): update reunion set asunto=?,fecha=? where idReunion=?
2026-01-20 11:50:02.363 [main] DEBUG org.hibernate.persister.entity.AbstractEntityPersister -  Delete (0): delete from reunion where idReunion=?
2026-01-20 11:50:02.363 [main] DEBUG org.hibernate.orm.sql.ast.create - Created new SQL alias : s1_0
2026-01-20 11:50:02.363 [main] DEBUG org.hibernate.orm.sql.ast.create - Registration of TableGroup [StandardTableGroup(modelo.Sala)] with identifierForTableGroup [modelo.Sala] for NavigablePath [modelo.Sala] 
2026-01-20 11:50:02.363 [main] DEBUG org.hibernate.orm.results.graph.AST - DomainResult Graph:
 \-EntityResultImpl [modelo.Sala]
 |  +-BasicFetch [modelo.Sala.capacidad]
 |  \-BasicFetch [modelo.Sala.nombre]

2026-01-20 11:50:02.363 [main] DEBUG org.hibernate.orm.sql.ast.tree - SQL AST Tree:
    SelectStatement {
      FromClause {
        StandardTableGroup (s1 : modelo.Sala) {
          primaryTableReference : sala as s1_0
        }
      }
    }

2026-01-20 11:50:02.363 [main] DEBUG org.hibernate.persister.entity.AbstractEntityPersister - Static SQL for entity: modelo.Sala
2026-01-20 11:50:02.363 [main] DEBUG org.hibernate.persister.entity.AbstractEntityPersister -  Version select: select idSala from sala where idSala=?
2026-01-20 11:50:02.363 [main] DEBUG org.hibernate.persister.entity.AbstractEntityPersister -  Insert (0): insert into sala (capacidad,nombre,idSala) values (?,?,?)
2026-01-20 11:50:02.363 [main] DEBUG org.hibernate.persister.entity.AbstractEntityPersister -  Update (0): update sala set capacidad=?,nombre=? where idSala=?
2026-01-20 11:50:02.363 [main] DEBUG org.hibernate.persister.entity.AbstractEntityPersister -  Delete (0): delete from sala where idSala=?
2026-01-20 11:50:02.378 [main] DEBUG org.hibernate.engine.transaction.jta.platform.internal.JtaPlatformInitiator - No JtaPlatform was specified, checking resolver
2026-01-20 11:50:02.379 [main] DEBUG org.hibernate.engine.transaction.jta.platform.internal.JtaPlatformResolverInitiator - No JtaPlatformResolver was specified, using default [org.hibernate.engine.transaction.jta.platform.internal.StandardJtaPlatformResolver]
2026-01-20 11:50:02.382 [main] DEBUG org.hibernate.engine.transaction.jta.platform.internal.StandardJtaPlatformResolver - Could not resolve JtaPlatform, using default [org.hibernate.engine.transaction.jta.platform.internal.NoJtaPlatform]
2026-01-20 11:50:02.382 [main] INFO  org.hibernate.engine.transaction.jta.platform.internal.JtaPlatformInitiator - HHH000489: No JTA platform available (set 'hibernate.transaction.jta.platform' to enable JTA platform integration)
2026-01-20 11:50:02.383 [main] DEBUG org.hibernate.type.spi.TypeConfiguration$Scope - Scoping TypeConfiguration [org.hibernate.type.spi.TypeConfiguration@dcc6211] to SessionFactoryImplementor [org.hibernate.internal.SessionFactoryImpl@42d9e8d2]
2026-01-20 11:50:02.384 [main] DEBUG org.hibernate.query.named.NamedObjectRepository - Checking 0 named HQL queries
2026-01-20 11:50:02.384 [main] DEBUG org.hibernate.query.named.NamedObjectRepository - Checking 0 named SQL queries
2026-01-20 11:50:02.401 [main] INFO  org.hibernate.orm.connections.access - HHH10001501: Connection obtained from JdbcConnectionAccess [org.hibernate.engine.jdbc.env.internal.JdbcEnvironmentInitiator$ConnectionProviderJdbcConnectionAccess@18c880ea] for (non-JTA) DDL execution was not in auto-commit mode; the Connection 'local transaction' will be committed and the Connection will be set into auto-commit mode.
2026-01-20 11:50:02.419 [main] DEBUG org.hibernate.mapping.Table - No alter strings for table : persona
2026-01-20 11:50:02.419 [main] DEBUG org.hibernate.mapping.Table - No alter strings for table : persona_SEQ
2026-01-20 11:50:02.419 [main] DEBUG org.hibernate.mapping.Table - No alter strings for table : reunion
2026-01-20 11:50:02.419 [main] DEBUG org.hibernate.mapping.Table - No alter strings for table : reunion_SEQ
2026-01-20 11:50:02.419 [main] DEBUG org.hibernate.mapping.Table - No alter strings for table : sala
2026-01-20 11:50:02.419 [main] DEBUG org.hibernate.mapping.Table - No alter strings for table : sala_SEQ
2026-01-20 11:50:02.424 [main] DEBUG org.hibernate.internal.SessionFactoryRegistry - Initializing SessionFactoryRegistry : org.hibernate.internal.SessionFactoryRegistry@7159d601
2026-01-20 11:50:02.424 [main] DEBUG org.hibernate.internal.SessionFactoryRegistry - Registering SessionFactory: 3810c010-a7bd-40d3-91b0-621bf9c22761 (<unnamed>)
2026-01-20 11:50:02.424 [main] DEBUG org.hibernate.internal.SessionFactoryRegistry - Not binding SessionFactory to JNDI, no JNDI name configured
2026-01-20 11:50:02.424 [main] DEBUG org.hibernate.internal.SessionFactoryImpl - Instantiated SessionFactory
2026-01-20 11:50:02.446 [main] DEBUG org.hibernate.stat.internal.StatisticsInitiator - Statistics initialized [enabled=false]
2026-01-20 11:50:02.449 [main] DEBUG org.hibernate.engine.transaction.internal.TransactionImpl - On TransactionImpl creation, JpaCompliance#isJpaTransactionComplianceEnabled == false
2026-01-20 11:50:02.449 [main] DEBUG org.hibernate.engine.transaction.internal.TransactionImpl - begin
2026-01-20 11:50:02.463 [main] DEBUG org.hibernate.SQL - 
    select
        next_val as id_val 
    from
        sala_SEQ for update
2026-01-20 11:50:02.465 [main] DEBUG org.hibernate.SQL - 
    update
        sala_SEQ 
    set
        next_val= ? 
    where
        next_val=?
2026-01-20 11:50:02.473 [main] DEBUG org.hibernate.event.internal.AbstractSaveEventListener - Generated identifier: 2, using strategy: org.hibernate.id.enhanced.SequenceStyleGenerator
2026-01-20 11:50:02.479 [main] DEBUG org.hibernate.engine.transaction.internal.TransactionImpl - committing
2026-01-20 11:50:02.479 [main] DEBUG org.hibernate.event.internal.AbstractFlushingEventListener - Processing flush-time cascades
2026-01-20 11:50:02.480 [main] DEBUG org.hibernate.event.internal.AbstractFlushingEventListener - Dirty checking collections
2026-01-20 11:50:02.483 [main] DEBUG org.hibernate.event.internal.AbstractFlushingEventListener - Flushed: 1 insertions, 0 updates, 0 deletions to 1 objects
2026-01-20 11:50:02.483 [main] DEBUG org.hibernate.event.internal.AbstractFlushingEventListener - Flushed: 0 (re)creations, 0 updates, 0 removals to 0 collections
2026-01-20 11:50:02.484 [main] DEBUG org.hibernate.internal.util.EntityPrinter - Listing entities:
2026-01-20 11:50:02.484 [main] DEBUG org.hibernate.internal.util.EntityPrinter - modelo.Sala{idSala=2, nombre=Sala De Comunicaciones, capacidad=4}
2026-01-20 11:50:02.489 [main] DEBUG org.hibernate.SQL - 
    insert 
    into
        sala
        (capacidad, nombre, idSala) 
    values
        (?, ?, ?)
2026-01-20 11:50:02.515 [main] DEBUG org.hibernate.resource.jdbc.internal.LogicalConnectionManagedImpl - Initiating JDBC connection release from afterTransaction
2026-01-20 11:50:02.517 [main] DEBUG org.hibernate.resource.jdbc.internal.LogicalConnectionManagedImpl - Initiating JDBC connection release from afterTransaction
2026-01-20 11:50:02.518 [main] DEBUG org.hibernate.orm.query.hql - HQL : FROM modelo.Sala
2026-01-20 11:50:02.674 [main] DEBUG org.hibernate.orm.query.sqm.ast - SqmStatement Tree :
    -> [select]
      -> [query-spec]
        -> [select]
          -> [selection]
            -> [root] - `modelo.Sala(6431361875700)`
            <- [root] - `modelo.Sala(6431361875700)`
          <- [selection]
        <- [select]
        -> [from]
          -> [root] - `modelo.Sala(6431361875700)`
          <- [root] - `modelo.Sala(6431361875700)`
        <- [from]
      <- [query-spec]
    <- [select]

2026-01-20 11:50:02.707 [main] DEBUG org.hibernate.orm.sql.ast.create - Created new SQL alias : s1_0
2026-01-20 11:50:02.707 [main] DEBUG org.hibernate.orm.sql.ast.create - Registration of TableGroup [StandardTableGroup(modelo.Sala(6431361875700))] with identifierForTableGroup [modelo.Sala] for NavigablePath [modelo.Sala] 
2026-01-20 11:50:02.714 [main] DEBUG org.hibernate.orm.results.graph.AST - DomainResult Graph:
 \-EntityResultImpl [modelo.Sala(6431361875700)]
 |  +-BasicFetch [modelo.Sala(6431361875700).capacidad]
 |  \-BasicFetch [modelo.Sala(6431361875700).nombre]

2026-01-20 11:50:02.714 [main] DEBUG org.hibernate.orm.sql.ast.tree - SQL AST Tree:
    SelectStatement {
      FromClause {
        StandardTableGroup (s1 : modelo.Sala(6431361875700)) {
          primaryTableReference : sala as s1_0
        }
      }
    }

2026-01-20 11:50:02.721 [main] DEBUG org.hibernate.orm.sql.exec - Skipping reading Query result cache data: cache-enabled = false, cache-mode = NORMAL
2026-01-20 11:50:02.731 [main] DEBUG org.hibernate.orm.results - Initializer list:
	  modelo.Sala(6431361875700) -> EntityResultInitializer(modelo.Sala(6431361875700))@854077600 (SingleTableEntityPersister(modelo.Sala))

2026-01-20 11:50:02.733 [main] DEBUG org.hibernate.SQL - 
    select
        s1_0.idSala,
        s1_0.capacidad,
        s1_0.nombre 
    from
        sala s1_0
2026-01-20 11:50:02.737 [main] DEBUG org.hibernate.orm.results - Extracted JDBC value [0] - [1]
2026-01-20 11:50:02.738 [main] DEBUG org.hibernate.orm.results.loading.entity - (EntityResultInitializer) Hydrated EntityKey (modelo.Sala(6431361875700)): 1
2026-01-20 11:50:02.738 [main] DEBUG org.hibernate.orm.results.loading.entity - (EntityResultInitializer) Created new entity instance [modelo.Sala(6431361875700)#1] : 1270620605
2026-01-20 11:50:02.738 [main] DEBUG org.hibernate.orm.results - Extracted JDBC value [1] - [5]
2026-01-20 11:50:02.739 [main] DEBUG org.hibernate.orm.results - Extracted JDBC value [2] - [Sala De Ventas]
2026-01-20 11:50:02.739 [main] DEBUG org.hibernate.orm.results.loading.entity - (EntityResultInitializer) Done materializing entityInstance : modelo.Sala(6431361875700)#1
2026-01-20 11:50:02.739 [main] DEBUG org.hibernate.orm.results.loading - Calling top-level assembler (0 / 1) : org.hibernate.sql.results.graph.entity.internal.EntityAssembler@47198524
2026-01-20 11:50:02.739 [main] DEBUG org.hibernate.orm.results - Extracted JDBC value [0] - [2]
2026-01-20 11:50:02.739 [main] DEBUG org.hibernate.orm.results.loading.entity - (EntityResultInitializer) Hydrated EntityKey (modelo.Sala(6431361875700)): 2
2026-01-20 11:50:02.740 [main] DEBUG org.hibernate.orm.results.loading.entity - (EntityResultInitializer) Created new entity instance [modelo.Sala(6431361875700)#2] : 376330861
2026-01-20 11:50:02.740 [main] DEBUG org.hibernate.orm.results - Extracted JDBC value [1] - [4]
2026-01-20 11:50:02.740 [main] DEBUG org.hibernate.orm.results - Extracted JDBC value [2] - [Sala De Comunicaciones]
2026-01-20 11:50:02.740 [main] DEBUG org.hibernate.orm.results.loading.entity - (EntityResultInitializer) Done materializing entityInstance : modelo.Sala(6431361875700)#2
2026-01-20 11:50:02.740 [main] DEBUG org.hibernate.orm.results.loading - Calling top-level assembler (0 / 1) : org.hibernate.sql.results.graph.entity.internal.EntityAssembler@47198524
2026-01-20 11:50:02.741 [main] DEBUG org.hibernate.resource.jdbc.internal.LogicalConnectionManagedImpl - Initiating JDBC connection release from afterTransaction
2026-01-20 11:50:02.743 [main] DEBUG org.hibernate.resource.jdbc.internal.LogicalConnectionManagedImpl - Initiating JDBC connection release from afterTransaction
2026-01-20 11:50:02.746 [main] DEBUG controlador.GestionaReuniones - Sala [idSala=1, nombre=Sala De Ventas, capacidad=5]
2026-01-20 11:50:02.746 [main] DEBUG controlador.GestionaReuniones - Sala [idSala=2, nombre=Sala De Comunicaciones, capacidad=4]
2026-01-20 12:02:44.222 [main] DEBUG org.jboss.logging - Logging Provider: org.jboss.logging.Log4j2LoggerProvider
2026-01-20 12:02:44.233 [main] DEBUG org.hibernate.integrator.internal.IntegratorServiceImpl - Adding Integrator [org.hibernate.boot.beanvalidation.BeanValidationIntegrator].
2026-01-20 12:02:44.236 [main] DEBUG org.hibernate.integrator.internal.IntegratorServiceImpl - Adding Integrator [org.hibernate.cache.internal.CollectionCacheInvalidator].
2026-01-20 12:02:44.252 [main] INFO  org.hibernate.Version - HHH000412: Hibernate ORM core version 6.4.4.Final
2026-01-20 12:02:44.253 [main] DEBUG org.hibernate.cfg.Environment - HHH000206: 'hibernate.properties' not found
2026-01-20 12:02:44.276 [main] DEBUG org.hibernate.boot.jaxb.internal.stax.LocalXmlResourceResolver - Checking public/system identifiers `-//Hibernate/Hibernate Configuration DTD 3.0//EN`/`https://hibernate.org/dtd/hibernate-configuration-3.0.dtd` as DTD references
2026-01-20 12:02:44.280 [main] DEBUG org.hibernate.boot.cfgxml.internal.JaxbCfgProcessor - cfg.xml document did not define namespaces; wrapping in custom event reader to introduce namespace information
2026-01-20 12:02:44.422 [main] DEBUG org.hibernate.orm.idgen.factory - Ignoring CDI for resolving IdentifierGenerator instances as extended or delayed CDI support was enabled
2026-01-20 12:02:44.427 [main] DEBUG org.hibernate.orm.idgen.factory - Registering IdentifierGenerator strategy [uuid2] -> [org.hibernate.id.UUIDGenerator]
2026-01-20 12:02:44.427 [main] DEBUG org.hibernate.orm.idgen.factory - Registering IdentifierGenerator strategy [guid] -> [org.hibernate.id.GUIDGenerator]
2026-01-20 12:02:44.427 [main] DEBUG org.hibernate.orm.idgen.factory - Registering IdentifierGenerator strategy [uuid] -> [org.hibernate.id.UUIDHexGenerator]
2026-01-20 12:02:44.427 [main] DEBUG org.hibernate.orm.idgen.factory - Registering IdentifierGenerator strategy [uuid.hex] -> [org.hibernate.id.UUIDHexGenerator]
2026-01-20 12:02:44.428 [main] DEBUG org.hibernate.orm.idgen.factory - Registering IdentifierGenerator strategy [assigned] -> [org.hibernate.id.Assigned]
2026-01-20 12:02:44.428 [main] DEBUG org.hibernate.orm.idgen.factory - Registering IdentifierGenerator strategy [identity] -> [org.hibernate.id.IdentityGenerator]
2026-01-20 12:02:44.429 [main] DEBUG org.hibernate.orm.idgen.factory - Registering IdentifierGenerator strategy [select] -> [org.hibernate.id.SelectGenerator]
2026-01-20 12:02:44.429 [main] DEBUG org.hibernate.orm.idgen.factory - Registering IdentifierGenerator strategy [sequence] -> [org.hibernate.id.enhanced.SequenceStyleGenerator]
2026-01-20 12:02:44.430 [main] DEBUG org.hibernate.orm.idgen.factory - Registering IdentifierGenerator strategy [increment] -> [org.hibernate.id.IncrementGenerator]
2026-01-20 12:02:44.430 [main] DEBUG org.hibernate.orm.idgen.factory - Registering IdentifierGenerator strategy [foreign] -> [org.hibernate.id.ForeignGenerator]
2026-01-20 12:02:44.430 [main] DEBUG org.hibernate.orm.idgen.factory - Registering IdentifierGenerator strategy [enhanced-sequence] -> [org.hibernate.id.enhanced.SequenceStyleGenerator]
2026-01-20 12:02:44.431 [main] DEBUG org.hibernate.orm.idgen.factory - Registering IdentifierGenerator strategy [enhanced-table] -> [org.hibernate.id.enhanced.TableGenerator]
2026-01-20 12:02:44.436 [main] DEBUG org.hibernate.cache.internal.RegionFactoryInitiator - Cannot default RegionFactory based on registered strategies as `[]` RegionFactory strategies were registered
2026-01-20 12:02:44.437 [main] INFO  org.hibernate.cache.internal.RegionFactoryInitiator - HHH000026: Second-level cache disabled
2026-01-20 12:02:44.496 [main] DEBUG org.hibernate.type.BasicTypeRegistry - Adding type registration boolean -> org.hibernate.type.BasicTypeReference@ecf9049
2026-01-20 12:02:44.496 [main] DEBUG org.hibernate.type.BasicTypeRegistry - Adding type registration boolean -> org.hibernate.type.BasicTypeReference@ecf9049
2026-01-20 12:02:44.496 [main] DEBUG org.hibernate.type.BasicTypeRegistry - Adding type registration java.lang.Boolean -> org.hibernate.type.BasicTypeReference@ecf9049
2026-01-20 12:02:44.496 [main] DEBUG org.hibernate.type.BasicTypeRegistry - Adding type registration numeric_boolean -> org.hibernate.type.BasicTypeReference@672f11c2
2026-01-20 12:02:44.496 [main] DEBUG org.hibernate.type.BasicTypeRegistry - Adding type registration org.hibernate.type.NumericBooleanConverter -> org.hibernate.type.BasicTypeReference@672f11c2
2026-01-20 12:02:44.496 [main] DEBUG org.hibernate.type.BasicTypeRegistry - Adding type registration true_false -> org.hibernate.type.BasicTypeReference@2970a5bc
2026-01-20 12:02:44.497 [main] DEBUG org.hibernate.type.BasicTypeRegistry - Adding type registration org.hibernate.type.TrueFalseConverter -> org.hibernate.type.BasicTypeReference@2970a5bc
2026-01-20 12:02:44.497 [main] DEBUG org.hibernate.type.BasicTypeRegistry - Adding type registration yes_no -> org.hibernate.type.BasicTypeReference@50305a
2026-01-20 12:02:44.497 [main] DEBUG org.hibernate.type.BasicTypeRegistry - Adding type registration org.hibernate.type.YesNoConverter -> org.hibernate.type.BasicTypeReference@50305a
2026-01-20 12:02:44.497 [main] DEBUG org.hibernate.type.BasicTypeRegistry - Adding type registration byte -> org.hibernate.type.BasicTypeReference@72efb5c1
2026-01-20 12:02:44.497 [main] DEBUG org.hibernate.type.BasicTypeRegistry - Adding type registration byte -> org.hibernate.type.BasicTypeReference@72efb5c1
2026-01-20 12:02:44.497 [main] DEBUG org.hibernate.type.BasicTypeRegistry - Adding type registration java.lang.Byte -> org.hibernate.type.BasicTypeReference@72efb5c1
2026-01-20 12:02:44.497 [main] DEBUG org.hibernate.type.BasicTypeRegistry - Adding type registration binary -> org.hibernate.type.BasicTypeReference@6d511b5f
2026-01-20 12:02:44.497 [main] DEBUG org.hibernate.type.BasicTypeRegistry - Adding type registration byte[] -> org.hibernate.type.BasicTypeReference@6d511b5f
2026-01-20 12:02:44.497 [main] DEBUG org.hibernate.type.BasicTypeRegistry - Adding type registration [B -> org.hibernate.type.BasicTypeReference@6d511b5f
2026-01-20 12:02:44.497 [main] DEBUG org.hibernate.type.BasicTypeRegistry - Adding type registration binary_wrapper -> org.hibernate.type.BasicTypeReference@41200e0c
2026-01-20 12:02:44.497 [main] DEBUG org.hibernate.type.BasicTypeRegistry - Adding type registration wrapper-binary -> org.hibernate.type.BasicTypeReference@41200e0c
2026-01-20 12:02:44.497 [main] DEBUG org.hibernate.type.BasicTypeRegistry - Adding type registration image -> org.hibernate.type.BasicTypeReference@40f33492
2026-01-20 12:02:44.498 [main] DEBUG org.hibernate.type.BasicTypeRegistry - Adding type registration blob -> org.hibernate.type.BasicTypeReference@4fbdc0f0
2026-01-20 12:02:44.498 [main] DEBUG org.hibernate.type.BasicTypeRegistry - Adding type registration java.sql.Blob -> org.hibernate.type.BasicTypeReference@4fbdc0f0
2026-01-20 12:02:44.498 [main] DEBUG org.hibernate.type.BasicTypeRegistry - Adding type registration materialized_blob -> org.hibernate.type.BasicTypeReference@2ad3a1bb
2026-01-20 12:02:44.498 [main] DEBUG org.hibernate.type.BasicTypeRegistry - Adding type registration materialized_blob_wrapper -> org.hibernate.type.BasicTypeReference@6bc28a83
2026-01-20 12:02:44.498 [main] DEBUG org.hibernate.type.BasicTypeRegistry - Adding type registration short -> org.hibernate.type.BasicTypeReference@324c64cd
2026-01-20 12:02:44.498 [main] DEBUG org.hibernate.type.BasicTypeRegistry - Adding type registration short -> org.hibernate.type.BasicTypeReference@324c64cd
2026-01-20 12:02:44.498 [main] DEBUG org.hibernate.type.BasicTypeRegistry - Adding type registration java.lang.Short -> org.hibernate.type.BasicTypeReference@324c64cd
2026-01-20 12:02:44.498 [main] DEBUG org.hibernate.type.BasicTypeRegistry - Adding type registration integer -> org.hibernate.type.BasicTypeReference@13579834
2026-01-20 12:02:44.498 [main] DEBUG org.hibernate.type.BasicTypeRegistry - Adding type registration int -> org.hibernate.type.BasicTypeReference@13579834
2026-01-20 12:02:44.499 [main] DEBUG org.hibernate.type.BasicTypeRegistry - Adding type registration java.lang.Integer -> org.hibernate.type.BasicTypeReference@13579834
2026-01-20 12:02:44.499 [main] DEBUG org.hibernate.type.BasicTypeRegistry - Adding type registration long -> org.hibernate.type.BasicTypeReference@24be2d9c
2026-01-20 12:02:44.499 [main] DEBUG org.hibernate.type.BasicTypeRegistry - Adding type registration long -> org.hibernate.type.BasicTypeReference@24be2d9c
2026-01-20 12:02:44.499 [main] DEBUG org.hibernate.type.BasicTypeRegistry - Adding type registration java.lang.Long -> org.hibernate.type.BasicTypeReference@24be2d9c
2026-01-20 12:02:44.499 [main] DEBUG org.hibernate.type.BasicTypeRegistry - Adding type registration float -> org.hibernate.type.BasicTypeReference@5bd73d1a
2026-01-20 12:02:44.499 [main] DEBUG org.hibernate.type.BasicTypeRegistry - Adding type registration float -> org.hibernate.type.BasicTypeReference@5bd73d1a
2026-01-20 12:02:44.500 [main] DEBUG org.hibernate.type.BasicTypeRegistry - Adding type registration java.lang.Float -> org.hibernate.type.BasicTypeReference@5bd73d1a
2026-01-20 12:02:44.500 [main] DEBUG org.hibernate.type.BasicTypeRegistry - Adding type registration double -> org.hibernate.type.BasicTypeReference@aec50a1
2026-01-20 12:02:44.500 [main] DEBUG org.hibernate.type.BasicTypeRegistry - Adding type registration double -> org.hibernate.type.BasicTypeReference@aec50a1
2026-01-20 12:02:44.500 [main] DEBUG org.hibernate.type.BasicTypeRegistry - Adding type registration java.lang.Double -> org.hibernate.type.BasicTypeReference@aec50a1
2026-01-20 12:02:44.500 [main] DEBUG org.hibernate.type.BasicTypeRegistry - Adding type registration big_integer -> org.hibernate.type.BasicTypeReference@2555fff0
2026-01-20 12:02:44.500 [main] DEBUG org.hibernate.type.BasicTypeRegistry - Adding type registration java.math.BigInteger -> org.hibernate.type.BasicTypeReference@2555fff0
2026-01-20 12:02:44.500 [main] DEBUG org.hibernate.type.BasicTypeRegistry - Adding type registration big_decimal -> org.hibernate.type.BasicTypeReference@70d2e40b
2026-01-20 12:02:44.500 [main] DEBUG org.hibernate.type.BasicTypeRegistry - Adding type registration java.math.BigDecimal -> org.hibernate.type.BasicTypeReference@70d2e40b
2026-01-20 12:02:44.500 [main] DEBUG org.hibernate.type.BasicTypeRegistry - Adding type registration character -> org.hibernate.type.BasicTypeReference@120f38e6
2026-01-20 12:02:44.501 [main] DEBUG org.hibernate.type.BasicTypeRegistry - Adding type registration char -> org.hibernate.type.BasicTypeReference@120f38e6
2026-01-20 12:02:44.501 [main] DEBUG org.hibernate.type.BasicTypeRegistry - Adding type registration java.lang.Character -> org.hibernate.type.BasicTypeReference@120f38e6
2026-01-20 12:02:44.501 [main] DEBUG org.hibernate.type.BasicTypeRegistry - Adding type registration character_nchar -> org.hibernate.type.BasicTypeReference@7a0e1b5e
2026-01-20 12:02:44.501 [main] DEBUG org.hibernate.type.BasicTypeRegistry - Adding type registration string -> org.hibernate.type.BasicTypeReference@702ed190
2026-01-20 12:02:44.501 [main] DEBUG org.hibernate.type.BasicTypeRegistry - Adding type registration java.lang.String -> org.hibernate.type.BasicTypeReference@702ed190
2026-01-20 12:02:44.501 [main] DEBUG org.hibernate.type.BasicTypeRegistry - Adding type registration nstring -> org.hibernate.type.BasicTypeReference@173b9122
2026-01-20 12:02:44.501 [main] DEBUG org.hibernate.type.BasicTypeRegistry - Adding type registration characters -> org.hibernate.type.BasicTypeReference@7c18432b
2026-01-20 12:02:44.501 [main] DEBUG org.hibernate.type.BasicTypeRegistry - Adding type registration char[] -> org.hibernate.type.BasicTypeReference@7c18432b
2026-01-20 12:02:44.501 [main] DEBUG org.hibernate.type.BasicTypeRegistry - Adding type registration [C -> org.hibernate.type.BasicTypeReference@7c18432b
2026-01-20 12:02:44.502 [main] DEBUG org.hibernate.type.BasicTypeRegistry - Adding type registration wrapper-characters -> org.hibernate.type.BasicTypeReference@7646731d
2026-01-20 12:02:44.502 [main] DEBUG org.hibernate.type.BasicTypeRegistry - Adding type registration text -> org.hibernate.type.BasicTypeReference@70e29e14
2026-01-20 12:02:44.502 [main] DEBUG org.hibernate.type.BasicTypeRegistry - Adding type registration ntext -> org.hibernate.type.BasicTypeReference@3b1bb3ab
2026-01-20 12:02:44.502 [main] DEBUG org.hibernate.type.BasicTypeRegistry - Adding type registration clob -> org.hibernate.type.BasicTypeReference@5a4bef8
2026-01-20 12:02:44.502 [main] DEBUG org.hibernate.type.BasicTypeRegistry - Adding type registration java.sql.Clob -> org.hibernate.type.BasicTypeReference@5a4bef8
2026-01-20 12:02:44.502 [main] DEBUG org.hibernate.type.BasicTypeRegistry - Adding type registration nclob -> org.hibernate.type.BasicTypeReference@40bffbca
2026-01-20 12:02:44.502 [main] DEBUG org.hibernate.type.BasicTypeRegistry - Adding type registration java.sql.NClob -> org.hibernate.type.BasicTypeReference@40bffbca
2026-01-20 12:02:44.502 [main] DEBUG org.hibernate.type.BasicTypeRegistry - Adding type registration materialized_clob -> org.hibernate.type.BasicTypeReference@2449cff7
2026-01-20 12:02:44.502 [main] DEBUG org.hibernate.type.BasicTypeRegistry - Adding type registration materialized_clob_char_array -> org.hibernate.type.BasicTypeReference@42a9a63e
2026-01-20 12:02:44.502 [main] DEBUG org.hibernate.type.BasicTypeRegistry - Adding type registration materialized_clob_character_array -> org.hibernate.type.BasicTypeReference@62da83ed
2026-01-20 12:02:44.502 [main] DEBUG org.hibernate.type.BasicTypeRegistry - Adding type registration materialized_nclob -> org.hibernate.type.BasicTypeReference@5d8445d7
2026-01-20 12:02:44.503 [main] DEBUG org.hibernate.type.BasicTypeRegistry - Adding type registration materialized_nclob_character_array -> org.hibernate.type.BasicTypeReference@37d80fe7
2026-01-20 12:02:44.503 [main] DEBUG org.hibernate.type.BasicTypeRegistry - Adding type registration materialized_nclob_char_array -> org.hibernate.type.BasicTypeReference@384fc774
2026-01-20 12:02:44.503 [main] DEBUG org.hibernate.type.BasicTypeRegistry - Adding type registration Duration -> org.hibernate.type.BasicTypeReference@e3cee7b
2026-01-20 12:02:44.503 [main] DEBUG org.hibernate.type.BasicTypeRegistry - Adding type registration java.time.Duration -> org.hibernate.type.BasicTypeReference@e3cee7b
2026-01-20 12:02:44.503 [main] DEBUG org.hibernate.type.BasicTypeRegistry - Adding type registration LocalDateTime -> org.hibernate.type.BasicTypeReference@71e9a896
2026-01-20 12:02:44.503 [main] DEBUG org.hibernate.type.BasicTypeRegistry - Adding type registration java.time.LocalDateTime -> org.hibernate.type.BasicTypeReference@71e9a896
2026-01-20 12:02:44.503 [main] DEBUG org.hibernate.type.BasicTypeRegistry - Adding type registration LocalDate -> org.hibernate.type.BasicTypeReference@6b9267b
2026-01-20 12:02:44.503 [main] DEBUG org.hibernate.type.BasicTypeRegistry - Adding type registration java.time.LocalDate -> org.hibernate.type.BasicTypeReference@6b9267b
2026-01-20 12:02:44.503 [main] DEBUG org.hibernate.type.BasicTypeRegistry - Adding type registration LocalTime -> org.hibernate.type.BasicTypeReference@408b35bf
2026-01-20 12:02:44.504 [main] DEBUG org.hibernate.type.BasicTypeRegistry - Adding type registration java.time.LocalTime -> org.hibernate.type.BasicTypeReference@408b35bf
2026-01-20 12:02:44.504 [main] DEBUG org.hibernate.type.BasicTypeRegistry - Adding type registration OffsetDateTime -> org.hibernate.type.BasicTypeReference@29ad44e3
2026-01-20 12:02:44.504 [main] DEBUG org.hibernate.type.BasicTypeRegistry - Adding type registration java.time.OffsetDateTime -> org.hibernate.type.BasicTypeReference@29ad44e3
2026-01-20 12:02:44.504 [main] DEBUG org.hibernate.type.BasicTypeRegistry - Adding type registration OffsetDateTimeWithTimezone -> org.hibernate.type.BasicTypeReference@15bcf458
2026-01-20 12:02:44.504 [main] DEBUG org.hibernate.type.BasicTypeRegistry - Adding type registration OffsetDateTimeWithoutTimezone -> org.hibernate.type.BasicTypeReference@5af9926a
2026-01-20 12:02:44.504 [main] DEBUG org.hibernate.type.BasicTypeRegistry - Adding type registration OffsetTime -> org.hibernate.type.BasicTypeReference@43c67247
2026-01-20 12:02:44.504 [main] DEBUG org.hibernate.type.BasicTypeRegistry - Adding type registration java.time.OffsetTime -> org.hibernate.type.BasicTypeReference@43c67247
2026-01-20 12:02:44.504 [main] DEBUG org.hibernate.type.BasicTypeRegistry - Adding type registration OffsetTimeUtc -> org.hibernate.type.BasicTypeReference@fac80
2026-01-20 12:02:44.504 [main] DEBUG org.hibernate.type.BasicTypeRegistry - Adding type registration OffsetTimeWithTimezone -> org.hibernate.type.BasicTypeReference@726386ed
2026-01-20 12:02:44.504 [main] DEBUG org.hibernate.type.BasicTypeRegistry - Adding type registration OffsetTimeWithoutTimezone -> org.hibernate.type.BasicTypeReference@649f2009
2026-01-20 12:02:44.505 [main] DEBUG org.hibernate.type.BasicTypeRegistry - Adding type registration ZonedDateTime -> org.hibernate.type.BasicTypeReference@14bb2297
2026-01-20 12:02:44.505 [main] DEBUG org.hibernate.type.BasicTypeRegistry - Adding type registration java.time.ZonedDateTime -> org.hibernate.type.BasicTypeReference@14bb2297
2026-01-20 12:02:44.505 [main] DEBUG org.hibernate.type.BasicTypeRegistry - Adding type registration ZonedDateTimeWithTimezone -> org.hibernate.type.BasicTypeReference@69adf72c
2026-01-20 12:02:44.505 [main] DEBUG org.hibernate.type.BasicTypeRegistry - Adding type registration ZonedDateTimeWithoutTimezone -> org.hibernate.type.BasicTypeReference@797501a
2026-01-20 12:02:44.505 [main] DEBUG org.hibernate.type.BasicTypeRegistry - Adding type registration date -> org.hibernate.type.BasicTypeReference@1a15b789
2026-01-20 12:02:44.505 [main] DEBUG org.hibernate.type.BasicTypeRegistry - Adding type registration java.sql.Date -> org.hibernate.type.BasicTypeReference@1a15b789
2026-01-20 12:02:44.505 [main] DEBUG org.hibernate.type.BasicTypeRegistry - Adding type registration time -> org.hibernate.type.BasicTypeReference@57f791c6
2026-01-20 12:02:44.505 [main] DEBUG org.hibernate.type.BasicTypeRegistry - Adding type registration java.sql.Time -> org.hibernate.type.BasicTypeReference@57f791c6
2026-01-20 12:02:44.505 [main] DEBUG org.hibernate.type.BasicTypeRegistry - Adding type registration timestamp -> org.hibernate.type.BasicTypeReference@51650883
2026-01-20 12:02:44.505 [main] DEBUG org.hibernate.type.BasicTypeRegistry - Adding type registration java.sql.Timestamp -> org.hibernate.type.BasicTypeReference@51650883
2026-01-20 12:02:44.506 [main] DEBUG org.hibernate.type.BasicTypeRegistry - Adding type registration java.util.Date -> org.hibernate.type.BasicTypeReference@51650883
2026-01-20 12:02:44.506 [main] DEBUG org.hibernate.type.BasicTypeRegistry - Adding type registration calendar -> org.hibernate.type.BasicTypeReference@6c4f9535
2026-01-20 12:02:44.506 [main] DEBUG org.hibernate.type.BasicTypeRegistry - Adding type registration java.util.Calendar -> org.hibernate.type.BasicTypeReference@6c4f9535
2026-01-20 12:02:44.506 [main] DEBUG org.hibernate.type.BasicTypeRegistry - Adding type registration java.util.GregorianCalendar -> org.hibernate.type.BasicTypeReference@6c4f9535
2026-01-20 12:02:44.506 [main] DEBUG org.hibernate.type.BasicTypeRegistry - Adding type registration calendar_date -> org.hibernate.type.BasicTypeReference@5bd1ceca
2026-01-20 12:02:44.506 [main] DEBUG org.hibernate.type.BasicTypeRegistry - Adding type registration calendar_time -> org.hibernate.type.BasicTypeReference@30c31dd7
2026-01-20 12:02:44.506 [main] DEBUG org.hibernate.type.BasicTypeRegistry - Adding type registration instant -> org.hibernate.type.BasicTypeReference@499b2a5c
2026-01-20 12:02:44.506 [main] DEBUG org.hibernate.type.BasicTypeRegistry - Adding type registration java.time.Instant -> org.hibernate.type.BasicTypeReference@499b2a5c
2026-01-20 12:02:44.506 [main] DEBUG org.hibernate.type.BasicTypeRegistry - Adding type registration uuid -> org.hibernate.type.BasicTypeReference@596df867
2026-01-20 12:02:44.506 [main] DEBUG org.hibernate.type.BasicTypeRegistry - Adding type registration java.util.UUID -> org.hibernate.type.BasicTypeReference@596df867
2026-01-20 12:02:44.506 [main] DEBUG org.hibernate.type.BasicTypeRegistry - Adding type registration pg-uuid -> org.hibernate.type.BasicTypeReference@596df867
2026-01-20 12:02:44.507 [main] DEBUG org.hibernate.type.BasicTypeRegistry - Adding type registration uuid-binary -> org.hibernate.type.BasicTypeReference@c1fca1e
2026-01-20 12:02:44.507 [main] DEBUG org.hibernate.type.BasicTypeRegistry - Adding type registration uuid-char -> org.hibernate.type.BasicTypeReference@241a53ef
2026-01-20 12:02:44.507 [main] DEBUG org.hibernate.type.BasicTypeRegistry - Adding type registration class -> org.hibernate.type.BasicTypeReference@344344fa
2026-01-20 12:02:44.507 [main] DEBUG org.hibernate.type.BasicTypeRegistry - Adding type registration java.lang.Class -> org.hibernate.type.BasicTypeReference@344344fa
2026-01-20 12:02:44.507 [main] DEBUG org.hibernate.type.BasicTypeRegistry - Adding type registration currency -> org.hibernate.type.BasicTypeReference@2db2cd5
2026-01-20 12:02:44.507 [main] DEBUG org.hibernate.type.BasicTypeRegistry - Adding type registration Currency -> org.hibernate.type.BasicTypeReference@2db2cd5
2026-01-20 12:02:44.507 [main] DEBUG org.hibernate.type.BasicTypeRegistry - Adding type registration java.util.Currency -> org.hibernate.type.BasicTypeReference@2db2cd5
2026-01-20 12:02:44.508 [main] DEBUG org.hibernate.type.BasicTypeRegistry - Adding type registration locale -> org.hibernate.type.BasicTypeReference@70e659aa
2026-01-20 12:02:44.508 [main] DEBUG org.hibernate.type.BasicTypeRegistry - Adding type registration java.util.Locale -> org.hibernate.type.BasicTypeReference@70e659aa
2026-01-20 12:02:44.508 [main] DEBUG org.hibernate.type.BasicTypeRegistry - Adding type registration serializable -> org.hibernate.type.BasicTypeReference@615f972
2026-01-20 12:02:44.508 [main] DEBUG org.hibernate.type.BasicTypeRegistry - Adding type registration java.io.Serializable -> org.hibernate.type.BasicTypeReference@615f972
2026-01-20 12:02:44.508 [main] DEBUG org.hibernate.type.BasicTypeRegistry - Adding type registration timezone -> org.hibernate.type.BasicTypeReference@285f09de
2026-01-20 12:02:44.508 [main] DEBUG org.hibernate.type.BasicTypeRegistry - Adding type registration java.util.TimeZone -> org.hibernate.type.BasicTypeReference@285f09de
2026-01-20 12:02:44.508 [main] DEBUG org.hibernate.type.BasicTypeRegistry - Adding type registration ZoneOffset -> org.hibernate.type.BasicTypeReference@73393584
2026-01-20 12:02:44.508 [main] DEBUG org.hibernate.type.BasicTypeRegistry - Adding type registration java.time.ZoneOffset -> org.hibernate.type.BasicTypeReference@73393584
2026-01-20 12:02:44.508 [main] DEBUG org.hibernate.type.BasicTypeRegistry - Adding type registration url -> org.hibernate.type.BasicTypeReference@31500940
2026-01-20 12:02:44.508 [main] DEBUG org.hibernate.type.BasicTypeRegistry - Adding type registration java.net.URL -> org.hibernate.type.BasicTypeReference@31500940
2026-01-20 12:02:44.508 [main] DEBUG org.hibernate.type.BasicTypeRegistry - Adding type registration vector -> org.hibernate.type.BasicTypeReference@1827a871
2026-01-20 12:02:44.508 [main] DEBUG org.hibernate.type.BasicTypeRegistry - Adding type registration row_version -> org.hibernate.type.BasicTypeReference@48e64352
2026-01-20 12:02:44.511 [main] DEBUG org.hibernate.type.BasicTypeRegistry - Adding type registration object -> org.hibernate.type.JavaObjectType@cc62a3b
2026-01-20 12:02:44.511 [main] DEBUG org.hibernate.type.BasicTypeRegistry - Adding type registration java.lang.Object -> org.hibernate.type.JavaObjectType@cc62a3b
2026-01-20 12:02:44.512 [main] DEBUG org.hibernate.type.BasicTypeRegistry - Adding type registration null -> org.hibernate.type.NullType@66d23e4a
2026-01-20 12:02:44.512 [main] DEBUG org.hibernate.type.BasicTypeRegistry - Adding type registration imm_date -> org.hibernate.type.BasicTypeReference@36ac8a63
2026-01-20 12:02:44.512 [main] DEBUG org.hibernate.type.BasicTypeRegistry - Adding type registration imm_time -> org.hibernate.type.BasicTypeReference@4d9d1b69
2026-01-20 12:02:44.512 [main] DEBUG org.hibernate.type.BasicTypeRegistry - Adding type registration imm_timestamp -> org.hibernate.type.BasicTypeReference@52c8295b
2026-01-20 12:02:44.513 [main] DEBUG org.hibernate.type.BasicTypeRegistry - Adding type registration imm_calendar -> org.hibernate.type.BasicTypeReference@251f7d26
2026-01-20 12:02:44.513 [main] DEBUG org.hibernate.type.BasicTypeRegistry - Adding type registration imm_calendar_date -> org.hibernate.type.BasicTypeReference@77b21474
2026-01-20 12:02:44.513 [main] DEBUG org.hibernate.type.BasicTypeRegistry - Adding type registration imm_calendar_time -> org.hibernate.type.BasicTypeReference@52d10fb8
2026-01-20 12:02:44.513 [main] DEBUG org.hibernate.type.BasicTypeRegistry - Adding type registration imm_binary -> org.hibernate.type.BasicTypeReference@41c07648
2026-01-20 12:02:44.513 [main] DEBUG org.hibernate.type.BasicTypeRegistry - Adding type registration imm_serializable -> org.hibernate.type.BasicTypeReference@1fe8d51b
2026-01-20 12:02:44.534 [main] WARN  org.hibernate.orm.connections.pooling - HHH10001002: Using built-in connection pool (not intended for production use)
2026-01-20 12:02:44.538 [main] INFO  org.hibernate.orm.connections.pooling - HHH10001005: Loaded JDBC driver class: com.mysql.cj.jdbc.Driver
2026-01-20 12:02:44.538 [main] INFO  org.hibernate.orm.connections.pooling - HHH10001012: Connecting with JDBC URL [jdbc:mysql://localhost:3307/accesoDatosDAM?useSSL=false&serverTimezone=UTC]
2026-01-20 12:02:44.538 [main] INFO  org.hibernate.orm.connections.pooling - HHH10001001: Connection properties: {password=usuario, user=usuario2}
2026-01-20 12:02:44.538 [main] INFO  org.hibernate.orm.connections.pooling - HHH10001003: Autocommit mode: false
2026-01-20 12:02:44.540 [main] DEBUG org.hibernate.orm.connections.pooling - Initializing Connection pool with 1 Connections
2026-01-20 12:02:44.540 [main] INFO  org.hibernate.orm.connections.pooling - HHH10001115: Connection pool size: 20 (min=1)
2026-01-20 12:02:44.680 [main] DEBUG org.hibernate.engine.jdbc.env.internal.JdbcEnvironmentInitiator - Database ->
       name : MySQL
    version : 8.4.7
      major : 8
      minor : 4
2026-01-20 12:02:44.680 [main] DEBUG org.hibernate.engine.jdbc.env.internal.JdbcEnvironmentInitiator - Driver ->
       name : MySQL Connector/J
    version : mysql-connector-j-8.4.0 (Revision: 1c3f5c149e0bfe31c7fbeb24e2d260cd890972c4)
      major : 8
      minor : 4
2026-01-20 12:02:44.680 [main] DEBUG org.hibernate.engine.jdbc.env.internal.JdbcEnvironmentInitiator - JDBC version : 4.2
2026-01-20 12:02:44.717 [main] WARN  org.hibernate.orm.deprecation - HHH90000025: MySQLDialect does not need to be specified explicitly using 'hibernate.dialect' (remove the property setting and it will be selected by default)
2026-01-20 12:02:44.719 [main] DEBUG org.hibernate.orm.dialect - HHH035001: Using dialect: org.hibernate.dialect.MySQLDialect, version: 8.4.7
2026-01-20 12:02:44.729 [main] DEBUG org.hibernate.engine.jdbc.env.spi.IdentifierHelperBuilder - JDBC driver metadata reported database stores quoted identifiers in more than one case
2026-01-20 12:02:44.729 [main] DEBUG org.hibernate.engine.jdbc.env.spi.IdentifierHelperBuilder - IdentifierCaseStrategy for both quoted and unquoted identifiers was set to the same strategy [MIXED]; that will likely lead to problems in schema update and validation if using quoted identifiers
2026-01-20 12:02:44.744 [main] DEBUG org.hibernate.type.descriptor.sql.spi.DdlTypeRegistry - addDescriptor(12, org.hibernate.type.descriptor.sql.internal.CapacityDependentDdlType@6dcd5639) replaced previous registration(org.hibernate.type.descriptor.sql.internal.CapacityDependentDdlType@3b36e000)
2026-01-20 12:02:44.744 [main] DEBUG org.hibernate.type.descriptor.sql.spi.DdlTypeRegistry - addDescriptor(-9, org.hibernate.type.descriptor.sql.internal.CapacityDependentDdlType@333cb916) replaced previous registration(org.hibernate.type.descriptor.sql.internal.CapacityDependentDdlType@629ae7e)
2026-01-20 12:02:44.744 [main] DEBUG org.hibernate.type.descriptor.sql.spi.DdlTypeRegistry - addDescriptor(-3, org.hibernate.type.descriptor.sql.internal.CapacityDependentDdlType@1d25c1c) replaced previous registration(org.hibernate.type.descriptor.sql.internal.CapacityDependentDdlType@de88ac6)
2026-01-20 12:02:44.744 [main] DEBUG org.hibernate.type.descriptor.sql.spi.DdlTypeRegistry - addDescriptor(4003, org.hibernate.type.descriptor.sql.internal.DdlTypeImpl@5bca7664) replaced previous registration(org.hibernate.type.descriptor.sql.internal.DdlTypeImpl@105b693d)
2026-01-20 12:02:44.745 [main] DEBUG org.hibernate.type.descriptor.sql.spi.DdlTypeRegistry - addDescriptor(4001, org.hibernate.type.descriptor.sql.internal.DdlTypeImpl@3fae596) replaced previous registration(org.hibernate.type.descriptor.sql.internal.DdlTypeImpl@4a0df195)
2026-01-20 12:02:44.745 [main] DEBUG org.hibernate.type.descriptor.sql.spi.DdlTypeRegistry - addDescriptor(4002, org.hibernate.type.descriptor.sql.internal.DdlTypeImpl@42fcc7e6) replaced previous registration(org.hibernate.type.descriptor.sql.internal.DdlTypeImpl@9255c05)
2026-01-20 12:02:44.745 [main] DEBUG org.hibernate.type.descriptor.sql.spi.DdlTypeRegistry - addDescriptor(2004, org.hibernate.type.descriptor.sql.internal.CapacityDependentDdlType@5da7cee2) replaced previous registration(org.hibernate.type.descriptor.sql.internal.DdlTypeImpl@78830d9a)
2026-01-20 12:02:44.745 [main] DEBUG org.hibernate.type.descriptor.sql.spi.DdlTypeRegistry - addDescriptor(2005, org.hibernate.type.descriptor.sql.internal.CapacityDependentDdlType@5ce4369b) replaced previous registration(org.hibernate.type.descriptor.sql.internal.DdlTypeImpl@7f829c76)
2026-01-20 12:02:44.745 [main] DEBUG org.hibernate.type.descriptor.sql.spi.DdlTypeRegistry - addDescriptor(2011, org.hibernate.type.descriptor.sql.internal.CapacityDependentDdlType@1cb19dba) replaced previous registration(org.hibernate.type.descriptor.sql.internal.DdlTypeImpl@7c3ebc6b)
2026-01-20 12:02:44.746 [main] DEBUG org.hibernate.type.descriptor.jdbc.spi.JdbcTypeRegistry - addDescriptor(NCharTypeDescriptor) replaced previous registration(CharTypeDescriptor)
2026-01-20 12:02:44.746 [main] DEBUG org.hibernate.type.descriptor.jdbc.spi.JdbcTypeRegistry - addDescriptor(NVarcharTypeDescriptor) replaced previous registration(VarcharTypeDescriptor)
2026-01-20 12:02:44.746 [main] DEBUG org.hibernate.type.descriptor.jdbc.spi.JdbcTypeRegistry - addDescriptor(LongNVarcharTypeDescriptor) replaced previous registration(LongVarcharTypeDescriptor)
2026-01-20 12:02:44.748 [main] DEBUG org.hibernate.type.descriptor.jdbc.spi.JdbcTypeRegistry - addDescriptor(NClobTypeDescriptor(DEFAULT)) replaced previous registration(ClobTypeDescriptor(DEFAULT))
2026-01-20 12:02:44.749 [main] DEBUG org.hibernate.type.descriptor.jdbc.spi.JdbcTypeRegistry - addDescriptor(2005, ClobTypeDescriptor(STREAM_BINDING)) replaced previous registration(ClobTypeDescriptor(DEFAULT))
2026-01-20 12:02:44.751 [main] DEBUG org.hibernate.type.BasicTypeRegistry - Adding type registration null -> org.hibernate.type.NullType@68dcfd52
2026-01-20 12:02:44.751 [main] DEBUG org.hibernate.type.BasicTypeRegistry - Type registration key [null] overrode previous entry : `org.hibernate.type.NullType@66d23e4a`
2026-01-20 12:02:44.754 [main] DEBUG org.hibernate.type.BasicTypeRegistry - Adding type registration org.hibernate.type.DurationType -> basicType@1(java.time.Duration,3015)
2026-01-20 12:02:44.754 [main] DEBUG org.hibernate.type.BasicTypeRegistry - Adding type registration Duration -> basicType@1(java.time.Duration,3015)
2026-01-20 12:02:44.756 [main] DEBUG org.hibernate.type.BasicTypeRegistry - Adding type registration java.time.Duration -> basicType@1(java.time.Duration,3015)
2026-01-20 12:02:44.760 [main] DEBUG org.hibernate.type.BasicTypeRegistry - Adding type registration org.hibernate.type.OffsetDateTimeType -> basicType@2(java.time.OffsetDateTime,3003)
2026-01-20 12:02:44.760 [main] DEBUG org.hibernate.type.BasicTypeRegistry - Adding type registration OffsetDateTime -> basicType@2(java.time.OffsetDateTime,3003)
2026-01-20 12:02:44.760 [main] DEBUG org.hibernate.type.BasicTypeRegistry - Adding type registration java.time.OffsetDateTime -> basicType@2(java.time.OffsetDateTime,3003)
2026-01-20 12:02:44.760 [main] DEBUG org.hibernate.type.BasicTypeRegistry - Adding type registration org.hibernate.type.ZonedDateTimeType -> basicType@3(java.time.ZonedDateTime,3003)
2026-01-20 12:02:44.760 [main] DEBUG org.hibernate.type.BasicTypeRegistry - Adding type registration ZonedDateTime -> basicType@3(java.time.ZonedDateTime,3003)
2026-01-20 12:02:44.761 [main] DEBUG org.hibernate.type.BasicTypeRegistry - Adding type registration java.time.ZonedDateTime -> basicType@3(java.time.ZonedDateTime,3003)
2026-01-20 12:02:44.762 [main] DEBUG org.hibernate.type.BasicTypeRegistry - Adding type registration org.hibernate.type.OffsetTimeType -> basicType@4(java.time.OffsetTime,3007)
2026-01-20 12:02:44.762 [main] DEBUG org.hibernate.type.BasicTypeRegistry - Adding type registration OffsetTime -> basicType@4(java.time.OffsetTime,3007)
2026-01-20 12:02:44.762 [main] DEBUG org.hibernate.type.BasicTypeRegistry - Adding type registration java.time.OffsetTime -> basicType@4(java.time.OffsetTime,3007)
2026-01-20 12:02:44.763 [main] DEBUG org.hibernate.type.spi.TypeConfiguration$Scope - Scoping TypeConfiguration [org.hibernate.type.spi.TypeConfiguration@a20b94b] to MetadataBuildingContext [org.hibernate.boot.internal.MetadataBuildingContextRootImpl@5cdf39b2]
2026-01-20 12:02:44.792 [main] DEBUG org.hibernate.boot.model.relational.Namespace - Created database namespace [logicalName=Name{catalog=null, schema=null}, physicalName=Name{catalog=null, schema=null}]
2026-01-20 12:02:44.811 [main] DEBUG org.hibernate.boot.model.internal.EntityBinder - Binding entity from annotated class: modelo.Reunion
2026-01-20 12:02:44.817 [main] DEBUG org.hibernate.boot.model.internal.EntityBinder - Import with entity name Reunion
2026-01-20 12:02:44.823 [main] DEBUG org.hibernate.boot.model.internal.EntityBinder - Bind entity modelo.Reunion on table reunion
2026-01-20 12:02:44.831 [main] DEBUG org.hibernate.boot.model.internal.AnnotatedColumn - Binding column: AnnotatedDiscriminatorColumn(column='DTYPE')
2026-01-20 12:02:44.848 [main] DEBUG org.hibernate.boot.model.internal.AnnotatedColumn - Binding column: AnnotatedColumn()
2026-01-20 12:02:44.848 [main] DEBUG org.hibernate.boot.internal.ClassLoaderAccessImpl - Not known whether passed class name [modelo.Reunion] is safe
2026-01-20 12:02:44.849 [main] DEBUG org.hibernate.boot.internal.ClassLoaderAccessImpl - No temp ClassLoader provided; using live ClassLoader for loading potentially unsafe class : modelo.Reunion
2026-01-20 12:02:44.850 [main] DEBUG org.hibernate.boot.model.internal.PropertyBinder - MetadataSourceProcessor property idReunion with lazy=false
2026-01-20 12:02:44.854 [main] DEBUG org.hibernate.boot.model.internal.AbstractPropertyHolder - Attempting to locate auto-apply AttributeConverter for property [modelo.Reunion:idReunion]
2026-01-20 12:02:44.857 [main] DEBUG org.hibernate.boot.model.internal.BasicValueBinder - building BasicValue for idReunion
2026-01-20 12:02:44.859 [main] DEBUG org.hibernate.mapping.BasicValue - Skipping column re-registration: reunion.idReunion
2026-01-20 12:02:44.860 [main] DEBUG org.hibernate.boot.model.internal.PropertyBinder - Building property idReunion
2026-01-20 12:02:44.863 [main] DEBUG org.hibernate.boot.model.internal.BinderHelper - #makeIdGenerator(BasicValue([Column(idReunion)]), idReunion, org.hibernate.id.enhanced.SequenceStyleGenerator, , ...)
2026-01-20 12:02:44.864 [main] DEBUG org.hibernate.boot.model.internal.AnnotatedColumn - Binding column: AnnotatedColumn()
2026-01-20 12:02:44.864 [main] DEBUG org.hibernate.boot.model.internal.PropertyBinder - MetadataSourceProcessor property asunto with lazy=false
2026-01-20 12:02:44.864 [main] DEBUG org.hibernate.boot.model.internal.AbstractPropertyHolder - Attempting to locate auto-apply AttributeConverter for property [modelo.Reunion:asunto]
2026-01-20 12:02:44.864 [main] DEBUG org.hibernate.boot.model.internal.BasicValueBinder - building BasicValue for asunto
2026-01-20 12:02:44.864 [main] DEBUG org.hibernate.mapping.BasicValue - Skipping column re-registration: reunion.asunto
2026-01-20 12:02:44.864 [main] DEBUG org.hibernate.boot.model.internal.PropertyBinder - Building property asunto
2026-01-20 12:02:44.865 [main] DEBUG org.hibernate.boot.model.internal.AnnotatedColumn - Binding column: AnnotatedColumn()
2026-01-20 12:02:44.865 [main] DEBUG org.hibernate.boot.model.internal.PropertyBinder - MetadataSourceProcessor property fecha with lazy=false
2026-01-20 12:02:44.865 [main] DEBUG org.hibernate.boot.model.internal.AbstractPropertyHolder - Attempting to locate auto-apply AttributeConverter for property [modelo.Reunion:fecha]
2026-01-20 12:02:44.866 [main] DEBUG org.hibernate.boot.model.internal.BasicValueBinder - building BasicValue for fecha
2026-01-20 12:02:44.866 [main] DEBUG org.hibernate.mapping.BasicValue - Skipping column re-registration: reunion.fecha
2026-01-20 12:02:44.866 [main] DEBUG org.hibernate.boot.model.internal.PropertyBinder - Building property fecha
2026-01-20 12:02:44.868 [main] DEBUG org.hibernate.boot.model.internal.AnnotatedColumn - Binding column: AnnotatedJoinColumn(column='idSala')
2026-01-20 12:02:44.869 [main] DEBUG org.hibernate.boot.model.internal.AnnotatedColumn - Binding column: AnnotatedColumn()
2026-01-20 12:02:44.872 [main] DEBUG org.hibernate.boot.model.internal.PropertyBinder - Building property sala
2026-01-20 12:02:44.873 [main] DEBUG org.hibernate.boot.registry.classloading.internal.ClassLoaderServiceImpl - HHH000194: Package not found or wo package-info.java: modelo
2026-01-20 12:02:44.876 [main] DEBUG org.hibernate.boot.model.internal.EntityBinder - Binding entity from annotated class: modelo.Persona
2026-01-20 12:02:44.877 [main] DEBUG org.hibernate.boot.model.internal.EntityBinder - Import with entity name Persona
2026-01-20 12:02:44.877 [main] DEBUG org.hibernate.boot.model.internal.EntityBinder - Bind entity modelo.Persona on table persona
2026-01-20 12:02:44.877 [main] DEBUG org.hibernate.boot.model.internal.AnnotatedColumn - Binding column: AnnotatedDiscriminatorColumn(column='DTYPE')
2026-01-20 12:02:44.878 [main] DEBUG org.hibernate.boot.model.internal.AnnotatedColumn - Binding column: AnnotatedColumn()
2026-01-20 12:02:44.878 [main] DEBUG org.hibernate.boot.internal.ClassLoaderAccessImpl - Not known whether passed class name [modelo.Persona] is safe
2026-01-20 12:02:44.878 [main] DEBUG org.hibernate.boot.internal.ClassLoaderAccessImpl - No temp ClassLoader provided; using live ClassLoader for loading potentially unsafe class : modelo.Persona
2026-01-20 12:02:44.878 [main] DEBUG org.hibernate.boot.model.internal.PropertyBinder - MetadataSourceProcessor property dni with lazy=false
2026-01-20 12:02:44.879 [main] DEBUG org.hibernate.boot.model.internal.AbstractPropertyHolder - Attempting to locate auto-apply AttributeConverter for property [modelo.Persona:dni]
2026-01-20 12:02:44.879 [main] DEBUG org.hibernate.boot.model.internal.BasicValueBinder - building BasicValue for dni
2026-01-20 12:02:44.879 [main] DEBUG org.hibernate.mapping.BasicValue - Skipping column re-registration: persona.dni
2026-01-20 12:02:44.879 [main] DEBUG org.hibernate.boot.model.internal.PropertyBinder - Building property dni
2026-01-20 12:02:44.879 [main] DEBUG org.hibernate.boot.model.internal.BinderHelper - #makeIdGenerator(BasicValue([Column(dni)]), dni, org.hibernate.id.enhanced.SequenceStyleGenerator, , ...)
2026-01-20 12:02:44.879 [main] DEBUG org.hibernate.boot.model.internal.AnnotatedColumn - Binding column: AnnotatedColumn()
2026-01-20 12:02:44.879 [main] DEBUG org.hibernate.boot.model.internal.PropertyBinder - MetadataSourceProcessor property edad with lazy=false
2026-01-20 12:02:44.880 [main] DEBUG org.hibernate.boot.model.internal.AbstractPropertyHolder - Attempting to locate auto-apply AttributeConverter for property [modelo.Persona:edad]
2026-01-20 12:02:44.880 [main] DEBUG org.hibernate.boot.model.internal.BasicValueBinder - building BasicValue for edad
2026-01-20 12:02:44.880 [main] DEBUG org.hibernate.mapping.BasicValue - Skipping column re-registration: persona.edad
2026-01-20 12:02:44.880 [main] DEBUG org.hibernate.boot.model.internal.PropertyBinder - Building property edad
2026-01-20 12:02:44.880 [main] DEBUG org.hibernate.boot.model.internal.AnnotatedColumn - Binding column: AnnotatedColumn()
2026-01-20 12:02:44.880 [main] DEBUG org.hibernate.boot.model.internal.PropertyBinder - MetadataSourceProcessor property email with lazy=false
2026-01-20 12:02:44.880 [main] DEBUG org.hibernate.boot.model.internal.AbstractPropertyHolder - Attempting to locate auto-apply AttributeConverter for property [modelo.Persona:email]
2026-01-20 12:02:44.880 [main] DEBUG org.hibernate.boot.model.internal.BasicValueBinder - building BasicValue for email
2026-01-20 12:02:44.880 [main] DEBUG org.hibernate.mapping.BasicValue - Skipping column re-registration: persona.email
2026-01-20 12:02:44.880 [main] DEBUG org.hibernate.boot.model.internal.PropertyBinder - Building property email
2026-01-20 12:02:44.881 [main] DEBUG org.hibernate.boot.model.internal.AnnotatedColumn - Binding column: AnnotatedColumn()
2026-01-20 12:02:44.881 [main] DEBUG org.hibernate.boot.model.internal.PropertyBinder - MetadataSourceProcessor property fechaNacimiento with lazy=false
2026-01-20 12:02:44.881 [main] DEBUG org.hibernate.boot.model.internal.AbstractPropertyHolder - Attempting to locate auto-apply AttributeConverter for property [modelo.Persona:fechaNacimiento]
2026-01-20 12:02:44.881 [main] DEBUG org.hibernate.boot.model.internal.BasicValueBinder - building BasicValue for fechaNacimiento
2026-01-20 12:02:44.881 [main] DEBUG org.hibernate.mapping.BasicValue - Skipping column re-registration: persona.fechaNacimiento
2026-01-20 12:02:44.881 [main] DEBUG org.hibernate.boot.model.internal.PropertyBinder - Building property fechaNacimiento
2026-01-20 12:02:44.881 [main] DEBUG org.hibernate.boot.model.internal.AnnotatedColumn - Binding column: AnnotatedColumn()
2026-01-20 12:02:44.881 [main] DEBUG org.hibernate.boot.model.internal.PropertyBinder - MetadataSourceProcessor property nombreApellido with lazy=false
2026-01-20 12:02:44.881 [main] DEBUG org.hibernate.boot.model.internal.AbstractPropertyHolder - Attempting to locate auto-apply AttributeConverter for property [modelo.Persona:nombreApellido]
2026-01-20 12:02:44.881 [main] DEBUG org.hibernate.boot.model.internal.BasicValueBinder - building BasicValue for nombreApellido
2026-01-20 12:02:44.882 [main] DEBUG org.hibernate.mapping.BasicValue - Skipping column re-registration: persona.nombreApellido
2026-01-20 12:02:44.882 [main] DEBUG org.hibernate.boot.model.internal.PropertyBinder - Building property nombreApellido
2026-01-20 12:02:44.882 [main] DEBUG org.hibernate.boot.model.internal.AnnotatedColumn - Binding column: AnnotatedColumn()
2026-01-20 12:02:44.882 [main] DEBUG org.hibernate.boot.model.internal.PropertyBinder - MetadataSourceProcessor property telefono with lazy=false
2026-01-20 12:02:44.882 [main] DEBUG org.hibernate.boot.model.internal.AbstractPropertyHolder - Attempting to locate auto-apply AttributeConverter for property [modelo.Persona:telefono]
2026-01-20 12:02:44.882 [main] DEBUG org.hibernate.boot.model.internal.BasicValueBinder - building BasicValue for telefono
2026-01-20 12:02:44.882 [main] DEBUG org.hibernate.mapping.BasicValue - Skipping column re-registration: persona.telefono
2026-01-20 12:02:44.882 [main] DEBUG org.hibernate.boot.model.internal.PropertyBinder - Building property telefono
2026-01-20 12:02:44.882 [main] DEBUG org.hibernate.boot.registry.classloading.internal.ClassLoaderServiceImpl - HHH000194: Package not found or wo package-info.java: modelo
2026-01-20 12:02:44.883 [main] DEBUG org.hibernate.boot.model.internal.EntityBinder - Binding entity from annotated class: modelo.Sala
2026-01-20 12:02:44.883 [main] DEBUG org.hibernate.boot.model.internal.EntityBinder - Import with entity name Sala
2026-01-20 12:02:44.883 [main] DEBUG org.hibernate.boot.model.internal.EntityBinder - Bind entity modelo.Sala on table sala
2026-01-20 12:02:44.883 [main] DEBUG org.hibernate.boot.model.internal.AnnotatedColumn - Binding column: AnnotatedDiscriminatorColumn(column='DTYPE')
2026-01-20 12:02:44.884 [main] DEBUG org.hibernate.boot.model.internal.AnnotatedColumn - Binding column: AnnotatedColumn()
2026-01-20 12:02:44.884 [main] DEBUG org.hibernate.boot.internal.ClassLoaderAccessImpl - Not known whether passed class name [modelo.Sala] is safe
2026-01-20 12:02:44.884 [main] DEBUG org.hibernate.boot.internal.ClassLoaderAccessImpl - No temp ClassLoader provided; using live ClassLoader for loading potentially unsafe class : modelo.Sala
2026-01-20 12:02:44.884 [main] DEBUG org.hibernate.boot.model.internal.PropertyBinder - MetadataSourceProcessor property idSala with lazy=false
2026-01-20 12:02:44.884 [main] DEBUG org.hibernate.boot.model.internal.AbstractPropertyHolder - Attempting to locate auto-apply AttributeConverter for property [modelo.Sala:idSala]
2026-01-20 12:02:44.884 [main] DEBUG org.hibernate.boot.model.internal.BasicValueBinder - building BasicValue for idSala
2026-01-20 12:02:44.884 [main] DEBUG org.hibernate.mapping.BasicValue - Skipping column re-registration: sala.idSala
2026-01-20 12:02:44.884 [main] DEBUG org.hibernate.boot.model.internal.PropertyBinder - Building property idSala
2026-01-20 12:02:44.884 [main] DEBUG org.hibernate.boot.model.internal.BinderHelper - #makeIdGenerator(BasicValue([Column(idSala)]), idSala, org.hibernate.id.enhanced.SequenceStyleGenerator, , ...)
2026-01-20 12:02:44.884 [main] DEBUG org.hibernate.boot.model.internal.AnnotatedColumn - Binding column: AnnotatedColumn()
2026-01-20 12:02:44.884 [main] DEBUG org.hibernate.boot.model.internal.PropertyBinder - MetadataSourceProcessor property capacidad with lazy=false
2026-01-20 12:02:44.884 [main] DEBUG org.hibernate.boot.model.internal.AbstractPropertyHolder - Attempting to locate auto-apply AttributeConverter for property [modelo.Sala:capacidad]
2026-01-20 12:02:44.885 [main] DEBUG org.hibernate.boot.model.internal.BasicValueBinder - building BasicValue for capacidad
2026-01-20 12:02:44.885 [main] DEBUG org.hibernate.mapping.BasicValue - Skipping column re-registration: sala.capacidad
2026-01-20 12:02:44.885 [main] DEBUG org.hibernate.boot.model.internal.PropertyBinder - Building property capacidad
2026-01-20 12:02:44.885 [main] DEBUG org.hibernate.boot.model.internal.AnnotatedColumn - Binding column: AnnotatedColumn()
2026-01-20 12:02:44.885 [main] DEBUG org.hibernate.boot.model.internal.PropertyBinder - MetadataSourceProcessor property nombre with lazy=false
2026-01-20 12:02:44.885 [main] DEBUG org.hibernate.boot.model.internal.AbstractPropertyHolder - Attempting to locate auto-apply AttributeConverter for property [modelo.Sala:nombre]
2026-01-20 12:02:44.885 [main] DEBUG org.hibernate.boot.model.internal.BasicValueBinder - building BasicValue for nombre
2026-01-20 12:02:44.885 [main] DEBUG org.hibernate.mapping.BasicValue - Skipping column re-registration: sala.nombre
2026-01-20 12:02:44.885 [main] DEBUG org.hibernate.boot.model.internal.PropertyBinder - Building property nombre
2026-01-20 12:02:44.885 [main] DEBUG org.hibernate.boot.registry.classloading.internal.ClassLoaderServiceImpl - HHH000194: Package not found or wo package-info.java: modelo
2026-01-20 12:02:44.887 [main] DEBUG org.hibernate.boot.model.internal.BasicValueBinder - Starting `BasicValueBinder#fillSimpleValue` for idReunion
2026-01-20 12:02:44.887 [main] DEBUG org.hibernate.boot.model.internal.BasicValueBinder - Starting `BasicValueBinder#fillSimpleValue` for asunto
2026-01-20 12:02:44.887 [main] DEBUG org.hibernate.boot.model.internal.BasicValueBinder - Starting `BasicValueBinder#fillSimpleValue` for fecha
2026-01-20 12:02:44.888 [main] DEBUG org.hibernate.boot.model.internal.BasicValueBinder - Starting `BasicValueBinder#fillSimpleValue` for dni
2026-01-20 12:02:44.888 [main] DEBUG org.hibernate.boot.model.internal.BasicValueBinder - Starting `BasicValueBinder#fillSimpleValue` for edad
2026-01-20 12:02:44.888 [main] DEBUG org.hibernate.boot.model.internal.BasicValueBinder - Starting `BasicValueBinder#fillSimpleValue` for email
2026-01-20 12:02:44.888 [main] DEBUG org.hibernate.boot.model.internal.BasicValueBinder - Starting `BasicValueBinder#fillSimpleValue` for fechaNacimiento
2026-01-20 12:02:44.888 [main] DEBUG org.hibernate.boot.model.internal.BasicValueBinder - Starting `BasicValueBinder#fillSimpleValue` for nombreApellido
2026-01-20 12:02:44.888 [main] DEBUG org.hibernate.boot.model.internal.BasicValueBinder - Starting `BasicValueBinder#fillSimpleValue` for telefono
2026-01-20 12:02:44.888 [main] DEBUG org.hibernate.boot.model.internal.BasicValueBinder - Starting `BasicValueBinder#fillSimpleValue` for idSala
2026-01-20 12:02:44.889 [main] DEBUG org.hibernate.boot.model.internal.BasicValueBinder - Starting `BasicValueBinder#fillSimpleValue` for capacidad
2026-01-20 12:02:44.889 [main] DEBUG org.hibernate.boot.model.internal.BasicValueBinder - Starting `BasicValueBinder#fillSimpleValue` for nombre
2026-01-20 12:02:44.892 [main] DEBUG org.hibernate.mapping.PrimaryKey - Forcing column [idreunion] to be non-null as it is part of the primary key for table [reunion]
2026-01-20 12:02:44.892 [main] DEBUG org.hibernate.mapping.PrimaryKey - Forcing column [dni] to be non-null as it is part of the primary key for table [persona]
2026-01-20 12:02:44.892 [main] DEBUG org.hibernate.mapping.PrimaryKey - Forcing column [idsala] to be non-null as it is part of the primary key for table [sala]
2026-01-20 12:02:44.894 [main] DEBUG org.hibernate.boot.internal.InFlightMetadataCollectorImpl - Resolving reference to class: modelo.Sala
2026-01-20 12:02:44.908 [main] DEBUG org.hibernate.boot.internal.InFlightMetadataCollectorImpl - Resolving reference to class: modelo.Sala
2026-01-20 12:02:45.032 [main] DEBUG org.hibernate.internal.SessionFactoryImpl - Building session factory
2026-01-20 12:02:45.068 [main] DEBUG org.hibernate.service.internal.SessionFactoryServiceRegistryImpl - EventListenerRegistry access via ServiceRegistry is deprecated.  Use `sessionFactory.getEventEngine().getListenerRegistry()` instead
2026-01-20 12:02:45.069 [main] DEBUG org.hibernate.internal.SessionFactoryImpl - Instantiating SessionFactory with settings: {hibernate.format_sql=true, java.specification.version=21, sun.cpu.isalist=amd64, sun.jnu.encoding=Cp1252, hibernate.dialect=org.hibernate.dialect.MySQLDialect, java.class.path=C:\Users\alumno\Desktop\SegundoDAM\Acceso a Datos\Hibernate\target\classes;C:\Users\alumno\Desktop\sts-4.31.0.RELEASE\plugins\junit-jupiter-api_5.12.2.jar;C:\Users\alumno\Desktop\sts-4.31.0.RELEASE\plugins\junit-jupiter-engine_5.12.2.jar;C:\Users\alumno\Desktop\sts-4.31.0.RELEASE\plugins\junit-jupiter-migrationsupport_5.12.2.jar;C:\Users\alumno\Desktop\sts-4.31.0.RELEASE\plugins\junit-jupiter-params_5.12.2.jar;C:\Users\alumno\Desktop\sts-4.31.0.RELEASE\plugins\junit-platform-commons_1.12.2.jar;C:\Users\alumno\Desktop\sts-4.31.0.RELEASE\plugins\junit-platform-engine_1.12.2.jar;C:\Users\alumno\Desktop\sts-4.31.0.RELEASE\plugins\junit-platform-launcher_1.12.2.jar;C:\Users\alumno\Desktop\sts-4.31.0.RELEASE\plugins\junit-platform-runner_1.12.2.jar;C:\Users\alumno\Desktop\sts-4.31.0.RELEASE\plugins\junit-platform-suite-api_1.12.2.jar;C:\Users\alumno\Desktop\sts-4.31.0.RELEASE\plugins\junit-platform-suite-engine_1.12.2.jar;C:\Users\alumno\Desktop\sts-4.31.0.RELEASE\plugins\junit-platform-suite-commons_1.12.2.jar;C:\Users\alumno\Desktop\sts-4.31.0.RELEASE\plugins\junit-vintage-engine_5.12.2.jar;C:\Users\alumno\Desktop\sts-4.31.0.RELEASE\plugins\org.opentest4j_1.3.0.jar;C:\Users\alumno\Desktop\sts-4.31.0.RELEASE\plugins\org.apiguardian.api_1.1.2.jar;C:\Users\alumno\Desktop\sts-4.31.0.RELEASE\plugins\org.junit_4.13.2.v20240929-1000.jar;C:\Users\alumno\Desktop\sts-4.31.0.RELEASE\plugins\org.hamcrest_3.0.0.jar;C:\Users\alumno\.m2\repository\org\hibernate\orm\hibernate-core\6.4.4.Final\hibernate-core-6.4.4.Final.jar;C:\Users\alumno\.m2\repository\jakarta\transaction\jakarta.transaction-api\2.0.1\jakarta.transaction-api-2.0.1.jar;C:\Users\alumno\.m2\repository\org\jboss\logging\jboss-logging\3.5.0.Final\jboss-logging-3.5.0.Final.jar;C:\Users\alumno\.m2\repository\org\hibernate\common\hibernate-commons-annotations\6.0.6.Final\hibernate-commons-annotations-6.0.6.Final.jar;C:\Users\alumno\.m2\repository\io\smallrye\jandex\3.1.2\jandex-3.1.2.jar;C:\Users\alumno\.m2\repository\com\fasterxml\classmate\1.5.1\classmate-1.5.1.jar;C:\Users\alumno\.m2\repository\net\bytebuddy\byte-buddy\1.14.11\byte-buddy-1.14.11.jar;C:\Users\alumno\.m2\repository\jakarta\xml\bind\jakarta.xml.bind-api\4.0.0\jakarta.xml.bind-api-4.0.0.jar;C:\Users\alumno\.m2\repository\jakarta\activation\jakarta.activation-api\2.1.0\jakarta.activation-api-2.1.0.jar;C:\Users\alumno\.m2\repository\org\glassfish\jaxb\jaxb-runtime\4.0.2\jaxb-runtime-4.0.2.jar;C:\Users\alumno\.m2\repository\org\glassfish\jaxb\jaxb-core\4.0.2\jaxb-core-4.0.2.jar;C:\Users\alumno\.m2\repository\org\eclipse\angus\angus-activation\2.0.0\angus-activation-2.0.0.jar;C:\Users\alumno\.m2\repository\org\glassfish\jaxb\txw2\4.0.2\txw2-4.0.2.jar;C:\Users\alumno\.m2\repository\com\sun\istack\istack-commons-runtime\4.1.1\istack-commons-runtime-4.1.1.jar;C:\Users\alumno\.m2\repository\jakarta\inject\jakarta.inject-api\2.0.1\jakarta.inject-api-2.0.1.jar;C:\Users\alumno\.m2\repository\org\antlr\antlr4-runtime\4.13.0\antlr4-runtime-4.13.0.jar;C:\Users\alumno\.m2\repository\com\mysql\mysql-connector-j\8.4.0\mysql-connector-j-8.4.0.jar;C:\Users\alumno\.m2\repository\com\google\protobuf\protobuf-java\3.25.1\protobuf-java-3.25.1.jar;C:\Users\alumno\.m2\repository\jakarta\persistence\jakarta.persistence-api\3.1.0\jakarta.persistence-api-3.1.0.jar;C:\Users\alumno\.m2\repository\org\apache\logging\log4j\log4j-api\2.13.0\log4j-api-2.13.0.jar;C:\Users\alumno\.m2\repository\org\apache\logging\log4j\log4j-core\2.13.0\log4j-core-2.13.0.jar;C:\Users\alumno\.m2\repository\com\google\code\gson\gson\2.10.1\gson-2.10.1.jar, java.vm.vendor=Oracle Corporation, sun.arch.data.model=64, user.variant=, java.vendor.url=https://java.oracle.com/, user.timezone=Europe/Madrid, org.apache.logging.log4j.assignedSequences=1190, java.vm.specification.version=21, os.name=Windows 11, sun.java.launcher=SUN_STANDARD, user.country=ES, sun.boot.library.path=C:\Program Files\Java\jdk-21\bin, sun.java.command=controlador.GestionaReuniones, jdk.debug=release, sun.cpu.endian=little, user.home=C:\Users\alumno, user.language=es, java.specification.vendor=Oracle Corporation, java.version.date=2025-07-15, java.home=C:\Program Files\Java\jdk-21, file.separator=\, java.vm.compressedOopsMode=Zero based, line.separator=
, java.vm.specification.vendor=Oracle Corporation, java.specification.name=Java Platform API Specification, hibernate.hbm2ddl.auto=update, user.script=, sun.management.compiler=HotSpot 64-Bit Tiered Compilers, java.runtime.version=21.0.8+12-LTS-250, user.name=alumno, stdout.encoding=UTF-8, path.separator=;, hibernate.connection.username=****, os.version=10.0, java.runtime.name=Java(TM) SE Runtime Environment, hibernate.connection.url=jdbc:mysql://localhost:3307/accesoDatosDAM?useSSL=false&serverTimezone=UTC, file.encoding=UTF-8, java.vm.name=Java HotSpot(TM) 64-Bit Server VM, hibernate.show_sql=true, hibernate.connection.driver_class=com.mysql.cj.jdbc.Driver, java.vendor.url.bug=https://bugreport.java.com/bugreport/, java.io.tmpdir=C:\Users\alumno\AppData\Local\Temp\, java.version=21.0.8, user.dir=C:\Users\alumno\Desktop\SegundoDAM\Acceso a Datos\Hibernate, os.arch=amd64, java.vm.specification.name=Java Virtual Machine Specification, hibernate.connection.password=****, sun.os.patch.level=, hibernate.boot.CfgXmlAccessService.key=org.hibernate.boot.cfgxml.spi.LoadedConfig@68a78f3c, native.encoding=Cp1252, java.library.path=C:\Program Files\Java\jdk-21\bin;C:\WINDOWS\Sun\Java\bin;C:\WINDOWS\system32;C:\WINDOWS;C:/Users/alumno/Desktop/sts-4.31.0.RELEASE//plugins/org.eclipse.justj.openjdk.hotspot.jre.full.win32.x86_64_21.0.7.v20250502-0916/jre/bin/server;C:/Users/alumno/Desktop/sts-4.31.0.RELEASE//plugins/org.eclipse.justj.openjdk.hotspot.jre.full.win32.x86_64_21.0.7.v20250502-0916/jre/bin;C:\Program Files\Common Files\Oracle\Java\javapath;C:\WINDOWS\system32;C:\WINDOWS;C:\WINDOWS\System32\Wbem;C:\WINDOWS\System32\WindowsPowerShell\v1.0\;C:\WINDOWS\System32\OpenSSH\;C:\Program Files\nodejs\;C:\Program Files\Docker\Docker\resources\bin;C:\Users\alumno\AppData\Local\Programs\Python\Python311\Scripts\;C:\Users\alumno\AppData\Local\Programs\Python\Python311\;C:\Users\alumno\AppData\Local\Programs\Python\Python313\Scripts\;C:\Users\alumno\AppData\Local\Programs\Python\Python313\;C:\Users\alumno\AppData\Local\Programs\Python\Launcher\;C:\Users\alumno\AppData\Local\Programs\Python\Python314\Scripts\;C:\Users\alumno\AppData\Local\Programs\Python\Python314\;C:\Users\alumno\AppData\Local\Microsoft\WindowsApps;C:\Users\alumno\AppData\Local\GitHubDesktop\bin;C:\Users\alumno\AppData\Local\Programs\Git\cmd;C:\Users\alumno\AppData\Local\Programs\Microsoft VS Code\bin;C:\Users\alumno\AppData\Local\Python\bin;C:\Users\alumno\AppData\Roaming\npm;C:\Users\alumno\Desktop\sts-4.31.0.RELEASE;;., stderr.encoding=UTF-8, java.vendor=Oracle Corporation, java.vm.info=mixed mode, sharing, java.vm.version=21.0.8+12-LTS-250, sun.io.unicode.encoding=UnicodeLittle, java.class.version=65.0}
2026-01-20 12:02:45.075 [main] DEBUG org.hibernate.internal.SessionFactoryImpl - Session factory constructed with filter configurations : {}
2026-01-20 12:02:45.111 [main] DEBUG org.hibernate.query.sqm.function.SqmFunctionRegistry - Registered SqmFunctionTemplate [NamedSqmFunctionTemplate(max)] under max; prior registration was null
2026-01-20 12:02:45.112 [main] DEBUG org.hibernate.query.sqm.function.SqmFunctionRegistry - Registered SqmFunctionTemplate [NamedSqmFunctionTemplate(min)] under min; prior registration was null
2026-01-20 12:02:45.112 [main] DEBUG org.hibernate.query.sqm.function.SqmFunctionRegistry - Registered SqmFunctionTemplate [NamedSqmFunctionTemplate(sum)] under sum; prior registration was null
2026-01-20 12:02:45.112 [main] DEBUG org.hibernate.query.sqm.function.SqmFunctionRegistry - Registered SqmFunctionTemplate [NamedSqmFunctionTemplate(avg)] under avg; prior registration was null
2026-01-20 12:02:45.113 [main] DEBUG org.hibernate.query.sqm.function.SqmFunctionRegistry - Registered SqmFunctionTemplate [org.hibernate.dialect.function.CountFunction@3a90c13c] under count; prior registration was null
2026-01-20 12:02:45.114 [main] DEBUG org.hibernate.query.sqm.function.SqmFunctionRegistry - Registered SqmFunctionTemplate [org.hibernate.dialect.function.EveryAnyEmulation@2b7e8044] under every; prior registration was null
2026-01-20 12:02:45.114 [main] DEBUG org.hibernate.query.sqm.function.SqmFunctionRegistry - Registered SqmFunctionTemplate [org.hibernate.dialect.function.EveryAnyEmulation@550de6b8] under any; prior registration was null
2026-01-20 12:02:45.114 [main] DEBUG org.hibernate.query.sqm.function.SqmFunctionRegistry - Registered SqmFunctionTemplate [NamedSqmFunctionTemplate(floor)] under floor; prior registration was null
2026-01-20 12:02:45.114 [main] DEBUG org.hibernate.query.sqm.function.SqmFunctionRegistry - Registered SqmFunctionTemplate [NamedSqmFunctionTemplate(ceiling)] under ceiling; prior registration was null
2026-01-20 12:02:45.114 [main] DEBUG org.hibernate.query.sqm.function.SqmFunctionRegistry - Registered SqmFunctionTemplate [NamedSqmFunctionTemplate(mod)] under mod; prior registration was null
2026-01-20 12:02:45.114 [main] DEBUG org.hibernate.query.sqm.function.SqmFunctionRegistry - Registered SqmFunctionTemplate [NamedSqmFunctionTemplate(abs)] under abs; prior registration was null
2026-01-20 12:02:45.114 [main] DEBUG org.hibernate.query.sqm.function.SqmFunctionRegistry - Registered SqmFunctionTemplate [NamedSqmFunctionTemplate(sign)] under sign; prior registration was null
2026-01-20 12:02:45.115 [main] DEBUG org.hibernate.query.sqm.function.SqmFunctionRegistry - Registered SqmFunctionTemplate [NamedSqmFunctionTemplate(sqrt)] under sqrt; prior registration was null
2026-01-20 12:02:45.115 [main] DEBUG org.hibernate.query.sqm.function.SqmFunctionRegistry - Registered SqmFunctionTemplate [NamedSqmFunctionTemplate(ln)] under ln; prior registration was null
2026-01-20 12:02:45.115 [main] DEBUG org.hibernate.query.sqm.function.SqmFunctionRegistry - Registered SqmFunctionTemplate [NamedSqmFunctionTemplate(exp)] under exp; prior registration was null
2026-01-20 12:02:45.115 [main] DEBUG org.hibernate.query.sqm.function.SqmFunctionRegistry - Registered SqmFunctionTemplate [NamedSqmFunctionTemplate(power)] under power; prior registration was null
2026-01-20 12:02:45.115 [main] DEBUG org.hibernate.query.sqm.function.SqmFunctionRegistry - Registered SqmFunctionTemplate [NamedSqmFunctionTemplate(round)] under round; prior registration was null
2026-01-20 12:02:45.115 [main] DEBUG org.hibernate.query.sqm.function.SqmFunctionRegistry - Registered SqmFunctionTemplate [NamedSqmFunctionTemplate(sin)] under sin; prior registration was null
2026-01-20 12:02:45.115 [main] DEBUG org.hibernate.query.sqm.function.SqmFunctionRegistry - Registered SqmFunctionTemplate [NamedSqmFunctionTemplate(cos)] under cos; prior registration was null
2026-01-20 12:02:45.115 [main] DEBUG org.hibernate.query.sqm.function.SqmFunctionRegistry - Registered SqmFunctionTemplate [NamedSqmFunctionTemplate(tan)] under tan; prior registration was null
2026-01-20 12:02:45.115 [main] DEBUG org.hibernate.query.sqm.function.SqmFunctionRegistry - Registered SqmFunctionTemplate [NamedSqmFunctionTemplate(asin)] under asin; prior registration was null
2026-01-20 12:02:45.115 [main] DEBUG org.hibernate.query.sqm.function.SqmFunctionRegistry - Registered SqmFunctionTemplate [NamedSqmFunctionTemplate(acos)] under acos; prior registration was null
2026-01-20 12:02:45.115 [main] DEBUG org.hibernate.query.sqm.function.SqmFunctionRegistry - Registered SqmFunctionTemplate [NamedSqmFunctionTemplate(atan)] under atan; prior registration was null
2026-01-20 12:02:45.115 [main] DEBUG org.hibernate.query.sqm.function.SqmFunctionRegistry - Registered SqmFunctionTemplate [NamedSqmFunctionTemplate(atan2)] under atan2; prior registration was null
2026-01-20 12:02:45.116 [main] DEBUG org.hibernate.query.sqm.function.SqmFunctionRegistry - Registered SqmFunctionTemplate [org.hibernate.query.sqm.function.PatternBasedSqmFunctionDescriptor@688a2c09] under sinh; prior registration was null
2026-01-20 12:02:45.117 [main] DEBUG org.hibernate.query.sqm.function.SqmFunctionRegistry - Registered SqmFunctionTemplate [org.hibernate.query.sqm.function.PatternBasedSqmFunctionDescriptor@5de5e95] under cosh; prior registration was null
2026-01-20 12:02:45.117 [main] DEBUG org.hibernate.query.sqm.function.SqmFunctionRegistry - Registered SqmFunctionTemplate [org.hibernate.query.sqm.function.PatternBasedSqmFunctionDescriptor@365cdacf] under tanh; prior registration was null
2026-01-20 12:02:45.117 [main] DEBUG org.hibernate.query.sqm.function.SqmFunctionRegistry - Registered SqmFunctionTemplate [org.hibernate.query.sqm.function.PatternBasedSqmFunctionDescriptor@303c55fa] under pi; prior registration was null
2026-01-20 12:02:45.117 [main] DEBUG org.hibernate.query.sqm.function.SqmFunctionRegistry - Registered SqmFunctionTemplate [org.hibernate.query.sqm.function.PatternBasedSqmFunctionDescriptor@9efcd90] under log; prior registration was null
2026-01-20 12:02:45.118 [main] DEBUG org.hibernate.query.sqm.function.SqmFunctionRegistry - Registered SqmFunctionTemplate [NamedSqmFunctionTemplate(coalesce)] under coalesce; prior registration was null
2026-01-20 12:02:45.118 [main] DEBUG org.hibernate.query.sqm.function.SqmFunctionRegistry - Registered SqmFunctionTemplate [NamedSqmFunctionTemplate(nullif)] under nullif; prior registration was null
2026-01-20 12:02:45.118 [main] DEBUG org.hibernate.query.sqm.function.SqmFunctionRegistry - Registered SqmFunctionTemplate [NamedSqmFunctionTemplate(left)] under left; prior registration was null
2026-01-20 12:02:45.118 [main] DEBUG org.hibernate.query.sqm.function.SqmFunctionRegistry - Registered SqmFunctionTemplate [NamedSqmFunctionTemplate(right)] under right; prior registration was null
2026-01-20 12:02:45.118 [main] DEBUG org.hibernate.query.sqm.function.SqmFunctionRegistry - Registered SqmFunctionTemplate [NamedSqmFunctionTemplate(replace)] under replace; prior registration was null
2026-01-20 12:02:45.118 [main] DEBUG org.hibernate.query.sqm.function.SqmFunctionRegistry - Registered SqmFunctionTemplate [NamedSqmFunctionTemplate(concat)] under concat; prior registration was null
2026-01-20 12:02:45.118 [main] DEBUG org.hibernate.query.sqm.function.SqmFunctionRegistry - Registered SqmFunctionTemplate [NamedSqmFunctionTemplate(lower)] under lower; prior registration was null
2026-01-20 12:02:45.118 [main] DEBUG org.hibernate.query.sqm.function.SqmFunctionRegistry - Registered SqmFunctionTemplate [NamedSqmFunctionTemplate(upper)] under upper; prior registration was null
2026-01-20 12:02:45.118 [main] DEBUG org.hibernate.query.sqm.function.SqmFunctionRegistry - Registered SqmFunctionTemplate [NamedSqmFunctionTemplate(substring)] under substring; prior registration was null
2026-01-20 12:02:45.118 [main] DEBUG org.hibernate.query.sqm.function.SqmFunctionRegistry - Registered SqmFunctionTemplate [NamedSqmFunctionTemplate(locate)] under locate; prior registration was null
2026-01-20 12:02:45.118 [main] DEBUG org.hibernate.query.sqm.function.SqmFunctionRegistry - Registered SqmFunctionTemplate [NamedSqmFunctionTemplate(character_length)] under character_length; prior registration was null
2026-01-20 12:02:45.118 [main] DEBUG org.hibernate.query.sqm.function.SqmFunctionRegistry - Registering alternate key : length -> character_length
2026-01-20 12:02:45.119 [main] DEBUG org.hibernate.query.sqm.function.SqmFunctionRegistry - Registered SqmFunctionTemplate [org.hibernate.dialect.function.LocatePositionEmulation@52a33c3f] under position; prior registration was null
2026-01-20 12:02:45.120 [main] DEBUG org.hibernate.query.sqm.function.SqmFunctionRegistry - Registered SqmFunctionTemplate [org.hibernate.dialect.function.InsertSubstringOverlayEmulation@5d7399f9] under overlay; prior registration was null
2026-01-20 12:02:45.120 [main] DEBUG org.hibernate.query.sqm.function.SqmFunctionRegistry - Registered SqmFunctionTemplate [org.hibernate.dialect.function.TrimFunction@4a3bd45b] under trim; prior registration was null
2026-01-20 12:02:45.120 [main] DEBUG org.hibernate.query.sqm.function.SqmFunctionRegistry - Registered SqmFunctionTemplate [org.hibernate.dialect.function.CastFunction@10947c4e] under cast; prior registration was null
2026-01-20 12:02:45.121 [main] DEBUG org.hibernate.query.sqm.function.SqmFunctionRegistry - Registered SqmFunctionTemplate [org.hibernate.query.sqm.function.PatternBasedSqmFunctionDescriptor@3667faa8] under collate; prior registration was null
2026-01-20 12:02:45.121 [main] DEBUG org.hibernate.query.sqm.function.SqmFunctionRegistry - Registered SqmFunctionTemplate [org.hibernate.dialect.function.ExtractFunction@b46e103] under extract; prior registration was null
2026-01-20 12:02:45.121 [main] DEBUG org.hibernate.query.sqm.function.SqmFunctionRegistry - Registered SqmFunctionTemplate [NamedSqmFunctionTemplate(least)] under least; prior registration was null
2026-01-20 12:02:45.121 [main] DEBUG org.hibernate.query.sqm.function.SqmFunctionRegistry - Registered SqmFunctionTemplate [NamedSqmFunctionTemplate(greatest)] under greatest; prior registration was null
2026-01-20 12:02:45.121 [main] DEBUG org.hibernate.query.sqm.function.SqmFunctionRegistry - Registered SqmFunctionTemplate [org.hibernate.dialect.function.CoalesceIfnullEmulation@f425231] under ifnull; prior registration was null
2026-01-20 12:02:45.121 [main] DEBUG org.hibernate.query.sqm.function.SqmFunctionRegistry - Registered SqmFunctionTemplate [NamedSqmFunctionTemplate(lpad)] under lpad; prior registration was null
2026-01-20 12:02:45.121 [main] DEBUG org.hibernate.query.sqm.function.SqmFunctionRegistry - Registered SqmFunctionTemplate [NamedSqmFunctionTemplate(rpad)] under rpad; prior registration was null
2026-01-20 12:02:45.122 [main] DEBUG org.hibernate.query.sqm.function.SqmFunctionRegistry - Registered SqmFunctionTemplate [org.hibernate.dialect.function.LpadRpadPadEmulation@756aadfc] under pad; prior registration was null
2026-01-20 12:02:45.122 [main] DEBUG org.hibernate.query.sqm.function.SqmFunctionRegistry - Registered SqmFunctionTemplate [org.hibernate.dialect.function.CastStrEmulation@2d760326] under str; prior registration was null
2026-01-20 12:02:45.123 [main] DEBUG org.hibernate.query.sqm.function.SqmFunctionRegistry - Registered SqmFunctionTemplate [org.hibernate.dialect.function.FormatFunction@73c3cd09] under format; prior registration was null
2026-01-20 12:02:45.123 [main] DEBUG org.hibernate.query.sqm.function.SqmFunctionRegistry - Registered SqmFunctionTemplate [org.hibernate.dialect.function.TimestampaddFunction@24a2e565] under timestampadd; prior registration was null
2026-01-20 12:02:45.124 [main] DEBUG org.hibernate.query.sqm.function.SqmFunctionRegistry - Registered SqmFunctionTemplate [org.hibernate.dialect.function.TimestampdiffFunction@345d053b] under timestampdiff; prior registration was null
2026-01-20 12:02:45.124 [main] DEBUG org.hibernate.query.sqm.function.SqmFunctionRegistry - Registering alternate key : dateadd -> timestampadd
2026-01-20 12:02:45.124 [main] DEBUG org.hibernate.query.sqm.function.SqmFunctionRegistry - Registering alternate key : datediff -> timestampdiff
2026-01-20 12:02:45.124 [main] DEBUG org.hibernate.query.sqm.function.SqmFunctionRegistry - Registered SqmFunctionTemplate [org.hibernate.dialect.function.CurrentFunction@518ddd3b] under current_date; prior registration was null
2026-01-20 12:02:45.124 [main] DEBUG org.hibernate.query.sqm.function.SqmFunctionRegistry - Registered SqmFunctionTemplate [org.hibernate.dialect.function.CurrentFunction@939ff41] under current_time; prior registration was null
2026-01-20 12:02:45.124 [main] DEBUG org.hibernate.query.sqm.function.SqmFunctionRegistry - Registered SqmFunctionTemplate [org.hibernate.dialect.function.CurrentFunction@6e0e5dec] under current_timestamp; prior registration was null
2026-01-20 12:02:45.124 [main] DEBUG org.hibernate.query.sqm.function.SqmFunctionRegistry - Registering alternate key : current date -> current_date
2026-01-20 12:02:45.124 [main] DEBUG org.hibernate.query.sqm.function.SqmFunctionRegistry - Registering alternate key : current time -> current_time
2026-01-20 12:02:45.125 [main] DEBUG org.hibernate.query.sqm.function.SqmFunctionRegistry - Registering alternate key : current timestamp -> current_timestamp
2026-01-20 12:02:45.125 [main] DEBUG org.hibernate.query.sqm.function.SqmFunctionRegistry - Registered SqmFunctionTemplate [org.hibernate.dialect.function.CurrentFunction@48a663e9] under local_date; prior registration was null
2026-01-20 12:02:45.125 [main] DEBUG org.hibernate.query.sqm.function.SqmFunctionRegistry - Registered SqmFunctionTemplate [org.hibernate.dialect.function.CurrentFunction@777d0bc3] under local_time; prior registration was null
2026-01-20 12:02:45.125 [main] DEBUG org.hibernate.query.sqm.function.SqmFunctionRegistry - Registered SqmFunctionTemplate [org.hibernate.dialect.function.CurrentFunction@3178219a] under local_datetime; prior registration was null
2026-01-20 12:02:45.125 [main] DEBUG org.hibernate.query.sqm.function.SqmFunctionRegistry - Registered SqmFunctionTemplate [org.hibernate.dialect.function.CurrentFunction@2d85fb64] under offset_datetime; prior registration was null
2026-01-20 12:02:45.125 [main] DEBUG org.hibernate.query.sqm.function.SqmFunctionRegistry - Registering alternate key : local date -> local_date
2026-01-20 12:02:45.125 [main] DEBUG org.hibernate.query.sqm.function.SqmFunctionRegistry - Registering alternate key : local time -> local_time
2026-01-20 12:02:45.125 [main] DEBUG org.hibernate.query.sqm.function.SqmFunctionRegistry - Registering alternate key : local datetime -> local_datetime
2026-01-20 12:02:45.125 [main] DEBUG org.hibernate.query.sqm.function.SqmFunctionRegistry - Registering alternate key : offset datetime -> offset_datetime
2026-01-20 12:02:45.125 [main] DEBUG org.hibernate.query.sqm.function.SqmFunctionRegistry - Registered SqmFunctionTemplate [org.hibernate.dialect.function.CurrentFunction@56476c16] under instant; prior registration was null
2026-01-20 12:02:45.125 [main] DEBUG org.hibernate.query.sqm.function.SqmFunctionRegistry - Registering alternate key : current_instant -> instant
2026-01-20 12:02:45.126 [main] DEBUG org.hibernate.query.sqm.function.SqmFunctionRegistry - Registered SqmFunctionTemplate [org.hibernate.dialect.function.SqlFunction@56e9a474] under sql; prior registration was null
2026-01-20 12:02:45.126 [main] DEBUG org.hibernate.query.sqm.function.SqmFunctionRegistry - Registered SqmFunctionTemplate [NamedSqmFunctionTemplate(soundex)] under soundex; prior registration was null
2026-01-20 12:02:45.126 [main] DEBUG org.hibernate.query.sqm.function.SqmFunctionRegistry - Registered SqmFunctionTemplate [NamedSqmFunctionTemplate(radians)] under radians; prior registration was null
2026-01-20 12:02:45.126 [main] DEBUG org.hibernate.query.sqm.function.SqmFunctionRegistry - Registered SqmFunctionTemplate [NamedSqmFunctionTemplate(degrees)] under degrees; prior registration was null
2026-01-20 12:02:45.126 [main] DEBUG org.hibernate.query.sqm.function.SqmFunctionRegistry - Registered SqmFunctionTemplate [NamedSqmFunctionTemplate(cot)] under cot; prior registration was null
2026-01-20 12:02:45.127 [main] DEBUG org.hibernate.query.sqm.function.SqmFunctionRegistry - Registered SqmFunctionTemplate [NamedSqmFunctionTemplate(log)] under log; prior registration was org.hibernate.query.sqm.function.PatternBasedSqmFunctionDescriptor@9efcd90
2026-01-20 12:02:45.127 [main] DEBUG org.hibernate.query.sqm.function.SqmFunctionRegistry - Registered SqmFunctionTemplate [NamedSqmFunctionTemplate(log2)] under log2; prior registration was null
2026-01-20 12:02:45.127 [main] DEBUG org.hibernate.query.sqm.function.SqmFunctionRegistry - Registered SqmFunctionTemplate [NamedSqmFunctionTemplate(log10)] under log10; prior registration was null
2026-01-20 12:02:45.127 [main] DEBUG org.hibernate.query.sqm.function.SqmFunctionRegistry - Registered SqmFunctionTemplate [NamedSqmFunctionTemplate(ltrim)] under ltrim; prior registration was null
2026-01-20 12:02:45.127 [main] DEBUG org.hibernate.query.sqm.function.SqmFunctionRegistry - Registered SqmFunctionTemplate [NamedSqmFunctionTemplate(rtrim)] under rtrim; prior registration was null
2026-01-20 12:02:45.127 [main] DEBUG org.hibernate.query.sqm.function.SqmFunctionRegistry - Registered SqmFunctionTemplate [NamedSqmFunctionTemplate(octet_length)] under octet_length; prior registration was null
2026-01-20 12:02:45.127 [main] DEBUG org.hibernate.query.sqm.function.SqmFunctionRegistry - Registered SqmFunctionTemplate [NamedSqmFunctionTemplate(reverse)] under reverse; prior registration was null
2026-01-20 12:02:45.127 [main] DEBUG org.hibernate.query.sqm.function.SqmFunctionRegistry - Registered SqmFunctionTemplate [NamedSqmFunctionTemplate(space)] under space; prior registration was null
2026-01-20 12:02:45.127 [main] DEBUG org.hibernate.query.sqm.function.SqmFunctionRegistry - Registered SqmFunctionTemplate [NamedSqmFunctionTemplate(repeat)] under repeat; prior registration was null
2026-01-20 12:02:45.129 [main] DEBUG org.hibernate.query.sqm.function.SqmFunctionRegistry - Registered SqmFunctionTemplate [org.hibernate.query.sqm.function.MultipatternSqmFunctionDescriptor@38cedb7d] under lpad; prior registration was NamedSqmFunctionTemplate(lpad)
2026-01-20 12:02:45.129 [main] DEBUG org.hibernate.query.sqm.function.SqmFunctionRegistry - Registered SqmFunctionTemplate [org.hibernate.query.sqm.function.MultipatternSqmFunctionDescriptor@772caabe] under rpad; prior registration was NamedSqmFunctionTemplate(rpad)
2026-01-20 12:02:45.129 [main] DEBUG org.hibernate.query.sqm.function.SqmFunctionRegistry - Registered SqmFunctionTemplate [NamedSqmFunctionTemplate(md5)] under md5; prior registration was null
2026-01-20 12:02:45.129 [main] DEBUG org.hibernate.query.sqm.function.SqmFunctionRegistry - Registered SqmFunctionTemplate [NamedSqmFunctionTemplate(day)] under day; prior registration was null
2026-01-20 12:02:45.129 [main] DEBUG org.hibernate.query.sqm.function.SqmFunctionRegistry - Registered SqmFunctionTemplate [NamedSqmFunctionTemplate(month)] under month; prior registration was null
2026-01-20 12:02:45.129 [main] DEBUG org.hibernate.query.sqm.function.SqmFunctionRegistry - Registered SqmFunctionTemplate [NamedSqmFunctionTemplate(year)] under year; prior registration was null
2026-01-20 12:02:45.129 [main] DEBUG org.hibernate.query.sqm.function.SqmFunctionRegistry - Registered SqmFunctionTemplate [NamedSqmFunctionTemplate(hour)] under hour; prior registration was null
2026-01-20 12:02:45.129 [main] DEBUG org.hibernate.query.sqm.function.SqmFunctionRegistry - Registered SqmFunctionTemplate [NamedSqmFunctionTemplate(minute)] under minute; prior registration was null
2026-01-20 12:02:45.129 [main] DEBUG org.hibernate.query.sqm.function.SqmFunctionRegistry - Registered SqmFunctionTemplate [NamedSqmFunctionTemplate(second)] under second; prior registration was null
2026-01-20 12:02:45.129 [main] DEBUG org.hibernate.query.sqm.function.SqmFunctionRegistry - Registered SqmFunctionTemplate [NamedSqmFunctionTemplate(microsecond)] under microsecond; prior registration was null
2026-01-20 12:02:45.129 [main] DEBUG org.hibernate.query.sqm.function.SqmFunctionRegistry - Registered SqmFunctionTemplate [NamedSqmFunctionTemplate(dayofweek)] under dayofweek; prior registration was null
2026-01-20 12:02:45.129 [main] DEBUG org.hibernate.query.sqm.function.SqmFunctionRegistry - Registered SqmFunctionTemplate [NamedSqmFunctionTemplate(dayofmonth)] under dayofmonth; prior registration was null
2026-01-20 12:02:45.129 [main] DEBUG org.hibernate.query.sqm.function.SqmFunctionRegistry - Registering alternate key : day -> dayofmonth
2026-01-20 12:02:45.129 [main] DEBUG org.hibernate.query.sqm.function.SqmFunctionRegistry - Registered SqmFunctionTemplate [NamedSqmFunctionTemplate(dayofyear)] under dayofyear; prior registration was null
2026-01-20 12:02:45.129 [main] DEBUG org.hibernate.query.sqm.function.SqmFunctionRegistry - Registered SqmFunctionTemplate [NamedSqmFunctionTemplate(week)] under week; prior registration was null
2026-01-20 12:02:45.129 [main] DEBUG org.hibernate.query.sqm.function.SqmFunctionRegistry - Registered SqmFunctionTemplate [NamedSqmFunctionTemplate(quarter)] under quarter; prior registration was null
2026-01-20 12:02:45.129 [main] DEBUG org.hibernate.query.sqm.function.SqmFunctionRegistry - Registered SqmFunctionTemplate [NamedSqmFunctionTemplate(monthname)] under monthname; prior registration was null
2026-01-20 12:02:45.129 [main] DEBUG org.hibernate.query.sqm.function.SqmFunctionRegistry - Registered SqmFunctionTemplate [NamedSqmFunctionTemplate(dayname)] under dayname; prior registration was null
2026-01-20 12:02:45.129 [main] DEBUG org.hibernate.query.sqm.function.SqmFunctionRegistry - Registered SqmFunctionTemplate [NamedSqmFunctionTemplate(last_day)] under last_day; prior registration was null
2026-01-20 12:02:45.129 [main] DEBUG org.hibernate.query.sqm.function.SqmFunctionRegistry - Registered SqmFunctionTemplate [NamedSqmFunctionTemplate(date)] under date; prior registration was null
2026-01-20 12:02:45.129 [main] DEBUG org.hibernate.query.sqm.function.SqmFunctionRegistry - Registered SqmFunctionTemplate [NamedSqmFunctionTemplate(timestamp)] under timestamp; prior registration was null
2026-01-20 12:02:45.129 [main] DEBUG org.hibernate.query.sqm.function.SqmFunctionRegistry - Registered SqmFunctionTemplate [NamedSqmFunctionTemplate(time)] under time; prior registration was null
2026-01-20 12:02:45.129 [main] DEBUG org.hibernate.query.sqm.function.SqmFunctionRegistry - Registered SqmFunctionTemplate [NamedSqmFunctionTemplate(utc_date)] under utc_date; prior registration was null
2026-01-20 12:02:45.129 [main] DEBUG org.hibernate.query.sqm.function.SqmFunctionRegistry - Registered SqmFunctionTemplate [NamedSqmFunctionTemplate(utc_time)] under utc_time; prior registration was null
2026-01-20 12:02:45.130 [main] DEBUG org.hibernate.query.sqm.function.SqmFunctionRegistry - Registered SqmFunctionTemplate [NamedSqmFunctionTemplate(utc_timestamp)] under utc_timestamp; prior registration was null
2026-01-20 12:02:45.130 [main] DEBUG org.hibernate.query.sqm.function.SqmFunctionRegistry - Registered SqmFunctionTemplate [NamedSqmFunctionTemplate(rand)] under rand; prior registration was null
2026-01-20 12:02:45.130 [main] DEBUG org.hibernate.query.sqm.function.SqmFunctionRegistry - Registered SqmFunctionTemplate [NamedSqmFunctionTemplate(crc32)] under crc32; prior registration was null
2026-01-20 12:02:45.130 [main] DEBUG org.hibernate.query.sqm.function.SqmFunctionRegistry - Registered SqmFunctionTemplate [NamedSqmFunctionTemplate(sha1)] under sha1; prior registration was null
2026-01-20 12:02:45.130 [main] DEBUG org.hibernate.query.sqm.function.SqmFunctionRegistry - Registered SqmFunctionTemplate [NamedSqmFunctionTemplate(sha2)] under sha2; prior registration was null
2026-01-20 12:02:45.130 [main] DEBUG org.hibernate.query.sqm.function.SqmFunctionRegistry - Registered SqmFunctionTemplate [NamedSqmFunctionTemplate(sha)] under sha; prior registration was null
2026-01-20 12:02:45.130 [main] DEBUG org.hibernate.query.sqm.function.SqmFunctionRegistry - Registered SqmFunctionTemplate [NamedSqmFunctionTemplate(bit_length)] under bit_length; prior registration was null
2026-01-20 12:02:45.130 [main] DEBUG org.hibernate.query.sqm.function.SqmFunctionRegistry - Registered SqmFunctionTemplate [NamedSqmFunctionTemplate(octet_length)] under octet_length; prior registration was NamedSqmFunctionTemplate(octet_length)
2026-01-20 12:02:45.130 [main] DEBUG org.hibernate.query.sqm.function.SqmFunctionRegistry - Registered SqmFunctionTemplate [NamedSqmFunctionTemplate(ascii)] under ascii; prior registration was null
2026-01-20 12:02:45.130 [main] DEBUG org.hibernate.query.sqm.function.SqmFunctionRegistry - Registered SqmFunctionTemplate [NamedSqmFunctionTemplate(instr)] under instr; prior registration was null
2026-01-20 12:02:45.130 [main] DEBUG org.hibernate.query.sqm.function.SqmFunctionRegistry - Registered SqmFunctionTemplate [NamedSqmFunctionTemplate(substr)] under substr; prior registration was null
2026-01-20 12:02:45.130 [main] DEBUG org.hibernate.query.sqm.function.SqmFunctionRegistry - Registered SqmFunctionTemplate [org.hibernate.query.sqm.function.PatternBasedSqmFunctionDescriptor@2acdcce8] under position; prior registration was org.hibernate.dialect.function.LocatePositionEmulation@52a33c3f
2026-01-20 12:02:45.130 [main] DEBUG org.hibernate.query.sqm.function.SqmFunctionRegistry - Registered SqmFunctionTemplate [NamedSqmFunctionTemplate(curtime)] under curtime; prior registration was null
2026-01-20 12:02:45.130 [main] DEBUG org.hibernate.query.sqm.function.SqmFunctionRegistry - Registered SqmFunctionTemplate [NamedSqmFunctionTemplate(curdate)] under curdate; prior registration was null
2026-01-20 12:02:45.130 [main] DEBUG org.hibernate.query.sqm.function.SqmFunctionRegistry - Registered SqmFunctionTemplate [NamedSqmFunctionTemplate(now)] under now; prior registration was null
2026-01-20 12:02:45.132 [main] DEBUG org.hibernate.query.sqm.function.SqmFunctionRegistry - Registered SqmFunctionTemplate [org.hibernate.dialect.function.TruncFunction@1f1cddf3] under trunc; prior registration was null
2026-01-20 12:02:45.132 [main] DEBUG org.hibernate.query.sqm.function.SqmFunctionRegistry - Registering alternate key : truncate -> trunc
2026-01-20 12:02:45.132 [main] DEBUG org.hibernate.query.sqm.function.SqmFunctionRegistry - Registered SqmFunctionTemplate [NamedSqmFunctionTemplate(insert)] under insert; prior registration was null
2026-01-20 12:02:45.132 [main] DEBUG org.hibernate.query.sqm.function.SqmFunctionRegistry - Registered SqmFunctionTemplate [org.hibernate.query.sqm.function.PatternBasedSqmFunctionDescriptor@228bda54] under bitand; prior registration was null
2026-01-20 12:02:45.132 [main] DEBUG org.hibernate.query.sqm.function.SqmFunctionRegistry - Registered SqmFunctionTemplate [org.hibernate.query.sqm.function.PatternBasedSqmFunctionDescriptor@75b6dd5b] under bitor; prior registration was null
2026-01-20 12:02:45.132 [main] DEBUG org.hibernate.query.sqm.function.SqmFunctionRegistry - Registered SqmFunctionTemplate [org.hibernate.query.sqm.function.PatternBasedSqmFunctionDescriptor@b3e86d5] under bitxor; prior registration was null
2026-01-20 12:02:45.133 [main] DEBUG org.hibernate.query.sqm.function.SqmFunctionRegistry - Registered SqmFunctionTemplate [org.hibernate.query.sqm.function.PatternBasedSqmFunctionDescriptor@72b43104] under bitnot; prior registration was null
2026-01-20 12:02:45.133 [main] DEBUG org.hibernate.query.sqm.function.SqmFunctionRegistry - Registered SqmFunctionTemplate [NamedSqmFunctionTemplate(bit_and)] under bit_and; prior registration was null
2026-01-20 12:02:45.133 [main] DEBUG org.hibernate.query.sqm.function.SqmFunctionRegistry - Registered SqmFunctionTemplate [NamedSqmFunctionTemplate(bit_or)] under bit_or; prior registration was null
2026-01-20 12:02:45.133 [main] DEBUG org.hibernate.query.sqm.function.SqmFunctionRegistry - Registered SqmFunctionTemplate [NamedSqmFunctionTemplate(stddev)] under stddev; prior registration was null
2026-01-20 12:02:45.133 [main] DEBUG org.hibernate.query.sqm.function.SqmFunctionRegistry - Registered SqmFunctionTemplate [NamedSqmFunctionTemplate(stddev_pop)] under stddev_pop; prior registration was null
2026-01-20 12:02:45.133 [main] DEBUG org.hibernate.query.sqm.function.SqmFunctionRegistry - Registered SqmFunctionTemplate [NamedSqmFunctionTemplate(stddev_samp)] under stddev_samp; prior registration was null
2026-01-20 12:02:45.133 [main] DEBUG org.hibernate.query.sqm.function.SqmFunctionRegistry - Registered SqmFunctionTemplate [NamedSqmFunctionTemplate(variance)] under variance; prior registration was null
2026-01-20 12:02:45.133 [main] DEBUG org.hibernate.query.sqm.function.SqmFunctionRegistry - Registered SqmFunctionTemplate [NamedSqmFunctionTemplate(var_pop)] under var_pop; prior registration was null
2026-01-20 12:02:45.133 [main] DEBUG org.hibernate.query.sqm.function.SqmFunctionRegistry - Registered SqmFunctionTemplate [NamedSqmFunctionTemplate(var_samp)] under var_samp; prior registration was null
2026-01-20 12:02:45.133 [main] DEBUG org.hibernate.query.sqm.function.SqmFunctionRegistry - Registered SqmFunctionTemplate [NamedSqmFunctionTemplate(datediff)] under datediff; prior registration was null
2026-01-20 12:02:45.133 [main] DEBUG org.hibernate.query.sqm.function.SqmFunctionRegistry - Registered SqmFunctionTemplate [NamedSqmFunctionTemplate(adddate)] under adddate; prior registration was null
2026-01-20 12:02:45.133 [main] DEBUG org.hibernate.query.sqm.function.SqmFunctionRegistry - Registered SqmFunctionTemplate [NamedSqmFunctionTemplate(subdate)] under subdate; prior registration was null
2026-01-20 12:02:45.133 [main] DEBUG org.hibernate.query.sqm.function.SqmFunctionRegistry - Registered SqmFunctionTemplate [NamedSqmFunctionTemplate(addtime)] under addtime; prior registration was null
2026-01-20 12:02:45.133 [main] DEBUG org.hibernate.query.sqm.function.SqmFunctionRegistry - Registered SqmFunctionTemplate [NamedSqmFunctionTemplate(subtime)] under subtime; prior registration was null
2026-01-20 12:02:45.133 [main] DEBUG org.hibernate.query.sqm.function.SqmFunctionRegistry - Registered SqmFunctionTemplate [org.hibernate.dialect.function.FormatFunction@e111c7c] under format; prior registration was org.hibernate.dialect.function.FormatFunction@73c3cd09
2026-01-20 12:02:45.133 [main] DEBUG org.hibernate.query.sqm.function.SqmFunctionRegistry - Registered SqmFunctionTemplate [NamedSqmFunctionTemplate(makedate)] under makedate; prior registration was null
2026-01-20 12:02:45.133 [main] DEBUG org.hibernate.query.sqm.function.SqmFunctionRegistry - Registered SqmFunctionTemplate [NamedSqmFunctionTemplate(maketime)] under maketime; prior registration was null
2026-01-20 12:02:45.133 [main] DEBUG org.hibernate.query.sqm.function.SqmFunctionRegistry - Registered SqmFunctionTemplate [NamedSqmFunctionTemplate(localtime)] under localtime; prior registration was null
2026-01-20 12:02:45.133 [main] DEBUG org.hibernate.query.sqm.function.SqmFunctionRegistry - Registered SqmFunctionTemplate [NamedSqmFunctionTemplate(localtimestamp)] under localtimestamp; prior registration was null
2026-01-20 12:02:45.133 [main] DEBUG org.hibernate.query.sqm.function.SqmFunctionRegistry - Registered SqmFunctionTemplate [NamedSqmFunctionTemplate(localtime)] under local_time; prior registration was org.hibernate.dialect.function.CurrentFunction@777d0bc3
2026-01-20 12:02:45.133 [main] DEBUG org.hibernate.query.sqm.function.SqmFunctionRegistry - Registered SqmFunctionTemplate [NamedSqmFunctionTemplate(localtimestamp)] under local_datetime; prior registration was org.hibernate.dialect.function.CurrentFunction@3178219a
2026-01-20 12:02:45.133 [main] DEBUG org.hibernate.query.sqm.function.SqmFunctionRegistry - Registered SqmFunctionTemplate [NamedSqmFunctionTemplate(localtime)] under localtime; prior registration was NamedSqmFunctionTemplate(localtime)
2026-01-20 12:02:45.133 [main] DEBUG org.hibernate.query.sqm.function.SqmFunctionRegistry - Registered SqmFunctionTemplate [org.hibernate.query.sqm.function.PatternBasedSqmFunctionDescriptor@4d0e54e0] under pi; prior registration was org.hibernate.query.sqm.function.PatternBasedSqmFunctionDescriptor@303c55fa
2026-01-20 12:02:45.133 [main] DEBUG org.hibernate.query.sqm.function.SqmFunctionRegistry - Registered SqmFunctionTemplate [org.hibernate.query.sqm.function.PatternBasedSqmFunctionDescriptor@32f96bba] under chr; prior registration was null
2026-01-20 12:02:45.133 [main] DEBUG org.hibernate.query.sqm.function.SqmFunctionRegistry - Registering alternate key : char -> chr
2026-01-20 12:02:45.133 [main] DEBUG org.hibernate.query.sqm.function.SqmFunctionRegistry - Registered SqmFunctionTemplate [org.hibernate.query.sqm.function.PatternBasedSqmFunctionDescriptor@611640f0] under sysdate; prior registration was null
2026-01-20 12:02:45.133 [main] DEBUG org.hibernate.query.sqm.function.SqmFunctionRegistry - Registered SqmFunctionTemplate [NamedSqmFunctionTemplate(row_number)] under row_number; prior registration was null
2026-01-20 12:02:45.134 [main] DEBUG org.hibernate.query.sqm.function.SqmFunctionRegistry - Registered SqmFunctionTemplate [NamedSqmFunctionTemplate(lag)] under lag; prior registration was null
2026-01-20 12:02:45.134 [main] DEBUG org.hibernate.query.sqm.function.SqmFunctionRegistry - Registered SqmFunctionTemplate [NamedSqmFunctionTemplate(lead)] under lead; prior registration was null
2026-01-20 12:02:45.134 [main] DEBUG org.hibernate.query.sqm.function.SqmFunctionRegistry - Registered SqmFunctionTemplate [NamedSqmFunctionTemplate(first_value)] under first_value; prior registration was null
2026-01-20 12:02:45.134 [main] DEBUG org.hibernate.query.sqm.function.SqmFunctionRegistry - Registered SqmFunctionTemplate [NamedSqmFunctionTemplate(last_value)] under last_value; prior registration was null
2026-01-20 12:02:45.134 [main] DEBUG org.hibernate.query.sqm.function.SqmFunctionRegistry - Registered SqmFunctionTemplate [NamedSqmFunctionTemplate(nth_value)] under nth_value; prior registration was null
2026-01-20 12:02:45.135 [main] DEBUG org.hibernate.query.sqm.function.SqmFunctionRegistry - Registered SqmFunctionTemplate [org.hibernate.dialect.function.HypotheticalSetWindowEmulation@4a481728] under rank; prior registration was null
2026-01-20 12:02:45.135 [main] DEBUG org.hibernate.query.sqm.function.SqmFunctionRegistry - Registered SqmFunctionTemplate [org.hibernate.dialect.function.HypotheticalSetWindowEmulation@4ace284d] under dense_rank; prior registration was null
2026-01-20 12:02:45.135 [main] DEBUG org.hibernate.query.sqm.function.SqmFunctionRegistry - Registered SqmFunctionTemplate [org.hibernate.dialect.function.HypotheticalSetWindowEmulation@77fa9381] under percent_rank; prior registration was null
2026-01-20 12:02:45.135 [main] DEBUG org.hibernate.query.sqm.function.SqmFunctionRegistry - Registered SqmFunctionTemplate [org.hibernate.dialect.function.HypotheticalSetWindowEmulation@76d72b5b] under cume_dist; prior registration was null
2026-01-20 12:02:45.135 [main] DEBUG org.hibernate.query.sqm.function.SqmFunctionRegistry - Registered SqmFunctionTemplate [org.hibernate.dialect.function.ListaggGroupConcatEmulation@2b1cd7bc] under listagg; prior registration was null
2026-01-20 12:02:45.137 [main] DEBUG org.hibernate.HQL_FUNCTIONS - abs(NUMERIC arg)
2026-01-20 12:02:45.137 [main] DEBUG org.hibernate.HQL_FUNCTIONS - Double acos(NUMERIC arg)
2026-01-20 12:02:45.137 [main] DEBUG org.hibernate.HQL_FUNCTIONS - adddate(DATE datetime, INTEGER days)
2026-01-20 12:02:45.137 [main] DEBUG org.hibernate.HQL_FUNCTIONS - addtime(TIME datetime, TIME time)
2026-01-20 12:02:45.137 [main] DEBUG org.hibernate.HQL_FUNCTIONS - Boolean any(BOOLEAN arg)
2026-01-20 12:02:45.137 [main] DEBUG org.hibernate.HQL_FUNCTIONS - Integer ascii(STRING arg)
2026-01-20 12:02:45.137 [main] DEBUG org.hibernate.HQL_FUNCTIONS - Double asin(NUMERIC arg)
2026-01-20 12:02:45.137 [main] DEBUG org.hibernate.HQL_FUNCTIONS - Double atan(NUMERIC arg)
2026-01-20 12:02:45.138 [main] DEBUG org.hibernate.HQL_FUNCTIONS - Double atan2(NUMERIC arg0, NUMERIC arg1)
2026-01-20 12:02:45.138 [main] DEBUG org.hibernate.HQL_FUNCTIONS - avg(arg)
2026-01-20 12:02:45.138 [main] DEBUG org.hibernate.HQL_FUNCTIONS - bit_and(arg)
2026-01-20 12:02:45.138 [main] DEBUG org.hibernate.HQL_FUNCTIONS - Integer bit_length(STRING_OR_CLOB arg)
2026-01-20 12:02:45.138 [main] DEBUG org.hibernate.HQL_FUNCTIONS - bit_or(arg)
2026-01-20 12:02:45.138 [main] DEBUG org.hibernate.HQL_FUNCTIONS - bitand(arg0, arg1)
2026-01-20 12:02:45.138 [main] DEBUG org.hibernate.HQL_FUNCTIONS - bitnot(arg)
2026-01-20 12:02:45.138 [main] DEBUG org.hibernate.HQL_FUNCTIONS - bitor(arg0, arg1)
2026-01-20 12:02:45.138 [main] DEBUG org.hibernate.HQL_FUNCTIONS - bitxor(arg0, arg1)
2026-01-20 12:02:45.138 [main] DEBUG org.hibernate.HQL_FUNCTIONS - cast(arg as Type)
2026-01-20 12:02:45.138 [main] DEBUG org.hibernate.HQL_FUNCTIONS - ceiling(NUMERIC arg)
2026-01-20 12:02:45.138 [main] DEBUG org.hibernate.HQL_FUNCTIONS - Character char(INTEGER arg)
2026-01-20 12:02:45.138 [main] DEBUG org.hibernate.HQL_FUNCTIONS - Integer character_length(STRING_OR_CLOB arg)
2026-01-20 12:02:45.138 [main] DEBUG org.hibernate.HQL_FUNCTIONS - Character chr(INTEGER arg)
2026-01-20 12:02:45.138 [main] DEBUG org.hibernate.HQL_FUNCTIONS - coalesce(arg0[, arg1[, ...]])
2026-01-20 12:02:45.138 [main] DEBUG org.hibernate.HQL_FUNCTIONS - String collate(STRING string as COLLATION collation)
2026-01-20 12:02:45.138 [main] DEBUG org.hibernate.HQL_FUNCTIONS - String concat(STRING string0[, STRING string1[, ...]])
2026-01-20 12:02:45.138 [main] DEBUG org.hibernate.HQL_FUNCTIONS - Double cos(NUMERIC arg)
2026-01-20 12:02:45.138 [main] DEBUG org.hibernate.HQL_FUNCTIONS - Double cosh(NUMERIC arg)
2026-01-20 12:02:45.138 [main] DEBUG org.hibernate.HQL_FUNCTIONS - Double cot(NUMERIC arg)
2026-01-20 12:02:45.138 [main] DEBUG org.hibernate.HQL_FUNCTIONS - Long count([distinct ]{arg|*})
2026-01-20 12:02:45.138 [main] DEBUG org.hibernate.HQL_FUNCTIONS - Integer crc32(arg)
2026-01-20 12:02:45.138 [main] DEBUG org.hibernate.HQL_FUNCTIONS - Double cume_dist([arg0[, ...]])
2026-01-20 12:02:45.138 [main] DEBUG org.hibernate.HQL_FUNCTIONS - Date curdate()
2026-01-20 12:02:45.138 [main] DEBUG org.hibernate.HQL_FUNCTIONS - Date current date
2026-01-20 12:02:45.138 [main] DEBUG org.hibernate.HQL_FUNCTIONS - Time current time
2026-01-20 12:02:45.138 [main] DEBUG org.hibernate.HQL_FUNCTIONS - Timestamp current timestamp
2026-01-20 12:02:45.138 [main] DEBUG org.hibernate.HQL_FUNCTIONS - Date current_date
2026-01-20 12:02:45.138 [main] DEBUG org.hibernate.HQL_FUNCTIONS - Instant current_instant
2026-01-20 12:02:45.139 [main] DEBUG org.hibernate.HQL_FUNCTIONS - Time current_time
2026-01-20 12:02:45.139 [main] DEBUG org.hibernate.HQL_FUNCTIONS - Timestamp current_timestamp
2026-01-20 12:02:45.139 [main] DEBUG org.hibernate.HQL_FUNCTIONS - Time curtime()
2026-01-20 12:02:45.139 [main] DEBUG org.hibernate.HQL_FUNCTIONS - Date date(arg)
2026-01-20 12:02:45.139 [main] DEBUG org.hibernate.HQL_FUNCTIONS - dateadd(TEMPORAL_UNIT field, INTEGER magnitude, TEMPORAL datetime)
2026-01-20 12:02:45.139 [main] DEBUG org.hibernate.HQL_FUNCTIONS - Integer datediff(DATE end, DATE start)
2026-01-20 12:02:45.139 [main] DEBUG org.hibernate.HQL_FUNCTIONS - Integer day(DATE arg)
2026-01-20 12:02:45.139 [main] DEBUG org.hibernate.HQL_FUNCTIONS - String dayname(DATE arg)
2026-01-20 12:02:45.139 [main] DEBUG org.hibernate.HQL_FUNCTIONS - Integer dayofmonth(DATE arg)
2026-01-20 12:02:45.139 [main] DEBUG org.hibernate.HQL_FUNCTIONS - Integer dayofweek(DATE arg)
2026-01-20 12:02:45.139 [main] DEBUG org.hibernate.HQL_FUNCTIONS - Integer dayofyear(DATE arg)
2026-01-20 12:02:45.139 [main] DEBUG org.hibernate.HQL_FUNCTIONS - Double degrees(NUMERIC arg)
2026-01-20 12:02:45.139 [main] DEBUG org.hibernate.HQL_FUNCTIONS - Long dense_rank([arg0[, ...]])
2026-01-20 12:02:45.139 [main] DEBUG org.hibernate.HQL_FUNCTIONS - Boolean every(BOOLEAN arg)
2026-01-20 12:02:45.139 [main] DEBUG org.hibernate.HQL_FUNCTIONS - Double exp(NUMERIC arg)
2026-01-20 12:02:45.139 [main] DEBUG org.hibernate.HQL_FUNCTIONS - extract(TEMPORAL_UNIT field from TEMPORAL arg)
2026-01-20 12:02:45.139 [main] DEBUG org.hibernate.HQL_FUNCTIONS - first_valueANY value
2026-01-20 12:02:45.139 [main] DEBUG org.hibernate.HQL_FUNCTIONS - floor(NUMERIC arg)
2026-01-20 12:02:45.139 [main] DEBUG org.hibernate.HQL_FUNCTIONS - String format(TEMPORAL datetime as STRING pattern)
2026-01-20 12:02:45.139 [main] DEBUG org.hibernate.HQL_FUNCTIONS - greatest(COMPARABLE arg0, COMPARABLE arg1[, arg2[, ...]])
2026-01-20 12:02:45.140 [main] DEBUG org.hibernate.HQL_FUNCTIONS - Integer hour(TIME arg)
2026-01-20 12:02:45.140 [main] DEBUG org.hibernate.HQL_FUNCTIONS - ifnull(arg0, arg1)
2026-01-20 12:02:45.140 [main] DEBUG org.hibernate.HQL_FUNCTIONS - String insert(STRING string, INTEGER start, INTEGER length, STRING replacement)
2026-01-20 12:02:45.140 [main] DEBUG org.hibernate.HQL_FUNCTIONS - Instant instant
2026-01-20 12:02:45.140 [main] DEBUG org.hibernate.HQL_FUNCTIONS - Integer instr(STRING string, STRING pattern[, INTEGER start[, INTEGER occurrence]])
2026-01-20 12:02:45.140 [main] DEBUG org.hibernate.HQL_FUNCTIONS - lagANY value[, INTEGER offset[, ANY default]]
2026-01-20 12:02:45.140 [main] DEBUG org.hibernate.HQL_FUNCTIONS - Date last_day(DATE arg)
2026-01-20 12:02:45.140 [main] DEBUG org.hibernate.HQL_FUNCTIONS - last_valueANY value
2026-01-20 12:02:45.140 [main] DEBUG org.hibernate.HQL_FUNCTIONS - leadANY value[, INTEGER offset[, ANY default]]
2026-01-20 12:02:45.140 [main] DEBUG org.hibernate.HQL_FUNCTIONS - least(COMPARABLE arg0, COMPARABLE arg1[, arg2[, ...]])
2026-01-20 12:02:45.140 [main] DEBUG org.hibernate.HQL_FUNCTIONS - String left(STRING string, INTEGER length)
2026-01-20 12:02:45.140 [main] DEBUG org.hibernate.HQL_FUNCTIONS - Integer length(STRING_OR_CLOB arg)
2026-01-20 12:02:45.140 [main] DEBUG org.hibernate.HQL_FUNCTIONS - String listagg(STRING arg0, STRING arg1)
2026-01-20 12:02:45.140 [main] DEBUG org.hibernate.HQL_FUNCTIONS - Double ln(NUMERIC arg)
2026-01-20 12:02:45.140 [main] DEBUG org.hibernate.HQL_FUNCTIONS - LocalDate local date
2026-01-20 12:02:45.140 [main] DEBUG org.hibernate.HQL_FUNCTIONS - LocalDateTime local datetime
2026-01-20 12:02:45.140 [main] DEBUG org.hibernate.HQL_FUNCTIONS - LocalTime local time
2026-01-20 12:02:45.140 [main] DEBUG org.hibernate.HQL_FUNCTIONS - LocalDate local_date
2026-01-20 12:02:45.140 [main] DEBUG org.hibernate.HQL_FUNCTIONS - LocalDateTime local_datetime
2026-01-20 12:02:45.140 [main] DEBUG org.hibernate.HQL_FUNCTIONS - LocalTime local_time
2026-01-20 12:02:45.140 [main] DEBUG org.hibernate.HQL_FUNCTIONS - Timestamp localtime
2026-01-20 12:02:45.140 [main] DEBUG org.hibernate.HQL_FUNCTIONS - Timestamp localtimestamp
2026-01-20 12:02:45.140 [main] DEBUG org.hibernate.HQL_FUNCTIONS - Integer locate(STRING pattern, STRING string[, INTEGER start])
2026-01-20 12:02:45.140 [main] DEBUG org.hibernate.HQL_FUNCTIONS - Double log(NUMERIC arg0[, NUMERIC arg1])
2026-01-20 12:02:45.140 [main] DEBUG org.hibernate.HQL_FUNCTIONS - Double log10(NUMERIC arg)
2026-01-20 12:02:45.140 [main] DEBUG org.hibernate.HQL_FUNCTIONS - Double log2(NUMERIC arg)
2026-01-20 12:02:45.140 [main] DEBUG org.hibernate.HQL_FUNCTIONS - String lower(STRING string)
2026-01-20 12:02:45.141 [main] DEBUG org.hibernate.HQL_FUNCTIONS - String lpad(string, length[, padding])
2026-01-20 12:02:45.141 [main] DEBUG org.hibernate.HQL_FUNCTIONS - String ltrim(STRING string[, STRING characters])
2026-01-20 12:02:45.141 [main] DEBUG org.hibernate.HQL_FUNCTIONS - Date makedate(INTEGER year, INTEGER dayofyear)
2026-01-20 12:02:45.141 [main] DEBUG org.hibernate.HQL_FUNCTIONS - Time maketime(INTEGER hour, INTEGER min, INTEGER sec)
2026-01-20 12:02:45.141 [main] DEBUG org.hibernate.HQL_FUNCTIONS - max(COMPARABLE arg)
2026-01-20 12:02:45.141 [main] DEBUG org.hibernate.HQL_FUNCTIONS - String md5(arg)
2026-01-20 12:02:45.141 [main] DEBUG org.hibernate.HQL_FUNCTIONS - Integer microsecond(TIME arg)
2026-01-20 12:02:45.141 [main] DEBUG org.hibernate.HQL_FUNCTIONS - min(COMPARABLE arg)
2026-01-20 12:02:45.141 [main] DEBUG org.hibernate.HQL_FUNCTIONS - Integer minute(TIME arg)
2026-01-20 12:02:45.141 [main] DEBUG org.hibernate.HQL_FUNCTIONS - Integer mod(INTEGER arg0, INTEGER arg1)
2026-01-20 12:02:45.141 [main] DEBUG org.hibernate.HQL_FUNCTIONS - Integer month(DATE arg)
2026-01-20 12:02:45.141 [main] DEBUG org.hibernate.HQL_FUNCTIONS - String monthname(DATE arg)
2026-01-20 12:02:45.141 [main] DEBUG org.hibernate.HQL_FUNCTIONS - Timestamp now()
2026-01-20 12:02:45.141 [main] DEBUG org.hibernate.HQL_FUNCTIONS - nth_valueANY value, INTEGER nth
2026-01-20 12:02:45.141 [main] DEBUG org.hibernate.HQL_FUNCTIONS - nullif(arg0, arg1)
2026-01-20 12:02:45.141 [main] DEBUG org.hibernate.HQL_FUNCTIONS - Integer octet_length(STRING_OR_CLOB arg)
2026-01-20 12:02:45.141 [main] DEBUG org.hibernate.HQL_FUNCTIONS - OffsetDateTime offset datetime
2026-01-20 12:02:45.141 [main] DEBUG org.hibernate.HQL_FUNCTIONS - OffsetDateTime offset_datetime
2026-01-20 12:02:45.141 [main] DEBUG org.hibernate.HQL_FUNCTIONS - String overlay(STRING string placing STRING replacement from INTEGER start[ for INTEGER length])
2026-01-20 12:02:45.141 [main] DEBUG org.hibernate.HQL_FUNCTIONS - String pad(STRING string with INTEGER length {leading|trailing}[ STRING character])
2026-01-20 12:02:45.141 [main] DEBUG org.hibernate.HQL_FUNCTIONS - Double percent_rank([arg0[, ...]])
2026-01-20 12:02:45.141 [main] DEBUG org.hibernate.HQL_FUNCTIONS - Double pi
2026-01-20 12:02:45.141 [main] DEBUG org.hibernate.HQL_FUNCTIONS - Integer position(STRING pattern in STRING string)
2026-01-20 12:02:45.141 [main] DEBUG org.hibernate.HQL_FUNCTIONS - Double power(NUMERIC arg0, NUMERIC arg1)
2026-01-20 12:02:45.141 [main] DEBUG org.hibernate.HQL_FUNCTIONS - Integer quarter(DATE arg)
2026-01-20 12:02:45.141 [main] DEBUG org.hibernate.HQL_FUNCTIONS - Double radians(NUMERIC arg)
2026-01-20 12:02:45.141 [main] DEBUG org.hibernate.HQL_FUNCTIONS - Double rand([INTEGER seed])
2026-01-20 12:02:45.141 [main] DEBUG org.hibernate.HQL_FUNCTIONS - Long rank([arg0[, ...]])
2026-01-20 12:02:45.141 [main] DEBUG org.hibernate.HQL_FUNCTIONS - String repeat(STRING string, INTEGER times)
2026-01-20 12:02:45.141 [main] DEBUG org.hibernate.HQL_FUNCTIONS - String replace(STRING string, STRING pattern, STRING replacement)
2026-01-20 12:02:45.141 [main] DEBUG org.hibernate.HQL_FUNCTIONS - String reverse(STRING arg)
2026-01-20 12:02:45.141 [main] DEBUG org.hibernate.HQL_FUNCTIONS - String right(STRING string, INTEGER length)
2026-01-20 12:02:45.141 [main] DEBUG org.hibernate.HQL_FUNCTIONS - round(NUMERIC number[, INTEGER places])
2026-01-20 12:02:45.141 [main] DEBUG org.hibernate.HQL_FUNCTIONS - Long row_number()
2026-01-20 12:02:45.141 [main] DEBUG org.hibernate.HQL_FUNCTIONS - String rpad(string, length[, padding])
2026-01-20 12:02:45.141 [main] DEBUG org.hibernate.HQL_FUNCTIONS - String rtrim(STRING string[, STRING characters])
2026-01-20 12:02:45.141 [main] DEBUG org.hibernate.HQL_FUNCTIONS - Integer second(TIME arg)
2026-01-20 12:02:45.141 [main] DEBUG org.hibernate.HQL_FUNCTIONS - String sha(arg)
2026-01-20 12:02:45.141 [main] DEBUG org.hibernate.HQL_FUNCTIONS - String sha1(arg)
2026-01-20 12:02:45.142 [main] DEBUG org.hibernate.HQL_FUNCTIONS - String sha2(arg0, arg1)
2026-01-20 12:02:45.142 [main] DEBUG org.hibernate.HQL_FUNCTIONS - Integer sign(NUMERIC arg)
2026-01-20 12:02:45.142 [main] DEBUG org.hibernate.HQL_FUNCTIONS - Double sin(NUMERIC arg)
2026-01-20 12:02:45.142 [main] DEBUG org.hibernate.HQL_FUNCTIONS - Double sinh(NUMERIC arg)
2026-01-20 12:02:45.142 [main] DEBUG org.hibernate.HQL_FUNCTIONS - String soundex(arg)
2026-01-20 12:02:45.142 [main] DEBUG org.hibernate.HQL_FUNCTIONS - String space(INTEGER arg)
2026-01-20 12:02:45.142 [main] DEBUG org.hibernate.HQL_FUNCTIONS - Object sql
2026-01-20 12:02:45.142 [main] DEBUG org.hibernate.HQL_FUNCTIONS - Double sqrt(NUMERIC arg)
2026-01-20 12:02:45.142 [main] DEBUG org.hibernate.HQL_FUNCTIONS - Double stddev(NUMERIC arg)
2026-01-20 12:02:45.142 [main] DEBUG org.hibernate.HQL_FUNCTIONS - Double stddev_pop(NUMERIC arg)
2026-01-20 12:02:45.142 [main] DEBUG org.hibernate.HQL_FUNCTIONS - Double stddev_samp(NUMERIC arg)
2026-01-20 12:02:45.142 [main] DEBUG org.hibernate.HQL_FUNCTIONS - String str(arg)
2026-01-20 12:02:45.142 [main] DEBUG org.hibernate.HQL_FUNCTIONS - subdate(DATE datetime, INTEGER days)
2026-01-20 12:02:45.142 [main] DEBUG org.hibernate.HQL_FUNCTIONS - String substr(STRING string, INTEGER start[, INTEGER length])
2026-01-20 12:02:45.142 [main] DEBUG org.hibernate.HQL_FUNCTIONS - String substring(STRING string{ from|,} INTEGER start[{ for|,} INTEGER length])
2026-01-20 12:02:45.142 [main] DEBUG org.hibernate.HQL_FUNCTIONS - subtime(TIME datetime, TIME time)
2026-01-20 12:02:45.142 [main] DEBUG org.hibernate.HQL_FUNCTIONS - sum(arg)
2026-01-20 12:02:45.142 [main] DEBUG org.hibernate.HQL_FUNCTIONS - Timestamp sysdate()
2026-01-20 12:02:45.142 [main] DEBUG org.hibernate.HQL_FUNCTIONS - Double tan(NUMERIC arg)
2026-01-20 12:02:45.142 [main] DEBUG org.hibernate.HQL_FUNCTIONS - Double tanh(NUMERIC arg)
2026-01-20 12:02:45.142 [main] DEBUG org.hibernate.HQL_FUNCTIONS - String time(arg)
2026-01-20 12:02:45.142 [main] DEBUG org.hibernate.HQL_FUNCTIONS - Timestamp timestamp(arg0[, arg1])
2026-01-20 12:02:45.142 [main] DEBUG org.hibernate.HQL_FUNCTIONS - timestampadd(TEMPORAL_UNIT field, INTEGER magnitude, TEMPORAL datetime)
2026-01-20 12:02:45.142 [main] DEBUG org.hibernate.HQL_FUNCTIONS - basicType@9(java.lang.Long,-5)|basicType@17(java.lang.Double,8) timestampdiff(TEMPORAL_UNIT field, TEMPORAL start, TEMPORAL end)
2026-01-20 12:02:45.142 [main] DEBUG org.hibernate.HQL_FUNCTIONS - String trim([[{leading|trailing|both} ][STRING arg0 ]from] STRING arg1)
2026-01-20 12:02:45.142 [main] DEBUG org.hibernate.HQL_FUNCTIONS - trunc( ... )
2026-01-20 12:02:45.142 [main] DEBUG org.hibernate.HQL_FUNCTIONS - truncate( ... )
2026-01-20 12:02:45.142 [main] DEBUG org.hibernate.HQL_FUNCTIONS - String upper(STRING string)
2026-01-20 12:02:45.142 [main] DEBUG org.hibernate.HQL_FUNCTIONS - Date utc_date
2026-01-20 12:02:45.142 [main] DEBUG org.hibernate.HQL_FUNCTIONS - Time utc_time
2026-01-20 12:02:45.142 [main] DEBUG org.hibernate.HQL_FUNCTIONS - Timestamp utc_timestamp
2026-01-20 12:02:45.142 [main] DEBUG org.hibernate.HQL_FUNCTIONS - Double var_pop(NUMERIC arg)
2026-01-20 12:02:45.142 [main] DEBUG org.hibernate.HQL_FUNCTIONS - Double var_samp(NUMERIC arg)
2026-01-20 12:02:45.142 [main] DEBUG org.hibernate.HQL_FUNCTIONS - Double variance(NUMERIC arg)
2026-01-20 12:02:45.142 [main] DEBUG org.hibernate.HQL_FUNCTIONS - Integer week(DATE arg)
2026-01-20 12:02:45.142 [main] DEBUG org.hibernate.HQL_FUNCTIONS - Integer year(DATE arg)
2026-01-20 12:02:45.147 [main] DEBUG org.hibernate.orm.query.plan.cache - Starting QueryInterpretationCache(2048)
2026-01-20 12:02:45.195 [main] DEBUG org.hibernate.service.internal.SessionFactoryServiceRegistryImpl - EventListenerRegistry access via ServiceRegistry is deprecated.  Use `sessionFactory.getEventEngine().getListenerRegistry()` instead
2026-01-20 12:02:45.196 [main] DEBUG org.hibernate.event.internal.EntityCopyObserverFactoryInitiator - Configured EntityCopyObserver strategy: disallow
2026-01-20 12:02:45.239 [main] DEBUG org.hibernate.boot.internal.ClassLoaderAccessImpl - Not known whether passed class name [modelo.Persona] is safe
2026-01-20 12:02:45.239 [main] DEBUG org.hibernate.boot.internal.ClassLoaderAccessImpl - No temp ClassLoader provided; using live ClassLoader for loading potentially unsafe class : modelo.Persona
2026-01-20 12:02:45.364 [main] DEBUG org.hibernate.bytecode.internal.bytebuddy.BytecodeProviderImpl - HHH000513: Unable to create the ReflectionOptimizer for [modelo.Persona]: private accessor [edad]
2026-01-20 12:02:45.384 [main] DEBUG org.hibernate.ormbytecode.interceptor - To-one property `modelo.Reunion#sala` was mapped with LAZY + NO_PROXY but the class was not enhanced
2026-01-20 12:02:45.386 [main] DEBUG org.hibernate.ormbytecode.interceptor - To-one property `modelo.Reunion#sala` was mapped with LAZY + NO_PROXY but the class was not enhanced
2026-01-20 12:02:45.388 [main] DEBUG org.hibernate.boot.internal.ClassLoaderAccessImpl - Not known whether passed class name [modelo.Reunion] is safe
2026-01-20 12:02:45.388 [main] DEBUG org.hibernate.boot.internal.ClassLoaderAccessImpl - No temp ClassLoader provided; using live ClassLoader for loading potentially unsafe class : modelo.Reunion
2026-01-20 12:02:45.403 [main] DEBUG org.hibernate.bytecode.internal.bytebuddy.BytecodeProviderImpl - HHH000513: Unable to create the ReflectionOptimizer for [modelo.Reunion]: private accessor [asunto]
2026-01-20 12:02:45.404 [main] DEBUG org.hibernate.ormbytecode.interceptor - To-one property `modelo.Reunion#sala` was mapped with LAZY + NO_PROXY but the class was not enhanced
2026-01-20 12:02:45.406 [main] DEBUG org.hibernate.boot.internal.ClassLoaderAccessImpl - Not known whether passed class name [modelo.Sala] is safe
2026-01-20 12:02:45.406 [main] DEBUG org.hibernate.boot.internal.ClassLoaderAccessImpl - No temp ClassLoader provided; using live ClassLoader for loading potentially unsafe class : modelo.Sala
2026-01-20 12:02:45.414 [main] DEBUG org.hibernate.bytecode.internal.bytebuddy.BytecodeProviderImpl - HHH000513: Unable to create the ReflectionOptimizer for [modelo.Sala]: private accessor [capacidad]
2026-01-20 12:02:45.433 [main] DEBUG org.hibernate.orm.model.mapping.creation - Starting post-init callbacks
2026-01-20 12:02:45.433 [main] DEBUG org.hibernate.orm.model.mapping.creation - Starting PostInitCallbackEntry : Entity(modelo.Persona) `staticFetchableList` generator
2026-01-20 12:02:45.434 [main] DEBUG org.hibernate.orm.model.mapping.creation - Starting PostInitCallbackEntry : Entity(modelo.Persona) `sqmMultiTableInsertStrategy` interpretation
2026-01-20 12:02:45.438 [main] DEBUG org.hibernate.orm.model.mapping.creation - Starting PostInitCallbackEntry : To-one key - NavigableRole[modelo.Reunion.sala]
2026-01-20 12:02:45.441 [main] DEBUG org.hibernate.orm.model.mapping.creation - Starting PostInitCallbackEntry : Entity(modelo.Reunion) `staticFetchableList` generator
2026-01-20 12:02:45.441 [main] DEBUG org.hibernate.orm.model.mapping.creation - Starting PostInitCallbackEntry : Entity(modelo.Reunion) `sqmMultiTableInsertStrategy` interpretation
2026-01-20 12:02:45.441 [main] DEBUG org.hibernate.orm.model.mapping.creation - Starting PostInitCallbackEntry : Entity(modelo.Sala) `staticFetchableList` generator
2026-01-20 12:02:45.442 [main] DEBUG org.hibernate.orm.model.mapping.creation - Starting PostInitCallbackEntry : Entity(modelo.Sala) `sqmMultiTableInsertStrategy` interpretation
2026-01-20 12:02:45.488 [main] DEBUG org.hibernate.orm.sql.ast.create - Created new SQL alias : p1_0
2026-01-20 12:02:45.489 [main] DEBUG org.hibernate.orm.sql.ast.create - Registration of TableGroup [StandardTableGroup(modelo.Persona)] with identifierForTableGroup [modelo.Persona] for NavigablePath [modelo.Persona] 
2026-01-20 12:02:45.500 [main] DEBUG org.hibernate.orm.results.graph.AST - DomainResult Graph:
 \-EntityResultImpl [modelo.Persona]
 |  +-BasicFetch [modelo.Persona.edad]
 |  +-BasicFetch [modelo.Persona.email]
 |  +-BasicFetch [modelo.Persona.fechaNacimiento]
 |  +-BasicFetch [modelo.Persona.nombreApellido]
 |  \-BasicFetch [modelo.Persona.telefono]

2026-01-20 12:02:45.502 [main] DEBUG org.hibernate.orm.sql.ast.tree - SQL AST Tree:
    SelectStatement {
      FromClause {
        StandardTableGroup (p1 : modelo.Persona) {
          primaryTableReference : persona as p1_0
        }
      }
    }

2026-01-20 12:02:45.509 [main] DEBUG org.hibernate.persister.entity.AbstractEntityPersister - Static SQL for entity: modelo.Persona
2026-01-20 12:02:45.509 [main] DEBUG org.hibernate.persister.entity.AbstractEntityPersister -  Version select: select dni from persona where dni=?
2026-01-20 12:02:45.509 [main] DEBUG org.hibernate.persister.entity.AbstractEntityPersister -  Insert (0): insert into persona (edad,email,fechaNacimiento,nombreApellido,telefono,dni) values (?,?,?,?,?,?)
2026-01-20 12:02:45.509 [main] DEBUG org.hibernate.persister.entity.AbstractEntityPersister -  Update (0): update persona set edad=?,email=?,fechaNacimiento=?,nombreApellido=?,telefono=? where dni=?
2026-01-20 12:02:45.509 [main] DEBUG org.hibernate.persister.entity.AbstractEntityPersister -  Delete (0): delete from persona where dni=?
2026-01-20 12:02:45.509 [main] DEBUG org.hibernate.orm.sql.ast.create - Created new SQL alias : r1_0
2026-01-20 12:02:45.510 [main] DEBUG org.hibernate.orm.sql.ast.create - Registration of TableGroup [StandardTableGroup(modelo.Reunion)] with identifierForTableGroup [modelo.Reunion] for NavigablePath [modelo.Reunion] 
2026-01-20 12:02:45.512 [main] DEBUG org.hibernate.orm.sql.ast.create - Registration of TableGroup [org.hibernate.sql.ast.tree.from.LazyTableGroup@649b5891] with identifierForTableGroup [modelo.Reunion.sala] for NavigablePath [modelo.Reunion.sala] 
2026-01-20 12:02:45.513 [main] DEBUG org.hibernate.orm.sql.ast.create - Created new SQL alias : s1_0
2026-01-20 12:02:45.514 [main] DEBUG org.hibernate.orm.results.graph.AST - DomainResult Graph:
 \-EntityResultImpl [modelo.Reunion]
 |  +-BasicFetch [modelo.Reunion.asunto]
 |  +-BasicFetch [modelo.Reunion.fecha]
 |  \-EntityFetchJoinedImpl [modelo.Reunion.sala]

2026-01-20 12:02:45.514 [main] DEBUG org.hibernate.orm.sql.ast.tree - SQL AST Tree:
    SelectStatement {
      FromClause {
        StandardTableGroup (r1 : modelo.Reunion) {
          primaryTableReference : reunion as r1_0
          TableGroupJoins {
            left  join LazyTableGroup (s1 : modelo.Reunion.sala) {
              primaryTableReference : sala as s1_0
            }
          }
        }
      }
    }

2026-01-20 12:02:45.514 [main] DEBUG org.hibernate.persister.entity.AbstractEntityPersister - Static SQL for entity: modelo.Reunion
2026-01-20 12:02:45.514 [main] DEBUG org.hibernate.persister.entity.AbstractEntityPersister -  Version select: select idReunion from reunion where idReunion=?
2026-01-20 12:02:45.514 [main] DEBUG org.hibernate.persister.entity.AbstractEntityPersister -  Insert (0): insert into reunion (asunto,fecha,idSala,idReunion) values (?,?,?,?)
2026-01-20 12:02:45.514 [main] DEBUG org.hibernate.persister.entity.AbstractEntityPersister -  Update (0): update reunion set asunto=?,fecha=?,idSala=? where idReunion=?
2026-01-20 12:02:45.514 [main] DEBUG org.hibernate.persister.entity.AbstractEntityPersister -  Delete (0): delete from reunion where idReunion=?
2026-01-20 12:02:45.514 [main] DEBUG org.hibernate.orm.sql.ast.create - Created new SQL alias : s1_0
2026-01-20 12:02:45.514 [main] DEBUG org.hibernate.orm.sql.ast.create - Registration of TableGroup [StandardTableGroup(modelo.Sala)] with identifierForTableGroup [modelo.Sala] for NavigablePath [modelo.Sala] 
2026-01-20 12:02:45.515 [main] DEBUG org.hibernate.orm.results.graph.AST - DomainResult Graph:
 \-EntityResultImpl [modelo.Sala]
 |  +-BasicFetch [modelo.Sala.capacidad]
 |  \-BasicFetch [modelo.Sala.nombre]

2026-01-20 12:02:45.515 [main] DEBUG org.hibernate.orm.sql.ast.tree - SQL AST Tree:
    SelectStatement {
      FromClause {
        StandardTableGroup (s1 : modelo.Sala) {
          primaryTableReference : sala as s1_0
        }
      }
    }

2026-01-20 12:02:45.515 [main] DEBUG org.hibernate.persister.entity.AbstractEntityPersister - Static SQL for entity: modelo.Sala
2026-01-20 12:02:45.515 [main] DEBUG org.hibernate.persister.entity.AbstractEntityPersister -  Version select: select idSala from sala where idSala=?
2026-01-20 12:02:45.515 [main] DEBUG org.hibernate.persister.entity.AbstractEntityPersister -  Insert (0): insert into sala (capacidad,nombre,idSala) values (?,?,?)
2026-01-20 12:02:45.515 [main] DEBUG org.hibernate.persister.entity.AbstractEntityPersister -  Update (0): update sala set capacidad=?,nombre=? where idSala=?
2026-01-20 12:02:45.515 [main] DEBUG org.hibernate.persister.entity.AbstractEntityPersister -  Delete (0): delete from sala where idSala=?
2026-01-20 12:02:45.533 [main] DEBUG org.hibernate.engine.transaction.jta.platform.internal.JtaPlatformInitiator - No JtaPlatform was specified, checking resolver
2026-01-20 12:02:45.533 [main] DEBUG org.hibernate.engine.transaction.jta.platform.internal.JtaPlatformResolverInitiator - No JtaPlatformResolver was specified, using default [org.hibernate.engine.transaction.jta.platform.internal.StandardJtaPlatformResolver]
2026-01-20 12:02:45.536 [main] DEBUG org.hibernate.engine.transaction.jta.platform.internal.StandardJtaPlatformResolver - Could not resolve JtaPlatform, using default [org.hibernate.engine.transaction.jta.platform.internal.NoJtaPlatform]
2026-01-20 12:02:45.536 [main] INFO  org.hibernate.engine.transaction.jta.platform.internal.JtaPlatformInitiator - HHH000489: No JTA platform available (set 'hibernate.transaction.jta.platform' to enable JTA platform integration)
2026-01-20 12:02:45.537 [main] DEBUG org.hibernate.type.spi.TypeConfiguration$Scope - Scoping TypeConfiguration [org.hibernate.type.spi.TypeConfiguration@a20b94b] to SessionFactoryImplementor [org.hibernate.internal.SessionFactoryImpl@388be5fd]
2026-01-20 12:02:45.537 [main] DEBUG org.hibernate.query.named.NamedObjectRepository - Checking 0 named HQL queries
2026-01-20 12:02:45.537 [main] DEBUG org.hibernate.query.named.NamedObjectRepository - Checking 0 named SQL queries
2026-01-20 12:02:45.553 [main] INFO  org.hibernate.orm.connections.access - HHH10001501: Connection obtained from JdbcConnectionAccess [org.hibernate.engine.jdbc.env.internal.JdbcEnvironmentInitiator$ConnectionProviderJdbcConnectionAccess@22048bd6] for (non-JTA) DDL execution was not in auto-commit mode; the Connection 'local transaction' will be committed and the Connection will be set into auto-commit mode.
2026-01-20 12:02:45.571 [main] DEBUG org.hibernate.mapping.Table - No alter strings for table : persona
2026-01-20 12:02:45.571 [main] DEBUG org.hibernate.mapping.Table - No alter strings for table : persona_SEQ
2026-01-20 12:02:45.572 [main] DEBUG org.hibernate.SQL - 
    alter table reunion 
       add column idSala integer
2026-01-20 12:02:45.588 [main] DEBUG org.hibernate.mapping.Table - No alter strings for table : reunion_SEQ
2026-01-20 12:02:45.588 [main] DEBUG org.hibernate.mapping.Table - No alter strings for table : sala
2026-01-20 12:02:45.588 [main] DEBUG org.hibernate.mapping.Table - No alter strings for table : sala_SEQ
2026-01-20 12:02:45.598 [main] DEBUG org.hibernate.SQL - 
    alter table reunion 
       add constraint FKbwalj0pcwrb1xtwwvwsnpor2r 
       foreign key (idSala) 
       references sala (idSala)
2026-01-20 12:02:45.665 [main] DEBUG org.hibernate.internal.SessionFactoryRegistry - Initializing SessionFactoryRegistry : org.hibernate.internal.SessionFactoryRegistry@221ca495
2026-01-20 12:02:45.665 [main] DEBUG org.hibernate.internal.SessionFactoryRegistry - Registering SessionFactory: 36e17eee-6776-45b1-a87f-d9ad4346e3e5 (<unnamed>)
2026-01-20 12:02:45.665 [main] DEBUG org.hibernate.internal.SessionFactoryRegistry - Not binding SessionFactory to JNDI, no JNDI name configured
2026-01-20 12:02:45.665 [main] DEBUG org.hibernate.internal.SessionFactoryImpl - Instantiated SessionFactory
2026-01-20 12:02:45.686 [main] DEBUG org.hibernate.stat.internal.StatisticsInitiator - Statistics initialized [enabled=false]
2026-01-20 12:02:45.690 [main] DEBUG org.hibernate.engine.transaction.internal.TransactionImpl - On TransactionImpl creation, JpaCompliance#isJpaTransactionComplianceEnabled == false
2026-01-20 12:02:45.690 [main] DEBUG org.hibernate.engine.transaction.internal.TransactionImpl - begin
2026-01-20 12:02:45.703 [main] DEBUG org.hibernate.SQL - 
    select
        next_val as id_val 
    from
        reunion_SEQ for update
2026-01-20 12:02:45.705 [main] DEBUG org.hibernate.SQL - 
    update
        reunion_SEQ 
    set
        next_val= ? 
    where
        next_val=?
2026-01-20 12:02:45.714 [main] DEBUG org.hibernate.event.internal.AbstractSaveEventListener - Generated identifier: 2, using strategy: org.hibernate.id.enhanced.SequenceStyleGenerator
2026-01-20 12:02:45.719 [main] DEBUG org.hibernate.SQL - 
    select
        next_val as id_val 
    from
        sala_SEQ for update
2026-01-20 12:02:45.721 [main] DEBUG org.hibernate.SQL - 
    update
        sala_SEQ 
    set
        next_val= ? 
    where
        next_val=?
2026-01-20 12:02:45.727 [main] DEBUG org.hibernate.event.internal.AbstractSaveEventListener - Generated identifier: 52, using strategy: org.hibernate.id.enhanced.SequenceStyleGenerator
2026-01-20 12:02:45.732 [main] DEBUG org.hibernate.engine.transaction.internal.TransactionImpl - committing
2026-01-20 12:02:45.732 [main] DEBUG org.hibernate.event.internal.AbstractFlushingEventListener - Processing flush-time cascades
2026-01-20 12:02:45.733 [main] DEBUG org.hibernate.event.internal.AbstractFlushingEventListener - Dirty checking collections
2026-01-20 12:02:45.735 [main] DEBUG org.hibernate.event.internal.AbstractFlushingEventListener - Flushed: 2 insertions, 0 updates, 0 deletions to 2 objects
2026-01-20 12:02:45.735 [main] DEBUG org.hibernate.event.internal.AbstractFlushingEventListener - Flushed: 0 (re)creations, 0 updates, 0 removals to 0 collections
2026-01-20 12:02:45.736 [main] DEBUG org.hibernate.internal.util.EntityPrinter - Listing entities:
2026-01-20 12:02:45.736 [main] DEBUG org.hibernate.internal.util.EntityPrinter - modelo.Reunion{fecha=2026-01-23T12:02:44.198521300, idReunion=2, sala=modelo.Sala#52, asunto=Reunion futura}
2026-01-20 12:02:45.736 [main] DEBUG org.hibernate.internal.util.EntityPrinter - modelo.Sala{idSala=52, nombre=Sala De Crisis, capacidad=3}
2026-01-20 12:02:45.741 [main] DEBUG org.hibernate.SQL - 
    insert 
    into
        sala
        (capacidad, nombre, idSala) 
    values
        (?, ?, ?)
2026-01-20 12:02:45.746 [main] DEBUG org.hibernate.SQL - 
    insert 
    into
        reunion
        (asunto, fecha, idSala, idReunion) 
    values
        (?, ?, ?, ?)
2026-01-20 12:02:45.758 [main] DEBUG org.hibernate.resource.jdbc.internal.LogicalConnectionManagedImpl - Initiating JDBC connection release from afterTransaction
2026-01-20 12:02:45.759 [main] DEBUG org.hibernate.resource.jdbc.internal.LogicalConnectionManagedImpl - Initiating JDBC connection release from afterTransaction
2026-01-20 12:02:45.761 [main] DEBUG org.hibernate.orm.query.hql - HQL : FROM modelo.Reunion
2026-01-20 12:02:45.934 [main] DEBUG org.hibernate.orm.query.sqm.ast - SqmStatement Tree :
    -> [select]
      -> [query-spec]
        -> [select]
          -> [selection]
            -> [root] - `modelo.Reunion(7194612440600)`
            <- [root] - `modelo.Reunion(7194612440600)`
          <- [selection]
        <- [select]
        -> [from]
          -> [root] - `modelo.Reunion(7194612440600)`
          <- [root] - `modelo.Reunion(7194612440600)`
        <- [from]
      <- [query-spec]
    <- [select]

2026-01-20 12:02:45.969 [main] DEBUG org.hibernate.orm.sql.ast.create - Created new SQL alias : r1_0
2026-01-20 12:02:45.970 [main] DEBUG org.hibernate.orm.sql.ast.create - Registration of TableGroup [StandardTableGroup(modelo.Reunion(7194612440600))] with identifierForTableGroup [modelo.Reunion] for NavigablePath [modelo.Reunion] 
2026-01-20 12:02:45.974 [main] DEBUG org.hibernate.orm.sql.ast.create - Registration of TableGroup [org.hibernate.sql.ast.tree.from.LazyTableGroup@531ec2ca] with identifierForTableGroup [modelo.Reunion.sala] for NavigablePath [modelo.Reunion.sala] 
2026-01-20 12:02:45.977 [main] DEBUG org.hibernate.orm.results.graph.AST - DomainResult Graph:
 \-EntityResultImpl [modelo.Reunion(7194612440600)]
 |  +-BasicFetch [modelo.Reunion(7194612440600).asunto]
 |  +-BasicFetch [modelo.Reunion(7194612440600).fecha]
 |  \-EntityFetchSelectImpl [modelo.Reunion(7194612440600).sala]

2026-01-20 12:02:45.977 [main] DEBUG org.hibernate.orm.sql.ast.tree - SQL AST Tree:
    SelectStatement {
      FromClause {
        StandardTableGroup (r1 : modelo.Reunion(7194612440600)) {
          primaryTableReference : reunion as r1_0
          TableGroupJoins {
            left  join LazyTableGroup (s1 : modelo.Reunion(7194612440600).sala) {
            }
          }
        }
      }
    }

2026-01-20 12:02:45.984 [main] DEBUG org.hibernate.orm.sql.exec - Skipping reading Query result cache data: cache-enabled = false, cache-mode = NORMAL
2026-01-20 12:02:45.995 [main] DEBUG org.hibernate.orm.results - Initializer list:
	  modelo.Reunion(7194612440600).sala -> EntitySelectFetchInitializer(modelo.Reunion(7194612440600).sala)@270276013 (ToOneAttributeMapping(NavigableRole[modelo.Reunion.sala])@1855463032)
	  modelo.Reunion(7194612440600) -> EntityResultInitializer(modelo.Reunion(7194612440600))@1233800546 (SingleTableEntityPersister(modelo.Reunion))

2026-01-20 12:02:45.997 [main] DEBUG org.hibernate.SQL - 
    select
        r1_0.idReunion,
        r1_0.asunto,
        r1_0.fecha,
        r1_0.idSala 
    from
        reunion r1_0
2026-01-20 12:02:46.003 [main] DEBUG org.hibernate.orm.results - Extracted JDBC value [0] - [1]
2026-01-20 12:02:46.003 [main] DEBUG org.hibernate.orm.results.loading.entity - (EntityResultInitializer) Hydrated EntityKey (modelo.Reunion(7194612440600)): 1
2026-01-20 12:02:46.003 [main] DEBUG org.hibernate.orm.results.loading.entity - (EntityResultInitializer) Created new entity instance [modelo.Reunion(7194612440600)#1] : 1471278212
2026-01-20 12:02:46.003 [main] DEBUG org.hibernate.orm.results - Extracted JDBC value [3] - [null]
2026-01-20 12:02:46.003 [main] DEBUG org.hibernate.orm.results - Extracted JDBC value [1] - [Reunion futura]
2026-01-20 12:02:46.004 [main] DEBUG org.hibernate.orm.results - Extracted JDBC value [2] - [2026-01-23T10:54:05.273539]
2026-01-20 12:02:46.004 [main] DEBUG org.hibernate.orm.results.loading.entity - (EntityResultInitializer) Done materializing entityInstance : modelo.Reunion(7194612440600)#1
2026-01-20 12:02:46.004 [main] DEBUG org.hibernate.orm.results.loading - Calling top-level assembler (0 / 1) : org.hibernate.sql.results.graph.entity.internal.EntityAssembler@1dca62c2
2026-01-20 12:02:46.005 [main] DEBUG org.hibernate.orm.results - Extracted JDBC value [0] - [2]
2026-01-20 12:02:46.005 [main] DEBUG org.hibernate.orm.results.loading.entity - (EntityResultInitializer) Hydrated EntityKey (modelo.Reunion(7194612440600)): 2
2026-01-20 12:02:46.005 [main] DEBUG org.hibernate.orm.results.loading.entity - (EntityResultInitializer) Created new entity instance [modelo.Reunion(7194612440600)#2] : 571585615
2026-01-20 12:02:46.005 [main] DEBUG org.hibernate.orm.results - Extracted JDBC value [3] - [52]
2026-01-20 12:02:46.005 [main] DEBUG org.hibernate.orm.results.loading.entity - (EntitySelectFetchInitializer) Invoking session#internalLoad for entity (modelo.Reunion(7194612440600).sala#52) : 52
2026-01-20 12:02:46.008 [main] DEBUG org.hibernate.orm.sql.exec - Skipping reading Query result cache data: cache-enabled = false, cache-mode = IGNORE
2026-01-20 12:02:46.009 [main] DEBUG org.hibernate.orm.results - Initializer list:
	  modelo.Sala -> EntityResultInitializer(modelo.Sala)@2099033503 (SingleTableEntityPersister(modelo.Sala))

2026-01-20 12:02:46.009 [main] DEBUG org.hibernate.SQL - 
    select
        s1_0.idSala,
        s1_0.capacidad,
        s1_0.nombre 
    from
        sala s1_0 
    where
        s1_0.idSala=?
2026-01-20 12:02:46.010 [main] DEBUG org.hibernate.orm.results.loading.entity - (EntityResultInitializer) Hydrated EntityKey (modelo.Sala): 52
2026-01-20 12:02:46.010 [main] DEBUG org.hibernate.orm.results.loading.entity - (EntityResultInitializer) Created new entity instance [modelo.Sala#52] : 1870274778
2026-01-20 12:02:46.011 [main] DEBUG org.hibernate.orm.results - Extracted JDBC value [1] - [3]
2026-01-20 12:02:46.011 [main] DEBUG org.hibernate.orm.results - Extracted JDBC value [2] - [Sala De Crisis]
2026-01-20 12:02:46.011 [main] DEBUG org.hibernate.orm.results.loading.entity - (EntityResultInitializer) Done materializing entityInstance : modelo.Sala#52
2026-01-20 12:02:46.011 [main] DEBUG org.hibernate.orm.results.loading - Calling top-level assembler (0 / 1) : org.hibernate.sql.results.graph.entity.internal.EntityAssembler@7752c0e7
2026-01-20 12:02:46.012 [main] DEBUG org.hibernate.orm.results.loading.entity - (EntitySelectFetchInitializer) Entity [modelo.Reunion(7194612440600).sala#52] : 52 has being loaded by session.internalLoad.
2026-01-20 12:02:46.012 [main] DEBUG org.hibernate.orm.results - Extracted JDBC value [1] - [Reunion futura]
2026-01-20 12:02:46.012 [main] DEBUG org.hibernate.orm.results - Extracted JDBC value [2] - [2026-01-23T12:02:44.198521]
2026-01-20 12:02:46.012 [main] DEBUG org.hibernate.orm.results.loading.entity - (EntityResultInitializer) Done materializing entityInstance : modelo.Reunion(7194612440600)#2
2026-01-20 12:02:46.012 [main] DEBUG org.hibernate.orm.results.loading - Calling top-level assembler (0 / 1) : org.hibernate.sql.results.graph.entity.internal.EntityAssembler@1dca62c2
2026-01-20 12:02:46.012 [main] DEBUG org.hibernate.resource.jdbc.internal.LogicalConnectionManagedImpl - Initiating JDBC connection release from afterTransaction
2026-01-20 12:02:46.013 [main] DEBUG org.hibernate.resource.jdbc.internal.LogicalConnectionManagedImpl - Initiating JDBC connection release from afterTransaction
2026-01-20 12:02:46.017 [main] DEBUG controlador.GestionaReuniones - Reunion [idReunion=1, fecha=2026-01-23T10:54:05.273539, asunto=Reunion futura, sala=null]
2026-01-20 12:02:46.019 [main] DEBUG controlador.GestionaReuniones - Reunion [idReunion=2, fecha=2026-01-23T12:02:44.198521, asunto=Reunion futura, sala=Sala [idSala=52, nombre=Sala De Crisis, capacidad=3]]
